Rowid,Timestamp,Anonymized_Vehicle_Number,Vehicle_Type,Number_of_Axles,Tollplaza_ID,Tollplaza_Code,Type_of_Payment_Code,Vehicle_Code
1,2021-08-19 21:54:38,125094,CAR,2,4856,PC7C042B7,2B7,PTE V
2,2021-07-31 04:09:44,174434,CAR,2,4154,PC2C2EF9E,F9E,PTP V
3,2021-08-14 17:19:04,8538286,CAR,2,4070,PCEECA8B2,8B2,PTE V
4,2021-08-02 18:23:45,5521221,CAR,2,4095,PC3E1512A,12A,PTP V
5,2021-07-29 22:44:20,3267767,CAR,2,4135,PCC943ECD,ECD,PTE V
6,2021-08-14 03:57:47,8411850,CAR,2,4680,PCC422F4D,F4D,PTE V
7,2021-08-12 03:41:22,6064250,CAR,2,4702,PCDBC3AC9,AC9,PTE V
8,2021-08-22 10:29:58,6871937,VAN,2,4592,PC627AA14,A14,PTE V
9,2021-08-06 14:23:08,2055930,CAR,2,4100,PCC6DD8D5,8D5,PTP V
10,2021-08-15 13:43:51,8775910,CAR,2,4143,PC5F47DCF,DCF,PTC V
11,2021-08-04 15:52:13,4525747,CAR,2,4466,PC6E93A05,A05,PTE V
12,2021-08-18 02:22:15,5276143,VAN,2,4352,PC99B9343,343,PTC V
13,2021-08-19 16:01:02,5405144,VAN,2,4574,PCC1F6F13,F13,PTP V
14,2021-08-03 14:55:00,9309466,CAR,2,4902,PC425C6EC,6EC,PTE V
15,2021-08-05 04:00:30,6494070,VAN,2,4012,PCEF5C190,190,PTC V
16,2021-08-08 13:08:17,4880588,CAR,2,4458,PCECEBBFA,BFA,PTE V
17,2021-08-04 04:56:15,6964507,CAR,2,4886,PC4D892D7,2D7,PTC V
18,2021-08-15 11:22:44,5740782,TRUCK,4,4680,PCC422F4D,F4D,PTP V
19,2021-07-30 11:20:47,1060261,VAN,2,4899,PC4967767,767,PTP V
20,2021-08-08 21:22:56,6599783,CAR,2,4855,PC03C5C15,C15,PTP V
21,2021-08-11 10:33:15,4573378,CAR,2,4737,PCED7EAFE,AFE,PTC V
22,2021-08-06 02:02:33,1362666,CAR,2,4140,PC5D4821F,21F,PTP V
23,2021-08-09 05:07:58,9227112,CAR,2,4961,PC92C5115,115,PTP V
24,2021-08-13 18:21:04,1245885,CAR,2,4148,PCDFBBEBB,EBB,PTP V
25,2021-08-12 01:36:28,6702238,CAR,2,4630,PCA26D872,872,PTE V
26,2021-08-11 04:05:21,7598066,CAR,2,5003,PCAC9371E,71E,PTP V
27,2021-08-08 19:09:41,2959560,CAR,2,4243,PCC4F7DCE,DCE,PTE V
28,2021-08-01 02:04:42,9223690,CAR,2,4023,PC77793DF,3DF,PTP V
29,2021-08-15 11:11:42,495967,CAR,2,4987,PCF4A9637,637,PTE V
30,2021-08-14 03:39:26,1920115,CAR,2,4755,PC628DCED,CED,PTE V
31,2021-08-18 23:33:41,9940618,TRUCK,4,4079,PCF1366ED,6ED,PTE V
32,2021-08-06 10:18:54,733942,CAR,2,4616,PCE6675F9,5F9,PTE V
33,2021-08-19 15:58:25,3232373,TRUCK,4,4245,PC6594AD4,AD4,PTP V
34,2021-08-19 07:23:18,2164250,TRUCK,4,4090,PC1EE951B,51B,PTE V
35,2021-08-01 09:10:05,3714822,TRUCK,4,4383,PC4BFE950,950,PTE V
36,2021-08-07 13:11:54,9870882,VAN,2,4449,PCAACD453,453,PTC V
37,2021-08-10 01:27:00,834998,CAR,2,4351,PC4E572D8,2D8,PTP V
38,2021-08-10 14:31:35,6715866,CAR,2,4159,PC5631507,507,PTE V
39,2021-08-08 09:43:26,9723146,CAR,2,4018,PCCB2657A,57A,PTC V
40,2021-08-02 16:18:51,2871310,CAR,2,4827,PC7D68CD9,CD9,PTE V
41,2021-08-14 13:13:47,7657312,VAN,2,4115,PCF5D4B0A,B0A,PTC V
42,2021-08-03 03:53:05,9802000,CAR,2,4102,PC8C9B099,099,PTE V
43,2021-08-16 00:36:00,6514220,CAR,2,4398,PCE60D320,320,PTP V
44,2021-08-20 02:10:55,3803763,CAR,2,4918,PC8F8E598,598,PTE V
45,2021-08-14 06:32:07,2223161,CAR,2,4984,PCBABF130,130,PTP V
46,2021-07-30 02:19:56,1228573,TRUCK,4,4460,PCDF04952,952,PTP V
47,2021-08-04 14:30:03,4872795,CAR,2,4326,PC356AE8F,E8F,PTC V
48,2021-08-14 04:04:45,2074513,VAN,2,4600,PCB99E8F9,8F9,PTE V
49,2021-08-12 04:58:14,7368256,CAR,2,4735,PC2294422,422,PTE V
50,2021-08-11 10:50:27,2168309,CAR,2,4162,PC51A39A7,9A7,PTP V
51,2021-08-08 08:37:17,5131457,CAR,2,4012,PCEF5C190,190,PTC V
52,2021-08-09 23:48:43,2398430,CAR,2,4223,PCA37D114,114,PTC V
53,2021-08-18 17:50:45,6065595,VAN,2,4990,PCFE28E92,E92,PTP V
54,2021-08-02 16:59:38,9885768,CAR,2,4154,PC2C2EF9E,F9E,PTP V
55,2021-08-19 04:54:56,4327783,CAR,2,4913,PC685427C,27C,PTC V
56,2021-08-17 18:11:45,3904834,TRUCK,4,4388,PC803F0F2,0F2,PTP V
57,2021-08-02 19:48:50,1358382,CAR,2,4299,PCAD3B9BC,9BC,PTC V
58,2021-08-17 16:46:31,3579992,CAR,2,4725,PCB905D54,D54,PTC V
59,2021-08-11 22:21:30,8130760,CAR,2,4229,PCD0DDD3D,D3D,PTE V
60,2021-07-30 09:54:24,6546218,CAR,2,4354,PC0671DD4,DD4,PTC V
61,2021-08-07 16:42:24,3673515,CAR,2,4127,PCA2D76A5,6A5,PTC V
62,2021-08-04 20:43:54,9888875,TRUCK,4,4522,PC0A326BE,6BE,PTP V
63,2021-08-07 20:44:08,8136080,TRUCK,4,4410,PC6EFC03B,03B,PTP V
64,2021-08-12 19:23:36,2078447,VAN,2,4689,PC89C35AD,5AD,PTC V
65,2021-08-07 16:41:49,8090807,CAR,2,4296,PCA24C1E1,1E1,PTC V
66,2021-08-01 07:32:04,4309692,CAR,2,4303,PC2E2E0C0,0C0,PTC V
67,2021-08-11 14:24:25,3752767,CAR,2,4346,PCA35B156,156,PTC V
68,2021-08-04 23:10:29,9407219,CAR,2,4253,PC82A16E6,6E6,PTE V
69,2021-08-04 14:29:11,2167845,VAN,2,5007,PC869BDE8,DE8,PTP V
70,2021-08-17 01:20:54,7903517,CAR,2,4534,PCAD9E1F9,1F9,PTP V
71,2021-08-21 02:09:35,7385817,CAR,2,4742,PC05B8749,749,PTP V
72,2021-08-19 17:52:30,5673776,CAR,2,4944,PC41EEC34,C34,PTC V
73,2021-08-17 21:58:23,823973,CAR,2,4171,PC36C9AE8,AE8,PTC V
74,2021-08-10 13:03:36,9361361,CAR,2,4750,PCD987A9D,A9D,PTP V
75,2021-08-21 19:25:57,8744445,CAR,2,4878,PC08F56A1,6A1,PTE V
76,2021-08-08 14:01:06,2910050,CAR,2,4274,PC88EA64E,64E,PTP V
77,2021-08-05 11:21:12,1686323,CAR,2,4377,PC4AC8EAD,EAD,PTE V
78,2021-08-01 07:10:55,9113006,CAR,2,4265,PC5B2AFFA,FFA,PTE V
79,2021-07-30 15:53:32,660597,CAR,2,4304,PC89FB76E,76E,PTC V
80,2021-08-22 16:38:30,8500934,CAR,2,4797,PCE2D63A7,3A7,PTE V
81,2021-08-19 13:11:29,395519,TRUCK,4,4061,PC3A63A79,A79,PTP V
82,2021-08-09 14:17:00,2616607,TRUCK,4,4085,PC6150735,735,PTC V
83,2021-08-14 10:36:28,7218572,CAR,2,4675,PCE49911B,11B,PTC V
84,2021-08-12 11:53:03,994857,TRUCK,4,4997,PC8111910,910,PTC V
85,2021-08-02 20:12:17,3168436,CAR,2,4241,PC7241796,796,PTC V
86,2021-08-13 20:06:41,1572712,CAR,2,4890,PCAFC8A56,A56,PTP V
87,2021-07-29 17:35:21,545955,CAR,2,4537,PC10C700F,00F,PTP V
88,2021-08-22 05:39:41,2013386,CAR,2,4743,PCE6EEF2E,F2E,PTE V
89,2021-08-11 02:43:03,6566889,CAR,2,4026,PC2CE9851,851,PTC V
90,2021-08-11 02:39:24,852585,CAR,2,4373,PC8806694,694,PTE V
91,2021-07-29 14:30:02,6196238,TRUCK,4,4116,PCCA836C9,6C9,PTC V
92,2021-08-02 11:07:12,6031416,TRUCK,4,4785,PC787D664,664,PTP V
93,2021-08-04 15:15:09,6905906,VAN,2,5002,PC585BD38,D38,PTP V
94,2021-08-11 17:34:54,3764238,CAR,2,4728,PC07BF95F,95F,PTC V
95,2021-08-05 06:31:23,1673826,TRUCK,4,4015,PC524833E,33E,PTE V
96,2021-08-21 18:13:29,316662,CAR,2,4817,PCFF02057,057,PTP V
97,2021-08-19 22:17:26,2992127,TRUCK,4,4857,PC59F4E22,E22,PTC V
98,2021-08-19 12:02:31,7517992,CAR,2,4724,PC3DE08BF,8BF,PTC V
99,2021-08-12 06:54:12,6232948,TRUCK,4,4725,PCB905D54,D54,PTP V
100,2021-07-30 08:09:03,4369477,CAR,2,4591,PCC9875AC,5AC,PTC V
101,2021-08-06 18:18:53,4388245,TRUCK,4,4792,PC3E35002,002,PTP V
102,2021-08-07 20:49:07,8392508,CAR,2,4927,PC2D22627,627,PTE V
103,2021-07-30 16:08:08,6858708,CAR,2,4397,PCB070250,250,PTE V
104,2021-08-06 06:59:16,6215048,TRUCK,4,4195,PC308070B,70B,PTP V
105,2021-08-13 11:20:04,7046549,TRUCK,4,4336,PCD30AB50,B50,PTE V
106,2021-08-04 18:37:46,7899881,TRUCK,4,4520,PC8140983,983,PTP V
107,2021-08-20 01:13:53,9824238,CAR,2,4328,PC3777B8E,B8E,PTE V
108,2021-08-08 10:25:38,8180012,CAR,2,4749,PC65C93B7,3B7,PTC V
109,2021-08-10 12:42:19,426578,CAR,2,4990,PCFE28E92,E92,PTP V
110,2021-07-29 11:33:20,3284775,CAR,2,4231,PC016D687,687,PTP V
111,2021-07-31 18:42:46,5487227,CAR,2,4643,PC6713209,209,PTC V
112,2021-08-12 23:09:32,1772941,CAR,2,4121,PCEC57A8E,A8E,PTP V
113,2021-08-13 04:52:01,2471284,VAN,2,4400,PC3BD7D63,D63,PTP V
114,2021-08-22 03:05:40,6040036,CAR,2,4119,PC9EBEDB5,DB5,PTE V
115,2021-08-13 12:39:10,9249042,TRUCK,4,4695,PC4A5D62F,62F,PTE V
116,2021-08-09 22:59:28,5791925,CAR,2,4495,PC210A754,754,PTC V
117,2021-08-06 01:01:14,3696614,TRUCK,4,4434,PCA491459,459,PTE V
118,2021-08-02 05:42:51,7892550,CAR,2,4299,PCAD3B9BC,9BC,PTC V
119,2021-08-01 19:31:14,5673214,VAN,2,4023,PC77793DF,3DF,PTE V
120,2021-08-06 05:58:42,6657095,TRUCK,4,4365,PC0F226DF,6DF,PTC V
121,2021-08-09 16:03:31,2067579,VAN,2,4582,PC98750ED,0ED,PTC V
122,2021-08-13 11:42:48,1005686,CAR,2,4119,PC9EBEDB5,DB5,PTE V
123,2021-08-08 02:44:35,7521772,VAN,2,4416,PC546F252,252,PTE V
124,2021-08-15 08:43:48,6545042,CAR,2,4898,PC0AE9E1B,E1B,PTP V
125,2021-08-09 05:03:17,3473929,TRUCK,4,4698,PC8BCEB19,B19,PTE V
126,2021-08-22 02:13:18,29457,CAR,2,4416,PC546F252,252,PTP V
127,2021-08-21 23:03:24,7360318,CAR,2,4993,PC0F0AB4E,B4E,PTE V
128,2021-08-17 10:32:29,3427163,TRUCK,4,4356,PCF1979AE,9AE,PTE V
129,2021-07-30 08:44:05,3007179,VAN,2,4504,PC461DCD3,CD3,PTP V
130,2021-08-20 06:01:27,2151509,CAR,2,4811,PCBF83C7A,C7A,PTC V
131,2021-07-31 05:17:21,1067960,CAR,2,4574,PCC1F6F13,F13,PTC V
132,2021-08-03 07:01:26,1100257,CAR,2,4116,PCCA836C9,6C9,PTE V
133,2021-08-22 10:01:40,4346999,CAR,2,4049,PC4779D38,D38,PTC V
134,2021-08-14 17:24:04,4371005,CAR,2,4435,PC3E78C17,C17,PTP V
135,2021-08-14 11:50:01,1583109,CAR,2,4272,PC09BDC08,C08,PTE V
136,2021-08-18 07:26:20,8808595,CAR,2,4929,PC9E503B6,3B6,PTE V
137,2021-08-05 01:15:16,1841800,VAN,2,4531,PC857F4A0,4A0,PTE V
138,2021-07-31 00:28:44,1825050,CAR,2,4222,PC15EC378,378,PTP V
139,2021-08-13 09:54:01,8490556,CAR,2,4657,PCC591410,410,PTE V
140,2021-07-29 23:02:42,2549393,TRUCK,4,4481,PC30AAE76,E76,PTE V
141,2021-08-11 13:15:55,9636921,TRUCK,4,4145,PC5FBE4B8,4B8,PTP V
142,2021-08-19 21:13:57,8899022,TRUCK,4,4813,PCACF7982,982,PTP V
143,2021-08-19 08:46:24,8112100,VAN,2,4585,PCF3AE602,602,PTC V
144,2021-07-29 16:02:19,335366,CAR,2,4924,PCE3427C5,7C5,PTE V
145,2021-07-31 19:32:50,1716955,TRUCK,4,4584,PC1085B78,B78,PTE V
146,2021-08-21 13:56:33,4153555,VAN,2,4225,PCC1ED0C5,0C5,PTC V
147,2021-07-31 12:55:05,5626263,CAR,2,4719,PCBD66B01,B01,PTE V
148,2021-08-06 23:05:57,49472,CAR,2,4830,PC12EEFE0,FE0,PTE V
149,2021-08-05 15:24:15,2497636,CAR,2,4073,PCA3797CA,7CA,PTE V
150,2021-08-03 19:13:15,7825358,TRUCK,4,4954,PCA276EBB,EBB,PTC V
151,2021-07-31 11:27:59,6084818,VAN,2,4732,PCD83DE25,E25,PTE V
152,2021-08-19 18:53:39,5455899,CAR,2,4155,PC9042B3F,B3F,PTP V
153,2021-08-17 22:11:51,1849505,VAN,2,4142,PC7ACFF7C,F7C,PTP V
154,2021-08-18 19:49:38,6114302,CAR,2,4737,PCED7EAFE,AFE,PTC V
155,2021-08-15 12:34:18,8064123,CAR,2,4337,PCCF6A454,454,PTP V
156,2021-08-06 19:17:50,538972,TRUCK,4,4507,PC11DCA73,A73,PTE V
157,2021-07-30 13:58:53,6869546,TRUCK,4,4092,PC40C2E00,E00,PTE V
158,2021-08-02 16:00:33,3766512,CAR,2,4269,PCC7106FF,6FF,PTP V
159,2021-08-20 21:45:41,3528403,CAR,2,4610,PCA4D3E9B,E9B,PTC V
160,2021-08-20 04:59:50,4380057,VAN,2,4980,PCBD5C822,822,PTP V
161,2021-08-15 00:36:59,7876599,CAR,2,4295,PCD483999,999,PTC V
162,2021-08-13 00:25:06,969619,CAR,2,4412,PC821BC98,C98,PTP V
163,2021-07-30 13:42:03,5763049,CAR,2,4364,PCB33ACE8,CE8,PTC V
164,2021-08-16 05:46:00,6079402,TRUCK,4,4290,PC84E8CEF,CEF,PTE V
165,2021-08-01 22:59:23,4832816,CAR,2,4264,PC9DFEBB0,BB0,PTP V
166,2021-08-20 12:19:46,3518759,TRUCK,4,4412,PC821BC98,C98,PTE V
167,2021-07-31 02:42:05,4469770,TRUCK,4,4712,PC94168A2,8A2,PTP V
168,2021-08-06 11:25:34,7942552,TRUCK,4,4603,PC485BE5B,E5B,PTC V
169,2021-08-17 21:17:32,2493747,TRUCK,4,4180,PC250A90D,90D,PTC V
170,2021-08-03 15:31:28,8099060,CAR,2,4592,PC627AA14,A14,PTE V
171,2021-08-20 22:50:25,4492765,TRUCK,4,4008,PC5680D80,D80,PTC V
172,2021-08-06 07:45:56,5758058,CAR,2,4083,PC90346C9,6C9,PTC V
173,2021-08-19 00:24:55,9496559,CAR,2,4573,PC4D8469D,69D,PTE V
174,2021-07-30 02:24:22,3174341,CAR,2,4642,PC17D596F,96F,PTP V
175,2021-08-13 05:55:34,3318165,CAR,2,4693,PCB4CDDA5,DA5,PTP V
176,2021-08-02 14:28:14,7509515,TRUCK,4,4787,PC1BDA119,119,PTE V
177,2021-08-03 12:47:44,367073,CAR,2,4989,PC7D7AE48,E48,PTP V
178,2021-08-08 09:26:56,8543348,TRUCK,4,4803,PC2BBEEDC,EDC,PTP V
179,2021-08-20 04:16:14,4588656,CAR,2,4848,PCF0FC9B2,9B2,PTE V
180,2021-08-20 04:22:16,9706662,CAR,2,4377,PC4AC8EAD,EAD,PTC V
181,2021-08-10 03:28:33,3359010,CAR,2,4947,PCE4A44BE,4BE,PTC V
182,2021-08-18 11:24:47,7639441,CAR,2,4439,PC845CEA6,EA6,PTE V
183,2021-08-03 08:52:25,9449600,CAR,2,4346,PCA35B156,156,PTE V
184,2021-08-11 06:39:10,7572233,CAR,2,4718,PC81E83B9,3B9,PTP V
185,2021-08-20 03:23:49,7096671,TRUCK,4,4049,PC4779D38,D38,PTP V
186,2021-07-30 23:54:00,6218100,CAR,2,4579,PC926F0A9,0A9,PTC V
187,2021-08-11 07:11:55,9500467,VAN,2,4985,PCCA71D2C,D2C,PTC V
188,2021-08-15 20:41:12,2551672,TRUCK,4,4356,PCF1979AE,9AE,PTP V
189,2021-08-18 18:28:36,4423795,CAR,2,4631,PCFFF6463,463,PTE V
190,2021-08-09 07:19:12,1520424,CAR,2,4898,PC0AE9E1B,E1B,PTE V
191,2021-08-10 16:39:12,5680437,CAR,2,4022,PCF135377,377,PTC V
192,2021-08-09 02:30:05,1469208,VAN,2,4586,PC4A40D50,D50,PTC V
193,2021-08-09 06:58:52,9017449,CAR,2,4733,PC797AEBF,EBF,PTP V
194,2021-08-07 03:09:03,9014873,TRUCK,4,4764,PCF6B0D12,D12,PTC V
195,2021-08-07 21:03:28,6849933,CAR,2,4466,PC6E93A05,A05,PTE V
196,2021-08-01 00:29:43,1907386,CAR,2,4158,PCAA68777,777,PTP V
197,2021-08-01 01:56:36,5556619,TRUCK,4,4111,PC07F012A,12A,PTP V
198,2021-08-17 00:22:53,8724319,TRUCK,4,4591,PCC9875AC,5AC,PTC V
199,2021-08-09 08:24:12,4066334,CAR,2,4015,PC524833E,33E,PTE V
200,2021-07-31 19:46:31,1208453,CAR,2,4420,PCFDB2950,950,PTE V
201,2021-08-06 18:13:51,8705286,TRUCK,4,4924,PCE3427C5,7C5,PTE V
202,2021-08-12 00:17:15,758555,CAR,2,4501,PC5D41947,947,PTP V
203,2021-08-10 22:07:00,7388283,CAR,2,4026,PC2CE9851,851,PTE V
204,2021-08-08 07:16:20,7589773,CAR,2,4280,PC03A5F23,F23,PTE V
205,2021-08-18 08:29:07,2316095,CAR,2,4953,PC1E2B07E,07E,PTP V
206,2021-08-10 20:36:42,1847455,VAN,2,4923,PC8A7A22A,22A,PTE V
207,2021-08-13 05:36:53,7707016,CAR,2,4283,PC953B572,572,PTP V
208,2021-08-01 04:10:44,2616520,TRUCK,4,4899,PC4967767,767,PTE V
209,2021-08-15 11:41:43,8332760,TRUCK,4,4560,PC5030572,572,PTP V
210,2021-08-09 05:19:02,9677148,CAR,2,4037,PC0A50259,259,PTP V
211,2021-08-04 19:23:36,2695699,CAR,2,4610,PCA4D3E9B,E9B,PTC V
212,2021-08-20 04:00:27,1836057,CAR,2,4775,PCA50FB36,B36,PTP V
213,2021-08-18 09:20:33,7980271,TRUCK,4,4414,PC40BD0F3,0F3,PTP V
214,2021-07-31 01:41:58,9166253,CAR,2,4915,PC86B0D7B,D7B,PTC V
215,2021-08-02 20:26:27,5966610,CAR,2,4618,PC8F4AF85,F85,PTE V
216,2021-08-10 14:11:13,8273227,CAR,2,4909,PCDED6F20,F20,PTP V
217,2021-08-17 11:21:41,4772310,CAR,2,4497,PC76FDDEA,DEA,PTP V
218,2021-08-12 01:18:11,401226,CAR,2,4401,PC0606D6A,D6A,PTC V
219,2021-08-02 22:30:06,5259884,VAN,2,4284,PC0DB49FD,9FD,PTE V
220,2021-08-12 13:20:29,4560546,CAR,2,4235,PCFB11406,406,PTC V
221,2021-08-06 23:10:56,3679257,TRUCK,4,4482,PCB6A16D7,6D7,PTE V
222,2021-08-08 01:28:48,5001460,CAR,2,4981,PC6B14C5D,C5D,PTC V
223,2021-08-12 14:26:03,488809,CAR,2,4175,PC08EA270,270,PTE V
224,2021-08-15 16:57:15,4435309,CAR,2,4188,PCDB12C82,C82,PTE V
225,2021-08-06 17:35:18,9206176,CAR,2,4015,PC524833E,33E,PTC V
226,2021-08-07 03:08:44,5665208,TRUCK,4,4230,PC19CE0DB,0DB,PTP V
227,2021-08-01 05:31:31,3619766,CAR,2,4686,PCD6E5E77,E77,PTC V
228,2021-08-18 09:22:29,8195160,CAR,2,4123,PCDE850D8,0D8,PTE V
229,2021-08-04 05:40:04,689804,TRUCK,4,4283,PC953B572,572,PTC V
230,2021-08-16 02:36:38,7671204,CAR,2,4016,PCCD7399B,99B,PTC V
231,2021-08-06 19:31:40,7549660,TRUCK,4,4504,PC461DCD3,CD3,PTC V
232,2021-08-02 17:00:36,6999001,CAR,2,4377,PC4AC8EAD,EAD,PTE V
233,2021-08-12 15:17:57,3470780,TRUCK,4,4971,PC0BD172F,72F,PTC V
234,2021-08-07 15:21:43,3321932,CAR,2,4031,PC0214185,185,PTC V
235,2021-08-09 04:56:23,2993477,TRUCK,4,4965,PCA0BAE0F,E0F,PTE V
236,2021-08-13 09:02:27,7137012,CAR,2,4350,PCEDD7E85,E85,PTC V
237,2021-08-02 07:55:35,4425207,CAR,2,4232,PC4156AD5,AD5,PTP V
238,2021-08-14 11:54:16,8906007,CAR,2,4592,PC627AA14,A14,PTE V
239,2021-07-31 04:23:09,2613132,CAR,2,4760,PC161AC8D,C8D,PTP V
240,2021-08-16 01:53:03,1351738,TRUCK,4,5002,PC585BD38,D38,PTE V
241,2021-08-14 11:49:22,8845283,CAR,2,4974,PCDEB8E32,E32,PTE V
242,2021-08-18 19:07:34,5207716,CAR,2,4361,PC2E0C888,888,PTE V
243,2021-08-09 05:34:28,2593435,CAR,2,4946,PCCF18BAF,BAF,PTP V
244,2021-08-14 08:00:30,3194131,CAR,2,4314,PC7E9E8F3,8F3,PTC V
245,2021-08-14 08:01:53,946473,CAR,2,4784,PCDB42B34,B34,PTE V
246,2021-08-02 19:28:13,2098761,TRUCK,4,4611,PC2EBEAB9,AB9,PTE V
247,2021-08-11 02:53:00,7556070,VAN,2,4515,PC6A1B37B,37B,PTP V
248,2021-08-13 20:51:49,7949412,CAR,2,4531,PC857F4A0,4A0,PTC V
249,2021-08-16 01:15:58,4982057,CAR,2,4070,PCEECA8B2,8B2,PTE V
250,2021-08-15 04:10:44,1732371,CAR,2,4891,PC57036DA,6DA,PTC V
251,2021-08-08 23:50:15,4012995,CAR,2,4325,PC8FC83B3,3B3,PTE V
252,2021-08-18 07:43:49,2596237,CAR,2,4672,PC03AE86F,86F,PTP V
253,2021-08-02 17:51:59,8381319,CAR,2,4147,PC4D2C5A7,5A7,PTC V
254,2021-08-11 21:55:31,5062265,TRUCK,4,4049,PC4779D38,D38,PTC V
255,2021-08-16 17:16:35,7705983,CAR,2,4748,PCF2ECD29,D29,PTE V
256,2021-07-29 16:35:35,2307979,VAN,2,4654,PCBA5D8AB,8AB,PTC V
257,2021-08-16 03:21:45,2588561,CAR,2,4890,PCAFC8A56,A56,PTC V
258,2021-08-08 12:39:42,6847371,CAR,2,4972,PCC51AD39,D39,PTE V
259,2021-08-17 15:39:08,2121085,CAR,2,4709,PCC8C7059,059,PTE V
260,2021-08-03 01:37:46,1734512,CAR,2,4788,PC00AE965,965,PTC V
261,2021-08-17 22:18:40,7759834,TRUCK,4,4306,PC5D6563A,63A,PTE V
262,2021-08-16 10:41:55,6292412,CAR,2,4436,PC0CF9451,451,PTE V
263,2021-08-13 11:00:14,866998,CAR,2,4039,PC73BE1E2,1E2,PTC V
264,2021-08-12 23:25:40,9057323,TRUCK,4,4612,PC871C1FC,1FC,PTC V
265,2021-08-06 03:55:57,8091650,CAR,2,4686,PCD6E5E77,E77,PTP V
266,2021-08-05 23:24:23,2155384,CAR,2,4314,PC7E9E8F3,8F3,PTC V
267,2021-08-03 06:54:05,1867583,CAR,2,4608,PCACD1BEE,BEE,PTE V
268,2021-08-16 07:28:50,2703371,TRUCK,4,4063,PC7667A3E,A3E,PTP V
269,2021-08-03 20:00:16,8368036,CAR,2,4944,PC41EEC34,C34,PTC V
270,2021-08-16 07:03:18,3418635,TRUCK,4,4246,PC95F5F6B,F6B,PTP V
271,2021-08-15 16:44:18,301035,CAR,2,4438,PC665A28E,28E,PTE V
272,2021-08-12 13:34:54,4648848,CAR,2,4234,PC5EBC1E1,1E1,PTE V
273,2021-08-13 02:09:10,758078,CAR,2,4050,PC822E359,359,PTP V
274,2021-08-07 04:50:03,1517284,VAN,2,4721,PCE937423,423,PTC V
275,2021-08-04 20:38:41,5708944,CAR,2,4130,PC9F22103,103,PTE V
276,2021-07-29 20:17:07,202496,CAR,2,4852,PC68969FB,9FB,PTC V
277,2021-07-29 19:34:22,6716922,TRUCK,4,4575,PC84D9FC1,FC1,PTC V
278,2021-08-08 03:23:33,5536264,CAR,2,4326,PC356AE8F,E8F,PTE V
279,2021-08-08 07:34:29,2105735,CAR,2,4694,PCBCF42C2,2C2,PTE V
280,2021-07-31 12:39:28,8857993,CAR,2,4551,PCCA5979C,79C,PTC V
281,2021-08-09 15:56:14,514282,CAR,2,4775,PCA50FB36,B36,PTP V
282,2021-08-06 23:44:18,847307,TRUCK,4,4146,PCF91266E,66E,PTE V
283,2021-08-07 06:42:24,2573891,VAN,2,4042,PC5D4DE09,E09,PTC V
284,2021-08-06 08:07:39,9009917,CAR,2,4904,PC36C6441,441,PTC V
285,2021-08-19 14:34:35,1701415,TRUCK,4,4556,PC18C31F6,1F6,PTP V
286,2021-08-07 20:38:49,5040531,CAR,2,4812,PC22D9C6D,C6D,PTE V
287,2021-08-20 13:15:02,1297862,CAR,2,4742,PC05B8749,749,PTC V
288,2021-08-04 06:15:30,1932822,VAN,2,4788,PC00AE965,965,PTP V
289,2021-07-31 21:51:59,8569313,CAR,2,4830,PC12EEFE0,FE0,PTC V
290,2021-08-08 06:33:09,6311114,CAR,2,4218,PC8DF4919,919,PTP V
291,2021-08-16 06:11:04,1451546,CAR,2,4754,PC99AE725,725,PTC V
292,2021-08-20 13:36:58,1711676,VAN,2,4960,PC6A1BCA4,CA4,PTP V
293,2021-08-09 18:51:11,6740804,CAR,2,4090,PC1EE951B,51B,PTC V
294,2021-08-18 12:19:24,9049528,CAR,2,4804,PC68484C6,4C6,PTE V
295,2021-08-15 08:30:45,5269094,VAN,2,4617,PC7758F89,F89,PTP V
296,2021-08-11 13:15:58,4753661,CAR,2,4150,PCC8441A8,1A8,PTC V
297,2021-08-14 09:06:09,1948111,CAR,2,4086,PC23E470D,70D,PTP V
298,2021-08-17 00:00:26,5894664,VAN,2,4730,PC7DC0964,964,PTE V
299,2021-08-11 04:51:17,5455717,TRUCK,4,4925,PCE5E04A2,4A2,PTP V
300,2021-08-02 21:43:22,1499647,CAR,2,4629,PCC5E1C04,C04,PTC V
301,2021-08-05 21:50:38,2843245,TRUCK,4,4286,PC12BE494,494,PTE V
302,2021-08-16 04:30:00,9796603,TRUCK,4,4617,PC7758F89,F89,PTE V
303,2021-08-01 21:21:40,5671860,CAR,2,4556,PC18C31F6,1F6,PTE V
304,2021-08-17 04:20:26,425972,TRUCK,4,4183,PCF5E7754,754,PTC V
305,2021-08-10 07:28:04,7588083,CAR,2,4089,PC3CCA187,187,PTE V
306,2021-08-04 03:45:21,4816147,CAR,2,4230,PC19CE0DB,0DB,PTC V
307,2021-08-12 06:45:42,461211,CAR,2,4615,PC1ECBA39,A39,PTP V
308,2021-07-30 07:48:58,7091224,CAR,2,4720,PCDD23528,528,PTC V
309,2021-08-14 03:11:57,3540160,CAR,2,4905,PCE1EA438,438,PTP V
310,2021-08-21 01:26:42,863358,VAN,2,4758,PCCE12794,794,PTC V
311,2021-08-21 07:49:28,2813269,TRUCK,4,5000,PCFE7F7FE,7FE,PTE V
312,2021-08-15 02:47:01,4346673,CAR,2,4360,PC084F676,676,PTE V
313,2021-08-09 05:22:43,2872850,TRUCK,4,4746,PC0514825,825,PTC V
314,2021-08-12 02:39:09,6322565,CAR,2,4781,PC0D83A1E,A1E,PTP V
315,2021-08-10 13:58:49,2138116,CAR,2,4706,PCD8D5094,094,PTC V
316,2021-08-14 23:05:55,9574626,VAN,2,4678,PCD175301,301,PTP V
317,2021-08-05 18:17:26,8951022,CAR,2,4125,PC8AAEF51,F51,PTP V
318,2021-07-31 09:29:28,6597551,TRUCK,4,4229,PCD0DDD3D,D3D,PTC V
319,2021-08-08 22:50:36,3348298,CAR,2,4100,PCC6DD8D5,8D5,PTC V
320,2021-07-30 20:45:55,846482,CAR,2,4812,PC22D9C6D,C6D,PTP V
321,2021-08-03 11:54:14,6676389,CAR,2,4574,PCC1F6F13,F13,PTE V
322,2021-08-09 16:32:26,5427260,CAR,2,4902,PC425C6EC,6EC,PTP V
323,2021-08-17 07:58:48,1653255,TRUCK,4,4938,PC6C57ED3,ED3,PTE V
324,2021-08-17 19:16:31,2976969,CAR,2,4479,PCCA36E4D,E4D,PTC V
325,2021-08-17 10:01:21,2959955,CAR,2,4191,PCCC28F87,F87,PTC V
326,2021-08-08 13:34:03,8519579,CAR,2,4278,PC4847214,214,PTP V
327,2021-08-04 13:51:04,340196,TRUCK,4,4025,PC5ABB8E4,8E4,PTP V
328,2021-08-15 14:02:51,1959570,TRUCK,4,4700,PC14E538A,38A,PTP V
329,2021-08-03 14:46:46,4214176,CAR,2,4145,PC5FBE4B8,4B8,PTP V
330,2021-08-07 11:24:50,430612,TRUCK,4,4894,PCDADB8C6,8C6,PTE V
331,2021-08-07 10:02:09,2164841,CAR,2,4509,PCA2E8463,463,PTP V
332,2021-08-18 15:40:47,6533535,CAR,2,4827,PC7D68CD9,CD9,PTP V
333,2021-08-17 10:44:33,4798571,TRUCK,4,4620,PC43973F9,3F9,PTC V
334,2021-08-15 18:22:49,2760594,CAR,2,4569,PC20129F9,9F9,PTC V
335,2021-08-14 12:31:44,2304313,TRUCK,4,4021,PC851E565,565,PTE V
336,2021-08-07 10:52:13,2985337,CAR,2,4838,PCEECD973,973,PTC V
337,2021-08-21 09:14:47,4227039,CAR,2,4732,PCD83DE25,E25,PTP V
338,2021-08-05 08:01:30,1255970,TRUCK,4,4691,PCFAB001F,01F,PTC V
339,2021-08-13 01:03:49,5241924,TRUCK,4,4536,PCC6C5CFB,CFB,PTC V
340,2021-08-03 20:43:16,7451832,CAR,2,4898,PC0AE9E1B,E1B,PTE V
341,2021-08-02 04:45:44,3989343,TRUCK,4,4267,PCE51C5C7,5C7,PTP V
342,2021-08-14 18:14:30,1804267,VAN,2,4066,PC883FCA9,CA9,PTC V
343,2021-08-17 17:11:29,1589440,TRUCK,4,4934,PC3ED26A2,6A2,PTC V
344,2021-08-21 19:27:45,7750582,CAR,2,5010,PC028872C,72C,PTE V
345,2021-08-08 12:34:50,116476,CAR,2,4325,PC8FC83B3,3B3,PTP V
346,2021-08-20 07:15:06,2617674,CAR,2,4887,PC81776BA,6BA,PTE V
347,2021-08-10 21:55:17,4228191,CAR,2,4996,PC6A4F55F,55F,PTP V
348,2021-08-09 14:43:31,109141,VAN,2,4974,PCDEB8E32,E32,PTE V
349,2021-08-11 16:55:19,5065439,CAR,2,4927,PC2D22627,627,PTE V
350,2021-08-22 15:33:59,1852318,TRUCK,4,4091,PC2E099B4,9B4,PTP V
351,2021-08-17 19:49:02,3191217,CAR,2,4105,PC43919D1,9D1,PTP V
352,2021-08-20 13:55:39,8036070,CAR,2,4721,PCE937423,423,PTC V
353,2021-07-29 17:40:36,7270810,CAR,2,4908,PC3D16FC5,FC5,PTP V
354,2021-07-31 07:08:17,4800433,CAR,2,4733,PC797AEBF,EBF,PTP V
355,2021-08-15 14:59:08,7600086,CAR,2,4730,PC7DC0964,964,PTE V
356,2021-08-16 20:41:37,1308715,TRUCK,4,4491,PCA52F720,720,PTP V
357,2021-08-19 16:46:20,448292,CAR,2,4827,PC7D68CD9,CD9,PTC V
358,2021-08-03 10:52:15,8125706,TRUCK,4,4902,PC425C6EC,6EC,PTE V
359,2021-08-07 22:39:54,7354020,TRUCK,4,4967,PC2AFCB31,B31,PTC V
360,2021-08-20 12:45:43,8604614,CAR,2,4355,PC0EF761B,61B,PTP V
361,2021-08-16 04:34:39,8074052,CAR,2,4252,PCA32686D,86D,PTE V
362,2021-08-17 21:02:38,3137291,CAR,2,4669,PC36675CE,5CE,PTC V
363,2021-08-02 07:57:43,7817055,CAR,2,4051,PC3B970F2,0F2,PTC V
364,2021-08-02 23:55:35,9979009,CAR,2,4139,PC924C594,594,PTE V
365,2021-08-18 07:46:35,7381741,CAR,2,4470,PCB4FF8FA,8FA,PTE V
366,2021-08-10 09:53:24,6413555,CAR,2,4517,PC9AF321D,21D,PTC V
367,2021-08-05 09:24:17,5271350,CAR,2,4175,PC08EA270,270,PTP V
368,2021-08-21 02:13:24,5887331,CAR,2,4995,PCBE6ABE5,BE5,PTP V
369,2021-08-13 03:38:51,2484968,CAR,2,4616,PCE6675F9,5F9,PTC V
370,2021-08-15 21:25:06,2023578,CAR,2,4124,PC3338D42,D42,PTC V
371,2021-08-14 14:44:43,2574839,CAR,2,4133,PC30FC453,453,PTP V
372,2021-08-21 11:27:08,192172,TRUCK,4,4687,PC52E7369,369,PTE V
373,2021-07-31 09:30:08,1794758,TRUCK,4,4190,PCDFC1E11,E11,PTE V
374,2021-08-03 14:17:39,254824,CAR,2,4670,PC2BE6D87,D87,PTC V
375,2021-08-08 21:51:35,8317981,TRUCK,4,4368,PC909A324,324,PTC V
376,2021-08-11 15:12:48,7578701,VAN,2,4222,PC15EC378,378,PTP V
377,2021-08-05 12:56:57,2555513,CAR,2,4184,PC43A5E42,E42,PTP V
378,2021-08-17 01:48:59,2119264,CAR,2,4446,PC7F1A5B9,5B9,PTC V
379,2021-08-21 20:51:46,239988,CAR,2,4042,PC5D4DE09,E09,PTC V
380,2021-08-16 11:08:11,147156,VAN,2,4396,PCA00BC1C,C1C,PTE V
381,2021-08-08 18:05:36,6891565,CAR,2,4855,PC03C5C15,C15,PTC V
382,2021-08-06 20:55:48,4765841,CAR,2,5004,PC2111CF9,CF9,PTP V
383,2021-08-06 10:14:37,9017443,CAR,2,4243,PCC4F7DCE,DCE,PTP V
384,2021-08-21 21:23:37,8747053,CAR,2,4080,PCBE7E15B,15B,PTP V
385,2021-07-31 03:38:36,839289,TRUCK,4,4468,PC040ADB3,DB3,PTP V
386,2021-08-15 14:11:42,7212737,CAR,2,4121,PCEC57A8E,A8E,PTP V
387,2021-07-31 22:09:56,9707238,TRUCK,4,4799,PCC3A370A,70A,PTP V
388,2021-08-16 23:15:11,9288974,CAR,2,4748,PCF2ECD29,D29,PTC V
389,2021-07-30 20:43:48,2130769,CAR,2,4693,PCB4CDDA5,DA5,PTC V
390,2021-08-10 02:13:35,3651531,CAR,2,4750,PCD987A9D,A9D,PTE V
391,2021-08-22 16:20:32,5066582,CAR,2,4165,PC0D2B95C,95C,PTC V
392,2021-08-21 10:40:29,318251,CAR,2,4384,PC59A33DE,3DE,PTC V
393,2021-08-21 13:30:56,1018828,CAR,2,4929,PC9E503B6,3B6,PTC V
394,2021-08-08 17:03:19,4329135,CAR,2,4394,PCD3A817A,17A,PTP V
395,2021-08-03 22:42:16,5510586,CAR,2,4931,PC3D30AD0,AD0,PTE V
396,2021-08-16 07:20:43,1292686,VAN,2,4644,PC411FDC0,DC0,PTC V
397,2021-08-05 01:52:17,2875806,TRUCK,4,4023,PC77793DF,3DF,PTE V
398,2021-07-31 08:15:24,5025963,CAR,2,4534,PCAD9E1F9,1F9,PTC V
399,2021-08-14 05:27:21,2358436,CAR,2,4835,PC4645718,718,PTP V
400,2021-08-20 07:33:43,4363896,TRUCK,4,4280,PC03A5F23,F23,PTE V
401,2021-08-06 02:08:16,7051510,TRUCK,4,4266,PC39B17A9,7A9,PTC V
402,2021-08-06 13:29:57,5575517,CAR,2,4540,PC5CAF0A7,0A7,PTE V
403,2021-07-31 00:10:02,2930078,CAR,2,5010,PC028872C,72C,PTC V
404,2021-07-29 15:14:45,1439079,TRUCK,4,4048,PC1FE6483,483,PTP V
405,2021-08-09 16:59:57,2085626,TRUCK,4,4810,PC2CA4087,087,PTC V
406,2021-08-09 16:41:38,809065,CAR,2,4147,PC4D2C5A7,5A7,PTE V
407,2021-08-06 06:10:52,4100648,CAR,2,4082,PCF86214E,14E,PTP V
408,2021-08-19 11:38:52,9745831,TRUCK,4,4078,PC8473A64,A64,PTC V
409,2021-08-06 03:00:46,7337960,CAR,2,4695,PC4A5D62F,62F,PTE V
410,2021-08-10 15:04:38,3612246,CAR,2,4973,PC9C7C18E,18E,PTE V
411,2021-08-10 19:31:40,8601164,CAR,2,4699,PC2C1B987,987,PTC V
412,2021-07-31 15:35:09,6123311,TRUCK,4,4136,PCA579A65,A65,PTE V
413,2021-08-02 08:29:14,3507029,CAR,2,4106,PC9764C98,C98,PTP V
414,2021-08-03 10:38:37,1725151,TRUCK,4,4468,PC040ADB3,DB3,PTP V
415,2021-08-11 11:29:02,8860504,CAR,2,4134,PC767BBB2,BB2,PTC V
416,2021-08-07 22:59:56,2017681,TRUCK,4,4422,PCF514246,246,PTE V
417,2021-08-07 23:16:29,8183479,CAR,2,4273,PC0EF5BA6,BA6,PTE V
418,2021-08-17 02:49:59,8811914,CAR,2,4892,PC7AA5B2F,B2F,PTE V
419,2021-08-15 00:53:46,9631688,CAR,2,4230,PC19CE0DB,0DB,PTC V
420,2021-08-09 02:25:32,8193463,TRUCK,4,4240,PC72FE04B,04B,PTP V
421,2021-08-03 19:54:41,1766709,CAR,2,4342,PCE7F2748,748,PTP V
422,2021-08-10 08:15:41,4909497,CAR,2,4605,PCEB27C63,C63,PTE V
423,2021-08-19 16:48:08,7279029,TRUCK,4,4188,PCDB12C82,C82,PTP V
424,2021-08-18 14:23:40,4791619,CAR,2,4001,PC58105BF,5BF,PTC V
425,2021-08-07 09:05:10,8712036,CAR,2,4971,PC0BD172F,72F,PTP V
426,2021-08-19 04:58:15,4973747,CAR,2,4456,PC8DFF744,744,PTE V
427,2021-08-01 04:42:52,2800039,CAR,2,4975,PC818101A,01A,PTP V
428,2021-08-05 14:45:19,9337207,CAR,2,4643,PC6713209,209,PTP V
429,2021-08-11 06:53:51,9220703,CAR,2,4386,PC948D5B2,5B2,PTC V
430,2021-08-12 03:06:56,5090710,CAR,2,4671,PCCAAFB48,B48,PTE V
431,2021-08-18 01:59:31,9726834,TRUCK,4,4785,PC787D664,664,PTP V
432,2021-08-20 20:39:23,8464288,CAR,2,4698,PC8BCEB19,B19,PTE V
433,2021-08-10 07:41:38,2918487,CAR,2,4167,PC8453073,073,PTP V
434,2021-08-08 15:32:55,6975253,CAR,2,4917,PCD8C66B1,6B1,PTE V
435,2021-07-31 05:54:57,873000,CAR,2,4409,PC44E2F09,F09,PTP V
436,2021-08-05 12:16:13,7144030,TRUCK,4,4007,PCDF9F773,773,PTE V
437,2021-08-18 23:08:31,74751,CAR,2,5008,PC48D61BB,1BB,PTP V
438,2021-08-16 15:31:24,3092624,CAR,2,4574,PCC1F6F13,F13,PTE V
439,2021-08-19 23:08:03,8043044,TRUCK,4,4712,PC94168A2,8A2,PTP V
440,2021-08-19 18:40:24,6763315,CAR,2,4056,PC9FBBA67,A67,PTP V
441,2021-08-05 08:14:28,7665718,VAN,2,4610,PCA4D3E9B,E9B,PTP V
442,2021-08-18 05:43:44,2030697,CAR,2,4558,PC575F591,591,PTE V
443,2021-08-02 03:52:31,3546362,CAR,2,4589,PC1477DC9,DC9,PTP V
444,2021-08-16 00:20:11,5579622,CAR,2,4581,PCC347465,465,PTE V
445,2021-08-09 16:40:36,6766212,TRUCK,4,4802,PCBDD55F1,5F1,PTE V
446,2021-08-19 02:55:39,8678822,CAR,2,4722,PC035B71E,71E,PTP V
447,2021-08-12 17:06:06,2515206,CAR,2,4223,PCA37D114,114,PTE V
448,2021-08-16 18:09:47,9647104,CAR,2,4576,PC394C979,979,PTE V
449,2021-08-06 12:07:31,8363585,CAR,2,4128,PCC0E7E2A,E2A,PTE V
450,2021-08-14 22:43:39,954814,TRUCK,4,4063,PC7667A3E,A3E,PTP V
451,2021-07-30 15:15:49,3500082,CAR,2,4475,PCCC0D001,001,PTE V
452,2021-07-29 22:44:15,4302933,CAR,2,4888,PC46C55B4,5B4,PTP V
453,2021-08-21 11:38:46,1281592,TRUCK,4,4986,PC9787B8A,B8A,PTP V
454,2021-08-11 09:22:42,1668996,CAR,2,4172,PC1A43FB7,FB7,PTP V
455,2021-08-19 19:22:53,2799295,TRUCK,4,4374,PCC321538,538,PTE V
456,2021-08-10 12:54:07,155498,TRUCK,4,4027,PCE7A4F34,F34,PTC V
457,2021-08-21 16:57:14,3127161,VAN,2,4072,PC69F3F14,F14,PTC V
458,2021-08-19 16:29:39,8415963,CAR,2,4067,PC1CCD955,955,PTE V
459,2021-08-05 03:33:30,4507082,CAR,2,4596,PC6558A56,A56,PTP V
460,2021-08-13 09:00:36,7935251,CAR,2,4729,PC5170BF4,BF4,PTE V
461,2021-08-11 19:02:46,2868406,CAR,2,4451,PCF95BF53,F53,PTE V
462,2021-08-02 19:31:03,2337912,CAR,2,4419,PC99BB7A3,7A3,PTE V
463,2021-08-16 16:30:43,3881228,CAR,2,4920,PC42A3AB0,AB0,PTE V
464,2021-08-11 01:51:46,5263238,CAR,2,4991,PC5B5C16D,16D,PTE V
465,2021-08-15 04:25:10,4571658,VAN,2,4622,PCF31BD97,D97,PTE V
466,2021-08-19 23:55:54,3017277,CAR,2,4642,PC17D596F,96F,PTE V
467,2021-08-22 03:51:32,9879687,CAR,2,4158,PCAA68777,777,PTP V
468,2021-08-13 10:00:03,4056126,CAR,2,4392,PCAF6E464,464,PTE V
469,2021-08-05 13:34:50,6201597,VAN,2,4091,PC2E099B4,9B4,PTE V
470,2021-08-03 01:04:46,5063598,TRUCK,4,4838,PCEECD973,973,PTP V
471,2021-08-15 06:09:40,4666427,CAR,2,4328,PC3777B8E,B8E,PTP V
472,2021-08-15 08:07:00,9169123,CAR,2,4038,PC77889B3,9B3,PTP V
473,2021-08-22 16:23:05,3521342,TRUCK,4,4129,PCA6127FF,7FF,PTP V
474,2021-07-30 07:28:31,4997147,CAR,2,4478,PCB02917E,17E,PTP V
475,2021-08-03 04:49:32,4334699,CAR,2,4879,PCC90A061,061,PTP V
476,2021-08-01 16:32:40,3896955,VAN,2,4924,PCE3427C5,7C5,PTP V
477,2021-08-01 14:13:06,685502,CAR,2,4215,PC4C76F48,F48,PTE V
478,2021-08-04 06:20:23,3723750,TRUCK,4,4385,PC148C815,815,PTC V
479,2021-08-22 14:50:30,8981107,CAR,2,4585,PCF3AE602,602,PTC V
480,2021-08-15 07:08:24,8161215,TRUCK,4,4060,PC481C9F9,9F9,PTE V
481,2021-08-21 11:14:40,5494532,TRUCK,4,4839,PCA0290AD,0AD,PTC V
482,2021-08-11 20:32:07,4709167,CAR,2,4442,PC05C2F86,F86,PTP V
483,2021-08-22 05:19:54,326314,CAR,2,4183,PCF5E7754,754,PTC V
484,2021-07-29 14:21:36,256879,CAR,2,4476,PC439FA2D,A2D,PTP V
485,2021-07-30 11:05:14,5763581,VAN,2,4753,PC6AA246E,46E,PTP V
486,2021-08-17 18:49:46,8131510,CAR,2,4437,PCBE6CB59,B59,PTP V
487,2021-08-09 03:42:43,8025290,CAR,2,4418,PCF6EECB2,CB2,PTE V
488,2021-07-30 01:56:01,1988177,CAR,2,4032,PC578F087,087,PTP V
489,2021-08-08 00:30:25,8145530,CAR,2,4835,PC4645718,718,PTE V
490,2021-08-10 06:44:29,3562599,VAN,2,4909,PCDED6F20,F20,PTE V
491,2021-08-17 16:54:51,1916677,CAR,2,4036,PCE6CC50C,50C,PTC V
492,2021-08-18 06:21:04,6726273,TRUCK,4,4096,PCFA4F864,864,PTE V
493,2021-08-04 23:24:38,8523480,CAR,2,4081,PCC825DB2,DB2,PTE V
494,2021-08-19 00:56:38,1631685,TRUCK,4,4573,PC4D8469D,69D,PTE V
495,2021-08-14 03:33:50,9252011,TRUCK,4,4675,PCE49911B,11B,PTC V
496,2021-08-21 22:03:13,7300558,CAR,2,4480,PC9A343F9,3F9,PTC V
497,2021-08-04 15:40:58,848840,CAR,2,4293,PC2A27502,502,PTE V
498,2021-08-13 20:46:37,4739032,CAR,2,4749,PC65C93B7,3B7,PTP V
499,2021-08-02 12:44:36,1489777,VAN,2,4110,PCF891CEB,CEB,PTP V
500,2021-08-05 17:09:26,7710222,CAR,2,4569,PC20129F9,9F9,PTP V
501,2021-08-13 02:03:31,6885916,CAR,2,4656,PC63844BC,4BC,PTC V
502,2021-08-04 18:50:39,1900389,TRUCK,4,4983,PCC3E4ADA,ADA,PTC V
503,2021-08-17 22:35:16,4875056,TRUCK,4,4289,PCF621E92,E92,PTP V
504,2021-08-14 04:09:11,9306326,TRUCK,4,4860,PCF4A2DA9,DA9,PTC V
505,2021-08-12 11:53:39,8211013,CAR,2,4130,PC9F22103,103,PTP V
506,2021-08-03 16:42:19,6412488,CAR,2,4199,PC7CCC47B,47B,PTE V
507,2021-08-06 07:58:40,8703705,CAR,2,4138,PC79E328A,28A,PTC V
508,2021-08-12 06:47:15,278147,TRUCK,4,4234,PC5EBC1E1,1E1,PTE V
509,2021-08-16 12:14:34,960545,VAN,2,4084,PC71D433F,33F,PTE V
510,2021-08-18 12:30:35,6056685,CAR,2,4711,PC340B4DE,4DE,PTE V
511,2021-08-04 20:40:31,4273899,TRUCK,4,4499,PC1EEDA04,A04,PTP V
512,2021-08-07 11:34:45,7485577,CAR,2,4709,PCC8C7059,059,PTE V
513,2021-08-16 20:54:00,120233,CAR,2,4452,PC8C7C5D7,5D7,PTC V
514,2021-08-03 01:50:31,2438318,CAR,2,4519,PC92A6471,471,PTP V
515,2021-08-03 09:35:23,5100664,TRUCK,4,4420,PCFDB2950,950,PTP V
516,2021-08-16 05:42:59,3119836,CAR,2,4838,PCEECD973,973,PTP V
517,2021-07-30 16:54:19,5631034,CAR,2,4203,PC5295A46,A46,PTP V
518,2021-08-17 11:29:11,8228986,TRUCK,4,4447,PC6B030C6,0C6,PTE V
519,2021-08-04 07:19:27,434238,CAR,2,4159,PC5631507,507,PTC V
520,2021-07-31 15:12:19,7664842,TRUCK,4,4276,PC4E15B39,B39,PTP V
521,2021-08-03 13:29:48,7262675,CAR,2,4037,PC0A50259,259,PTE V
522,2021-08-14 01:05:23,9771276,CAR,2,4332,PC3B258E9,8E9,PTP V
523,2021-08-22 08:29:54,9842071,TRUCK,4,4654,PCBA5D8AB,8AB,PTE V
524,2021-08-04 04:09:56,1914947,TRUCK,4,4787,PC1BDA119,119,PTC V
525,2021-07-30 17:17:39,1955268,CAR,2,4864,PC259547F,47F,PTC V
526,2021-08-01 07:35:06,5515957,CAR,2,4689,PC89C35AD,5AD,PTC V
527,2021-08-22 09:39:42,8622096,CAR,2,4646,PC3F8C42B,42B,PTC V
528,2021-08-17 07:32:18,8753559,TRUCK,4,4767,PC61F3A80,A80,PTE V
529,2021-08-12 01:36:59,3601495,CAR,2,4596,PC6558A56,A56,PTP V
530,2021-07-30 14:30:56,2025847,CAR,2,4616,PCE6675F9,5F9,PTC V
531,2021-08-04 05:06:49,9026973,CAR,2,4848,PCF0FC9B2,9B2,PTE V
532,2021-08-19 16:40:17,4905006,CAR,2,4747,PC5E524A1,4A1,PTE V
533,2021-08-08 06:59:35,3836559,CAR,2,4739,PC07289CF,9CF,PTP V
534,2021-07-29 11:33:13,280707,CAR,2,4655,PCF9CAB22,B22,PTE V
535,2021-08-06 09:14:44,1636541,VAN,2,4473,PC51FDD60,D60,PTC V
536,2021-07-30 23:12:08,7979017,TRUCK,4,4445,PC796A888,888,PTC V
537,2021-08-13 15:13:57,7543450,VAN,2,4189,PC7655FC1,FC1,PTP V
538,2021-08-08 21:10:36,2205725,CAR,2,4206,PCAC34A40,A40,PTP V
539,2021-08-11 03:02:20,4863506,CAR,2,4436,PC0CF9451,451,PTP V
540,2021-08-14 10:42:45,2456417,CAR,2,4658,PC1A58039,039,PTP V
541,2021-08-01 22:18:45,3298279,CAR,2,4755,PC628DCED,CED,PTP V
542,2021-08-01 05:51:52,6406520,CAR,2,4173,PC0EB640E,40E,PTC V
543,2021-08-10 23:03:49,7381678,CAR,2,4522,PC0A326BE,6BE,PTP V
544,2021-07-29 13:29:37,7377775,TRUCK,4,4856,PC7C042B7,2B7,PTE V
545,2021-07-30 18:20:15,5957136,CAR,2,4669,PC36675CE,5CE,PTP V
546,2021-08-15 20:31:58,9491195,CAR,2,4096,PCFA4F864,864,PTP V
547,2021-08-04 21:58:50,7578723,CAR,2,4383,PC4BFE950,950,PTC V
548,2021-08-04 16:17:42,7567440,CAR,2,4155,PC9042B3F,B3F,PTE V
549,2021-08-16 05:33:09,4296882,CAR,2,4402,PC85224D1,4D1,PTE V
550,2021-08-04 07:09:08,6011023,TRUCK,4,4904,PC36C6441,441,PTP V
551,2021-08-17 14:43:54,6498517,CAR,2,4282,PCCE002E5,2E5,PTP V
552,2021-08-11 23:34:57,2421022,VAN,2,4553,PC1D57D7F,D7F,PTE V
553,2021-08-17 01:08:43,6247569,CAR,2,4318,PCAD89FE3,FE3,PTP V
554,2021-08-08 00:12:08,7335690,CAR,2,4605,PCEB27C63,C63,PTC V
555,2021-08-21 18:52:48,5557139,CAR,2,4622,PCF31BD97,D97,PTP V
556,2021-08-12 13:31:35,3606424,CAR,2,4352,PC99B9343,343,PTC V
557,2021-08-03 01:12:48,213742,VAN,2,4142,PC7ACFF7C,F7C,PTE V
558,2021-08-10 05:50:23,271972,CAR,2,4739,PC07289CF,9CF,PTP V
559,2021-08-03 04:44:19,8708305,CAR,2,4575,PC84D9FC1,FC1,PTE V
560,2021-08-14 16:15:26,5595295,TRUCK,4,4538,PCDE5402C,02C,PTE V
561,2021-08-02 08:07:34,4047163,TRUCK,4,4497,PC76FDDEA,DEA,PTE V
562,2021-08-01 00:57:14,7410078,VAN,2,4728,PC07BF95F,95F,PTE V
563,2021-08-14 05:50:30,799900,CAR,2,4881,PCDE20E6F,E6F,PTP V
564,2021-08-12 23:19:11,3628285,CAR,2,4855,PC03C5C15,C15,PTE V
565,2021-08-02 01:08:32,1238213,TRUCK,4,4836,PCE78024A,24A,PTP V
566,2021-08-18 00:54:22,3114925,TRUCK,4,4106,PC9764C98,C98,PTP V
567,2021-08-04 14:20:15,8007927,TRUCK,4,4448,PC19F3DBB,DBB,PTP V
568,2021-08-06 01:11:44,7112490,CAR,2,4518,PCC7B407A,07A,PTP V
569,2021-08-19 01:13:28,7937564,VAN,2,4506,PCB24B68E,68E,PTP V
570,2021-08-13 23:32:55,6811197,CAR,2,4181,PC4457F74,F74,PTP V
571,2021-08-15 22:32:37,8837823,CAR,2,4423,PCF9F4940,940,PTC V
572,2021-08-04 01:35:34,8370925,CAR,2,4379,PC87C8BC4,BC4,PTE V
573,2021-07-30 20:11:56,2912692,CAR,2,4427,PCD70DDDF,DDF,PTP V
574,2021-08-10 16:10:19,1704930,TRUCK,4,4985,PCCA71D2C,D2C,PTE V
575,2021-08-19 07:55:38,9828050,CAR,2,4494,PC1592ACA,ACA,PTP V
576,2021-07-29 14:17:48,8691508,CAR,2,4472,PC303DD56,D56,PTP V
577,2021-08-16 08:36:18,5350555,CAR,2,4222,PC15EC378,378,PTC V
578,2021-08-12 11:21:14,87473,TRUCK,4,4690,PC45CC19A,19A,PTP V
579,2021-08-18 23:24:41,1402344,CAR,2,4447,PC6B030C6,0C6,PTE V
580,2021-08-20 18:01:26,604087,TRUCK,4,4422,PCF514246,246,PTP V
581,2021-08-07 05:29:19,9100282,TRUCK,4,4225,PCC1ED0C5,0C5,PTP V
582,2021-08-16 09:49:12,2977249,CAR,2,4793,PCD8E3CCB,CCB,PTE V
583,2021-08-07 03:43:24,100740,CAR,2,4502,PCB2CC82C,82C,PTP V
584,2021-08-15 04:37:00,176275,VAN,2,4324,PC9C3D708,708,PTC V
585,2021-08-02 08:14:54,3656732,VAN,2,4476,PC439FA2D,A2D,PTE V
586,2021-08-20 14:26:22,448181,CAR,2,4525,PCF64B519,519,PTE V
587,2021-08-17 02:57:33,7035330,TRUCK,4,4048,PC1FE6483,483,PTC V
588,2021-08-08 12:42:51,6030362,TRUCK,4,4737,PCED7EAFE,AFE,PTP V
589,2021-08-01 02:08:15,7220576,CAR,2,4726,PCF6540C0,0C0,PTE V
590,2021-08-02 02:55:18,1125429,CAR,2,4371,PC7E22FD8,FD8,PTC V
591,2021-08-17 07:35:42,9725410,CAR,2,4188,PCDB12C82,C82,PTC V
592,2021-08-17 05:16:38,7233815,CAR,2,4961,PC92C5115,115,PTP V
593,2021-08-22 11:37:54,9779572,CAR,2,4913,PC685427C,27C,PTC V
594,2021-08-13 05:56:53,9495937,VAN,2,4071,PCDBBCB68,B68,PTP V
595,2021-08-07 03:02:35,9617462,CAR,2,4127,PCA2D76A5,6A5,PTP V
596,2021-08-07 04:07:08,8297055,CAR,2,4207,PC76EDF79,F79,PTC V
597,2021-08-04 06:47:42,4910789,VAN,2,4882,PC8616CD8,CD8,PTC V
598,2021-08-07 09:19:48,1795010,TRUCK,4,4000,PC69C7DF3,DF3,PTC V
599,2021-08-06 11:42:14,1885601,TRUCK,4,4906,PC3D58C5E,C5E,PTE V
600,2021-08-08 22:24:25,4547568,TRUCK,4,4196,PC4B8A835,835,PTP V
601,2021-08-08 21:18:52,8915435,CAR,2,4125,PC8AAEF51,F51,PTC V
602,2021-08-18 21:20:47,6178034,CAR,2,4349,PC5AB6779,779,PTC V
603,2021-07-31 19:25:50,1203830,CAR,2,4197,PCE32ED40,D40,PTP V
604,2021-08-22 16:07:57,6687177,CAR,2,4763,PCC62D342,342,PTE V
605,2021-08-11 04:00:20,4272576,VAN,2,4933,PC419F41D,41D,PTC V
606,2021-08-05 07:32:55,8019404,CAR,2,4032,PC578F087,087,PTC V
607,2021-08-21 15:05:13,6637613,VAN,2,4706,PCD8D5094,094,PTC V
608,2021-08-18 21:39:19,4093668,CAR,2,4538,PCDE5402C,02C,PTP V
609,2021-08-17 14:56:04,6432466,VAN,2,4384,PC59A33DE,3DE,PTC V
610,2021-08-01 01:07:30,6224747,CAR,2,4400,PC3BD7D63,D63,PTP V
611,2021-08-08 13:12:58,1106516,VAN,2,4035,PC1B1D964,964,PTC V
612,2021-08-17 22:51:27,2028559,CAR,2,4709,PCC8C7059,059,PTC V
613,2021-08-10 23:10:02,7244363,VAN,2,4876,PCDFCFF53,F53,PTP V
614,2021-08-05 06:57:10,630060,CAR,2,4770,PC9082A17,A17,PTE V
615,2021-08-01 18:02:23,2402303,CAR,2,4472,PC303DD56,D56,PTP V
616,2021-08-02 20:55:27,6921835,VAN,2,4364,PCB33ACE8,CE8,PTE V
617,2021-08-16 01:19:24,4721228,CAR,2,4797,PCE2D63A7,3A7,PTP V
618,2021-08-13 15:17:30,9228124,CAR,2,4697,PCFDB2BA6,BA6,PTC V
619,2021-08-17 09:19:10,1749235,CAR,2,5006,PC7A260F1,0F1,PTC V
620,2021-08-22 04:37:03,8040472,CAR,2,4154,PC2C2EF9E,F9E,PTE V
621,2021-08-18 08:19:46,693334,VAN,2,4678,PCD175301,301,PTP V
622,2021-08-11 14:55:38,2858446,CAR,2,4919,PC7A3A5CF,5CF,PTP V
623,2021-08-11 12:54:38,8763548,CAR,2,4030,PCA8A9AA8,AA8,PTP V
624,2021-08-02 05:07:45,4024297,CAR,2,4638,PCB7AC8AA,8AA,PTC V
625,2021-08-15 22:47:42,4363442,CAR,2,4810,PC2CA4087,087,PTE V
626,2021-08-02 14:33:38,3403611,CAR,2,4343,PC0F6325D,25D,PTC V
627,2021-08-05 15:33:15,1595918,CAR,2,4427,PCD70DDDF,DDF,PTC V
628,2021-08-21 08:47:46,3632725,TRUCK,4,4434,PCA491459,459,PTE V
629,2021-08-13 09:06:03,7371447,CAR,2,4323,PC1D9ADA9,DA9,PTE V
630,2021-08-21 08:46:15,6099248,CAR,2,4260,PC1A4796C,96C,PTP V
631,2021-08-22 08:07:57,1660640,CAR,2,4621,PC9FB4E82,E82,PTE V
632,2021-08-16 16:01:24,1690777,CAR,2,4334,PCCB383F8,3F8,PTE V
633,2021-08-10 08:08:11,1115588,CAR,2,4507,PC11DCA73,A73,PTP V
634,2021-07-31 14:08:13,352509,TRUCK,4,4846,PCBABD060,060,PTC V
635,2021-08-16 16:25:58,7348691,CAR,2,4927,PC2D22627,627,PTP V
636,2021-08-09 05:15:00,6742693,VAN,2,4736,PC6A65941,941,PTC V
637,2021-08-08 11:02:00,8887256,TRUCK,4,4793,PCD8E3CCB,CCB,PTE V
638,2021-07-31 03:42:19,9285412,CAR,2,4453,PC5EC8DF5,DF5,PTC V
639,2021-08-03 11:23:12,1520291,VAN,2,4875,PC40FC710,710,PTC V
640,2021-07-31 21:52:05,5214202,CAR,2,4435,PC3E78C17,C17,PTE V
641,2021-08-11 00:23:50,6933776,CAR,2,4254,PC0C0EE22,E22,PTP V
642,2021-08-12 00:46:30,3903772,CAR,2,4664,PC52D063A,63A,PTE V
643,2021-08-20 22:47:33,5258730,CAR,2,4876,PCDFCFF53,F53,PTE V
644,2021-08-22 15:57:17,1853606,CAR,2,4270,PC8F72158,158,PTC V
645,2021-08-09 11:42:35,8435752,CAR,2,4003,PC83F544D,44D,PTE V
646,2021-08-03 23:46:30,2536867,CAR,2,4490,PC89C1789,789,PTE V
647,2021-08-14 00:00:51,9418417,TRUCK,4,4872,PC5B45CE7,CE7,PTC V
648,2021-08-06 01:00:45,8428668,CAR,2,4358,PC32FB72C,72C,PTE V
649,2021-08-03 15:37:52,4395137,CAR,2,4596,PC6558A56,A56,PTE V
650,2021-08-02 12:15:01,1030027,CAR,2,4519,PC92A6471,471,PTC V
651,2021-08-10 11:43:45,9415672,CAR,2,4470,PCB4FF8FA,8FA,PTC V
652,2021-08-09 01:26:55,7396595,VAN,2,4550,PC21A1833,833,PTC V
653,2021-08-20 06:36:00,9636439,CAR,2,4266,PC39B17A9,7A9,PTC V
654,2021-08-20 09:32:30,3354465,CAR,2,4895,PC37F171A,71A,PTP V
655,2021-08-14 00:32:36,5520004,TRUCK,4,4711,PC340B4DE,4DE,PTE V
656,2021-08-17 00:01:05,5856047,CAR,2,4997,PC8111910,910,PTP V
657,2021-08-06 12:04:19,1820040,TRUCK,4,4131,PC4C9B108,108,PTE V
658,2021-08-11 19:59:57,6020442,CAR,2,4809,PCAD363FC,3FC,PTC V
659,2021-08-13 17:23:26,3849475,CAR,2,4908,PC3D16FC5,FC5,PTC V
660,2021-08-21 17:15:49,704494,CAR,2,4369,PCD5CBB82,B82,PTE V
661,2021-08-05 09:20:33,8603298,CAR,2,4226,PCDC5C9E2,9E2,PTE V
662,2021-08-12 22:36:25,4799222,CAR,2,4273,PC0EF5BA6,BA6,PTP V
663,2021-08-21 23:35:39,5004597,CAR,2,4183,PCF5E7754,754,PTC V
664,2021-08-03 06:56:46,7561863,CAR,2,4123,PCDE850D8,0D8,PTE V
665,2021-08-03 20:06:23,8591617,CAR,2,4879,PCC90A061,061,PTE V
666,2021-08-20 01:05:05,5883883,CAR,2,4258,PCAC64E67,E67,PTC V
667,2021-08-06 02:00:59,3813810,CAR,2,4061,PC3A63A79,A79,PTC V
668,2021-08-05 14:04:38,2476675,TRUCK,4,4369,PCD5CBB82,B82,PTC V
669,2021-07-30 20:27:55,5957485,CAR,2,4223,PCA37D114,114,PTP V
670,2021-08-10 06:30:01,6064981,VAN,2,4010,PC3A7AACB,ACB,PTE V
671,2021-07-29 17:01:07,6289285,CAR,2,4502,PCB2CC82C,82C,PTC V
672,2021-07-29 16:59:31,6164905,TRUCK,4,4114,PC4CD2B81,B81,PTC V
673,2021-08-13 22:36:23,2657309,CAR,2,4489,PCEFF6088,088,PTC V
674,2021-08-12 07:51:22,1091632,CAR,2,4370,PC70B7987,987,PTP V
675,2021-08-14 08:25:48,6236249,TRUCK,4,4951,PCE9CE23F,23F,PTC V
676,2021-08-15 20:58:19,8118921,TRUCK,4,4231,PC016D687,687,PTC V
677,2021-08-15 07:01:54,4930492,VAN,2,4172,PC1A43FB7,FB7,PTC V
678,2021-08-19 17:00:34,213950,TRUCK,4,4330,PCBD023A3,3A3,PTE V
679,2021-08-20 02:38:02,2379442,TRUCK,4,4218,PC8DF4919,919,PTE V
680,2021-08-09 04:39:27,2425063,VAN,2,4541,PCC6A4CD8,CD8,PTE V
681,2021-08-12 02:50:56,7001575,CAR,2,4297,PCDE89544,544,PTP V
682,2021-08-21 13:25:48,7504072,CAR,2,4920,PC42A3AB0,AB0,PTE V
683,2021-08-04 20:43:10,1083028,CAR,2,4797,PCE2D63A7,3A7,PTE V
684,2021-08-10 09:21:43,5262688,CAR,2,4267,PCE51C5C7,5C7,PTE V
685,2021-08-03 09:51:32,1074381,TRUCK,4,4741,PC85A4D4B,D4B,PTP V
686,2021-08-20 18:39:12,3483985,CAR,2,4371,PC7E22FD8,FD8,PTC V
687,2021-08-10 01:09:38,3685214,CAR,2,4892,PC7AA5B2F,B2F,PTC V
688,2021-08-13 03:50:13,5668290,CAR,2,4383,PC4BFE950,950,PTC V
689,2021-08-17 11:41:52,2505055,CAR,2,4951,PCE9CE23F,23F,PTP V
690,2021-08-12 09:28:16,8945301,VAN,2,4442,PC05C2F86,F86,PTC V
691,2021-08-22 10:37:24,8927267,CAR,2,4694,PCBCF42C2,2C2,PTE V
692,2021-08-19 16:10:17,9640874,TRUCK,4,4194,PC96AD1EB,1EB,PTP V
693,2021-08-20 01:05:07,5414117,VAN,2,4872,PC5B45CE7,CE7,PTP V
694,2021-08-13 03:12:57,560693,CAR,2,4194,PC96AD1EB,1EB,PTE V
695,2021-08-10 08:12:09,7123396,TRUCK,4,4282,PCCE002E5,2E5,PTE V
696,2021-08-09 11:55:17,3862669,TRUCK,4,4202,PC65AA714,714,PTE V
697,2021-08-08 19:59:42,6074080,VAN,2,4067,PC1CCD955,955,PTP V
698,2021-08-08 04:53:28,4726446,CAR,2,4405,PC70CA955,955,PTE V
699,2021-08-15 03:26:42,8454959,CAR,2,4822,PCD1EB220,220,PTP V
700,2021-08-10 10:28:39,5600873,CAR,2,4100,PCC6DD8D5,8D5,PTE V
701,2021-07-31 15:44:26,246731,CAR,2,4362,PC670999C,99C,PTC V
702,2021-08-18 09:23:19,6548772,TRUCK,4,4655,PCF9CAB22,B22,PTP V
703,2021-07-31 16:42:00,1816731,TRUCK,4,4206,PCAC34A40,A40,PTC V
704,2021-08-11 17:52:18,6533730,CAR,2,4909,PCDED6F20,F20,PTC V
705,2021-08-09 06:15:17,8497957,CAR,2,4635,PC3C8B99E,99E,PTP V
706,2021-08-20 22:15:51,5027644,CAR,2,4378,PC074E6A8,6A8,PTE V
707,2021-08-15 23:04:51,6347920,CAR,2,4808,PC2729737,737,PTE V
708,2021-08-16 07:18:22,3371782,TRUCK,4,4302,PCBA83119,119,PTP V
709,2021-08-14 12:59:28,2738537,CAR,2,4221,PC90AAFDA,FDA,PTC V
710,2021-08-02 07:06:01,6929785,CAR,2,4387,PCE2B9376,376,PTC V
711,2021-08-10 03:18:53,8904786,CAR,2,4904,PC36C6441,441,PTC V
712,2021-08-15 00:10:07,1565319,CAR,2,4465,PCA227C6B,C6B,PTP V
713,2021-08-15 02:02:22,7209312,VAN,2,4863,PCA8F9E50,E50,PTC V
714,2021-07-31 23:01:19,1035505,TRUCK,4,4965,PCA0BAE0F,E0F,PTP V
715,2021-08-12 22:16:26,9949432,TRUCK,4,4412,PC821BC98,C98,PTP V
716,2021-08-09 07:43:56,3093849,TRUCK,4,4861,PC670F1AC,1AC,PTC V
717,2021-08-10 20:23:04,8252431,TRUCK,4,4420,PCFDB2950,950,PTP V
718,2021-08-01 12:03:00,3416177,CAR,2,4026,PC2CE9851,851,PTP V
719,2021-07-29 15:44:59,9998600,CAR,2,4108,PC7C55512,512,PTC V
720,2021-08-03 12:24:20,7560984,CAR,2,4123,PCDE850D8,0D8,PTP V
721,2021-08-06 04:16:15,8749368,VAN,2,4313,PC6D0FC31,C31,PTE V
722,2021-08-02 16:46:49,8251411,CAR,2,4936,PC7157CF3,CF3,PTP V
723,2021-08-16 23:11:03,6573286,TRUCK,4,4631,PCFFF6463,463,PTP V
724,2021-08-06 21:43:51,847179,TRUCK,4,4326,PC356AE8F,E8F,PTP V
725,2021-08-12 10:30:52,9937023,CAR,2,4030,PCA8A9AA8,AA8,PTE V
726,2021-08-08 10:07:31,506614,TRUCK,4,4654,PCBA5D8AB,8AB,PTP V
727,2021-08-20 19:00:34,1731263,CAR,2,4519,PC92A6471,471,PTP V
728,2021-08-14 02:48:59,1084601,VAN,2,4544,PC1893678,678,PTC V
729,2021-08-02 21:20:18,2552719,TRUCK,4,4671,PCCAAFB48,B48,PTP V
730,2021-08-03 15:56:44,2890131,TRUCK,4,4354,PC0671DD4,DD4,PTC V
731,2021-08-13 12:39:24,9857238,TRUCK,4,4989,PC7D7AE48,E48,PTP V
732,2021-08-01 02:03:31,8309956,TRUCK,4,4155,PC9042B3F,B3F,PTP V
733,2021-08-01 09:46:51,2456501,CAR,2,4801,PC119E3A6,3A6,PTE V
734,2021-08-19 18:52:28,9848677,VAN,2,4570,PCAE45EC0,EC0,PTP V
735,2021-07-30 21:43:09,8816903,CAR,2,4134,PC767BBB2,BB2,PTC V
736,2021-08-13 11:34:11,7407633,CAR,2,4071,PCDBBCB68,B68,PTC V
737,2021-08-20 10:56:47,849886,CAR,2,4183,PCF5E7754,754,PTE V
738,2021-08-04 23:43:50,993101,TRUCK,4,4099,PC97F19B1,9B1,PTP V
739,2021-08-18 19:20:30,5510650,TRUCK,4,4153,PC88C655C,55C,PTE V
740,2021-08-20 10:12:20,7751215,TRUCK,4,4219,PC40E6113,113,PTC V
741,2021-08-01 10:30:28,9488458,CAR,2,4786,PCB7F1F8A,F8A,PTC V
742,2021-07-29 20:09:29,3016951,CAR,2,4149,PC99F9ABD,ABD,PTE V
743,2021-08-07 04:47:13,3412902,TRUCK,4,4967,PC2AFCB31,B31,PTC V
744,2021-08-14 10:44:52,5938269,CAR,2,4574,PCC1F6F13,F13,PTP V
745,2021-08-20 09:20:23,301048,CAR,2,4506,PCB24B68E,68E,PTC V
746,2021-08-10 10:29:34,2514884,CAR,2,4532,PC8DD921E,21E,PTC V
747,2021-08-04 10:50:57,8714572,TRUCK,4,4624,PCDF73A3C,A3C,PTE V
748,2021-08-16 23:40:52,4912460,CAR,2,4219,PC40E6113,113,PTC V
749,2021-08-22 17:40:41,7326275,CAR,2,5003,PCAC9371E,71E,PTC V
750,2021-07-30 01:26:02,6209351,TRUCK,4,4209,PC494D54E,54E,PTP V
751,2021-08-17 14:18:58,6287098,TRUCK,4,4736,PC6A65941,941,PTE V
752,2021-08-15 09:47:19,2931553,VAN,2,4733,PC797AEBF,EBF,PTC V
753,2021-08-17 11:25:17,8625410,VAN,2,4387,PCE2B9376,376,PTE V
754,2021-08-17 22:51:38,5641360,TRUCK,4,4303,PC2E2E0C0,0C0,PTC V
755,2021-08-07 17:49:27,7136026,VAN,2,4720,PCDD23528,528,PTE V
756,2021-07-29 13:29:13,9549273,CAR,2,4661,PC1585DF2,DF2,PTC V
757,2021-07-31 15:42:55,8618426,CAR,2,4539,PC684859B,59B,PTP V
758,2021-08-17 09:02:03,6668114,TRUCK,4,4373,PC8806694,694,PTE V
759,2021-08-05 14:56:52,7979453,TRUCK,4,4303,PC2E2E0C0,0C0,PTC V
760,2021-08-11 16:03:47,9590322,CAR,2,4405,PC70CA955,955,PTE V
761,2021-08-01 13:41:36,1662925,CAR,2,4396,PCA00BC1C,C1C,PTC V
762,2021-08-06 22:09:07,3391660,CAR,2,4894,PCDADB8C6,8C6,PTP V
763,2021-08-10 06:38:40,5925569,CAR,2,4712,PC94168A2,8A2,PTC V
764,2021-08-03 01:50:31,7938310,TRUCK,4,4953,PC1E2B07E,07E,PTP V
765,2021-08-16 04:04:28,2629303,CAR,2,4256,PC9DD0BBD,BBD,PTP V
766,2021-08-13 03:05:26,8548942,TRUCK,4,4575,PC84D9FC1,FC1,PTP V
767,2021-08-04 01:27:59,5563110,TRUCK,4,4585,PCF3AE602,602,PTE V
768,2021-08-17 19:01:51,4896720,VAN,2,4631,PCFFF6463,463,PTC V
769,2021-08-06 09:27:38,2227372,CAR,2,4798,PC17F8052,052,PTC V
770,2021-07-29 18:22:20,9240446,CAR,2,4421,PCED2DB6F,B6F,PTC V
771,2021-08-12 05:07:24,3633085,VAN,2,4911,PCBEF8EE1,EE1,PTP V
772,2021-08-06 16:18:11,4895267,VAN,2,4062,PCDA37101,101,PTC V
773,2021-08-11 18:47:56,75485,TRUCK,4,4628,PC34C1DCB,DCB,PTP V
774,2021-08-08 11:08:50,8400110,CAR,2,4698,PC8BCEB19,B19,PTE V
775,2021-08-19 16:40:11,1593910,TRUCK,4,4249,PC6D2FAD0,AD0,PTE V
776,2021-08-09 18:43:19,6058069,CAR,2,4958,PC8A8976A,76A,PTE V
777,2021-08-16 02:22:25,8805422,CAR,2,4282,PCCE002E5,2E5,PTE V
778,2021-08-18 08:26:17,5997015,CAR,2,4182,PC5EBB0FA,0FA,PTC V
779,2021-08-04 07:46:02,8327281,TRUCK,4,4727,PC52E71B8,1B8,PTP V
780,2021-08-12 02:38:19,9894489,CAR,2,4326,PC356AE8F,E8F,PTC V
781,2021-08-07 11:24:33,2013779,CAR,2,4462,PCE29AA1A,A1A,PTP V
782,2021-08-18 06:35:33,8081131,CAR,2,4671,PCCAAFB48,B48,PTP V
783,2021-08-04 07:01:24,4715776,VAN,2,4627,PCA965149,149,PTP V
784,2021-08-18 01:20:23,6715322,CAR,2,4749,PC65C93B7,3B7,PTP V
785,2021-08-20 21:30:21,1517271,TRUCK,4,4015,PC524833E,33E,PTP V
786,2021-08-06 05:35:59,7848466,CAR,2,4643,PC6713209,209,PTP V
787,2021-08-07 00:04:31,8613201,CAR,2,4130,PC9F22103,103,PTP V
788,2021-08-03 21:53:21,3663181,TRUCK,4,4209,PC494D54E,54E,PTC V
789,2021-08-09 11:06:44,3413306,TRUCK,4,4257,PC1AB9C93,C93,PTP V
790,2021-08-14 19:12:23,3006302,CAR,2,4097,PCB1B5BEC,BEC,PTC V
791,2021-08-20 06:08:15,6279294,CAR,2,4882,PC8616CD8,CD8,PTE V
792,2021-08-02 23:07:33,1190536,CAR,2,4556,PC18C31F6,1F6,PTP V
793,2021-08-12 04:21:30,6565058,TRUCK,4,4130,PC9F22103,103,PTE V
794,2021-07-31 21:38:30,7260092,VAN,2,4198,PCB0994D1,4D1,PTP V
795,2021-08-22 01:07:46,124836,TRUCK,4,4373,PC8806694,694,PTP V
796,2021-08-12 04:29:31,4463920,VAN,2,4836,PCE78024A,24A,PTC V
797,2021-08-17 21:11:01,1092951,CAR,2,4769,PC10C50DC,0DC,PTP V
798,2021-08-16 16:12:23,7683749,CAR,2,4370,PC70B7987,987,PTC V
799,2021-08-04 10:01:57,262256,CAR,2,4959,PC4A7B00C,00C,PTC V
800,2021-08-17 17:12:35,220910,CAR,2,4746,PC0514825,825,PTC V
801,2021-08-08 18:52:38,5012084,CAR,2,4548,PC4486317,317,PTC V
802,2021-08-14 15:53:28,5569123,CAR,2,4474,PCFEAE55E,55E,PTP V
803,2021-08-21 07:11:43,3952000,TRUCK,4,4259,PCBB65EF4,EF4,PTC V
804,2021-08-22 00:11:22,5458820,CAR,2,4064,PC0B32B5B,B5B,PTP V
805,2021-07-31 19:29:50,9023495,CAR,2,4889,PC3547FAD,FAD,PTP V
806,2021-07-31 22:33:57,6520742,TRUCK,4,4263,PCD6DBA1D,A1D,PTC V
807,2021-08-05 18:54:26,2898863,CAR,2,4595,PC64281F6,1F6,PTC V
808,2021-07-30 01:43:07,31077,TRUCK,4,4423,PCF9F4940,940,PTE V
809,2021-08-16 22:14:26,7216705,CAR,2,4673,PC66E7418,418,PTP V
810,2021-08-21 18:10:35,9763768,CAR,2,4314,PC7E9E8F3,8F3,PTE V
811,2021-08-06 06:30:51,3297525,TRUCK,4,4446,PC7F1A5B9,5B9,PTE V
812,2021-08-17 01:36:06,2283399,CAR,2,4750,PCD987A9D,A9D,PTP V
813,2021-08-22 17:22:04,1947468,CAR,2,4909,PCDED6F20,F20,PTE V
814,2021-08-19 00:31:42,9936661,CAR,2,4693,PCB4CDDA5,DA5,PTE V
815,2021-08-08 04:41:29,4538394,TRUCK,4,4748,PCF2ECD29,D29,PTP V
816,2021-08-15 18:41:27,5732880,CAR,2,4595,PC64281F6,1F6,PTP V
817,2021-08-08 05:10:24,5928145,VAN,2,4900,PCFE8B604,604,PTC V
818,2021-08-05 01:34:30,8334389,TRUCK,4,4319,PCAD79413,413,PTE V
819,2021-08-06 22:17:40,2390148,TRUCK,4,4749,PC65C93B7,3B7,PTC V
820,2021-08-07 01:41:01,1952095,CAR,2,4650,PC544AE70,E70,PTP V
821,2021-08-03 19:17:49,3422458,CAR,2,4628,PC34C1DCB,DCB,PTC V
822,2021-08-04 16:57:12,5456755,CAR,2,4307,PC87D90FE,0FE,PTE V
823,2021-08-18 18:08:34,3288507,CAR,2,4699,PC2C1B987,987,PTP V
824,2021-07-31 04:11:38,1125573,CAR,2,4289,PCF621E92,E92,PTE V
825,2021-08-03 08:45:22,1837039,CAR,2,4427,PCD70DDDF,DDF,PTC V
826,2021-08-15 06:23:32,3011480,CAR,2,4543,PC74F5EBA,EBA,PTP V
827,2021-08-13 16:03:06,280635,CAR,2,4260,PC1A4796C,96C,PTP V
828,2021-08-02 07:25:00,6779526,TRUCK,4,4227,PCD8346A6,6A6,PTC V
829,2021-08-09 19:27:54,427799,CAR,2,4491,PCA52F720,720,PTE V
830,2021-08-08 13:48:00,8005001,CAR,2,4207,PC76EDF79,F79,PTC V
831,2021-08-16 17:09:26,4564367,CAR,2,4595,PC64281F6,1F6,PTE V
832,2021-08-05 03:54:21,1431403,VAN,2,4146,PCF91266E,66E,PTC V
833,2021-08-06 06:37:01,1385411,CAR,2,4947,PCE4A44BE,4BE,PTC V
834,2021-08-18 01:20:18,558511,CAR,2,4350,PCEDD7E85,E85,PTP V
835,2021-08-19 04:55:29,9472473,TRUCK,4,4585,PCF3AE602,602,PTP V
836,2021-08-15 03:10:05,8487290,CAR,2,4741,PC85A4D4B,D4B,PTC V
837,2021-08-08 00:29:07,133448,CAR,2,4065,PC3B514E2,4E2,PTC V
838,2021-08-21 03:36:52,3665356,TRUCK,4,4936,PC7157CF3,CF3,PTC V
839,2021-08-05 13:24:02,6214152,TRUCK,4,4340,PC3A6DBC9,BC9,PTE V
840,2021-08-04 15:43:30,6683644,VAN,2,4323,PC1D9ADA9,DA9,PTP V
841,2021-08-01 23:51:55,9406868,CAR,2,4246,PC95F5F6B,F6B,PTP V
842,2021-08-15 07:08:16,825763,CAR,2,4729,PC5170BF4,BF4,PTE V
843,2021-08-20 01:07:43,3920452,TRUCK,4,4848,PCF0FC9B2,9B2,PTC V
844,2021-08-07 02:09:52,5061569,TRUCK,4,4745,PC6397888,888,PTE V
845,2021-08-16 13:36:46,7368048,CAR,2,4115,PCF5D4B0A,B0A,PTE V
846,2021-08-21 18:58:14,9167592,TRUCK,4,4256,PC9DD0BBD,BBD,PTC V
847,2021-08-02 07:00:56,1062258,TRUCK,4,4477,PCA857A23,A23,PTP V
848,2021-08-14 17:37:12,6322236,CAR,2,4162,PC51A39A7,9A7,PTE V
849,2021-08-06 21:58:36,2468245,VAN,2,4812,PC22D9C6D,C6D,PTC V
850,2021-08-21 13:15:28,3811233,CAR,2,4070,PCEECA8B2,8B2,PTP V
851,2021-08-16 04:37:40,1758814,VAN,2,4548,PC4486317,317,PTE V
852,2021-07-29 16:54:12,2190563,TRUCK,4,4394,PCD3A817A,17A,PTE V
853,2021-08-08 15:35:43,191673,CAR,2,4944,PC41EEC34,C34,PTC V
854,2021-08-14 11:15:46,2525988,TRUCK,4,4091,PC2E099B4,9B4,PTE V
855,2021-07-31 10:38:43,6668490,CAR,2,4229,PCD0DDD3D,D3D,PTP V
856,2021-08-17 08:03:40,844339,TRUCK,4,4587,PC576A3BA,3BA,PTE V
857,2021-08-08 09:30:31,8154584,CAR,2,4657,PCC591410,410,PTP V
858,2021-08-12 11:19:06,3475854,TRUCK,4,4347,PC3EC1FDF,FDF,PTE V
859,2021-07-30 04:55:50,2937846,CAR,2,4588,PC3172195,195,PTP V
860,2021-08-05 20:42:39,343263,VAN,2,4847,PCD546332,332,PTP V
861,2021-08-13 18:06:24,2109085,CAR,2,4490,PC89C1789,789,PTE V
862,2021-08-18 14:50:19,8516395,CAR,2,4651,PC12D9486,486,PTP V
863,2021-08-04 04:50:32,6150958,CAR,2,4667,PCD540B2F,B2F,PTP V
864,2021-08-22 14:26:46,414949,VAN,2,4064,PC0B32B5B,B5B,PTE V
865,2021-08-22 09:57:09,5049185,CAR,2,4932,PC46C4A27,A27,PTP V
866,2021-08-13 08:07:21,8618898,CAR,2,4149,PC99F9ABD,ABD,PTP V
867,2021-08-17 09:16:36,6909477,CAR,2,4639,PC879E7AB,7AB,PTP V
868,2021-08-17 17:01:44,1644638,CAR,2,4698,PC8BCEB19,B19,PTC V
869,2021-08-18 16:28:13,8732489,CAR,2,4939,PCF263A5E,A5E,PTC V
870,2021-07-31 22:44:46,803701,CAR,2,4231,PC016D687,687,PTE V
871,2021-07-30 04:31:04,8922075,CAR,2,4683,PC96978C6,8C6,PTC V
872,2021-08-22 08:11:59,8132269,CAR,2,4794,PC4E1366E,66E,PTC V
873,2021-08-06 00:32:27,7321426,TRUCK,4,4632,PCC1FFE5B,E5B,PTE V
874,2021-08-08 04:27:12,3138897,TRUCK,4,4242,PCECC4DE2,DE2,PTE V
875,2021-08-11 14:29:06,7158326,CAR,2,4424,PC51E7EF8,EF8,PTE V
876,2021-08-12 13:19:41,4824422,CAR,2,4301,PC540E129,129,PTC V
877,2021-08-05 21:55:03,6076426,VAN,2,4681,PCBEB4D23,D23,PTC V
878,2021-08-09 04:59:28,2087111,CAR,2,4847,PCD546332,332,PTE V
879,2021-08-20 10:19:35,6881195,VAN,2,4488,PC19D06B0,6B0,PTP V
880,2021-08-04 12:47:51,8853927,CAR,2,4762,PC1A3D20B,20B,PTC V
881,2021-08-04 23:22:39,623284,CAR,2,4600,PCB99E8F9,8F9,PTP V
882,2021-08-08 00:43:57,1530403,CAR,2,4930,PC22F748B,48B,PTE V
883,2021-07-30 00:54:55,9760697,CAR,2,4912,PC526B1EC,1EC,PTP V
884,2021-08-04 01:34:23,6151069,CAR,2,4487,PCA92F2BD,2BD,PTC V
885,2021-08-11 05:48:06,7421325,TRUCK,4,4990,PCFE28E92,E92,PTE V
886,2021-08-06 05:21:05,2099429,CAR,2,4898,PC0AE9E1B,E1B,PTC V
887,2021-08-15 17:27:41,6721597,CAR,2,4560,PC5030572,572,PTC V
888,2021-08-08 08:24:43,6466023,CAR,2,4057,PC4B0DCD2,CD2,PTE V
889,2021-08-02 09:04:04,7237260,VAN,2,4308,PC94E7A96,A96,PTC V
890,2021-08-04 05:55:28,6179390,CAR,2,4677,PCA9D6EEE,EEE,PTC V
891,2021-08-07 13:54:23,6600330,CAR,2,4674,PC795E7B9,7B9,PTC V
892,2021-08-16 06:44:49,4826949,CAR,2,4269,PCC7106FF,6FF,PTC V
893,2021-08-22 16:44:25,285893,VAN,2,4820,PCC30C735,735,PTC V
894,2021-08-08 08:43:01,2719759,VAN,2,4350,PCEDD7E85,E85,PTE V
895,2021-08-14 12:34:32,3265797,CAR,2,4031,PC0214185,185,PTE V
896,2021-08-12 11:13:56,6224166,VAN,2,4420,PCFDB2950,950,PTE V
897,2021-08-13 16:41:04,4987710,CAR,2,4123,PCDE850D8,0D8,PTE V
898,2021-08-08 00:14:03,9795981,CAR,2,4127,PCA2D76A5,6A5,PTP V
899,2021-08-01 18:24:33,7861616,CAR,2,4886,PC4D892D7,2D7,PTP V
900,2021-08-01 18:44:59,3453900,CAR,2,4443,PCC139BD8,BD8,PTP V
901,2021-07-30 03:02:00,3873716,TRUCK,4,4142,PC7ACFF7C,F7C,PTE V
902,2021-08-04 08:01:14,2518442,TRUCK,4,4904,PC36C6441,441,PTE V
903,2021-08-15 20:54:05,7424573,CAR,2,4841,PCE45DE8D,E8D,PTC V
904,2021-07-30 10:26:29,5388228,CAR,2,4253,PC82A16E6,6E6,PTC V
905,2021-08-16 18:32:30,2383579,CAR,2,4737,PCED7EAFE,AFE,PTP V
906,2021-07-30 13:47:09,7808497,CAR,2,4486,PC3AF69A3,9A3,PTC V
907,2021-08-20 05:07:36,9279180,CAR,2,4112,PCEA652A8,2A8,PTP V
908,2021-08-22 16:51:34,9983818,CAR,2,5005,PC408264D,64D,PTC V
909,2021-08-19 14:47:44,3348529,TRUCK,4,4313,PC6D0FC31,C31,PTE V
910,2021-08-10 14:12:28,2280811,TRUCK,4,4362,PC670999C,99C,PTE V
911,2021-08-10 04:44:39,5475683,CAR,2,4047,PC6D105CF,5CF,PTE V
912,2021-08-10 08:17:25,3242753,TRUCK,4,4400,PC3BD7D63,D63,PTP V
913,2021-07-30 09:55:51,120673,CAR,2,4306,PC5D6563A,63A,PTE V
914,2021-08-18 19:47:41,2870417,CAR,2,4688,PCCB4C86D,86D,PTE V
915,2021-08-05 03:55:44,6521245,CAR,2,5007,PC869BDE8,DE8,PTP V
916,2021-07-31 16:01:56,4749166,VAN,2,4030,PCA8A9AA8,AA8,PTE V
917,2021-08-10 01:04:59,6120669,VAN,2,4007,PCDF9F773,773,PTE V
918,2021-08-03 23:22:35,6406243,CAR,2,4632,PCC1FFE5B,E5B,PTE V
919,2021-08-10 03:55:51,9951372,CAR,2,4888,PC46C55B4,5B4,PTC V
920,2021-08-12 00:11:21,9528583,CAR,2,4988,PC46BE0B2,0B2,PTP V
921,2021-07-30 23:14:41,3751116,TRUCK,4,4142,PC7ACFF7C,F7C,PTP V
922,2021-08-10 02:36:21,6549535,TRUCK,4,4784,PCDB42B34,B34,PTE V
923,2021-08-22 07:09:05,3808707,CAR,2,4240,PC72FE04B,04B,PTE V
924,2021-08-17 17:34:12,5834018,TRUCK,4,4283,PC953B572,572,PTC V
925,2021-08-13 01:25:20,1158710,CAR,2,4513,PC52F533C,33C,PTP V
926,2021-08-22 00:22:41,5805628,CAR,2,4054,PC7E79FA0,FA0,PTP V
927,2021-08-22 11:01:45,8561127,CAR,2,4833,PC71A1452,452,PTC V
928,2021-07-31 17:40:13,4522592,CAR,2,4284,PC0DB49FD,9FD,PTC V
929,2021-08-10 09:14:01,9284769,TRUCK,4,4348,PCD66314D,14D,PTE V
930,2021-07-29 13:34:09,4304071,VAN,2,4617,PC7758F89,F89,PTE V
931,2021-08-22 04:08:48,9510776,TRUCK,4,4909,PCDED6F20,F20,PTP V
932,2021-08-07 05:57:05,5931482,CAR,2,4301,PC540E129,129,PTE V
933,2021-08-12 08:25:32,297034,TRUCK,4,4160,PC6DC0ACF,ACF,PTE V
934,2021-08-04 06:54:11,2292253,VAN,2,4856,PC7C042B7,2B7,PTE V
935,2021-08-04 04:12:51,1208170,CAR,2,4317,PC0DC6CAB,CAB,PTP V
936,2021-07-31 11:53:17,2579745,CAR,2,4172,PC1A43FB7,FB7,PTP V
937,2021-08-08 23:40:37,9405902,CAR,2,4695,PC4A5D62F,62F,PTP V
938,2021-08-11 05:28:13,9448458,CAR,2,4737,PCED7EAFE,AFE,PTE V
939,2021-08-10 16:57:53,7299577,CAR,2,4601,PCC932802,802,PTP V
940,2021-08-06 12:06:07,4767711,TRUCK,4,4862,PC3BDDA71,A71,PTE V
941,2021-08-22 03:22:26,2031526,TRUCK,4,4907,PCCEEF65A,65A,PTE V
942,2021-08-22 15:53:23,9116083,TRUCK,4,4615,PC1ECBA39,A39,PTE V
943,2021-08-18 20:21:40,7924083,CAR,2,4879,PCC90A061,061,PTC V
944,2021-07-31 21:33:16,4362016,VAN,2,4764,PCF6B0D12,D12,PTE V
945,2021-08-15 12:30:21,204123,CAR,2,4519,PC92A6471,471,PTC V
946,2021-08-18 18:20:35,5608936,TRUCK,4,4185,PC7F5C566,566,PTE V
947,2021-08-02 00:23:19,343443,CAR,2,4669,PC36675CE,5CE,PTC V
948,2021-08-08 15:51:53,5764271,CAR,2,4013,PCE5BA2CE,2CE,PTP V
949,2021-08-07 15:02:00,6893602,VAN,2,4533,PC8DA1D3B,D3B,PTE V
950,2021-08-02 21:12:08,7414687,CAR,2,4293,PC2A27502,502,PTP V
951,2021-08-15 23:28:32,8604341,CAR,2,4129,PCA6127FF,7FF,PTE V
952,2021-08-11 00:02:40,7592309,CAR,2,4493,PC124B4C0,4C0,PTC V
953,2021-08-10 05:49:42,5100235,CAR,2,4750,PCD987A9D,A9D,PTC V
954,2021-08-18 12:01:16,5492657,CAR,2,4909,PCDED6F20,F20,PTE V
955,2021-08-10 08:08:07,6803375,CAR,2,4017,PCC090C3A,C3A,PTC V
956,2021-08-07 13:59:23,5996935,CAR,2,4693,PCB4CDDA5,DA5,PTP V
957,2021-08-13 02:58:22,2966355,CAR,2,4600,PCB99E8F9,8F9,PTC V
958,2021-08-17 20:44:01,5978972,CAR,2,4519,PC92A6471,471,PTE V
959,2021-08-21 17:45:22,2339859,CAR,2,4270,PC8F72158,158,PTC V
960,2021-08-22 17:13:03,6020620,CAR,2,4832,PC34ECAB5,AB5,PTC V
961,2021-08-20 03:05:20,7295422,CAR,2,4560,PC5030572,572,PTC V
962,2021-08-04 17:09:40,8930290,CAR,2,4636,PCDECFC74,C74,PTC V
963,2021-07-30 16:13:48,3762534,TRUCK,4,4433,PC1DEB043,043,PTP V
964,2021-08-07 21:13:44,3793654,TRUCK,4,4630,PCA26D872,872,PTC V
965,2021-08-13 17:11:40,5371076,CAR,2,4448,PC19F3DBB,DBB,PTE V
966,2021-08-15 07:31:40,2277244,TRUCK,4,4624,PCDF73A3C,A3C,PTE V
967,2021-08-08 02:43:23,3605245,CAR,2,4922,PC785D63F,63F,PTE V
968,2021-08-04 07:43:09,5880073,CAR,2,4376,PCA283923,923,PTE V
969,2021-08-17 11:46:09,655252,VAN,2,4724,PC3DE08BF,8BF,PTC V
970,2021-08-14 11:18:31,7055501,VAN,2,4600,PCB99E8F9,8F9,PTE V
971,2021-08-19 04:11:04,72056,TRUCK,4,4177,PC9194382,382,PTC V
972,2021-08-12 09:35:16,9949523,TRUCK,4,4822,PCD1EB220,220,PTP V
973,2021-08-13 02:54:50,9040939,CAR,2,4756,PC8AEC6E8,6E8,PTC V
974,2021-08-14 05:58:14,2706769,TRUCK,4,4073,PCA3797CA,7CA,PTP V
975,2021-07-29 12:03:33,6809169,CAR,2,4902,PC425C6EC,6EC,PTE V
976,2021-08-18 07:55:45,8941091,CAR,2,4482,PCB6A16D7,6D7,PTP V
977,2021-08-03 09:41:56,1740847,CAR,2,4989,PC7D7AE48,E48,PTC V
978,2021-07-30 20:32:49,3164197,TRUCK,4,4611,PC2EBEAB9,AB9,PTC V
979,2021-08-02 00:03:52,9341086,TRUCK,4,4060,PC481C9F9,9F9,PTC V
980,2021-07-31 02:36:15,1351100,CAR,2,4981,PC6B14C5D,C5D,PTC V
981,2021-08-13 12:31:42,9853531,TRUCK,4,4103,PC2B868A9,8A9,PTC V
982,2021-08-04 13:25:35,9172763,VAN,2,4653,PC1CE4935,935,PTC V
983,2021-08-20 01:51:10,3316540,TRUCK,4,4620,PC43973F9,3F9,PTP V
984,2021-08-04 15:03:49,6487444,CAR,2,4345,PCAC01231,231,PTP V
985,2021-08-04 00:16:23,2853927,CAR,2,4496,PC3FD65C8,5C8,PTC V
986,2021-08-11 22:21:55,9670184,CAR,2,4828,PCF712D1A,D1A,PTC V
987,2021-08-18 16:24:24,3712950,CAR,2,4535,PC1BC7FA5,FA5,PTP V
988,2021-08-02 08:59:53,3508883,CAR,2,4242,PCECC4DE2,DE2,PTP V
989,2021-08-14 06:46:16,5883500,CAR,2,4949,PC86E9EB7,EB7,PTE V
990,2021-08-07 16:49:21,2657749,CAR,2,4242,PCECC4DE2,DE2,PTC V
991,2021-08-11 23:49:40,8330775,TRUCK,4,4885,PC5083F35,F35,PTE V
992,2021-08-18 23:32:29,9423996,TRUCK,4,4833,PC71A1452,452,PTE V
993,2021-08-01 02:42:51,4210854,TRUCK,4,4100,PCC6DD8D5,8D5,PTP V
994,2021-08-12 17:26:17,1671308,CAR,2,4395,PC6F25DF0,DF0,PTP V
995,2021-08-16 10:56:43,5017354,VAN,2,4267,PCE51C5C7,5C7,PTP V
996,2021-08-18 23:27:37,5192039,CAR,2,4097,PCB1B5BEC,BEC,PTC V
997,2021-08-20 14:42:50,1763724,VAN,2,4646,PC3F8C42B,42B,PTP V
998,2021-07-31 09:34:08,4728276,CAR,2,4780,PC0A717C4,7C4,PTE V
999,2021-08-14 06:45:46,1590634,CAR,2,4473,PC51FDD60,D60,PTC V
1000,2021-08-21 15:15:35,4371246,CAR,2,4631,PCFFF6463,463,PTC V
1001,2021-08-01 03:06:17,400581,CAR,2,4532,PC8DD921E,21E,PTE V
1002,2021-08-07 18:40:51,4936065,TRUCK,4,4524,PCF8BB245,245,PTC V
1003,2021-08-05 05:43:14,771246,CAR,2,4317,PC0DC6CAB,CAB,PTC V
1004,2021-08-06 11:33:57,3737235,CAR,2,4989,PC7D7AE48,E48,PTC V
1005,2021-08-20 04:56:35,5150627,CAR,2,4023,PC77793DF,3DF,PTC V
1006,2021-08-03 19:29:29,846975,VAN,2,4288,PC12AA919,919,PTP V
1007,2021-08-19 21:44:49,44431,CAR,2,4296,PCA24C1E1,1E1,PTE V
1008,2021-08-09 03:16:36,704512,TRUCK,4,4927,PC2D22627,627,PTE V
1009,2021-08-06 19:06:52,5019748,CAR,2,4440,PCBE1B45D,45D,PTC V
1010,2021-07-31 07:07:47,6703039,VAN,2,4376,PCA283923,923,PTE V
1011,2021-08-07 07:51:11,5100397,TRUCK,4,4332,PC3B258E9,8E9,PTC V
1012,2021-08-15 01:41:23,5467760,TRUCK,4,4724,PC3DE08BF,8BF,PTC V
1013,2021-08-18 07:30:36,9128803,CAR,2,4121,PCEC57A8E,A8E,PTP V
1014,2021-07-31 02:20:01,1654264,CAR,2,4749,PC65C93B7,3B7,PTE V
1015,2021-08-03 03:05:52,4984461,CAR,2,4640,PCC993FB3,FB3,PTE V
1016,2021-07-30 21:49:31,7366827,TRUCK,4,4103,PC2B868A9,8A9,PTP V
1017,2021-08-12 12:11:15,4665816,TRUCK,4,4335,PC76935F9,5F9,PTP V
1018,2021-08-02 11:54:50,523203,CAR,2,4458,PCECEBBFA,BFA,PTP V
1019,2021-08-17 05:47:57,1772752,CAR,2,4432,PC4CBEFF5,FF5,PTP V
1020,2021-08-09 21:16:48,1629261,CAR,2,4052,PC25E70B7,0B7,PTE V
1021,2021-08-11 00:16:01,4494921,CAR,2,4070,PCEECA8B2,8B2,PTE V
1022,2021-08-03 21:06:01,5524917,TRUCK,4,4812,PC22D9C6D,C6D,PTP V
1023,2021-08-06 00:17:36,2575931,CAR,2,4871,PC397AFA3,FA3,PTE V
1024,2021-08-10 02:16:38,38837,TRUCK,4,4712,PC94168A2,8A2,PTP V
1025,2021-08-01 15:26:03,6110896,CAR,2,4960,PC6A1BCA4,CA4,PTE V
1026,2021-08-05 01:06:50,4906689,VAN,2,4261,PC84FFC9D,C9D,PTC V
1027,2021-07-31 05:17:10,7655542,CAR,2,4678,PCD175301,301,PTP V
1028,2021-08-22 13:23:14,6713340,TRUCK,4,4555,PC06A0237,237,PTC V
1029,2021-08-09 14:03:52,8154658,TRUCK,4,4623,PCAA67227,227,PTE V
1030,2021-08-16 12:44:40,2134355,CAR,2,4420,PCFDB2950,950,PTC V
1031,2021-08-08 07:23:59,8951131,CAR,2,4063,PC7667A3E,A3E,PTC V
1032,2021-08-08 20:28:35,4929926,TRUCK,4,4627,PCA965149,149,PTC V
1033,2021-08-19 07:08:20,4457235,CAR,2,4183,PCF5E7754,754,PTE V
1034,2021-08-16 08:19:54,1832726,TRUCK,4,4585,PCF3AE602,602,PTC V
1035,2021-08-19 18:37:23,4134771,CAR,2,4666,PCE8CBA37,A37,PTP V
1036,2021-07-29 13:30:35,2782018,CAR,2,4842,PC16F5A24,A24,PTE V
1037,2021-08-12 04:03:32,4735037,CAR,2,4391,PCCFD9AB6,AB6,PTE V
1038,2021-08-21 04:51:28,6174121,CAR,2,4202,PC65AA714,714,PTE V
1039,2021-08-19 08:00:33,8173134,CAR,2,4386,PC948D5B2,5B2,PTE V
1040,2021-08-15 00:46:13,1238794,CAR,2,4886,PC4D892D7,2D7,PTP V
1041,2021-08-14 20:24:08,4397766,VAN,2,4063,PC7667A3E,A3E,PTC V
1042,2021-08-19 17:35:57,9797764,CAR,2,4624,PCDF73A3C,A3C,PTC V
1043,2021-08-02 22:35:16,8818426,CAR,2,4101,PCCC8F243,243,PTC V
1044,2021-08-11 15:28:59,6861442,CAR,2,4418,PCF6EECB2,CB2,PTE V
1045,2021-08-03 23:39:22,2172288,CAR,2,4141,PC13CB69B,69B,PTE V
1046,2021-08-09 00:08:46,7219802,CAR,2,4613,PCEBBFFB5,FB5,PTC V
1047,2021-08-16 20:52:45,1584903,CAR,2,4171,PC36C9AE8,AE8,PTC V
1048,2021-08-07 05:58:52,478237,VAN,2,4365,PC0F226DF,6DF,PTP V
1049,2021-08-08 18:44:49,6296035,CAR,2,4240,PC72FE04B,04B,PTP V
1050,2021-08-14 02:43:50,530491,TRUCK,4,4359,PCB27CFF1,FF1,PTC V
1051,2021-08-10 22:14:38,2852105,CAR,2,4522,PC0A326BE,6BE,PTP V
1052,2021-07-30 13:03:41,6197707,CAR,2,4745,PC6397888,888,PTC V
1053,2021-08-20 23:24:25,1164872,CAR,2,4737,PCED7EAFE,AFE,PTE V
1054,2021-08-10 04:05:40,234151,VAN,2,4285,PCB524A9F,A9F,PTE V
1055,2021-08-09 06:06:51,9016853,VAN,2,4892,PC7AA5B2F,B2F,PTC V
1056,2021-08-08 16:03:21,5903232,CAR,2,4352,PC99B9343,343,PTC V
1057,2021-08-18 12:13:23,4337798,CAR,2,4182,PC5EBB0FA,0FA,PTE V
1058,2021-08-15 17:22:02,3868754,VAN,2,4611,PC2EBEAB9,AB9,PTC V
1059,2021-08-20 12:22:30,3530998,TRUCK,4,4925,PCE5E04A2,4A2,PTC V
1060,2021-08-17 05:06:56,2087513,TRUCK,4,4376,PCA283923,923,PTE V
1061,2021-08-02 04:16:10,8767809,CAR,2,4812,PC22D9C6D,C6D,PTP V
1062,2021-08-10 06:01:57,9300623,VAN,2,4974,PCDEB8E32,E32,PTE V
1063,2021-08-01 19:19:35,4987435,CAR,2,4107,PC7607A5D,A5D,PTP V
1064,2021-08-03 11:24:45,1016929,CAR,2,4853,PC214FB8E,B8E,PTP V
1065,2021-08-16 17:59:21,1269373,TRUCK,4,4856,PC7C042B7,2B7,PTC V
1066,2021-08-03 07:04:43,9147847,CAR,2,4473,PC51FDD60,D60,PTE V
1067,2021-08-04 19:20:10,9197506,CAR,2,4003,PC83F544D,44D,PTE V
1068,2021-08-07 19:45:04,5894380,CAR,2,4284,PC0DB49FD,9FD,PTE V
1069,2021-08-03 09:33:41,9600014,VAN,2,4176,PC11E9595,595,PTC V
1070,2021-08-05 09:08:20,7343214,CAR,2,4438,PC665A28E,28E,PTP V
1071,2021-08-10 02:47:31,7020174,CAR,2,4110,PCF891CEB,CEB,PTP V
1072,2021-08-21 04:22:12,2005924,TRUCK,4,4730,PC7DC0964,964,PTE V
1073,2021-07-31 17:23:28,1511615,VAN,2,4576,PC394C979,979,PTP V
1074,2021-08-07 09:25:35,3335485,TRUCK,4,4820,PCC30C735,735,PTP V
1075,2021-08-08 23:18:49,6710855,TRUCK,4,4184,PC43A5E42,E42,PTC V
1076,2021-08-14 21:30:28,9593619,CAR,2,4282,PCCE002E5,2E5,PTP V
1077,2021-08-04 09:49:51,9841801,CAR,2,4435,PC3E78C17,C17,PTC V
1078,2021-08-17 21:30:14,3918388,CAR,2,4921,PCA70760B,60B,PTE V
1079,2021-08-20 06:10:27,2382610,TRUCK,4,4750,PCD987A9D,A9D,PTP V
1080,2021-08-08 23:40:51,1847423,VAN,2,4954,PCA276EBB,EBB,PTC V
1081,2021-08-14 11:31:18,5914006,TRUCK,4,4321,PC591BDF7,DF7,PTP V
1082,2021-08-21 09:20:00,588548,CAR,2,4358,PC32FB72C,72C,PTC V
1083,2021-07-30 08:36:31,8957113,CAR,2,4434,PCA491459,459,PTE V
1084,2021-08-16 11:46:20,138934,TRUCK,4,4760,PC161AC8D,C8D,PTP V
1085,2021-08-08 23:18:31,7639839,CAR,2,4764,PCF6B0D12,D12,PTC V
1086,2021-08-02 02:15:56,6523053,CAR,2,4917,PCD8C66B1,6B1,PTC V
1087,2021-08-02 20:20:17,5491855,CAR,2,4853,PC214FB8E,B8E,PTP V
1088,2021-08-07 18:12:22,143888,CAR,2,4194,PC96AD1EB,1EB,PTC V
1089,2021-08-11 21:43:23,9613414,VAN,2,4817,PCFF02057,057,PTC V
1090,2021-07-30 14:32:02,5473358,CAR,2,4924,PCE3427C5,7C5,PTC V
1091,2021-08-15 14:29:37,3957882,TRUCK,4,4571,PC2308E9E,E9E,PTC V
1092,2021-08-16 01:54:31,8548382,CAR,2,4528,PC1269226,226,PTP V
1093,2021-08-11 05:25:52,6129420,VAN,2,4052,PC25E70B7,0B7,PTE V
1094,2021-08-01 15:03:18,7354946,TRUCK,4,4060,PC481C9F9,9F9,PTE V
1095,2021-07-30 13:48:48,5861176,VAN,2,4093,PC951FE7E,E7E,PTP V
1096,2021-07-30 21:40:17,4403522,CAR,2,4187,PCF8D98DC,8DC,PTP V
1097,2021-08-08 12:15:42,9369233,CAR,2,4603,PC485BE5B,E5B,PTP V
1098,2021-08-21 20:07:42,4774962,CAR,2,4223,PCA37D114,114,PTP V
1099,2021-07-31 02:34:12,35246,TRUCK,4,4913,PC685427C,27C,PTP V
1100,2021-08-21 21:35:13,3429846,TRUCK,4,4702,PCDBC3AC9,AC9,PTC V
1101,2021-07-29 15:59:13,3115182,CAR,2,4058,PC3415EA4,EA4,PTP V
1102,2021-08-07 14:39:22,6829041,CAR,2,4151,PC0AB2B55,B55,PTC V
1103,2021-07-31 05:00:13,1617802,CAR,2,4594,PC59414DA,4DA,PTC V
1104,2021-07-31 00:58:22,4312674,CAR,2,4601,PCC932802,802,PTC V
1105,2021-08-11 22:49:56,4837548,VAN,2,4129,PCA6127FF,7FF,PTP V
1106,2021-08-12 21:52:53,8522262,CAR,2,4406,PC7A54E18,E18,PTC V
1107,2021-08-12 13:32:19,8193538,CAR,2,4834,PCB228987,987,PTP V
1108,2021-07-30 07:35:38,6403046,CAR,2,4517,PC9AF321D,21D,PTP V
1109,2021-08-12 17:13:06,9448584,TRUCK,4,4954,PCA276EBB,EBB,PTC V
1110,2021-08-18 06:18:40,6967180,CAR,2,4443,PCC139BD8,BD8,PTP V
1111,2021-08-03 19:07:47,7988780,CAR,2,4299,PCAD3B9BC,9BC,PTE V
1112,2021-08-14 02:38:05,6501560,TRUCK,4,4867,PC5A6D86E,86E,PTP V
1113,2021-08-18 03:40:19,8319440,CAR,2,4382,PCB7341F4,1F4,PTC V
1114,2021-08-12 22:34:21,9345303,TRUCK,4,4551,PCCA5979C,79C,PTC V
1115,2021-08-12 01:57:00,1204264,CAR,2,4034,PCFC754C7,4C7,PTP V
1116,2021-08-08 05:17:17,6592400,VAN,2,4928,PC16E79D4,9D4,PTC V
1117,2021-08-05 17:56:53,2261364,TRUCK,4,4575,PC84D9FC1,FC1,PTP V
1118,2021-08-18 17:07:03,7401340,VAN,2,4310,PCC08F8BB,8BB,PTC V
1119,2021-08-12 02:39:17,5867282,CAR,2,4398,PCE60D320,320,PTC V
1120,2021-08-02 09:15:29,4332928,VAN,2,4525,PCF64B519,519,PTC V
1121,2021-08-20 16:21:42,8163804,CAR,2,4005,PCB3DF742,742,PTP V
1122,2021-08-12 17:34:46,9237586,CAR,2,4484,PCEF56843,843,PTE V
1123,2021-08-17 12:03:52,1256864,TRUCK,4,4711,PC340B4DE,4DE,PTE V
1124,2021-08-01 21:05:43,3296269,TRUCK,4,4372,PC1E0F3B6,3B6,PTP V
1125,2021-08-02 09:31:08,4061730,VAN,2,4237,PC51D1059,059,PTC V
1126,2021-08-19 13:02:58,2910362,TRUCK,4,4327,PC16F59EC,9EC,PTC V
1127,2021-08-03 15:42:40,7688035,CAR,2,4525,PCF64B519,519,PTP V
1128,2021-08-13 06:21:38,7855986,CAR,2,4414,PC40BD0F3,0F3,PTP V
1129,2021-08-16 21:06:48,4572039,VAN,2,4759,PC4A6C6D9,6D9,PTE V
1130,2021-08-08 21:20:56,2813869,CAR,2,4308,PC94E7A96,A96,PTE V
1131,2021-08-22 15:51:51,7513363,CAR,2,4041,PCB566359,359,PTC V
1132,2021-08-02 19:00:20,317032,CAR,2,4715,PCFA0E4C0,4C0,PTE V
1133,2021-08-13 00:37:32,4787356,TRUCK,4,4546,PCEF3EBBC,BBC,PTC V
1134,2021-08-19 05:25:30,4364690,CAR,2,4452,PC8C7C5D7,5D7,PTP V
1135,2021-08-19 04:25:51,8706960,TRUCK,4,4425,PC41B834E,34E,PTC V
1136,2021-08-14 17:23:58,4899216,VAN,2,4571,PC2308E9E,E9E,PTP V
1137,2021-08-08 03:32:47,7708170,CAR,2,4131,PC4C9B108,108,PTP V
1138,2021-08-16 10:08:36,8185432,CAR,2,4286,PC12BE494,494,PTE V
1139,2021-08-09 22:01:40,5760290,TRUCK,4,4270,PC8F72158,158,PTC V
1140,2021-08-18 20:53:08,1945635,TRUCK,4,4305,PCF4DA5CE,5CE,PTE V
1141,2021-08-12 22:09:58,7929326,CAR,2,4992,PCFF0FEB0,EB0,PTP V
1142,2021-07-29 21:47:12,7111496,TRUCK,4,4154,PC2C2EF9E,F9E,PTE V
1143,2021-08-16 18:15:47,4956695,CAR,2,4143,PC5F47DCF,DCF,PTC V
1144,2021-08-05 17:37:44,8167397,VAN,2,4641,PCAA9F518,518,PTE V
1145,2021-08-17 06:43:51,4548098,TRUCK,4,4177,PC9194382,382,PTE V
1146,2021-08-07 14:27:48,494801,TRUCK,4,4192,PC74F6341,341,PTC V
1147,2021-08-03 07:28:31,1974167,CAR,2,4619,PC2EFBBE0,BE0,PTP V
1148,2021-08-11 20:05:55,8150755,CAR,2,4114,PC4CD2B81,B81,PTC V
1149,2021-07-31 03:03:00,4949188,VAN,2,4586,PC4A40D50,D50,PTC V
1150,2021-08-18 22:48:57,3327118,CAR,2,4473,PC51FDD60,D60,PTC V
1151,2021-08-01 05:04:08,1763039,CAR,2,4924,PCE3427C5,7C5,PTP V
1152,2021-08-07 03:45:59,1957251,VAN,2,4534,PCAD9E1F9,1F9,PTP V
1153,2021-08-05 01:56:35,6796843,TRUCK,4,4219,PC40E6113,113,PTP V
1154,2021-08-15 21:27:15,6857822,CAR,2,4574,PCC1F6F13,F13,PTC V
1155,2021-08-04 01:53:57,2123282,CAR,2,4282,PCCE002E5,2E5,PTP V
1156,2021-08-17 04:55:07,5422200,CAR,2,4045,PCE952492,492,PTC V
1157,2021-08-06 13:31:01,43451,CAR,2,4135,PCC943ECD,ECD,PTE V
1158,2021-08-03 01:25:09,8915567,TRUCK,4,4189,PC7655FC1,FC1,PTP V
1159,2021-08-20 14:28:39,1596592,TRUCK,4,4246,PC95F5F6B,F6B,PTC V
1160,2021-08-04 06:20:44,238800,VAN,2,4067,PC1CCD955,955,PTP V
1161,2021-08-07 07:58:17,8944988,CAR,2,4799,PCC3A370A,70A,PTC V
1162,2021-07-30 11:20:25,5580702,CAR,2,4086,PC23E470D,70D,PTP V
1163,2021-08-13 17:15:34,1134752,VAN,2,4770,PC9082A17,A17,PTC V
1164,2021-08-12 16:39:09,9056120,CAR,2,4126,PC74CE451,451,PTE V
1165,2021-08-20 13:13:44,2035182,VAN,2,4776,PC6906524,524,PTP V
1166,2021-08-18 10:33:02,908716,TRUCK,4,4501,PC5D41947,947,PTP V
1167,2021-08-02 08:56:30,9246548,VAN,2,4747,PC5E524A1,4A1,PTC V
1168,2021-07-30 05:58:42,5253540,TRUCK,4,4200,PCBA86754,754,PTP V
1169,2021-08-01 00:59:43,7235655,TRUCK,4,4788,PC00AE965,965,PTE V
1170,2021-08-13 14:44:41,1244322,TRUCK,4,4830,PC12EEFE0,FE0,PTE V
1171,2021-08-14 08:48:26,2579754,CAR,2,4090,PC1EE951B,51B,PTC V
1172,2021-08-16 18:09:33,5815803,VAN,2,4122,PC8ED616E,16E,PTE V
1173,2021-08-14 08:49:48,7081610,TRUCK,4,4941,PCA6403C1,3C1,PTE V
1174,2021-07-31 02:34:21,9404176,CAR,2,4417,PC208F9BB,9BB,PTE V
1175,2021-08-03 23:16:53,4691120,TRUCK,4,4567,PC2C5C1F3,1F3,PTE V
1176,2021-08-05 10:29:06,272210,CAR,2,4968,PC251D4C1,4C1,PTE V
1177,2021-08-19 05:46:19,5593523,TRUCK,4,4157,PC7305E43,E43,PTP V
1178,2021-07-30 19:44:09,7851360,CAR,2,4119,PC9EBEDB5,DB5,PTC V
1179,2021-08-09 05:27:36,6394082,CAR,2,4452,PC8C7C5D7,5D7,PTC V
1180,2021-08-14 06:52:10,5348872,CAR,2,4799,PCC3A370A,70A,PTC V
1181,2021-08-08 01:57:43,1158796,CAR,2,4754,PC99AE725,725,PTP V
1182,2021-07-30 03:39:52,6438470,CAR,2,4310,PCC08F8BB,8BB,PTP V
1183,2021-08-07 07:21:06,9551891,TRUCK,4,4086,PC23E470D,70D,PTE V
1184,2021-07-30 18:08:07,5991590,CAR,2,4454,PC94C0945,945,PTC V
1185,2021-08-06 03:35:18,4948208,CAR,2,4602,PC0D3474E,74E,PTC V
1186,2021-08-05 05:20:38,647473,CAR,2,4367,PC8D90EF0,EF0,PTP V
1187,2021-08-03 23:02:51,282728,CAR,2,4745,PC6397888,888,PTP V
1188,2021-08-19 23:30:32,5617797,CAR,2,4078,PC8473A64,A64,PTE V
1189,2021-08-04 15:55:09,5130212,TRUCK,4,4914,PC2F353E1,3E1,PTP V
1190,2021-08-05 12:10:09,9214172,TRUCK,4,4068,PC55432DA,2DA,PTP V
1191,2021-08-13 07:29:35,3577879,CAR,2,4924,PCE3427C5,7C5,PTE V
1192,2021-08-18 16:37:10,533972,TRUCK,4,4028,PCE75C5C8,5C8,PTP V
1193,2021-08-09 03:44:22,2701086,VAN,2,4905,PCE1EA438,438,PTP V
1194,2021-08-12 20:24:16,1451394,TRUCK,4,4094,PC53A52CB,2CB,PTP V
1195,2021-08-07 02:07:44,2115064,CAR,2,4737,PCED7EAFE,AFE,PTE V
1196,2021-08-08 16:13:49,7080650,CAR,2,4922,PC785D63F,63F,PTC V
1197,2021-08-11 12:47:31,5315040,TRUCK,4,4377,PC4AC8EAD,EAD,PTP V
1198,2021-08-04 09:58:41,774206,CAR,2,4751,PCD33B3C9,3C9,PTE V
1199,2021-08-14 21:34:04,5251937,CAR,2,4724,PC3DE08BF,8BF,PTP V
1200,2021-08-16 18:21:57,3527462,CAR,2,4451,PCF95BF53,F53,PTC V
1201,2021-08-20 04:46:32,3915562,TRUCK,4,4788,PC00AE965,965,PTE V
1202,2021-08-19 18:34:04,1787440,CAR,2,4999,PCE976BA1,BA1,PTC V
1203,2021-08-14 22:43:37,6000059,TRUCK,4,4580,PC48664B7,4B7,PTC V
1204,2021-08-15 15:17:40,6488906,TRUCK,4,4737,PCED7EAFE,AFE,PTE V
1205,2021-08-09 17:42:28,4199888,CAR,2,4109,PC7057B6A,B6A,PTP V
1206,2021-08-20 08:00:48,4478840,VAN,2,4334,PCCB383F8,3F8,PTP V
1207,2021-07-30 01:57:02,2258939,CAR,2,4757,PC126524C,24C,PTC V
1208,2021-08-14 21:20:12,4801042,CAR,2,4430,PC52EA95D,95D,PTC V
1209,2021-08-19 10:00:31,9049206,CAR,2,4595,PC64281F6,1F6,PTE V
1210,2021-07-31 03:47:45,5186136,TRUCK,4,4654,PCBA5D8AB,8AB,PTC V
1211,2021-07-31 05:58:13,7895196,TRUCK,4,4690,PC45CC19A,19A,PTC V
1212,2021-08-17 20:59:55,519861,CAR,2,4618,PC8F4AF85,F85,PTP V
1213,2021-08-22 14:31:48,1612135,CAR,2,4902,PC425C6EC,6EC,PTC V
1214,2021-08-19 16:21:13,66070,TRUCK,4,4189,PC7655FC1,FC1,PTE V
1215,2021-08-03 14:15:30,1824791,CAR,2,4268,PC6CC51DA,1DA,PTP V
1216,2021-08-07 22:45:18,9968192,CAR,2,4930,PC22F748B,48B,PTP V
1217,2021-08-10 16:42:23,4576199,VAN,2,4330,PCBD023A3,3A3,PTE V
1218,2021-08-12 17:43:42,7512362,CAR,2,4562,PC4C95CA2,CA2,PTP V
1219,2021-08-06 09:22:14,8494664,VAN,2,4177,PC9194382,382,PTC V
1220,2021-08-08 09:17:03,4014284,TRUCK,4,4777,PCB1132AC,2AC,PTE V
1221,2021-08-21 17:38:58,2800193,TRUCK,4,4706,PCD8D5094,094,PTC V
1222,2021-08-04 19:37:13,1767737,CAR,2,4003,PC83F544D,44D,PTP V
1223,2021-08-08 10:10:00,3318987,TRUCK,4,4942,PCD51A740,740,PTP V
1224,2021-08-18 18:25:01,1968422,VAN,2,4434,PCA491459,459,PTE V
1225,2021-08-03 19:23:27,2667063,CAR,2,4676,PC9798721,721,PTE V
1226,2021-08-02 05:46:22,4836341,CAR,2,4584,PC1085B78,B78,PTP V
1227,2021-07-31 19:52:52,8589978,CAR,2,4145,PC5FBE4B8,4B8,PTP V
1228,2021-08-06 20:58:43,9866540,CAR,2,4877,PC155D90A,90A,PTP V
1229,2021-08-09 21:37:14,1036367,TRUCK,4,4653,PC1CE4935,935,PTP V
1230,2021-07-30 02:11:37,7919663,CAR,2,4320,PC40C93B0,3B0,PTP V
1231,2021-08-04 20:01:01,7169927,CAR,2,4652,PC74A3585,585,PTP V
1232,2021-08-06 14:20:42,8729449,TRUCK,4,4892,PC7AA5B2F,B2F,PTE V
1233,2021-07-29 16:51:18,537047,CAR,2,4381,PC9DD9DCD,DCD,PTC V
1234,2021-08-22 09:23:43,5140704,CAR,2,4283,PC953B572,572,PTP V
1235,2021-08-22 11:51:04,1557166,CAR,2,4475,PCCC0D001,001,PTP V
1236,2021-08-21 15:56:16,24788,CAR,2,4548,PC4486317,317,PTP V
1237,2021-07-29 12:47:40,6490383,CAR,2,4226,PCDC5C9E2,9E2,PTP V
1238,2021-08-17 02:11:34,7620919,TRUCK,4,4114,PC4CD2B81,B81,PTE V
1239,2021-08-08 21:07:14,1739602,CAR,2,4657,PCC591410,410,PTC V
1240,2021-08-18 19:52:35,6582414,CAR,2,4772,PC7368097,097,PTP V
1241,2021-08-15 11:59:56,7269886,CAR,2,4348,PCD66314D,14D,PTE V
1242,2021-08-03 03:46:50,377093,CAR,2,4057,PC4B0DCD2,CD2,PTP V
1243,2021-08-06 22:04:19,3914663,TRUCK,4,4874,PC9F481D4,1D4,PTE V
1244,2021-08-01 19:38:18,278357,CAR,2,4325,PC8FC83B3,3B3,PTE V
1245,2021-08-14 23:04:50,4663158,CAR,2,4140,PC5D4821F,21F,PTC V
1246,2021-08-17 15:55:54,4004280,CAR,2,4666,PCE8CBA37,A37,PTE V
1247,2021-08-14 00:31:14,7029796,CAR,2,4989,PC7D7AE48,E48,PTP V
1248,2021-08-16 08:15:36,1867962,CAR,2,4317,PC0DC6CAB,CAB,PTC V
1249,2021-08-03 02:49:13,5991686,CAR,2,4843,PC400DFFE,FFE,PTC V
1250,2021-08-18 05:57:05,5950731,CAR,2,4462,PCE29AA1A,A1A,PTC V
1251,2021-08-10 20:05:50,538599,TRUCK,4,4769,PC10C50DC,0DC,PTE V
1252,2021-08-05 08:11:14,1236763,TRUCK,4,4900,PCFE8B604,604,PTC V
1253,2021-08-11 17:40:42,5782054,VAN,2,4902,PC425C6EC,6EC,PTE V
1254,2021-08-04 18:35:49,5603090,CAR,2,4177,PC9194382,382,PTP V
1255,2021-08-14 19:52:04,9149240,VAN,2,4656,PC63844BC,4BC,PTP V
1256,2021-07-30 05:47:44,5614090,CAR,2,4268,PC6CC51DA,1DA,PTP V
1257,2021-08-10 04:37:11,2540055,CAR,2,4548,PC4486317,317,PTE V
1258,2021-08-03 17:51:34,3897475,TRUCK,4,4175,PC08EA270,270,PTP V
1259,2021-07-30 23:38:10,6086101,VAN,2,4690,PC45CC19A,19A,PTP V
1260,2021-08-19 06:45:13,7114964,CAR,2,4000,PC69C7DF3,DF3,PTP V
1261,2021-08-06 15:38:16,8448126,VAN,2,4907,PCCEEF65A,65A,PTC V
1262,2021-08-22 08:27:33,1716365,CAR,2,4756,PC8AEC6E8,6E8,PTE V
1263,2021-08-21 12:35:00,7244235,TRUCK,4,4188,PCDB12C82,C82,PTP V
1264,2021-07-31 17:12:23,2473100,VAN,2,4200,PCBA86754,754,PTC V
1265,2021-08-13 05:42:02,2288753,CAR,2,4055,PCA06B2F1,2F1,PTE V
1266,2021-08-16 23:23:51,4020376,CAR,2,4372,PC1E0F3B6,3B6,PTE V
1267,2021-08-13 15:08:31,6581973,VAN,2,4802,PCBDD55F1,5F1,PTC V
1268,2021-08-09 09:06:46,5663851,TRUCK,4,4065,PC3B514E2,4E2,PTE V
1269,2021-08-17 11:03:26,9308808,TRUCK,4,4613,PCEBBFFB5,FB5,PTC V
1270,2021-08-08 11:02:19,6775483,TRUCK,4,4694,PCBCF42C2,2C2,PTC V
1271,2021-08-15 06:23:36,5170181,CAR,2,4615,PC1ECBA39,A39,PTE V
1272,2021-08-16 23:16:26,4351033,VAN,2,4089,PC3CCA187,187,PTP V
1273,2021-08-05 04:38:47,1377308,CAR,2,4428,PCB616FAD,FAD,PTE V
1274,2021-08-06 21:08:36,5061337,TRUCK,4,4729,PC5170BF4,BF4,PTE V
1275,2021-08-20 18:36:52,6961654,CAR,2,4662,PCB2463CF,3CF,PTC V
1276,2021-08-06 21:34:58,4404364,CAR,2,4302,PCBA83119,119,PTP V
1277,2021-08-03 16:05:51,81230,CAR,2,4122,PC8ED616E,16E,PTP V
1278,2021-08-02 11:04:42,6993501,CAR,2,4737,PCED7EAFE,AFE,PTC V
1279,2021-08-12 04:28:23,9311011,TRUCK,4,4565,PC388BB83,B83,PTP V
1280,2021-08-22 16:17:06,5787569,CAR,2,4852,PC68969FB,9FB,PTP V
1281,2021-08-03 08:29:39,2164161,CAR,2,4776,PC6906524,524,PTC V
1282,2021-08-02 19:22:04,6071867,VAN,2,4168,PCBC064F8,4F8,PTC V
1283,2021-08-09 21:27:44,1517958,CAR,2,4282,PCCE002E5,2E5,PTE V
1284,2021-08-04 04:48:01,1928477,CAR,2,4239,PCA185B1A,B1A,PTE V
1285,2021-08-09 08:59:06,4492318,CAR,2,4705,PC174C464,464,PTE V
1286,2021-08-16 03:43:49,4079309,VAN,2,4832,PC34ECAB5,AB5,PTE V
1287,2021-08-07 07:15:33,5303224,CAR,2,4486,PC3AF69A3,9A3,PTC V
1288,2021-08-06 18:21:25,7794336,CAR,2,4575,PC84D9FC1,FC1,PTP V
1289,2021-08-15 00:12:03,4001810,CAR,2,4307,PC87D90FE,0FE,PTP V
1290,2021-08-04 00:46:39,3274052,CAR,2,4246,PC95F5F6B,F6B,PTE V
1291,2021-07-30 05:07:05,7292341,CAR,2,4836,PCE78024A,24A,PTP V
1292,2021-08-06 15:24:49,4992546,TRUCK,4,4697,PCFDB2BA6,BA6,PTC V
1293,2021-08-22 16:29:04,1285993,CAR,2,4206,PCAC34A40,A40,PTP V
1294,2021-07-30 01:57:57,3756624,CAR,2,4589,PC1477DC9,DC9,PTC V
1295,2021-08-22 02:15:40,7800211,CAR,2,4426,PCC0E943C,43C,PTC V
1296,2021-08-04 08:40:07,7303824,VAN,2,4829,PCEC030F2,0F2,PTC V
1297,2021-07-30 01:37:39,7681906,CAR,2,4751,PCD33B3C9,3C9,PTE V
1298,2021-08-12 23:38:07,2735881,TRUCK,4,4946,PCCF18BAF,BAF,PTP V
1299,2021-08-21 06:00:26,7775003,CAR,2,4397,PCB070250,250,PTE V
1300,2021-08-02 17:42:01,1384315,CAR,2,4407,PC7FEC2CE,2CE,PTP V
1301,2021-08-15 12:01:25,8930712,TRUCK,4,4421,PCED2DB6F,B6F,PTC V
1302,2021-08-20 14:54:53,2282633,CAR,2,4963,PC704EF75,F75,PTP V
1303,2021-07-31 17:12:11,2007749,TRUCK,4,4375,PCAE085FE,5FE,PTP V
1304,2021-08-16 10:00:49,3795894,VAN,2,4432,PC4CBEFF5,FF5,PTC V
1305,2021-08-15 16:26:30,6965150,CAR,2,4076,PC47B8825,825,PTE V
1306,2021-08-10 06:25:19,5899849,CAR,2,4931,PC3D30AD0,AD0,PTE V
1307,2021-08-17 12:28:38,1236981,CAR,2,4400,PC3BD7D63,D63,PTC V
1308,2021-08-02 01:24:51,1000716,TRUCK,4,4348,PCD66314D,14D,PTC V
1309,2021-08-06 18:10:53,3881738,VAN,2,4051,PC3B970F2,0F2,PTE V
1310,2021-08-08 16:29:08,5045369,TRUCK,4,4223,PCA37D114,114,PTC V
1311,2021-08-19 14:24:15,562710,CAR,2,4852,PC68969FB,9FB,PTP V
1312,2021-08-08 07:39:20,1465091,VAN,2,4213,PCDD316EB,6EB,PTC V
1313,2021-08-21 15:23:04,3172352,TRUCK,4,4622,PCF31BD97,D97,PTP V
1314,2021-08-14 02:18:57,3410202,CAR,2,4859,PC685B3B1,3B1,PTE V
1315,2021-08-12 02:43:48,5593166,CAR,2,4159,PC5631507,507,PTP V
1316,2021-08-20 10:03:42,8483064,CAR,2,4953,PC1E2B07E,07E,PTP V
1317,2021-08-08 22:52:10,151646,VAN,2,4415,PC5E202FC,2FC,PTC V
1318,2021-08-02 23:23:43,3997556,VAN,2,4694,PCBCF42C2,2C2,PTE V
1319,2021-08-06 16:56:27,356818,CAR,2,4159,PC5631507,507,PTC V
1320,2021-08-01 08:23:29,1660507,VAN,2,4184,PC43A5E42,E42,PTC V
1321,2021-07-31 03:29:23,6887486,TRUCK,4,4018,PCCB2657A,57A,PTP V
1322,2021-07-31 12:38:49,5628487,CAR,2,4989,PC7D7AE48,E48,PTP V
1323,2021-08-12 04:26:47,8885968,TRUCK,4,4548,PC4486317,317,PTC V
1324,2021-08-22 10:32:11,913050,CAR,2,4081,PCC825DB2,DB2,PTC V
1325,2021-08-08 00:03:03,3417801,TRUCK,4,4312,PC8D40B22,B22,PTC V
1326,2021-08-20 17:05:15,6583571,CAR,2,4131,PC4C9B108,108,PTE V
1327,2021-08-18 12:50:08,5863632,TRUCK,4,4753,PC6AA246E,46E,PTE V
1328,2021-08-22 11:10:49,4650183,CAR,2,4617,PC7758F89,F89,PTC V
1329,2021-08-19 00:43:15,8656183,CAR,2,4628,PC34C1DCB,DCB,PTC V
1330,2021-08-07 05:41:14,9830299,CAR,2,4026,PC2CE9851,851,PTE V
1331,2021-08-14 16:40:13,6015946,CAR,2,4624,PCDF73A3C,A3C,PTP V
1332,2021-08-05 01:54:04,7971537,CAR,2,4565,PC388BB83,B83,PTP V
1333,2021-08-13 10:20:30,6867561,CAR,2,4389,PC7688C61,C61,PTE V
1334,2021-08-18 10:11:28,9015044,CAR,2,4017,PCC090C3A,C3A,PTC V
1335,2021-08-19 11:14:52,826519,CAR,2,4354,PC0671DD4,DD4,PTP V
1336,2021-07-31 13:01:05,1663453,CAR,2,4837,PCA10FFA0,FA0,PTE V
1337,2021-08-17 15:52:50,7731666,CAR,2,4274,PC88EA64E,64E,PTE V
1338,2021-08-10 09:33:19,8457561,CAR,2,4594,PC59414DA,4DA,PTE V
1339,2021-07-31 03:58:44,2155105,CAR,2,4084,PC71D433F,33F,PTP V
1340,2021-08-20 23:46:24,3644403,TRUCK,4,4172,PC1A43FB7,FB7,PTE V
1341,2021-08-14 19:53:42,4623284,CAR,2,4845,PCEEC0DB3,DB3,PTP V
1342,2021-08-12 12:37:22,778057,TRUCK,4,4340,PC3A6DBC9,BC9,PTC V
1343,2021-07-29 18:43:20,2891384,CAR,2,4007,PCDF9F773,773,PTP V
1344,2021-08-19 18:51:16,8352474,CAR,2,4850,PC4061987,987,PTE V
1345,2021-08-22 15:39:36,3480730,CAR,2,4827,PC7D68CD9,CD9,PTC V
1346,2021-08-09 22:08:59,7682247,CAR,2,4965,PCA0BAE0F,E0F,PTE V
1347,2021-08-09 01:50:28,2159613,TRUCK,4,4151,PC0AB2B55,B55,PTE V
1348,2021-08-04 01:13:05,3281936,TRUCK,4,4401,PC0606D6A,D6A,PTP V
1349,2021-08-13 12:19:49,9037431,CAR,2,4078,PC8473A64,A64,PTC V
1350,2021-08-13 21:59:53,3967088,CAR,2,4384,PC59A33DE,3DE,PTC V
1351,2021-08-10 05:36:09,7867773,TRUCK,4,4079,PCF1366ED,6ED,PTP V
1352,2021-08-12 22:05:07,6679118,CAR,2,4264,PC9DFEBB0,BB0,PTE V
1353,2021-08-02 02:00:58,2706844,CAR,2,4425,PC41B834E,34E,PTE V
1354,2021-08-11 04:03:14,5538295,CAR,2,4993,PC0F0AB4E,B4E,PTC V
1355,2021-08-11 10:50:55,2953292,VAN,2,4980,PCBD5C822,822,PTE V
1356,2021-08-11 11:49:09,6507493,CAR,2,4686,PCD6E5E77,E77,PTE V
1357,2021-08-18 20:02:08,5167332,CAR,2,4010,PC3A7AACB,ACB,PTE V
1358,2021-07-29 21:21:29,6667469,CAR,2,4163,PC95B4E03,E03,PTP V
1359,2021-08-14 08:28:23,4470411,CAR,2,4243,PCC4F7DCE,DCE,PTC V
1360,2021-08-13 15:30:38,5163121,CAR,2,4717,PC44877F1,7F1,PTC V
1361,2021-08-12 02:55:50,1449411,CAR,2,4458,PCECEBBFA,BFA,PTE V
1362,2021-08-08 11:39:04,2251248,VAN,2,4609,PC1551C8E,C8E,PTC V
1363,2021-08-13 06:37:13,9371578,VAN,2,4842,PC16F5A24,A24,PTC V
1364,2021-07-30 19:03:45,6025003,CAR,2,4411,PC3AA93E6,3E6,PTC V
1365,2021-08-05 08:05:34,4684544,CAR,2,4152,PCF6F4CA1,CA1,PTP V
1366,2021-08-06 03:22:54,4874322,CAR,2,4639,PC879E7AB,7AB,PTC V
1367,2021-08-11 00:25:19,6201683,VAN,2,4614,PC08910B7,0B7,PTC V
1368,2021-08-03 04:12:49,8214342,CAR,2,4691,PCFAB001F,01F,PTE V
1369,2021-08-13 00:14:40,1168144,TRUCK,4,4251,PCB30E45F,45F,PTP V
1370,2021-08-12 22:39:34,9448348,CAR,2,4314,PC7E9E8F3,8F3,PTE V
1371,2021-08-22 00:36:19,9843003,CAR,2,5005,PC408264D,64D,PTE V
1372,2021-08-22 12:15:49,8081648,VAN,2,4686,PCD6E5E77,E77,PTP V
1373,2021-08-19 03:02:49,7787498,CAR,2,4771,PC71FE98A,98A,PTE V
1374,2021-08-11 15:36:16,5391150,CAR,2,4385,PC148C815,815,PTC V
1375,2021-08-07 21:31:55,4781506,TRUCK,4,4529,PC3FAA264,264,PTC V
1376,2021-08-09 04:35:44,6275487,CAR,2,4573,PC4D8469D,69D,PTE V
1377,2021-07-30 02:45:21,9717731,TRUCK,4,4426,PCC0E943C,43C,PTE V
1378,2021-08-17 18:10:55,9308938,TRUCK,4,4095,PC3E1512A,12A,PTE V
1379,2021-08-07 11:26:06,5612851,CAR,2,4071,PCDBBCB68,B68,PTE V
1380,2021-08-06 07:10:14,6236454,CAR,2,4562,PC4C95CA2,CA2,PTP V
1381,2021-08-03 20:33:09,3570153,TRUCK,4,4812,PC22D9C6D,C6D,PTP V
1382,2021-08-20 04:54:48,6642586,VAN,2,4035,PC1B1D964,964,PTC V
1383,2021-07-31 01:11:15,2176411,TRUCK,4,4001,PC58105BF,5BF,PTC V
1384,2021-08-06 11:52:49,9747930,TRUCK,4,4871,PC397AFA3,FA3,PTE V
1385,2021-08-05 04:08:04,1281989,TRUCK,4,4861,PC670F1AC,1AC,PTE V
1386,2021-08-02 18:03:47,7159775,CAR,2,4389,PC7688C61,C61,PTP V
1387,2021-08-14 21:03:24,2201435,CAR,2,4015,PC524833E,33E,PTP V
1388,2021-08-18 06:52:08,7773660,CAR,2,4065,PC3B514E2,4E2,PTE V
1389,2021-08-13 01:56:17,3301960,TRUCK,4,4667,PCD540B2F,B2F,PTE V
1390,2021-08-05 08:33:25,2771393,CAR,2,4465,PCA227C6B,C6B,PTE V
1391,2021-08-13 22:04:09,9581825,TRUCK,4,4658,PC1A58039,039,PTE V
1392,2021-08-15 23:12:09,530816,TRUCK,4,4464,PC7C8FDDB,DDB,PTP V
1393,2021-08-12 04:56:44,7480567,CAR,2,4758,PCCE12794,794,PTC V
1394,2021-08-09 13:08:41,7306837,CAR,2,4222,PC15EC378,378,PTP V
1395,2021-08-16 00:26:03,7094275,VAN,2,4616,PCE6675F9,5F9,PTC V
1396,2021-08-03 01:26:00,6385842,CAR,2,4736,PC6A65941,941,PTC V
1397,2021-08-22 18:24:05,8653650,TRUCK,4,4262,PCCB12F8C,F8C,PTE V
1398,2021-08-12 07:03:52,7468873,CAR,2,4320,PC40C93B0,3B0,PTE V
1399,2021-08-03 14:58:16,589777,CAR,2,4912,PC526B1EC,1EC,PTE V
1400,2021-08-03 03:47:44,1879939,CAR,2,4108,PC7C55512,512,PTC V
1401,2021-08-22 11:53:24,7669311,CAR,2,4774,PCEBE834B,34B,PTE V
1402,2021-08-02 18:28:36,658325,CAR,2,4902,PC425C6EC,6EC,PTE V
1403,2021-08-19 10:32:24,8452831,CAR,2,4951,PCE9CE23F,23F,PTE V
1404,2021-08-11 00:06:50,6198399,VAN,2,4587,PC576A3BA,3BA,PTC V
1405,2021-07-30 03:51:09,4305906,CAR,2,4748,PCF2ECD29,D29,PTC V
1406,2021-08-04 17:08:36,4797893,CAR,2,4812,PC22D9C6D,C6D,PTE V
1407,2021-08-22 11:00:38,4139507,CAR,2,4263,PCD6DBA1D,A1D,PTP V
1408,2021-08-07 02:29:56,3600917,TRUCK,4,4895,PC37F171A,71A,PTE V
1409,2021-08-06 06:45:11,1346174,TRUCK,4,4229,PCD0DDD3D,D3D,PTC V
1410,2021-08-09 14:51:24,1404636,CAR,2,4291,PCD411AEF,AEF,PTE V
1411,2021-08-21 12:22:58,1249576,CAR,2,4484,PCEF56843,843,PTC V
1412,2021-08-07 19:20:07,6899200,TRUCK,4,4219,PC40E6113,113,PTP V
1413,2021-08-12 11:51:00,9016178,CAR,2,4656,PC63844BC,4BC,PTC V
1414,2021-08-12 06:53:56,3274361,CAR,2,4092,PC40C2E00,E00,PTE V
1415,2021-08-20 05:04:18,6184084,CAR,2,4100,PCC6DD8D5,8D5,PTC V
1416,2021-07-30 23:50:38,352802,CAR,2,4261,PC84FFC9D,C9D,PTP V
1417,2021-07-31 21:15:07,1811060,CAR,2,4241,PC7241796,796,PTE V
1418,2021-08-15 23:14:53,9287578,TRUCK,4,4014,PCF14D1E3,1E3,PTC V
1419,2021-08-04 15:09:47,4656162,CAR,2,4681,PCBEB4D23,D23,PTE V
1420,2021-08-07 16:16:39,8825255,CAR,2,4390,PC983A913,913,PTP V
1421,2021-08-09 04:20:51,9372788,CAR,2,4012,PCEF5C190,190,PTE V
1422,2021-08-01 23:30:54,1830106,CAR,2,4690,PC45CC19A,19A,PTC V
1423,2021-08-13 14:48:38,6607209,CAR,2,4940,PC8AB18BE,8BE,PTP V
1424,2021-08-19 16:54:46,3494606,TRUCK,4,4511,PCFBEFA9E,A9E,PTC V
1425,2021-08-06 09:14:04,7956850,TRUCK,4,4994,PC09C5F59,F59,PTE V
1426,2021-08-22 07:57:49,571877,TRUCK,4,4351,PC4E572D8,2D8,PTP V
1427,2021-08-16 03:45:54,4831891,VAN,2,4394,PCD3A817A,17A,PTC V
1428,2021-08-17 03:29:03,4291730,CAR,2,4442,PC05C2F86,F86,PTC V
1429,2021-07-31 10:57:53,5034853,CAR,2,4542,PC3E57E3D,E3D,PTC V
1430,2021-08-10 08:11:38,4663051,CAR,2,4523,PC0005AC7,AC7,PTP V
1431,2021-07-31 21:23:09,5380351,CAR,2,4081,PCC825DB2,DB2,PTE V
1432,2021-07-31 13:20:38,5408416,CAR,2,4639,PC879E7AB,7AB,PTP V
1433,2021-08-02 06:06:52,8528787,CAR,2,4274,PC88EA64E,64E,PTE V
1434,2021-08-05 08:57:56,3166678,CAR,2,4195,PC308070B,70B,PTE V
1435,2021-08-17 03:48:00,6862913,VAN,2,4075,PC2125618,618,PTC V
1436,2021-08-18 16:05:45,923528,CAR,2,4814,PCAFD913A,13A,PTP V
1437,2021-07-31 04:30:35,2275040,CAR,2,4905,PCE1EA438,438,PTC V
1438,2021-08-12 09:34:08,8802321,TRUCK,4,4273,PC0EF5BA6,BA6,PTP V
1439,2021-07-31 05:59:36,6244386,CAR,2,4362,PC670999C,99C,PTP V
1440,2021-08-05 21:42:16,7478563,CAR,2,4611,PC2EBEAB9,AB9,PTE V
1441,2021-08-21 15:15:28,9715868,VAN,2,4352,PC99B9343,343,PTE V
1442,2021-08-12 13:56:35,5226868,TRUCK,4,4035,PC1B1D964,964,PTE V
1443,2021-08-05 20:30:12,1775884,CAR,2,4734,PCE4C5D8E,D8E,PTP V
1444,2021-08-19 23:13:19,3549914,TRUCK,4,4105,PC43919D1,9D1,PTC V
1445,2021-08-03 21:26:44,6353407,CAR,2,4361,PC2E0C888,888,PTC V
1446,2021-08-15 16:39:12,6475766,VAN,2,4450,PC0B2B03E,03E,PTE V
1447,2021-08-14 19:53:18,9666365,TRUCK,4,4694,PCBCF42C2,2C2,PTE V
1448,2021-08-16 23:57:33,5407288,CAR,2,4714,PC9B747F8,7F8,PTC V
1449,2021-08-14 19:28:19,3623843,CAR,2,4246,PC95F5F6B,F6B,PTE V
1450,2021-08-17 21:10:10,8553811,CAR,2,4480,PC9A343F9,3F9,PTP V
1451,2021-08-03 13:35:07,6285636,CAR,2,4916,PC62AF885,885,PTC V
1452,2021-08-22 04:28:13,5807651,CAR,2,4880,PC5A27CDE,CDE,PTE V
1453,2021-08-02 02:07:47,6172986,CAR,2,4773,PCE62BBA9,BA9,PTP V
1454,2021-08-01 06:54:17,921691,CAR,2,4013,PCE5BA2CE,2CE,PTE V
1455,2021-08-11 09:45:22,8909634,CAR,2,4970,PCA154C84,C84,PTP V
1456,2021-08-19 18:12:18,6814914,TRUCK,4,4015,PC524833E,33E,PTE V
1457,2021-08-17 20:31:32,128180,TRUCK,4,4420,PCFDB2950,950,PTP V
1458,2021-08-02 16:38:19,6327269,CAR,2,4310,PCC08F8BB,8BB,PTE V
1459,2021-07-30 14:00:03,6868159,VAN,2,4128,PCC0E7E2A,E2A,PTC V
1460,2021-08-15 19:24:33,5585220,CAR,2,4253,PC82A16E6,6E6,PTE V
1461,2021-08-02 15:18:28,5415555,CAR,2,4538,PCDE5402C,02C,PTE V
1462,2021-08-03 22:35:39,2446899,CAR,2,5006,PC7A260F1,0F1,PTC V
1463,2021-08-01 13:24:24,7638296,TRUCK,4,4146,PCF91266E,66E,PTE V
1464,2021-08-18 19:57:12,3794813,TRUCK,4,4443,PCC139BD8,BD8,PTP V
1465,2021-07-31 04:04:50,9334279,CAR,2,4482,PCB6A16D7,6D7,PTE V
1466,2021-08-09 01:54:09,8678433,CAR,2,4486,PC3AF69A3,9A3,PTP V
1467,2021-08-18 06:26:36,2639079,CAR,2,4370,PC70B7987,987,PTE V
1468,2021-08-08 16:52:46,9265662,CAR,2,4155,PC9042B3F,B3F,PTP V
1469,2021-07-31 11:43:43,4725272,CAR,2,4591,PCC9875AC,5AC,PTC V
1470,2021-08-04 20:05:01,1886903,TRUCK,4,4445,PC796A888,888,PTC V
1471,2021-07-31 13:14:01,9484059,VAN,2,4584,PC1085B78,B78,PTP V
1472,2021-08-01 04:59:07,555303,CAR,2,4315,PC6E0962A,62A,PTE V
1473,2021-08-06 14:28:48,1523355,CAR,2,4636,PCDECFC74,C74,PTP V
1474,2021-08-18 03:37:03,659475,CAR,2,4660,PCB86D2E1,2E1,PTE V
1475,2021-08-03 14:16:20,9203549,CAR,2,4124,PC3338D42,D42,PTP V
1476,2021-08-15 15:20:20,4301934,CAR,2,4698,PC8BCEB19,B19,PTP V
1477,2021-08-14 09:34:59,9488098,TRUCK,4,4178,PC8417B09,B09,PTC V
1478,2021-08-07 02:57:09,362161,CAR,2,4056,PC9FBBA67,A67,PTE V
1479,2021-08-20 18:02:54,4420855,VAN,2,4314,PC7E9E8F3,8F3,PTC V
1480,2021-07-31 17:48:27,5706224,TRUCK,4,4652,PC74A3585,585,PTE V
1481,2021-08-14 18:31:03,312006,CAR,2,4575,PC84D9FC1,FC1,PTP V
1482,2021-08-09 20:52:16,4199076,CAR,2,4816,PCB500A9F,A9F,PTP V
1483,2021-08-03 15:39:44,5825432,TRUCK,4,4950,PC4F71E72,E72,PTP V
1484,2021-08-17 02:09:23,581396,VAN,2,4469,PC120EEFD,EFD,PTC V
1485,2021-07-30 06:51:38,6679116,CAR,2,4102,PC8C9B099,099,PTP V
1486,2021-08-18 21:56:39,9752611,TRUCK,4,4426,PCC0E943C,43C,PTE V
1487,2021-08-07 05:44:33,5800348,CAR,2,4268,PC6CC51DA,1DA,PTP V
1488,2021-08-12 04:34:34,5847151,VAN,2,4562,PC4C95CA2,CA2,PTC V
1489,2021-08-22 10:33:57,8313701,CAR,2,4023,PC77793DF,3DF,PTP V
1490,2021-08-20 07:51:16,6473623,VAN,2,4891,PC57036DA,6DA,PTE V
1491,2021-08-19 04:08:06,8005415,TRUCK,4,4956,PCB7040B7,0B7,PTC V
1492,2021-08-02 11:43:23,5453800,CAR,2,4550,PC21A1833,833,PTP V
1493,2021-07-31 18:04:21,3191180,CAR,2,4687,PC52E7369,369,PTC V
1494,2021-08-17 20:36:10,2353239,CAR,2,4050,PC822E359,359,PTC V
1495,2021-08-13 15:10:37,450825,TRUCK,4,4054,PC7E79FA0,FA0,PTE V
1496,2021-08-16 18:05:06,1280096,CAR,2,4623,PCAA67227,227,PTE V
1497,2021-08-03 03:51:53,2741277,CAR,2,4506,PCB24B68E,68E,PTC V
1498,2021-08-03 06:48:38,2351162,VAN,2,4478,PCB02917E,17E,PTP V
1499,2021-08-13 08:51:00,7863217,TRUCK,4,4296,PCA24C1E1,1E1,PTP V
1500,2021-08-12 08:28:38,1971653,CAR,2,4372,PC1E0F3B6,3B6,PTP V
1501,2021-08-17 02:04:54,859868,CAR,2,4675,PCE49911B,11B,PTP V
1502,2021-07-31 18:22:31,1305420,CAR,2,4244,PC9F3C86B,86B,PTP V
1503,2021-08-06 08:16:04,8367060,CAR,2,4571,PC2308E9E,E9E,PTC V
1504,2021-08-16 06:03:35,7281090,CAR,2,4557,PC6C80A46,A46,PTP V
1505,2021-08-06 18:45:26,7568524,CAR,2,4403,PCCAFA3BB,3BB,PTP V
1506,2021-07-31 20:14:12,2863385,CAR,2,4459,PCD9CAD56,D56,PTP V
1507,2021-08-17 20:34:13,7716119,VAN,2,4772,PC7368097,097,PTC V
1508,2021-08-18 00:40:07,9639766,CAR,2,4405,PC70CA955,955,PTE V
1509,2021-08-14 17:51:32,2543494,TRUCK,4,4391,PCCFD9AB6,AB6,PTC V
1510,2021-08-22 06:25:23,1465474,CAR,2,4186,PC922BA3E,A3E,PTE V
1511,2021-08-16 12:41:22,1566290,CAR,2,4327,PC16F59EC,9EC,PTE V
1512,2021-08-01 00:49:43,4582510,CAR,2,4380,PC905B5D4,5D4,PTC V
1513,2021-07-31 00:49:27,6491183,CAR,2,4575,PC84D9FC1,FC1,PTE V
1514,2021-08-13 22:05:48,8021696,TRUCK,4,4595,PC64281F6,1F6,PTP V
1515,2021-08-21 14:12:46,6183485,CAR,2,4522,PC0A326BE,6BE,PTE V
1516,2021-08-12 13:05:52,9084928,VAN,2,4590,PC912F5CB,5CB,PTP V
1517,2021-07-30 21:35:32,6643152,TRUCK,4,4262,PCCB12F8C,F8C,PTE V
1518,2021-08-07 03:21:05,9751837,CAR,2,4622,PCF31BD97,D97,PTE V
1519,2021-08-01 07:30:40,9655533,CAR,2,4259,PCBB65EF4,EF4,PTP V
1520,2021-08-05 15:33:09,4813472,VAN,2,4131,PC4C9B108,108,PTC V
1521,2021-08-17 17:36:43,6996339,CAR,2,4249,PC6D2FAD0,AD0,PTE V
1522,2021-08-02 10:15:13,7421445,CAR,2,4723,PC20BD6E6,6E6,PTC V
1523,2021-08-03 11:19:45,4204197,TRUCK,4,4789,PCBE8B2AB,2AB,PTE V
1524,2021-08-02 22:41:17,8707749,CAR,2,4975,PC818101A,01A,PTE V
1525,2021-08-13 12:26:42,2213789,CAR,2,4188,PCDB12C82,C82,PTC V
1526,2021-08-12 23:33:10,1937849,CAR,2,4799,PCC3A370A,70A,PTP V
1527,2021-08-11 10:34:27,9827204,CAR,2,4899,PC4967767,767,PTC V
1528,2021-08-12 21:04:30,7109770,VAN,2,4953,PC1E2B07E,07E,PTP V
1529,2021-08-01 17:53:24,2650132,CAR,2,4340,PC3A6DBC9,BC9,PTC V
1530,2021-08-09 13:25:59,9642934,CAR,2,4652,PC74A3585,585,PTP V
1531,2021-08-20 04:43:52,835891,CAR,2,4732,PCD83DE25,E25,PTP V
1532,2021-08-03 01:01:49,3666176,CAR,2,4488,PC19D06B0,6B0,PTE V
1533,2021-07-29 13:01:53,8722712,CAR,2,4228,PC4F78F1B,F1B,PTC V
1534,2021-08-17 19:12:51,4570413,CAR,2,4424,PC51E7EF8,EF8,PTC V
1535,2021-08-07 08:51:21,9995684,CAR,2,4607,PC0885606,606,PTP V
1536,2021-08-14 19:31:13,2020657,CAR,2,4047,PC6D105CF,5CF,PTE V
1537,2021-07-30 10:43:16,9238888,TRUCK,4,4900,PCFE8B604,604,PTE V
1538,2021-07-31 21:12:56,2889489,CAR,2,4124,PC3338D42,D42,PTP V
1539,2021-08-04 15:18:47,318307,CAR,2,4305,PCF4DA5CE,5CE,PTP V
1540,2021-07-31 17:33:38,8701052,TRUCK,4,4378,PC074E6A8,6A8,PTE V
1541,2021-08-20 11:22:39,6437141,CAR,2,4336,PCD30AB50,B50,PTC V
1542,2021-08-11 19:41:52,5656721,CAR,2,4203,PC5295A46,A46,PTE V
1543,2021-08-06 14:30:20,3431025,VAN,2,4567,PC2C5C1F3,1F3,PTE V
1544,2021-08-09 23:27:19,328948,TRUCK,4,4790,PC2387B02,B02,PTE V
1545,2021-08-19 04:39:08,9956692,CAR,2,4517,PC9AF321D,21D,PTC V
1546,2021-08-06 17:10:09,8988961,CAR,2,4583,PC0567192,192,PTE V
1547,2021-08-03 23:02:05,1468614,TRUCK,4,4900,PCFE8B604,604,PTC V
1548,2021-08-07 06:23:00,4781406,CAR,2,4467,PCF5E0389,389,PTC V
1549,2021-07-30 19:23:28,7063145,TRUCK,4,4527,PC59A0CB2,CB2,PTC V
1550,2021-08-16 19:28:30,5040545,CAR,2,5009,PC70886EC,6EC,PTE V
1551,2021-08-08 09:48:30,8278634,CAR,2,4654,PCBA5D8AB,8AB,PTC V
1552,2021-07-31 07:28:47,7010037,VAN,2,4749,PC65C93B7,3B7,PTP V
1553,2021-08-04 23:38:00,9737007,CAR,2,4704,PC47FBB07,B07,PTE V
1554,2021-08-19 08:58:50,655458,TRUCK,4,4238,PCE0A2A2F,A2F,PTE V
1555,2021-08-19 17:41:34,1851682,CAR,2,4198,PCB0994D1,4D1,PTC V
1556,2021-08-04 05:33:34,2909718,CAR,2,4345,PCAC01231,231,PTP V
1557,2021-08-10 00:58:45,6065758,CAR,2,4842,PC16F5A24,A24,PTE V
1558,2021-08-13 15:53:25,2336297,VAN,2,4565,PC388BB83,B83,PTP V
1559,2021-08-16 14:26:37,4098792,CAR,2,4373,PC8806694,694,PTC V
1560,2021-08-03 21:48:21,407554,CAR,2,4005,PCB3DF742,742,PTC V
1561,2021-08-16 04:27:11,2009002,CAR,2,4620,PC43973F9,3F9,PTP V
1562,2021-08-06 06:24:30,2357141,CAR,2,4980,PCBD5C822,822,PTC V
1563,2021-08-18 04:23:23,4731836,CAR,2,4306,PC5D6563A,63A,PTC V
1564,2021-08-14 22:43:39,1210777,CAR,2,4050,PC822E359,359,PTE V
1565,2021-08-03 10:20:58,8731021,CAR,2,4544,PC1893678,678,PTC V
1566,2021-08-16 23:04:49,432438,VAN,2,4077,PCF40C389,389,PTC V
1567,2021-08-20 09:15:37,4998086,CAR,2,4941,PCA6403C1,3C1,PTP V
1568,2021-08-22 08:56:19,891299,CAR,2,4439,PC845CEA6,EA6,PTE V
1569,2021-08-11 18:03:58,6871208,VAN,2,4600,PCB99E8F9,8F9,PTC V
1570,2021-08-09 17:22:41,6886314,CAR,2,4686,PCD6E5E77,E77,PTP V
1571,2021-08-17 23:32:04,8249210,CAR,2,4397,PCB070250,250,PTC V
1572,2021-08-22 08:45:12,4531947,TRUCK,4,4811,PCBF83C7A,C7A,PTE V
1573,2021-08-15 12:37:28,2475613,CAR,2,4905,PCE1EA438,438,PTE V
1574,2021-08-14 01:27:43,3795794,TRUCK,4,4478,PCB02917E,17E,PTC V
1575,2021-08-20 06:53:25,974766,CAR,2,4751,PCD33B3C9,3C9,PTP V
1576,2021-08-17 20:53:17,9447366,CAR,2,4882,PC8616CD8,CD8,PTC V
1577,2021-08-04 04:45:01,9393364,TRUCK,4,4928,PC16E79D4,9D4,PTE V
1578,2021-08-16 03:10:42,8556843,VAN,2,4958,PC8A8976A,76A,PTC V
1579,2021-07-30 09:18:21,9773352,CAR,2,4788,PC00AE965,965,PTP V
1580,2021-07-30 01:11:03,8755956,VAN,2,4025,PC5ABB8E4,8E4,PTC V
1581,2021-08-22 02:51:30,742109,VAN,2,4172,PC1A43FB7,FB7,PTC V
1582,2021-08-15 23:40:45,4887014,CAR,2,4837,PCA10FFA0,FA0,PTE V
1583,2021-08-09 07:26:50,6545154,CAR,2,4200,PCBA86754,754,PTE V
1584,2021-08-17 16:19:26,3117923,CAR,2,4471,PC7E4F42A,42A,PTP V
1585,2021-07-30 19:26:23,8975598,VAN,2,4835,PC4645718,718,PTP V
1586,2021-08-17 12:00:44,3800485,VAN,2,4753,PC6AA246E,46E,PTC V
1587,2021-08-04 23:46:03,1513812,CAR,2,4961,PC92C5115,115,PTC V
1588,2021-08-13 21:39:06,8028222,VAN,2,4708,PC82D2552,552,PTP V
1589,2021-08-19 04:53:44,1167427,VAN,2,4139,PC924C594,594,PTE V
1590,2021-08-03 04:59:21,1334088,VAN,2,4114,PC4CD2B81,B81,PTC V
1591,2021-08-17 21:59:42,1768305,CAR,2,4221,PC90AAFDA,FDA,PTP V
1592,2021-08-12 15:35:35,2989964,TRUCK,4,4027,PCE7A4F34,F34,PTC V
1593,2021-08-07 12:14:16,8416426,CAR,2,4001,PC58105BF,5BF,PTE V
1594,2021-07-30 14:51:28,9939758,CAR,2,4061,PC3A63A79,A79,PTP V
1595,2021-08-18 02:50:59,4838573,CAR,2,4301,PC540E129,129,PTC V
1596,2021-08-18 10:20:45,2695601,TRUCK,4,4825,PC8B8C482,482,PTC V
1597,2021-08-10 07:55:38,9347805,TRUCK,4,4321,PC591BDF7,DF7,PTC V
1598,2021-08-11 22:39:35,4595401,VAN,2,4192,PC74F6341,341,PTP V
1599,2021-08-01 08:44:15,402853,VAN,2,4823,PC89A3BCF,BCF,PTP V
1600,2021-08-05 02:42:00,8944594,TRUCK,4,4738,PC06E9A80,A80,PTP V
1601,2021-08-07 10:02:04,4544746,CAR,2,4421,PCED2DB6F,B6F,PTC V
1602,2021-08-22 06:36:25,6053175,CAR,2,4040,PCB335328,328,PTP V
1603,2021-07-29 22:02:19,6145104,CAR,2,4672,PC03AE86F,86F,PTE V
1604,2021-07-30 12:06:21,1533990,TRUCK,4,4971,PC0BD172F,72F,PTC V
1605,2021-08-16 07:38:57,6177576,CAR,2,4710,PCE17C964,964,PTC V
1606,2021-08-08 11:36:58,8869698,VAN,2,4968,PC251D4C1,4C1,PTC V
1607,2021-08-21 08:33:12,9662043,TRUCK,4,4811,PCBF83C7A,C7A,PTE V
1608,2021-08-19 13:18:11,5452672,CAR,2,4926,PCCBCFEDE,EDE,PTP V
1609,2021-08-12 23:59:41,7763079,CAR,2,4537,PC10C700F,00F,PTP V
1610,2021-08-05 21:25:27,1078933,CAR,2,4934,PC3ED26A2,6A2,PTP V
1611,2021-08-10 17:49:41,8131923,VAN,2,4821,PC67D349A,49A,PTE V
1612,2021-08-09 14:53:14,296672,CAR,2,4976,PC5149039,039,PTE V
1613,2021-08-08 19:42:54,4003127,CAR,2,4518,PCC7B407A,07A,PTP V
1614,2021-08-02 00:21:35,7801156,CAR,2,4033,PC783B5FC,5FC,PTE V
1615,2021-07-29 20:50:39,8924553,VAN,2,4081,PCC825DB2,DB2,PTP V
1616,2021-08-07 03:59:05,4745912,CAR,2,4556,PC18C31F6,1F6,PTC V
1617,2021-08-10 07:46:36,3595136,TRUCK,4,4270,PC8F72158,158,PTE V
1618,2021-08-15 09:27:39,6902318,CAR,2,4723,PC20BD6E6,6E6,PTC V
1619,2021-08-09 01:14:44,491585,VAN,2,4379,PC87C8BC4,BC4,PTE V
1620,2021-08-01 20:48:55,4197006,VAN,2,4916,PC62AF885,885,PTC V
1621,2021-08-05 09:44:21,3868009,VAN,2,4794,PC4E1366E,66E,PTC V
1622,2021-08-12 15:04:08,7408433,CAR,2,4386,PC948D5B2,5B2,PTP V
1623,2021-07-30 10:20:44,8232209,CAR,2,4656,PC63844BC,4BC,PTP V
1624,2021-08-18 11:41:19,7229848,TRUCK,4,4907,PCCEEF65A,65A,PTE V
1625,2021-08-20 15:45:42,5849102,VAN,2,4987,PCF4A9637,637,PTE V
1626,2021-08-01 07:07:46,2896140,TRUCK,4,4051,PC3B970F2,0F2,PTE V
1627,2021-08-16 23:33:14,38074,CAR,2,4131,PC4C9B108,108,PTP V
1628,2021-08-10 14:56:05,7098680,TRUCK,4,4164,PC578D797,797,PTC V
1629,2021-08-03 03:46:19,8391953,TRUCK,4,4899,PC4967767,767,PTE V
1630,2021-08-21 08:08:11,6499117,CAR,2,4609,PC1551C8E,C8E,PTC V
1631,2021-08-11 06:37:18,2381468,TRUCK,4,4187,PCF8D98DC,8DC,PTP V
1632,2021-08-11 20:27:18,8599667,VAN,2,4042,PC5D4DE09,E09,PTC V
1633,2021-08-03 13:08:07,5946337,CAR,2,4158,PCAA68777,777,PTP V
1634,2021-07-30 22:22:56,9191246,CAR,2,4229,PCD0DDD3D,D3D,PTE V
1635,2021-08-22 11:47:28,7470083,CAR,2,4889,PC3547FAD,FAD,PTC V
1636,2021-07-29 19:49:55,130681,CAR,2,4662,PCB2463CF,3CF,PTP V
1637,2021-08-02 12:35:58,2170743,CAR,2,4532,PC8DD921E,21E,PTP V
1638,2021-08-01 02:52:09,6338703,CAR,2,4239,PCA185B1A,B1A,PTP V
1639,2021-08-05 22:24:31,5396462,CAR,2,4842,PC16F5A24,A24,PTC V
1640,2021-08-16 13:34:47,4796968,CAR,2,4866,PC3137434,434,PTE V
1641,2021-08-21 19:01:43,6478296,CAR,2,4370,PC70B7987,987,PTC V
1642,2021-08-12 12:44:06,2822495,TRUCK,4,4911,PCBEF8EE1,EE1,PTE V
1643,2021-08-21 15:05:45,2408133,TRUCK,4,4508,PC385C6E7,6E7,PTE V
1644,2021-08-13 18:02:29,9168796,CAR,2,4838,PCEECD973,973,PTP V
1645,2021-08-21 20:06:09,5387239,CAR,2,4019,PC63FF017,017,PTC V
1646,2021-08-16 03:44:58,6635693,CAR,2,4405,PC70CA955,955,PTC V
1647,2021-08-05 18:35:34,3369430,CAR,2,4679,PC88494D0,4D0,PTC V
1648,2021-08-16 19:55:57,4514868,VAN,2,4812,PC22D9C6D,C6D,PTE V
1649,2021-08-09 02:19:52,5565372,CAR,2,4131,PC4C9B108,108,PTC V
1650,2021-08-21 04:34:44,1417541,CAR,2,4930,PC22F748B,48B,PTC V
1651,2021-08-06 03:43:08,952817,CAR,2,4815,PC19C02F1,2F1,PTP V
1652,2021-08-14 09:47:52,3582019,VAN,2,4171,PC36C9AE8,AE8,PTE V
1653,2021-08-06 05:53:41,2530612,CAR,2,4246,PC95F5F6B,F6B,PTC V
1654,2021-08-07 13:34:29,887178,CAR,2,4925,PCE5E04A2,4A2,PTP V
1655,2021-07-30 15:46:40,9282780,TRUCK,4,4746,PC0514825,825,PTC V
1656,2021-08-06 21:11:31,9074239,CAR,2,4074,PCCAFD014,014,PTP V
1657,2021-08-22 09:59:04,8334354,CAR,2,4521,PCD2C9ECF,ECF,PTE V
1658,2021-08-22 11:23:07,3603215,CAR,2,4812,PC22D9C6D,C6D,PTC V
1659,2021-08-20 13:23:51,1380705,TRUCK,4,4986,PC9787B8A,B8A,PTP V
1660,2021-08-17 04:47:15,5571481,VAN,2,4554,PC23BA77A,77A,PTC V
1661,2021-08-14 22:33:36,3304683,CAR,2,4282,PCCE002E5,2E5,PTE V
1662,2021-08-19 10:59:49,8693467,CAR,2,4507,PC11DCA73,A73,PTP V
1663,2021-07-31 20:14:11,7947981,TRUCK,4,4920,PC42A3AB0,AB0,PTP V
1664,2021-08-15 17:27:28,396655,TRUCK,4,4286,PC12BE494,494,PTP V
1665,2021-08-04 21:23:36,3316639,CAR,2,4359,PCB27CFF1,FF1,PTE V
1666,2021-08-02 15:26:48,1479859,CAR,2,4884,PC3FB1BB6,BB6,PTE V
1667,2021-08-14 03:53:53,6815648,TRUCK,4,4366,PC09D71DF,1DF,PTE V
1668,2021-07-30 01:50:17,8546054,VAN,2,4661,PC1585DF2,DF2,PTP V
1669,2021-08-09 08:57:30,2786321,VAN,2,4003,PC83F544D,44D,PTC V
1670,2021-07-31 15:43:26,617518,TRUCK,4,4694,PCBCF42C2,2C2,PTE V
1671,2021-08-15 17:57:07,8834471,TRUCK,4,4263,PCD6DBA1D,A1D,PTE V
1672,2021-08-22 12:34:26,6804769,TRUCK,4,4569,PC20129F9,9F9,PTC V
1673,2021-08-02 10:42:17,7838323,CAR,2,4351,PC4E572D8,2D8,PTE V
1674,2021-08-05 10:58:06,2271233,TRUCK,4,4310,PCC08F8BB,8BB,PTE V
1675,2021-08-01 22:44:14,8195337,CAR,2,4446,PC7F1A5B9,5B9,PTC V
1676,2021-08-07 18:32:02,8280015,TRUCK,4,4041,PCB566359,359,PTE V
1677,2021-08-20 07:25:47,8497728,CAR,2,4334,PCCB383F8,3F8,PTP V
1678,2021-08-09 23:45:56,356999,CAR,2,4187,PCF8D98DC,8DC,PTC V
1679,2021-08-05 09:47:49,3490921,CAR,2,4344,PC417B8DF,8DF,PTC V
1680,2021-08-01 21:54:29,7529037,TRUCK,4,4208,PC1E49F6B,F6B,PTP V
1681,2021-08-06 20:40:13,2627606,CAR,2,4514,PC374C341,341,PTE V
1682,2021-08-13 09:03:05,204387,TRUCK,4,4446,PC7F1A5B9,5B9,PTE V
1683,2021-08-16 20:03:46,2773937,CAR,2,4632,PCC1FFE5B,E5B,PTC V
1684,2021-08-16 17:16:38,2832962,CAR,2,4306,PC5D6563A,63A,PTP V
1685,2021-08-12 05:24:24,263154,CAR,2,4919,PC7A3A5CF,5CF,PTC V
1686,2021-08-19 06:58:45,3342224,TRUCK,4,4730,PC7DC0964,964,PTC V
1687,2021-08-06 07:59:24,591303,CAR,2,4478,PCB02917E,17E,PTC V
1688,2021-08-02 07:48:39,9161077,TRUCK,4,4253,PC82A16E6,6E6,PTE V
1689,2021-07-31 17:07:40,7680159,CAR,2,4048,PC1FE6483,483,PTP V
1690,2021-07-29 21:33:11,4651350,VAN,2,4181,PC4457F74,F74,PTP V
1691,2021-08-01 01:40:34,603444,CAR,2,4243,PCC4F7DCE,DCE,PTC V
1692,2021-08-17 16:41:10,6196723,VAN,2,4332,PC3B258E9,8E9,PTE V
1693,2021-08-04 17:12:08,2084954,CAR,2,4507,PC11DCA73,A73,PTE V
1694,2021-08-19 14:06:38,9137445,VAN,2,4527,PC59A0CB2,CB2,PTE V
1695,2021-08-17 06:37:45,7605913,CAR,2,4229,PCD0DDD3D,D3D,PTC V
1696,2021-08-13 04:09:46,5137434,CAR,2,4594,PC59414DA,4DA,PTE V
1697,2021-08-19 20:10:49,8754909,CAR,2,4294,PC867796D,96D,PTP V
1698,2021-08-17 07:54:46,4665107,CAR,2,4438,PC665A28E,28E,PTE V
1699,2021-08-22 09:21:06,6488504,CAR,2,4175,PC08EA270,270,PTE V
1700,2021-08-17 05:40:52,212993,VAN,2,4700,PC14E538A,38A,PTP V
1701,2021-08-21 01:17:02,2288405,VAN,2,4641,PCAA9F518,518,PTP V
1702,2021-08-05 02:40:40,815150,CAR,2,4300,PC666483B,83B,PTC V
1703,2021-08-20 18:34:47,5871927,CAR,2,4923,PC8A7A22A,22A,PTP V
1704,2021-07-29 13:12:29,2109653,TRUCK,4,4147,PC4D2C5A7,5A7,PTP V
1705,2021-08-02 21:54:54,8382016,VAN,2,4537,PC10C700F,00F,PTC V
1706,2021-08-19 03:45:50,6633408,CAR,2,4500,PC548BDC0,DC0,PTE V
1707,2021-08-13 11:36:30,7853601,VAN,2,4131,PC4C9B108,108,PTP V
1708,2021-08-16 07:58:00,4839745,CAR,2,4805,PC1A161AA,1AA,PTC V
1709,2021-08-08 09:13:47,7725907,CAR,2,4094,PC53A52CB,2CB,PTE V
1710,2021-08-18 03:44:02,7655466,CAR,2,4718,PC81E83B9,3B9,PTE V
1711,2021-07-30 08:17:50,4740022,CAR,2,4450,PC0B2B03E,03E,PTP V
1712,2021-08-20 08:25:28,621420,TRUCK,4,4265,PC5B2AFFA,FFA,PTE V
1713,2021-08-04 18:19:44,277749,VAN,2,4658,PC1A58039,039,PTC V
1714,2021-08-14 15:59:32,6666774,CAR,2,4242,PCECC4DE2,DE2,PTE V
1715,2021-08-21 09:09:39,541077,TRUCK,4,4812,PC22D9C6D,C6D,PTP V
1716,2021-08-09 12:11:01,3079436,CAR,2,4646,PC3F8C42B,42B,PTC V
1717,2021-08-22 03:13:04,2875688,TRUCK,4,4091,PC2E099B4,9B4,PTE V
1718,2021-07-30 21:04:11,5427602,CAR,2,4491,PCA52F720,720,PTP V
1719,2021-08-21 13:02:19,1837878,TRUCK,4,4293,PC2A27502,502,PTC V
1720,2021-08-13 05:02:00,249885,CAR,2,4728,PC07BF95F,95F,PTP V
1721,2021-08-17 20:35:03,9856955,VAN,2,4410,PC6EFC03B,03B,PTP V
1722,2021-08-04 22:15:10,5103091,CAR,2,4343,PC0F6325D,25D,PTE V
1723,2021-08-17 09:49:59,3088520,CAR,2,4298,PC3E474F6,4F6,PTP V
1724,2021-08-16 17:45:03,8538903,TRUCK,4,4270,PC8F72158,158,PTP V
1725,2021-08-19 22:03:39,4703509,CAR,2,4936,PC7157CF3,CF3,PTC V
1726,2021-08-14 15:10:49,2947406,TRUCK,4,4491,PCA52F720,720,PTP V
1727,2021-08-01 04:27:09,7358523,CAR,2,4418,PCF6EECB2,CB2,PTP V
1728,2021-07-31 01:18:49,5134507,VAN,2,4444,PC4D84BFC,BFC,PTE V
1729,2021-08-05 00:05:22,1587932,CAR,2,4413,PC6C88C27,C27,PTE V
1730,2021-08-22 11:06:20,5955766,CAR,2,4943,PC0A5DC1F,C1F,PTE V
1731,2021-08-06 19:33:44,427348,TRUCK,4,4568,PCA8A783A,83A,PTP V
1732,2021-08-18 01:20:09,9937071,CAR,2,4913,PC685427C,27C,PTC V
1733,2021-08-03 22:11:41,7705689,VAN,2,4937,PCD30D908,908,PTP V
1734,2021-08-05 02:27:58,9021173,CAR,2,4278,PC4847214,214,PTC V
1735,2021-08-01 16:40:48,5231530,TRUCK,4,4642,PC17D596F,96F,PTE V
1736,2021-08-12 03:09:32,1686465,VAN,2,4822,PCD1EB220,220,PTC V
1737,2021-08-04 19:26:23,5151621,CAR,2,4150,PCC8441A8,1A8,PTE V
1738,2021-08-12 04:29:54,6976363,CAR,2,4351,PC4E572D8,2D8,PTC V
1739,2021-08-01 05:14:31,7513777,CAR,2,4136,PCA579A65,A65,PTP V
1740,2021-08-22 04:29:54,5467524,CAR,2,4684,PCA76178F,78F,PTE V
1741,2021-08-15 09:53:21,7651504,CAR,2,4005,PCB3DF742,742,PTP V
1742,2021-08-10 05:59:28,9354024,CAR,2,4846,PCBABD060,060,PTE V
1743,2021-08-03 09:21:23,3910816,CAR,2,4065,PC3B514E2,4E2,PTP V
1744,2021-08-17 12:42:50,8390640,TRUCK,4,4370,PC70B7987,987,PTE V
1745,2021-08-14 05:01:36,2994334,TRUCK,4,4383,PC4BFE950,950,PTP V
1746,2021-08-19 19:03:15,65383,CAR,2,4543,PC74F5EBA,EBA,PTC V
1747,2021-08-15 12:42:40,2044866,CAR,2,4748,PCF2ECD29,D29,PTC V
1748,2021-07-29 13:15:22,1131811,CAR,2,4238,PCE0A2A2F,A2F,PTP V
1749,2021-08-21 15:09:46,604553,CAR,2,4950,PC4F71E72,E72,PTP V
1750,2021-07-30 06:03:58,9204549,TRUCK,4,4500,PC548BDC0,DC0,PTE V
1751,2021-08-20 23:12:11,1344790,TRUCK,4,4909,PCDED6F20,F20,PTP V
1752,2021-08-15 18:01:56,9408097,TRUCK,4,4726,PCF6540C0,0C0,PTP V
1753,2021-08-08 22:42:58,2195849,CAR,2,4258,PCAC64E67,E67,PTP V
1754,2021-08-20 08:33:56,7574112,CAR,2,4262,PCCB12F8C,F8C,PTE V
1755,2021-08-20 11:55:40,4815349,CAR,2,4449,PCAACD453,453,PTE V
1756,2021-08-12 10:15:36,6659895,CAR,2,4328,PC3777B8E,B8E,PTC V
1757,2021-07-30 19:07:38,9116574,TRUCK,4,4178,PC8417B09,B09,PTE V
1758,2021-08-03 15:14:21,6580860,TRUCK,4,4256,PC9DD0BBD,BBD,PTC V
1759,2021-07-31 11:09:25,2923171,CAR,2,4945,PC95BD14B,14B,PTC V
1760,2021-07-31 21:01:30,2629444,TRUCK,4,4586,PC4A40D50,D50,PTP V
1761,2021-08-06 23:02:19,5838389,CAR,2,4289,PCF621E92,E92,PTC V
1762,2021-08-01 14:41:56,1011676,CAR,2,4166,PCE450C55,C55,PTE V
1763,2021-08-04 14:57:42,7233196,CAR,2,4471,PC7E4F42A,42A,PTE V
1764,2021-08-17 21:05:35,4549124,CAR,2,4406,PC7A54E18,E18,PTC V
1765,2021-08-08 04:14:59,5201152,VAN,2,4785,PC787D664,664,PTE V
1766,2021-08-08 06:48:43,4069329,VAN,2,4671,PCCAAFB48,B48,PTE V
1767,2021-08-19 08:13:24,1129975,CAR,2,4797,PCE2D63A7,3A7,PTC V
1768,2021-08-02 03:47:26,4933920,CAR,2,4345,PCAC01231,231,PTE V
1769,2021-08-04 02:05:29,5226214,CAR,2,4261,PC84FFC9D,C9D,PTC V
1770,2021-08-02 07:24:47,5500532,CAR,2,4897,PCAB2FA02,A02,PTE V
1771,2021-08-17 13:38:32,8188797,CAR,2,4897,PCAB2FA02,A02,PTE V
1772,2021-08-15 01:02:08,2689184,CAR,2,4168,PCBC064F8,4F8,PTC V
1773,2021-08-12 22:39:24,9887147,CAR,2,4086,PC23E470D,70D,PTP V
1774,2021-07-31 21:59:07,7632359,VAN,2,4618,PC8F4AF85,F85,PTE V
1775,2021-08-10 16:05:24,6854712,CAR,2,4963,PC704EF75,F75,PTC V
1776,2021-08-03 08:46:42,1774575,CAR,2,4971,PC0BD172F,72F,PTP V
1777,2021-08-17 21:23:32,5943514,CAR,2,4081,PCC825DB2,DB2,PTE V
1778,2021-08-10 03:58:46,2885585,VAN,2,4168,PCBC064F8,4F8,PTP V
1779,2021-08-12 23:08:59,5286773,CAR,2,4224,PCD83983A,83A,PTC V
1780,2021-08-07 04:24:28,8194109,CAR,2,4596,PC6558A56,A56,PTE V
1781,2021-08-18 03:26:23,7700051,CAR,2,4838,PCEECD973,973,PTP V
1782,2021-08-07 17:28:30,5876055,VAN,2,4578,PC90D44D0,4D0,PTE V
1783,2021-08-12 21:59:01,500216,CAR,2,4560,PC5030572,572,PTP V
1784,2021-08-21 18:41:56,7956819,CAR,2,4474,PCFEAE55E,55E,PTE V
1785,2021-08-17 01:32:56,9001713,CAR,2,4391,PCCFD9AB6,AB6,PTE V
1786,2021-08-07 02:37:46,800858,CAR,2,4789,PCBE8B2AB,2AB,PTP V
1787,2021-07-30 14:10:16,9712648,CAR,2,4262,PCCB12F8C,F8C,PTC V
1788,2021-08-18 08:17:21,5736180,VAN,2,4586,PC4A40D50,D50,PTC V
1789,2021-08-22 05:39:11,1151175,CAR,2,4379,PC87C8BC4,BC4,PTP V
1790,2021-08-19 14:06:25,9811103,CAR,2,4852,PC68969FB,9FB,PTP V
1791,2021-08-18 14:24:25,5271672,CAR,2,4321,PC591BDF7,DF7,PTE V
1792,2021-08-14 00:48:10,1805564,CAR,2,4915,PC86B0D7B,D7B,PTP V
1793,2021-08-12 01:11:12,6045634,TRUCK,4,4931,PC3D30AD0,AD0,PTE V
1794,2021-08-04 14:18:27,220233,TRUCK,4,4980,PCBD5C822,822,PTE V
1795,2021-08-18 03:58:02,5172164,CAR,2,4584,PC1085B78,B78,PTE V
1796,2021-08-14 12:34:46,531770,TRUCK,4,4889,PC3547FAD,FAD,PTE V
1797,2021-08-08 19:35:06,4496037,TRUCK,4,4837,PCA10FFA0,FA0,PTP V
1798,2021-08-16 17:15:43,5681023,VAN,2,4554,PC23BA77A,77A,PTC V
1799,2021-08-20 03:42:31,697724,CAR,2,4880,PC5A27CDE,CDE,PTC V
1800,2021-08-18 18:57:47,7632125,TRUCK,4,4794,PC4E1366E,66E,PTC V
1801,2021-08-14 08:44:35,5312568,CAR,2,4713,PCD4A1214,214,PTP V
1802,2021-08-20 23:23:55,6356468,CAR,2,4608,PCACD1BEE,BEE,PTP V
1803,2021-08-14 16:59:33,8224744,TRUCK,4,4889,PC3547FAD,FAD,PTC V
1804,2021-08-07 17:30:42,2975837,TRUCK,4,4290,PC84E8CEF,CEF,PTC V
1805,2021-08-09 00:23:40,8482541,CAR,2,4504,PC461DCD3,CD3,PTP V
1806,2021-08-18 03:13:39,9201887,CAR,2,4223,PCA37D114,114,PTE V
1807,2021-08-06 07:10:58,1397726,CAR,2,4727,PC52E71B8,1B8,PTP V
1808,2021-08-15 11:32:15,8029405,VAN,2,4789,PCBE8B2AB,2AB,PTP V
1809,2021-08-20 04:02:11,1488524,TRUCK,4,4094,PC53A52CB,2CB,PTP V
1810,2021-08-14 22:25:16,7604698,VAN,2,4376,PCA283923,923,PTC V
1811,2021-08-15 10:36:42,8537928,VAN,2,4888,PC46C55B4,5B4,PTE V
1812,2021-07-31 04:14:46,1363885,CAR,2,4286,PC12BE494,494,PTP V
1813,2021-08-03 16:45:09,2795136,CAR,2,4082,PCF86214E,14E,PTE V
1814,2021-08-09 23:36:26,7516973,CAR,2,4411,PC3AA93E6,3E6,PTC V
1815,2021-08-16 23:33:40,6833469,CAR,2,4908,PC3D16FC5,FC5,PTE V
1816,2021-08-11 06:45:54,8661043,CAR,2,4418,PCF6EECB2,CB2,PTP V
1817,2021-08-14 01:32:14,6898881,CAR,2,4284,PC0DB49FD,9FD,PTP V
1818,2021-08-17 21:57:00,8878129,CAR,2,4228,PC4F78F1B,F1B,PTE V
1819,2021-08-19 06:38:36,7309465,CAR,2,4531,PC857F4A0,4A0,PTC V
1820,2021-08-17 04:00:15,7861114,VAN,2,4426,PCC0E943C,43C,PTC V
1821,2021-08-02 01:40:15,6338856,CAR,2,4861,PC670F1AC,1AC,PTC V
1822,2021-08-22 01:00:21,8608203,TRUCK,4,4973,PC9C7C18E,18E,PTC V
1823,2021-08-12 10:36:06,628232,CAR,2,4572,PCC9756B2,6B2,PTE V
1824,2021-08-11 12:19:55,8847716,TRUCK,4,4660,PCB86D2E1,2E1,PTC V
1825,2021-08-22 02:18:20,6559728,CAR,2,4396,PCA00BC1C,C1C,PTE V
1826,2021-08-18 10:37:41,8230728,CAR,2,4106,PC9764C98,C98,PTC V
1827,2021-07-29 12:40:32,5073033,TRUCK,4,4675,PCE49911B,11B,PTP V
1828,2021-08-15 18:01:15,7267006,CAR,2,4421,PCED2DB6F,B6F,PTE V
1829,2021-08-04 08:28:33,2940610,CAR,2,5003,PCAC9371E,71E,PTE V
1830,2021-08-04 22:13:29,3507000,TRUCK,4,4282,PCCE002E5,2E5,PTC V
1831,2021-08-16 12:27:49,8460148,CAR,2,4694,PCBCF42C2,2C2,PTE V
1832,2021-08-09 03:33:49,6540957,VAN,2,4991,PC5B5C16D,16D,PTC V
1833,2021-07-29 18:34:56,9261931,TRUCK,4,4658,PC1A58039,039,PTP V
1834,2021-08-19 20:02:43,9976405,VAN,2,4912,PC526B1EC,1EC,PTP V
1835,2021-08-21 12:47:18,8820270,CAR,2,4359,PCB27CFF1,FF1,PTE V
1836,2021-07-30 05:15:30,240809,VAN,2,4176,PC11E9595,595,PTC V
1837,2021-08-11 05:23:19,3971089,CAR,2,4654,PCBA5D8AB,8AB,PTC V
1838,2021-08-11 12:44:34,3653824,CAR,2,4748,PCF2ECD29,D29,PTE V
1839,2021-08-03 20:16:48,147172,CAR,2,4584,PC1085B78,B78,PTC V
1840,2021-08-14 12:43:14,9439914,CAR,2,4953,PC1E2B07E,07E,PTP V
1841,2021-07-31 12:22:18,1100288,CAR,2,4220,PC02FEF7D,F7D,PTE V
1842,2021-07-30 06:26:26,2020988,TRUCK,4,4060,PC481C9F9,9F9,PTC V
1843,2021-08-16 02:43:29,4491854,TRUCK,4,4590,PC912F5CB,5CB,PTP V
1844,2021-08-18 20:19:54,1504760,TRUCK,4,4762,PC1A3D20B,20B,PTP V
1845,2021-08-07 01:30:51,778079,TRUCK,4,4230,PC19CE0DB,0DB,PTC V
1846,2021-08-04 06:43:05,1561928,CAR,2,4849,PCF764517,517,PTE V
1847,2021-08-12 23:56:23,8811374,CAR,2,4448,PC19F3DBB,DBB,PTE V
1848,2021-08-04 16:50:46,3970184,CAR,2,4928,PC16E79D4,9D4,PTC V
1849,2021-08-14 10:02:38,3674867,CAR,2,4671,PCCAAFB48,B48,PTC V
1850,2021-08-19 19:22:53,8806440,CAR,2,4246,PC95F5F6B,F6B,PTC V
1851,2021-08-01 23:32:30,1151181,CAR,2,4406,PC7A54E18,E18,PTP V
1852,2021-07-30 14:40:45,9201735,CAR,2,4564,PC29D136F,36F,PTP V
1853,2021-08-01 05:01:44,5360180,CAR,2,4665,PCF63C15F,15F,PTP V
1854,2021-08-07 08:37:59,1319419,TRUCK,4,4079,PCF1366ED,6ED,PTC V
1855,2021-08-01 14:51:51,8376297,TRUCK,4,4482,PCB6A16D7,6D7,PTE V
1856,2021-08-05 04:55:05,399545,CAR,2,4459,PCD9CAD56,D56,PTC V
1857,2021-08-22 08:45:27,1891347,VAN,2,4091,PC2E099B4,9B4,PTE V
1858,2021-08-01 21:41:48,9653327,CAR,2,4290,PC84E8CEF,CEF,PTE V
1859,2021-08-13 07:30:37,5265101,CAR,2,4978,PCF0B5E85,E85,PTP V
1860,2021-08-15 21:48:54,5390497,CAR,2,4197,PCE32ED40,D40,PTC V
1861,2021-08-07 21:46:25,5405590,TRUCK,4,4197,PCE32ED40,D40,PTE V
1862,2021-08-01 06:23:04,2626961,CAR,2,4035,PC1B1D964,964,PTC V
1863,2021-08-20 06:02:41,9174793,TRUCK,4,4780,PC0A717C4,7C4,PTP V
1864,2021-08-12 14:33:04,6773361,CAR,2,4945,PC95BD14B,14B,PTC V
1865,2021-08-20 20:49:02,1288541,CAR,2,4756,PC8AEC6E8,6E8,PTE V
1866,2021-08-04 12:15:14,1821972,CAR,2,4988,PC46BE0B2,0B2,PTP V
1867,2021-08-16 07:33:33,5346783,TRUCK,4,4358,PC32FB72C,72C,PTE V
1868,2021-08-06 05:33:50,1130335,TRUCK,4,4446,PC7F1A5B9,5B9,PTP V
1869,2021-07-29 15:49:04,4146972,CAR,2,4484,PCEF56843,843,PTC V
1870,2021-08-11 21:12:44,8485610,TRUCK,4,4890,PCAFC8A56,A56,PTC V
1871,2021-08-11 05:53:49,6158310,CAR,2,4865,PCCACA741,741,PTC V
1872,2021-08-03 10:42:52,1395620,CAR,2,4676,PC9798721,721,PTP V
1873,2021-08-05 16:54:16,9610610,TRUCK,4,4683,PC96978C6,8C6,PTP V
1874,2021-08-21 04:06:50,6034442,CAR,2,4864,PC259547F,47F,PTP V
1875,2021-08-12 02:24:05,9256456,TRUCK,4,4544,PC1893678,678,PTC V
1876,2021-08-05 15:46:24,9271475,CAR,2,4414,PC40BD0F3,0F3,PTE V
1877,2021-08-09 22:50:16,1914913,CAR,2,4662,PCB2463CF,3CF,PTE V
1878,2021-08-10 19:50:39,7551121,CAR,2,4134,PC767BBB2,BB2,PTE V
1879,2021-08-17 11:19:27,2410751,CAR,2,4368,PC909A324,324,PTP V
1880,2021-08-08 16:01:27,7079231,CAR,2,4041,PCB566359,359,PTP V
1881,2021-08-03 17:17:12,7216652,TRUCK,4,4562,PC4C95CA2,CA2,PTP V
1882,2021-08-01 13:22:35,314068,TRUCK,4,4030,PCA8A9AA8,AA8,PTE V
1883,2021-08-13 06:23:56,6182269,CAR,2,4748,PCF2ECD29,D29,PTP V
1884,2021-07-30 17:00:45,1283805,CAR,2,4224,PCD83983A,83A,PTC V
1885,2021-08-02 07:57:35,4919410,TRUCK,4,4143,PC5F47DCF,DCF,PTE V
1886,2021-07-31 22:27:32,215466,TRUCK,4,4216,PC53B475D,75D,PTP V
1887,2021-08-11 17:50:37,9487827,CAR,2,4494,PC1592ACA,ACA,PTC V
1888,2021-08-19 20:00:29,2989685,VAN,2,4956,PCB7040B7,0B7,PTP V
1889,2021-07-31 00:17:32,5408272,CAR,2,4338,PC6203962,962,PTC V
1890,2021-08-16 13:48:24,4587132,CAR,2,4843,PC400DFFE,FFE,PTE V
1891,2021-08-19 14:23:04,3418417,CAR,2,4912,PC526B1EC,1EC,PTE V
1892,2021-08-01 17:05:55,6467027,CAR,2,4382,PCB7341F4,1F4,PTP V
1893,2021-08-13 19:58:21,2607026,TRUCK,4,4000,PC69C7DF3,DF3,PTC V
1894,2021-08-05 21:39:29,2110522,CAR,2,4312,PC8D40B22,B22,PTE V
1895,2021-08-02 12:29:47,3959116,VAN,2,4211,PC0AB9251,251,PTC V
1896,2021-08-08 06:34:16,9650647,CAR,2,4937,PCD30D908,908,PTC V
1897,2021-08-05 07:18:57,5966700,CAR,2,4518,PCC7B407A,07A,PTP V
1898,2021-08-18 09:27:01,5483890,TRUCK,4,4553,PC1D57D7F,D7F,PTC V
1899,2021-07-29 14:35:16,7611470,VAN,2,4399,PCCA288FE,8FE,PTP V
1900,2021-08-18 16:15:18,2430571,CAR,2,4114,PC4CD2B81,B81,PTP V
1901,2021-08-12 07:43:41,5540170,CAR,2,4889,PC3547FAD,FAD,PTC V
1902,2021-08-19 08:53:09,2206296,CAR,2,4991,PC5B5C16D,16D,PTE V
1903,2021-08-16 02:47:38,5786644,CAR,2,4295,PCD483999,999,PTP V
1904,2021-08-07 02:33:39,2509976,CAR,2,4691,PCFAB001F,01F,PTE V
1905,2021-08-06 13:33:36,7670347,CAR,2,4770,PC9082A17,A17,PTC V
1906,2021-08-13 00:23:18,70027,VAN,2,4406,PC7A54E18,E18,PTE V
1907,2021-08-04 04:49:43,7016071,CAR,2,4754,PC99AE725,725,PTE V
1908,2021-08-06 20:00:07,8730314,TRUCK,4,4099,PC97F19B1,9B1,PTE V
1909,2021-07-30 09:50:21,4526711,VAN,2,4202,PC65AA714,714,PTE V
1910,2021-08-02 19:10:04,8589063,CAR,2,4165,PC0D2B95C,95C,PTP V
1911,2021-08-06 10:31:13,5361926,VAN,2,4062,PCDA37101,101,PTC V
1912,2021-08-09 23:30:41,3425787,CAR,2,4816,PCB500A9F,A9F,PTC V
1913,2021-08-03 17:10:14,7968426,VAN,2,4783,PC9889263,263,PTE V
1914,2021-08-13 06:23:26,1073918,CAR,2,4139,PC924C594,594,PTP V
1915,2021-08-05 01:00:11,1756165,CAR,2,4207,PC76EDF79,F79,PTC V
1916,2021-08-06 12:24:47,2663772,CAR,2,4634,PCC72D8B8,8B8,PTC V
1917,2021-08-03 16:07:12,223293,CAR,2,4111,PC07F012A,12A,PTC V
1918,2021-08-11 15:06:35,2517221,CAR,2,4847,PCD546332,332,PTE V
1919,2021-08-10 16:44:42,1463316,CAR,2,4348,PCD66314D,14D,PTE V
1920,2021-08-19 21:32:33,2519885,TRUCK,4,4363,PC62E1338,338,PTC V
1921,2021-08-03 05:49:51,6472330,VAN,2,4051,PC3B970F2,0F2,PTP V
1922,2021-08-21 20:20:15,1135985,TRUCK,4,4759,PC4A6C6D9,6D9,PTE V
1923,2021-08-08 06:02:43,2828545,CAR,2,4319,PCAD79413,413,PTC V
1924,2021-08-17 04:10:10,7246418,CAR,2,4808,PC2729737,737,PTC V
1925,2021-08-15 07:11:35,5335461,VAN,2,4121,PCEC57A8E,A8E,PTE V
1926,2021-08-08 18:55:46,6975292,VAN,2,4059,PC06E8A1C,A1C,PTC V
1927,2021-08-17 00:35:52,780378,CAR,2,4982,PC384779E,79E,PTC V
1928,2021-08-15 19:27:30,4034241,TRUCK,4,4615,PC1ECBA39,A39,PTP V
1929,2021-08-12 03:09:50,6342534,CAR,2,4850,PC4061987,987,PTC V
1930,2021-08-04 00:43:13,5015962,VAN,2,4123,PCDE850D8,0D8,PTC V
1931,2021-08-17 10:34:31,8359967,CAR,2,4889,PC3547FAD,FAD,PTC V
1932,2021-08-19 20:56:46,6734625,CAR,2,4215,PC4C76F48,F48,PTE V
1933,2021-08-18 23:44:04,4298780,TRUCK,4,4995,PCBE6ABE5,BE5,PTE V
1934,2021-08-02 12:14:53,342680,CAR,2,4175,PC08EA270,270,PTC V
1935,2021-07-29 13:51:54,6691936,CAR,2,4345,PCAC01231,231,PTE V
1936,2021-07-30 05:28:29,3702137,CAR,2,4593,PC3863F6A,F6A,PTC V
1937,2021-08-15 14:46:11,2129792,CAR,2,4943,PC0A5DC1F,C1F,PTC V
1938,2021-07-30 09:51:28,364700,TRUCK,4,4578,PC90D44D0,4D0,PTC V
1939,2021-08-17 01:39:26,8353947,CAR,2,4200,PCBA86754,754,PTC V
1940,2021-08-18 18:34:52,6820349,CAR,2,4016,PCCD7399B,99B,PTE V
1941,2021-08-07 14:07:50,2421831,CAR,2,4176,PC11E9595,595,PTE V
1942,2021-08-18 12:09:53,8343297,TRUCK,4,4544,PC1893678,678,PTP V
1943,2021-07-31 12:31:59,6514752,TRUCK,4,4353,PC79BCF60,F60,PTP V
1944,2021-08-11 23:01:35,4423777,CAR,2,4860,PCF4A2DA9,DA9,PTC V
1945,2021-08-07 06:32:49,1232753,TRUCK,4,4636,PCDECFC74,C74,PTP V
1946,2021-08-19 01:40:15,1479425,VAN,2,4779,PCC8FE9C6,9C6,PTC V
1947,2021-08-05 15:41:45,3004461,TRUCK,4,4909,PCDED6F20,F20,PTC V
1948,2021-08-15 08:07:22,5912543,CAR,2,4164,PC578D797,797,PTP V
1949,2021-08-02 05:08:03,7269065,CAR,2,4478,PCB02917E,17E,PTE V
1950,2021-08-13 09:54:50,9479575,CAR,2,4452,PC8C7C5D7,5D7,PTE V
1951,2021-08-08 10:32:03,276380,CAR,2,4106,PC9764C98,C98,PTE V
1952,2021-08-03 23:17:24,5261186,CAR,2,4792,PC3E35002,002,PTP V
1953,2021-08-09 19:29:57,4971861,VAN,2,4427,PCD70DDDF,DDF,PTE V
1954,2021-08-01 19:12:46,6907184,CAR,2,4550,PC21A1833,833,PTP V
1955,2021-08-12 23:20:49,3051037,CAR,2,4854,PCB6F1968,968,PTE V
1956,2021-08-02 09:38:46,5317016,TRUCK,4,4374,PCC321538,538,PTC V
1957,2021-07-30 06:39:24,2090427,CAR,2,4508,PC385C6E7,6E7,PTC V
1958,2021-08-20 12:15:01,5664686,CAR,2,4640,PCC993FB3,FB3,PTP V
1959,2021-08-15 12:53:09,1496880,TRUCK,4,4773,PCE62BBA9,BA9,PTP V
1960,2021-08-15 01:42:00,6024650,VAN,2,4008,PC5680D80,D80,PTE V
1961,2021-08-16 07:00:10,2534620,VAN,2,4519,PC92A6471,471,PTE V
1962,2021-08-09 13:18:19,6557689,CAR,2,4776,PC6906524,524,PTP V
1963,2021-08-18 16:10:02,535689,CAR,2,4789,PCBE8B2AB,2AB,PTP V
1964,2021-08-11 22:03:39,1842630,CAR,2,4837,PCA10FFA0,FA0,PTC V
1965,2021-08-21 22:34:30,9548669,CAR,2,4589,PC1477DC9,DC9,PTC V
1966,2021-08-11 13:42:02,3435720,CAR,2,4165,PC0D2B95C,95C,PTP V
1967,2021-08-13 18:37:43,6623397,TRUCK,4,4736,PC6A65941,941,PTC V
1968,2021-08-08 09:52:22,9494741,TRUCK,4,4675,PCE49911B,11B,PTP V
1969,2021-08-22 05:51:34,4601768,VAN,2,4173,PC0EB640E,40E,PTC V
1970,2021-08-14 12:32:18,4231613,CAR,2,4407,PC7FEC2CE,2CE,PTE V
1971,2021-08-12 20:25:37,8950418,CAR,2,4735,PC2294422,422,PTP V
1972,2021-08-21 07:53:37,5464380,VAN,2,4087,PC2C1DA2A,A2A,PTC V
1973,2021-08-15 08:42:29,6314258,TRUCK,4,4548,PC4486317,317,PTE V
1974,2021-08-19 01:07:40,9673441,CAR,2,4915,PC86B0D7B,D7B,PTP V
1975,2021-08-21 09:55:26,4426068,VAN,2,4636,PCDECFC74,C74,PTC V
1976,2021-08-06 21:26:18,1139503,VAN,2,4388,PC803F0F2,0F2,PTP V
1977,2021-08-15 14:37:56,6395479,CAR,2,4045,PCE952492,492,PTP V
1978,2021-08-18 03:55:56,4608310,TRUCK,4,4271,PC28E44E2,4E2,PTE V
1979,2021-08-12 20:21:46,8711893,TRUCK,4,4780,PC0A717C4,7C4,PTP V
1980,2021-08-01 12:41:29,2298595,CAR,2,4943,PC0A5DC1F,C1F,PTE V
1981,2021-08-18 00:36:39,1667595,CAR,2,4281,PC2804C85,C85,PTC V
1982,2021-08-10 18:53:49,3037702,CAR,2,4063,PC7667A3E,A3E,PTC V
1983,2021-08-13 09:56:24,9163821,TRUCK,4,4831,PC0EC3E54,E54,PTP V
1984,2021-08-14 11:23:24,7795212,CAR,2,4493,PC124B4C0,4C0,PTP V
1985,2021-08-06 22:51:50,76332,CAR,2,4563,PCA214501,501,PTP V
1986,2021-08-08 18:43:59,1940668,TRUCK,4,4588,PC3172195,195,PTP V
1987,2021-08-14 07:18:36,1778169,CAR,2,4950,PC4F71E72,E72,PTE V
1988,2021-08-07 16:05:39,5099401,TRUCK,4,4005,PCB3DF742,742,PTC V
1989,2021-08-09 23:05:48,966368,VAN,2,4473,PC51FDD60,D60,PTE V
1990,2021-07-29 19:38:41,2252412,CAR,2,4102,PC8C9B099,099,PTP V
1991,2021-07-29 16:12:46,891909,CAR,2,4484,PCEF56843,843,PTC V
1992,2021-08-06 01:55:31,4298988,CAR,2,4267,PCE51C5C7,5C7,PTP V
1993,2021-08-04 08:33:39,8395314,VAN,2,4425,PC41B834E,34E,PTP V
1994,2021-08-18 05:36:50,9284639,TRUCK,4,4041,PCB566359,359,PTE V
1995,2021-08-15 17:07:02,965942,CAR,2,4221,PC90AAFDA,FDA,PTE V
1996,2021-08-08 01:56:15,7869641,CAR,2,4764,PCF6B0D12,D12,PTP V
1997,2021-07-31 20:33:56,1052029,CAR,2,4004,PCB278A8B,A8B,PTC V
1998,2021-08-04 18:39:09,4306036,CAR,2,4987,PCF4A9637,637,PTP V
1999,2021-08-04 22:03:44,5529291,CAR,2,4050,PC822E359,359,PTC V
2000,2021-08-08 14:14:01,7191693,TRUCK,4,4937,PCD30D908,908,PTE V
2001,2021-08-09 21:20:13,3209872,CAR,2,4653,PC1CE4935,935,PTP V
2002,2021-07-30 13:58:01,9991692,CAR,2,4440,PCBE1B45D,45D,PTC V
2003,2021-08-02 03:17:59,9075665,TRUCK,4,4466,PC6E93A05,A05,PTE V
2004,2021-08-07 05:39:56,8585188,CAR,2,4163,PC95B4E03,E03,PTC V
2005,2021-08-15 08:33:09,2073256,CAR,2,4119,PC9EBEDB5,DB5,PTC V
2006,2021-08-08 18:36:31,1945077,TRUCK,4,4843,PC400DFFE,FFE,PTP V
2007,2021-08-03 08:35:55,7783409,CAR,2,4004,PCB278A8B,A8B,PTE V
2008,2021-08-06 10:05:08,2988545,TRUCK,4,4176,PC11E9595,595,PTP V
2009,2021-08-15 07:27:57,7964567,TRUCK,4,4165,PC0D2B95C,95C,PTE V
2010,2021-08-17 20:10:31,8267415,VAN,2,4096,PCFA4F864,864,PTE V
2011,2021-08-03 17:15:28,8544048,CAR,2,4330,PCBD023A3,3A3,PTE V
2012,2021-08-12 11:59:45,8764992,CAR,2,4782,PC6802C08,C08,PTE V
2013,2021-08-20 16:42:08,5279370,TRUCK,4,4587,PC576A3BA,3BA,PTC V
2014,2021-08-22 14:05:35,7385661,VAN,2,4068,PC55432DA,2DA,PTP V
2015,2021-08-14 19:39:13,249548,VAN,2,4241,PC7241796,796,PTP V
2016,2021-08-15 16:21:57,7019985,CAR,2,4986,PC9787B8A,B8A,PTE V
2017,2021-08-12 15:41:20,7655066,TRUCK,4,4808,PC2729737,737,PTC V
2018,2021-07-29 23:46:01,3513415,CAR,2,4292,PCF733A7C,A7C,PTC V
2019,2021-08-04 20:45:12,2250892,CAR,2,4623,PCAA67227,227,PTP V
2020,2021-08-01 03:39:32,4642449,TRUCK,4,4058,PC3415EA4,EA4,PTP V
2021,2021-08-02 12:09:31,4609969,TRUCK,4,4153,PC88C655C,55C,PTP V
2022,2021-08-17 23:09:45,1323663,CAR,2,4519,PC92A6471,471,PTE V
2023,2021-08-13 20:13:59,8495399,CAR,2,4278,PC4847214,214,PTE V
2024,2021-08-11 03:20:02,2529816,CAR,2,4987,PCF4A9637,637,PTP V
2025,2021-08-02 05:27:39,3825115,CAR,2,4147,PC4D2C5A7,5A7,PTC V
2026,2021-08-08 04:47:13,7198666,TRUCK,4,4047,PC6D105CF,5CF,PTC V
2027,2021-08-21 19:59:21,3094252,CAR,2,4389,PC7688C61,C61,PTP V
2028,2021-08-09 03:51:13,9910126,TRUCK,4,4368,PC909A324,324,PTE V
2029,2021-08-21 02:26:18,615427,TRUCK,4,4963,PC704EF75,F75,PTP V
2030,2021-08-22 15:08:07,1898481,CAR,2,5008,PC48D61BB,1BB,PTC V
2031,2021-08-04 22:52:32,2811704,CAR,2,4192,PC74F6341,341,PTE V
2032,2021-08-05 08:17:18,5939317,TRUCK,4,4203,PC5295A46,A46,PTP V
2033,2021-08-18 01:50:41,7617337,CAR,2,4783,PC9889263,263,PTE V
2034,2021-08-21 00:57:37,6800345,CAR,2,4008,PC5680D80,D80,PTC V
2035,2021-08-17 08:56:58,3397555,CAR,2,4320,PC40C93B0,3B0,PTP V
2036,2021-08-03 11:49:30,9139217,VAN,2,4751,PCD33B3C9,3C9,PTP V
2037,2021-08-12 05:08:07,8921045,TRUCK,4,4390,PC983A913,913,PTE V
2038,2021-08-05 17:27:01,3690202,CAR,2,4912,PC526B1EC,1EC,PTP V
2039,2021-07-29 12:28:05,3295237,VAN,2,4545,PC419B1CB,1CB,PTP V
2040,2021-08-05 23:55:51,9255341,CAR,2,4435,PC3E78C17,C17,PTE V
2041,2021-08-22 09:01:58,5238833,TRUCK,4,4589,PC1477DC9,DC9,PTE V
2042,2021-08-14 01:19:12,3417816,VAN,2,4901,PCE32D2F9,2F9,PTC V
2043,2021-08-18 04:35:08,5344143,TRUCK,4,4812,PC22D9C6D,C6D,PTC V
2044,2021-08-20 21:45:27,3881038,CAR,2,4225,PCC1ED0C5,0C5,PTE V
2045,2021-08-05 18:27:18,6031966,CAR,2,4640,PCC993FB3,FB3,PTP V
2046,2021-08-05 03:00:25,3985901,TRUCK,4,4357,PC434FA62,A62,PTP V
2047,2021-08-20 20:59:44,9641089,CAR,2,4099,PC97F19B1,9B1,PTE V
2048,2021-08-13 23:54:57,6366435,CAR,2,4854,PCB6F1968,968,PTP V
2049,2021-08-01 10:53:55,9492442,TRUCK,4,4835,PC4645718,718,PTE V
2050,2021-08-13 13:59:13,6481355,TRUCK,4,4181,PC4457F74,F74,PTE V
2051,2021-08-10 16:38:08,7326567,CAR,2,4584,PC1085B78,B78,PTE V
2052,2021-08-07 16:01:28,1316030,CAR,2,4952,PC64CF233,233,PTP V
2053,2021-08-16 17:54:26,1769045,CAR,2,4948,PCBA2D075,075,PTE V
2054,2021-08-14 11:00:25,3464810,TRUCK,4,4937,PCD30D908,908,PTP V
2055,2021-07-30 22:37:27,8627921,TRUCK,4,4328,PC3777B8E,B8E,PTP V
2056,2021-08-20 09:58:53,2684168,TRUCK,4,4497,PC76FDDEA,DEA,PTC V
2057,2021-08-05 00:19:54,3833738,CAR,2,4978,PCF0B5E85,E85,PTP V
2058,2021-08-06 10:28:07,1881388,TRUCK,4,4504,PC461DCD3,CD3,PTC V
2059,2021-08-11 14:59:37,8391805,CAR,2,4287,PC421D5F3,5F3,PTE V
2060,2021-08-16 20:14:17,9870706,CAR,2,4244,PC9F3C86B,86B,PTE V
2061,2021-08-21 13:25:10,8522838,TRUCK,4,4198,PCB0994D1,4D1,PTC V
2062,2021-08-18 21:23:19,5951085,CAR,2,4478,PCB02917E,17E,PTC V
2063,2021-08-16 02:08:15,2009071,CAR,2,4830,PC12EEFE0,FE0,PTC V
2064,2021-08-04 10:47:30,8528283,CAR,2,4685,PC5D33C18,C18,PTE V
2065,2021-08-16 17:05:17,2803744,CAR,2,4514,PC374C341,341,PTP V
2066,2021-08-20 12:32:42,8849176,CAR,2,4938,PC6C57ED3,ED3,PTC V
2067,2021-08-11 18:44:36,4363925,TRUCK,4,4468,PC040ADB3,DB3,PTP V
2068,2021-08-13 13:19:11,8952211,CAR,2,4678,PCD175301,301,PTP V
2069,2021-08-20 00:41:15,105783,TRUCK,4,4052,PC25E70B7,0B7,PTP V
2070,2021-08-16 10:56:20,3105884,CAR,2,4567,PC2C5C1F3,1F3,PTC V
2071,2021-08-03 03:03:13,8204896,CAR,2,4961,PC92C5115,115,PTC V
2072,2021-08-18 11:26:05,6939458,CAR,2,4204,PC5881E06,E06,PTE V
2073,2021-08-09 06:13:35,4245299,CAR,2,4943,PC0A5DC1F,C1F,PTC V
2074,2021-08-01 06:54:04,1188715,TRUCK,4,4614,PC08910B7,0B7,PTP V
2075,2021-08-21 22:24:30,2006861,TRUCK,4,4399,PCCA288FE,8FE,PTC V
2076,2021-08-18 05:23:10,5765069,CAR,2,4652,PC74A3585,585,PTP V
2077,2021-08-11 11:33:51,3156487,CAR,2,4524,PCF8BB245,245,PTE V
2078,2021-07-31 17:49:45,1811497,CAR,2,4024,PC91E3A87,A87,PTE V
2079,2021-08-06 13:00:55,3741439,TRUCK,4,4617,PC7758F89,F89,PTC V
2080,2021-08-15 22:29:46,5800120,TRUCK,4,4806,PC8A8EA51,A51,PTE V
2081,2021-08-16 07:47:52,4542060,TRUCK,4,4909,PCDED6F20,F20,PTC V
2082,2021-08-16 14:07:35,9759428,CAR,2,4302,PCBA83119,119,PTC V
2083,2021-08-17 03:59:02,4174269,CAR,2,4533,PC8DA1D3B,D3B,PTP V
2084,2021-08-21 20:11:34,698216,CAR,2,4139,PC924C594,594,PTP V
2085,2021-08-19 15:48:15,7636088,CAR,2,4734,PCE4C5D8E,D8E,PTE V
2086,2021-08-16 05:05:29,1698080,CAR,2,4204,PC5881E06,E06,PTC V
2087,2021-08-04 10:25:17,7039449,CAR,2,4849,PCF764517,517,PTE V
2088,2021-08-22 16:23:37,5892151,TRUCK,4,4863,PCA8F9E50,E50,PTC V
2089,2021-08-18 09:20:24,1107681,CAR,2,4724,PC3DE08BF,8BF,PTC V
2090,2021-08-16 01:26:47,8142152,CAR,2,4000,PC69C7DF3,DF3,PTP V
2091,2021-08-06 22:23:54,7528765,CAR,2,4160,PC6DC0ACF,ACF,PTE V
2092,2021-08-04 23:25:03,9772819,CAR,2,4734,PCE4C5D8E,D8E,PTP V
2093,2021-08-05 05:22:25,9621194,TRUCK,4,4547,PC0D2E3AD,3AD,PTC V
2094,2021-08-13 11:33:50,1532979,CAR,2,4236,PC5212DD0,DD0,PTC V
2095,2021-08-13 06:38:29,8756172,CAR,2,4040,PCB335328,328,PTP V
2096,2021-08-03 10:15:33,9508198,CAR,2,4168,PCBC064F8,4F8,PTE V
2097,2021-08-01 07:27:37,1614486,CAR,2,4149,PC99F9ABD,ABD,PTE V
2098,2021-08-06 03:42:56,9515976,TRUCK,4,4821,PC67D349A,49A,PTC V
2099,2021-08-01 23:45:38,8720769,CAR,2,4869,PCF775FA6,FA6,PTE V
2100,2021-08-11 20:04:49,1117103,CAR,2,4159,PC5631507,507,PTE V
2101,2021-08-02 12:49:18,11402,TRUCK,4,4695,PC4A5D62F,62F,PTE V
2102,2021-08-22 08:29:32,3710314,CAR,2,4581,PCC347465,465,PTP V
2103,2021-08-03 11:40:20,6855963,TRUCK,4,4268,PC6CC51DA,1DA,PTC V
2104,2021-08-15 18:38:12,3296506,TRUCK,4,4011,PC680DEC6,EC6,PTC V
2105,2021-08-09 17:14:12,4301349,CAR,2,4770,PC9082A17,A17,PTC V
2106,2021-08-19 04:25:07,2745984,VAN,2,4460,PCDF04952,952,PTP V
2107,2021-07-30 03:59:32,2199256,TRUCK,4,4312,PC8D40B22,B22,PTE V
2108,2021-08-19 23:26:53,5767192,CAR,2,4824,PCFEADFE6,FE6,PTP V
2109,2021-08-18 04:49:40,4392334,CAR,2,4225,PCC1ED0C5,0C5,PTC V
2110,2021-08-14 05:58:41,423046,TRUCK,4,4951,PCE9CE23F,23F,PTE V
2111,2021-08-14 18:06:57,4383674,CAR,2,4647,PCDD56814,814,PTE V
2112,2021-08-02 02:02:45,4731252,CAR,2,4284,PC0DB49FD,9FD,PTC V
2113,2021-08-12 19:41:32,7432337,CAR,2,4420,PCFDB2950,950,PTE V
2114,2021-08-07 07:15:48,8186740,VAN,2,4964,PC52C0F45,F45,PTP V
2115,2021-08-07 13:17:13,9057634,TRUCK,4,4365,PC0F226DF,6DF,PTC V
2116,2021-08-07 11:46:15,4112695,CAR,2,4980,PCBD5C822,822,PTP V
2117,2021-08-14 13:56:25,1380137,CAR,2,4392,PCAF6E464,464,PTP V
2118,2021-08-20 12:14:38,6507942,CAR,2,4449,PCAACD453,453,PTP V
2119,2021-07-31 10:41:53,7702457,CAR,2,4290,PC84E8CEF,CEF,PTC V
2120,2021-08-13 18:59:00,3434120,CAR,2,4551,PCCA5979C,79C,PTP V
2121,2021-07-29 14:09:23,2252115,CAR,2,4986,PC9787B8A,B8A,PTE V
2122,2021-08-10 10:02:35,2746461,CAR,2,4343,PC0F6325D,25D,PTE V
2123,2021-08-05 00:27:03,8024799,CAR,2,4953,PC1E2B07E,07E,PTP V
2124,2021-08-07 20:39:45,1164332,CAR,2,4703,PC395ADCB,DCB,PTP V
2125,2021-08-01 16:38:11,4302986,VAN,2,4639,PC879E7AB,7AB,PTC V
2126,2021-08-12 06:55:34,5511923,CAR,2,4045,PCE952492,492,PTC V
2127,2021-08-09 09:07:18,9654527,TRUCK,4,4426,PCC0E943C,43C,PTC V
2128,2021-08-19 07:16:34,1282918,CAR,2,4166,PCE450C55,C55,PTC V
2129,2021-08-04 14:17:55,3040995,CAR,2,4585,PCF3AE602,602,PTP V
2130,2021-08-11 14:44:41,7039705,TRUCK,4,4301,PC540E129,129,PTE V
2131,2021-08-10 08:16:38,7821381,CAR,2,4321,PC591BDF7,DF7,PTE V
2132,2021-08-21 08:34:56,6489938,CAR,2,4914,PC2F353E1,3E1,PTE V
2133,2021-07-29 22:39:17,2667442,TRUCK,4,4042,PC5D4DE09,E09,PTP V
2134,2021-08-20 00:16:27,532884,TRUCK,4,4699,PC2C1B987,987,PTC V
2135,2021-08-22 13:38:10,7650880,CAR,2,4493,PC124B4C0,4C0,PTE V
2136,2021-08-01 21:57:48,9769158,VAN,2,4971,PC0BD172F,72F,PTC V
2137,2021-08-19 14:33:37,3514986,CAR,2,4469,PC120EEFD,EFD,PTP V
2138,2021-08-08 18:45:14,4256700,TRUCK,4,4290,PC84E8CEF,CEF,PTC V
2139,2021-07-30 12:06:14,7574565,CAR,2,4647,PCDD56814,814,PTP V
2140,2021-08-10 00:57:35,7571990,TRUCK,4,4612,PC871C1FC,1FC,PTC V
2141,2021-08-14 08:47:37,8870105,CAR,2,4773,PCE62BBA9,BA9,PTE V
2142,2021-08-03 14:47:00,2535049,CAR,2,4743,PCE6EEF2E,F2E,PTC V
2143,2021-08-14 16:02:27,4294166,CAR,2,4011,PC680DEC6,EC6,PTE V
2144,2021-08-09 00:30:48,1887449,TRUCK,4,4245,PC6594AD4,AD4,PTC V
2145,2021-08-20 15:24:07,9615686,TRUCK,4,4458,PCECEBBFA,BFA,PTC V
2146,2021-08-11 01:21:58,9437722,CAR,2,4282,PCCE002E5,2E5,PTP V
2147,2021-08-22 05:42:55,2372992,VAN,2,4851,PC0954183,183,PTE V
2148,2021-08-12 07:31:11,2155314,CAR,2,4832,PC34ECAB5,AB5,PTC V
2149,2021-08-09 18:12:12,345607,TRUCK,4,4938,PC6C57ED3,ED3,PTE V
2150,2021-08-22 01:32:14,7953402,TRUCK,4,4058,PC3415EA4,EA4,PTC V
2151,2021-08-11 06:57:54,4656681,CAR,2,4974,PCDEB8E32,E32,PTC V
2152,2021-07-29 18:38:32,4833476,CAR,2,4553,PC1D57D7F,D7F,PTE V
2153,2021-08-13 21:54:30,9215337,CAR,2,4866,PC3137434,434,PTC V
2154,2021-08-16 19:57:05,8707404,CAR,2,4552,PC05BD3DF,3DF,PTC V
2155,2021-07-31 16:25:44,2821493,CAR,2,4537,PC10C700F,00F,PTP V
2156,2021-08-08 23:53:38,6617350,CAR,2,4854,PCB6F1968,968,PTE V
2157,2021-07-29 12:10:37,8111033,CAR,2,4398,PCE60D320,320,PTP V
2158,2021-08-13 13:52:44,6903526,CAR,2,4843,PC400DFFE,FFE,PTC V
2159,2021-08-09 02:52:47,2288787,TRUCK,4,4739,PC07289CF,9CF,PTC V
2160,2021-08-12 02:03:16,3372970,CAR,2,4442,PC05C2F86,F86,PTC V
2161,2021-08-02 03:54:08,9392194,TRUCK,4,4686,PCD6E5E77,E77,PTP V
2162,2021-08-17 01:07:02,8906006,CAR,2,4755,PC628DCED,CED,PTP V
2163,2021-08-12 05:33:27,3153972,CAR,2,4849,PCF764517,517,PTC V
2164,2021-07-31 08:09:29,9293894,CAR,2,4537,PC10C700F,00F,PTC V
2165,2021-08-08 04:03:06,2981230,TRUCK,4,4009,PCF984421,421,PTC V
2166,2021-08-04 10:15:55,1206033,VAN,2,4297,PCDE89544,544,PTE V
2167,2021-08-14 00:04:32,5581235,CAR,2,4007,PCDF9F773,773,PTC V
2168,2021-07-30 05:06:05,6890813,CAR,2,4977,PCB077F18,F18,PTP V
2169,2021-08-14 01:27:39,5523943,TRUCK,4,4571,PC2308E9E,E9E,PTP V
2170,2021-08-18 23:35:20,7211084,CAR,2,4771,PC71FE98A,98A,PTE V
2171,2021-08-10 02:50:04,4668352,VAN,2,4148,PCDFBBEBB,EBB,PTC V
2172,2021-08-11 13:04:40,9245919,TRUCK,4,4240,PC72FE04B,04B,PTP V
2173,2021-08-21 10:03:43,7087231,CAR,2,4957,PC8DFFE65,E65,PTE V
2174,2021-08-12 16:20:40,2373397,TRUCK,4,4066,PC883FCA9,CA9,PTE V
2175,2021-08-12 21:47:00,9280314,TRUCK,4,4458,PCECEBBFA,BFA,PTP V
2176,2021-08-12 01:06:19,6953648,CAR,2,4353,PC79BCF60,F60,PTC V
2177,2021-08-19 08:38:44,9844808,VAN,2,4645,PC14FBE4A,E4A,PTC V
2178,2021-08-22 09:56:59,2912799,CAR,2,4422,PCF514246,246,PTP V
2179,2021-08-12 09:03:01,9581849,CAR,2,4529,PC3FAA264,264,PTP V
2180,2021-08-17 01:50:14,8120264,TRUCK,4,4236,PC5212DD0,DD0,PTP V
2181,2021-08-17 12:16:16,3694295,TRUCK,4,4853,PC214FB8E,B8E,PTP V
2182,2021-08-18 05:43:37,2389893,TRUCK,4,4551,PCCA5979C,79C,PTP V
2183,2021-08-17 15:11:31,5946648,CAR,2,4574,PCC1F6F13,F13,PTE V
2184,2021-08-19 08:26:08,3566529,CAR,2,4681,PCBEB4D23,D23,PTP V
2185,2021-08-05 04:54:53,277238,TRUCK,4,4412,PC821BC98,C98,PTC V
2186,2021-08-03 13:10:25,4471891,TRUCK,4,4153,PC88C655C,55C,PTE V
2187,2021-08-10 13:36:26,725240,CAR,2,4659,PC5549650,650,PTE V
2188,2021-08-18 04:47:56,6773300,VAN,2,4078,PC8473A64,A64,PTE V
2189,2021-08-07 22:13:18,1935614,TRUCK,4,4123,PCDE850D8,0D8,PTP V
2190,2021-08-16 18:21:52,26785,CAR,2,4066,PC883FCA9,CA9,PTP V
2191,2021-08-15 11:24:24,3598105,CAR,2,4840,PC49BFB36,B36,PTP V
2192,2021-08-22 12:34:23,6166301,CAR,2,4206,PCAC34A40,A40,PTP V
2193,2021-08-10 05:25:23,1852572,TRUCK,4,4099,PC97F19B1,9B1,PTC V
2194,2021-08-07 10:02:00,9588742,CAR,2,4945,PC95BD14B,14B,PTE V
2195,2021-08-18 11:04:22,1877131,TRUCK,4,4975,PC818101A,01A,PTE V
2196,2021-08-10 09:19:56,4866848,CAR,2,4339,PCDE1D204,204,PTE V
2197,2021-07-31 00:14:28,6610284,CAR,2,4841,PCE45DE8D,E8D,PTP V
2198,2021-08-06 18:36:55,5886598,VAN,2,4143,PC5F47DCF,DCF,PTE V
2199,2021-08-02 06:52:10,2013160,TRUCK,4,4009,PCF984421,421,PTE V
2200,2021-08-09 01:55:56,9763572,VAN,2,4744,PC78EF0B5,0B5,PTC V
2201,2021-08-03 18:29:25,433535,VAN,2,4697,PCFDB2BA6,BA6,PTP V
2202,2021-08-19 12:05:07,5115359,TRUCK,4,4429,PC65E7991,991,PTP V
2203,2021-08-12 14:43:33,8914873,CAR,2,4792,PC3E35002,002,PTP V
2204,2021-08-04 05:35:13,5822513,TRUCK,4,4280,PC03A5F23,F23,PTC V
2205,2021-07-30 16:44:30,9127899,VAN,2,4384,PC59A33DE,3DE,PTE V
2206,2021-08-11 10:55:54,7996756,TRUCK,4,4173,PC0EB640E,40E,PTE V
2207,2021-08-09 06:33:18,1581967,CAR,2,4656,PC63844BC,4BC,PTC V
2208,2021-08-02 17:00:47,9880175,CAR,2,4343,PC0F6325D,25D,PTC V
2209,2021-08-01 10:19:00,6272381,CAR,2,4225,PCC1ED0C5,0C5,PTE V
2210,2021-08-16 10:25:19,3399227,CAR,2,4142,PC7ACFF7C,F7C,PTP V
2211,2021-08-08 04:58:45,1050893,CAR,2,4215,PC4C76F48,F48,PTE V
2212,2021-08-08 15:45:06,7748771,CAR,2,4266,PC39B17A9,7A9,PTC V
2213,2021-08-16 21:02:56,5828541,CAR,2,4923,PC8A7A22A,22A,PTP V
2214,2021-07-31 11:25:20,3069018,TRUCK,4,4480,PC9A343F9,3F9,PTC V
2215,2021-08-12 04:22:30,2606722,VAN,2,4107,PC7607A5D,A5D,PTC V
2216,2021-08-17 20:38:13,1794651,CAR,2,4581,PCC347465,465,PTP V
2217,2021-08-11 09:25:28,3888376,VAN,2,4831,PC0EC3E54,E54,PTC V
2218,2021-08-22 16:17:43,495976,CAR,2,4605,PCEB27C63,C63,PTP V
2219,2021-08-07 19:08:26,6054974,CAR,2,4045,PCE952492,492,PTC V
2220,2021-07-29 13:51:21,1461491,CAR,2,4352,PC99B9343,343,PTC V
2221,2021-08-04 02:15:42,2653649,CAR,2,4965,PCA0BAE0F,E0F,PTE V
2222,2021-07-29 18:56:21,41829,CAR,2,4843,PC400DFFE,FFE,PTE V
2223,2021-08-10 21:59:48,2787072,CAR,2,4045,PCE952492,492,PTE V
2224,2021-08-13 15:47:42,5400421,CAR,2,4545,PC419B1CB,1CB,PTP V
2225,2021-08-22 18:34:12,6206783,CAR,2,4785,PC787D664,664,PTC V
2226,2021-08-02 15:06:40,3452250,CAR,2,4968,PC251D4C1,4C1,PTC V
2227,2021-08-05 06:51:41,9131018,CAR,2,4089,PC3CCA187,187,PTC V
2228,2021-08-20 13:39:12,2335799,CAR,2,4538,PCDE5402C,02C,PTC V
2229,2021-08-01 00:08:32,3658470,TRUCK,4,4737,PCED7EAFE,AFE,PTE V
2230,2021-08-19 21:06:19,1706389,CAR,2,4776,PC6906524,524,PTP V
2231,2021-07-29 19:38:05,7020851,TRUCK,4,4799,PCC3A370A,70A,PTP V
2232,2021-08-10 23:41:20,1862428,VAN,2,4989,PC7D7AE48,E48,PTE V
2233,2021-08-10 02:02:46,8062108,TRUCK,4,4407,PC7FEC2CE,2CE,PTP V
2234,2021-08-18 03:08:44,4843259,CAR,2,4714,PC9B747F8,7F8,PTP V
2235,2021-08-03 17:34:37,9377131,VAN,2,4875,PC40FC710,710,PTC V
2236,2021-08-06 02:39:27,3136151,CAR,2,4820,PCC30C735,735,PTE V
2237,2021-08-15 22:31:40,8335972,CAR,2,4194,PC96AD1EB,1EB,PTC V
2238,2021-08-11 19:16:50,7198942,CAR,2,4837,PCA10FFA0,FA0,PTP V
2239,2021-08-15 13:35:27,2977047,VAN,2,4684,PCA76178F,78F,PTP V
2240,2021-08-20 09:25:45,897727,TRUCK,4,4549,PC2F1A066,066,PTP V
2241,2021-08-20 00:18:43,1877982,CAR,2,4008,PC5680D80,D80,PTP V
2242,2021-08-12 00:57:47,9587404,CAR,2,4035,PC1B1D964,964,PTE V
2243,2021-08-09 18:06:44,6559793,VAN,2,4892,PC7AA5B2F,B2F,PTP V
2244,2021-08-09 03:40:21,4757165,CAR,2,4637,PCE9C770E,70E,PTE V
2245,2021-08-17 03:03:55,305851,CAR,2,4194,PC96AD1EB,1EB,PTC V
2246,2021-08-03 00:25:45,8113495,CAR,2,4099,PC97F19B1,9B1,PTC V
2247,2021-08-06 19:51:27,2946772,CAR,2,4426,PCC0E943C,43C,PTE V
2248,2021-08-14 01:06:02,7189606,TRUCK,4,4392,PCAF6E464,464,PTE V
2249,2021-08-06 09:03:05,1143379,CAR,2,4004,PCB278A8B,A8B,PTP V
2250,2021-08-22 05:11:35,8604574,TRUCK,4,4515,PC6A1B37B,37B,PTC V
2251,2021-08-16 13:48:57,6796231,TRUCK,4,4757,PC126524C,24C,PTC V
2252,2021-08-20 22:44:44,3937851,CAR,2,4813,PCACF7982,982,PTC V
2253,2021-08-09 09:56:07,2451124,CAR,2,4282,PCCE002E5,2E5,PTP V
2254,2021-08-04 01:20:44,3015407,TRUCK,4,4548,PC4486317,317,PTP V
2255,2021-08-05 16:29:09,6407704,VAN,2,4597,PCBDB8BB6,BB6,PTC V
2256,2021-07-31 21:44:16,5272711,TRUCK,4,4418,PCF6EECB2,CB2,PTC V
2257,2021-08-05 00:54:29,5597789,TRUCK,4,4244,PC9F3C86B,86B,PTC V
2258,2021-08-05 13:53:24,3417844,CAR,2,4235,PCFB11406,406,PTP V
2259,2021-07-30 23:32:10,4841457,CAR,2,4283,PC953B572,572,PTE V
2260,2021-08-11 21:33:36,9393700,TRUCK,4,4944,PC41EEC34,C34,PTE V
2261,2021-07-31 11:42:13,4640332,CAR,2,4947,PCE4A44BE,4BE,PTP V
2262,2021-07-30 03:45:14,2102498,CAR,2,4034,PCFC754C7,4C7,PTE V
2263,2021-08-14 06:28:51,6048427,CAR,2,4367,PC8D90EF0,EF0,PTC V
2264,2021-08-14 07:55:08,7179632,CAR,2,4741,PC85A4D4B,D4B,PTP V
2265,2021-08-12 06:47:02,282997,CAR,2,4888,PC46C55B4,5B4,PTC V
2266,2021-08-12 12:18:27,5934386,TRUCK,4,4094,PC53A52CB,2CB,PTP V
2267,2021-08-03 00:05:19,1613131,TRUCK,4,4939,PCF263A5E,A5E,PTE V
2268,2021-08-21 08:07:01,4788826,CAR,2,4416,PC546F252,252,PTP V
2269,2021-08-01 15:04:23,436420,VAN,2,4580,PC48664B7,4B7,PTP V
2270,2021-08-09 05:21:03,5583534,CAR,2,4835,PC4645718,718,PTP V
2271,2021-08-21 22:39:31,886099,CAR,2,4357,PC434FA62,A62,PTE V
2272,2021-08-11 12:16:26,7545470,CAR,2,4514,PC374C341,341,PTE V
2273,2021-08-02 04:32:09,2745923,CAR,2,4716,PCFCB0018,018,PTP V
2274,2021-08-18 22:30:30,2082517,CAR,2,4870,PC65485BB,5BB,PTP V
2275,2021-08-10 01:41:27,9913242,TRUCK,4,4975,PC818101A,01A,PTE V
2276,2021-08-12 02:39:16,7116882,CAR,2,4249,PC6D2FAD0,AD0,PTP V
2277,2021-08-13 16:36:37,6638780,TRUCK,4,4955,PCE36723C,23C,PTC V
2278,2021-08-20 16:30:48,9292558,VAN,2,4213,PCDD316EB,6EB,PTC V
2279,2021-08-06 18:19:30,3520695,TRUCK,4,4854,PCB6F1968,968,PTP V
2280,2021-08-08 14:06:56,5467089,CAR,2,4561,PCCE9B069,069,PTC V
2281,2021-08-06 20:38:31,922446,CAR,2,4829,PCEC030F2,0F2,PTC V
2282,2021-07-31 10:24:35,1996778,TRUCK,4,4702,PCDBC3AC9,AC9,PTP V
2283,2021-08-13 10:49:58,260779,CAR,2,4884,PC3FB1BB6,BB6,PTE V
2284,2021-08-17 13:29:55,2327207,CAR,2,4931,PC3D30AD0,AD0,PTP V
2285,2021-08-19 02:10:36,6039743,CAR,2,4229,PCD0DDD3D,D3D,PTP V
2286,2021-08-21 13:46:08,2821959,CAR,2,4769,PC10C50DC,0DC,PTP V
2287,2021-08-15 02:26:30,6443421,TRUCK,4,4084,PC71D433F,33F,PTC V
2288,2021-08-02 12:44:30,9308193,CAR,2,4750,PCD987A9D,A9D,PTP V
2289,2021-07-31 18:50:48,2481547,CAR,2,4634,PCC72D8B8,8B8,PTE V
2290,2021-08-02 12:59:21,9263135,CAR,2,4848,PCF0FC9B2,9B2,PTE V
2291,2021-08-18 02:39:31,5938724,CAR,2,4473,PC51FDD60,D60,PTP V
2292,2021-08-11 09:32:56,2807511,CAR,2,4235,PCFB11406,406,PTP V
2293,2021-07-31 05:37:21,9782840,CAR,2,4894,PCDADB8C6,8C6,PTC V
2294,2021-08-13 10:16:15,2882003,CAR,2,4191,PCCC28F87,F87,PTC V
2295,2021-08-06 05:53:32,1795308,CAR,2,4439,PC845CEA6,EA6,PTE V
2296,2021-08-19 15:20:30,3369737,CAR,2,4941,PCA6403C1,3C1,PTP V
2297,2021-08-11 22:20:04,4760336,CAR,2,4674,PC795E7B9,7B9,PTP V
2298,2021-08-04 11:17:00,3355165,TRUCK,4,4718,PC81E83B9,3B9,PTC V
2299,2021-08-16 17:09:26,7001035,TRUCK,4,4481,PC30AAE76,E76,PTE V
2300,2021-08-18 10:38:15,7405540,TRUCK,4,5003,PCAC9371E,71E,PTC V
2301,2021-08-05 23:21:46,4778378,CAR,2,4467,PCF5E0389,389,PTC V
2302,2021-08-03 21:35:25,7680482,CAR,2,4735,PC2294422,422,PTE V
2303,2021-08-11 10:16:03,5752445,TRUCK,4,4061,PC3A63A79,A79,PTP V
2304,2021-07-31 12:52:34,8693408,CAR,2,4618,PC8F4AF85,F85,PTP V
2305,2021-08-19 18:40:23,6951096,CAR,2,4144,PCAC7E4C1,4C1,PTC V
2306,2021-08-01 08:07:35,4812389,TRUCK,4,4132,PC8E2A7E0,7E0,PTE V
2307,2021-08-04 17:26:39,693170,CAR,2,4561,PCCE9B069,069,PTC V
2308,2021-08-15 16:55:35,4065634,CAR,2,4150,PCC8441A8,1A8,PTE V
2309,2021-08-13 01:11:47,1969675,TRUCK,4,4348,PCD66314D,14D,PTC V
2310,2021-08-18 01:46:17,8285719,TRUCK,4,4860,PCF4A2DA9,DA9,PTE V
2311,2021-08-05 04:01:28,3786368,TRUCK,4,4158,PCAA68777,777,PTC V
2312,2021-07-29 23:37:16,5384549,CAR,2,4320,PC40C93B0,3B0,PTE V
2313,2021-08-18 21:14:11,2576951,VAN,2,4510,PC652EEF2,EF2,PTE V
2314,2021-08-03 06:34:59,9824406,VAN,2,4286,PC12BE494,494,PTP V
2315,2021-08-15 01:31:13,9132828,TRUCK,4,4150,PCC8441A8,1A8,PTE V
2316,2021-08-04 11:32:12,2843071,VAN,2,4055,PCA06B2F1,2F1,PTP V
2317,2021-08-14 01:39:31,9641681,CAR,2,4657,PCC591410,410,PTC V
2318,2021-08-06 12:16:22,2470458,CAR,2,4932,PC46C4A27,A27,PTP V
2319,2021-08-16 21:11:03,5151500,TRUCK,4,4968,PC251D4C1,4C1,PTE V
2320,2021-08-01 00:55:45,3521188,CAR,2,4075,PC2125618,618,PTP V
2321,2021-08-11 08:06:53,7180370,TRUCK,4,4293,PC2A27502,502,PTC V
2322,2021-08-16 08:18:58,1524848,CAR,2,4626,PC93E7766,766,PTC V
2323,2021-07-31 17:33:25,9716750,CAR,2,4092,PC40C2E00,E00,PTC V
2324,2021-08-19 08:29:03,280604,CAR,2,4446,PC7F1A5B9,5B9,PTC V
2325,2021-07-31 06:15:36,1343714,CAR,2,4841,PCE45DE8D,E8D,PTC V
2326,2021-08-10 21:50:12,6861431,CAR,2,4284,PC0DB49FD,9FD,PTP V
2327,2021-08-13 00:08:35,805640,TRUCK,4,4164,PC578D797,797,PTC V
2328,2021-08-20 08:48:39,9583399,CAR,2,4583,PC0567192,192,PTP V
2329,2021-08-04 20:56:20,4595595,CAR,2,4492,PC0BF2899,899,PTP V
2330,2021-08-05 14:25:13,8132088,CAR,2,4378,PC074E6A8,6A8,PTP V
2331,2021-08-17 09:16:31,6653572,VAN,2,4088,PC14008D5,8D5,PTC V
2332,2021-08-06 12:08:59,179154,CAR,2,4811,PCBF83C7A,C7A,PTC V
2333,2021-07-30 15:06:44,4036170,CAR,2,4206,PCAC34A40,A40,PTC V
2334,2021-08-14 00:02:59,939177,CAR,2,4601,PCC932802,802,PTP V
2335,2021-08-09 19:19:36,7580388,CAR,2,4215,PC4C76F48,F48,PTP V
2336,2021-08-09 00:59:00,5562181,CAR,2,4257,PC1AB9C93,C93,PTE V
2337,2021-08-10 01:43:17,2415713,CAR,2,4227,PCD8346A6,6A6,PTE V
2338,2021-08-07 11:32:34,2822394,VAN,2,4604,PC0553E32,E32,PTE V
2339,2021-08-22 07:23:48,8913290,CAR,2,4563,PCA214501,501,PTC V
2340,2021-08-02 07:57:01,2293565,CAR,2,4866,PC3137434,434,PTC V
2341,2021-08-15 10:23:18,4900866,TRUCK,4,4337,PCCF6A454,454,PTE V
2342,2021-08-06 21:20:06,1421478,CAR,2,4052,PC25E70B7,0B7,PTC V
2343,2021-08-05 23:21:08,5842605,CAR,2,4124,PC3338D42,D42,PTE V
2344,2021-08-16 03:20:55,208597,VAN,2,4658,PC1A58039,039,PTP V
2345,2021-08-13 10:32:14,5622316,CAR,2,4142,PC7ACFF7C,F7C,PTP V
2346,2021-08-20 16:08:06,9663007,CAR,2,4070,PCEECA8B2,8B2,PTP V
2347,2021-08-03 01:46:34,1638578,CAR,2,4790,PC2387B02,B02,PTC V
2348,2021-08-19 21:02:23,2532322,CAR,2,4610,PCA4D3E9B,E9B,PTP V
2349,2021-08-19 11:12:44,7918655,CAR,2,4724,PC3DE08BF,8BF,PTP V
2350,2021-08-05 13:48:42,9938856,CAR,2,4783,PC9889263,263,PTP V
2351,2021-08-03 18:55:46,9695966,CAR,2,4502,PCB2CC82C,82C,PTE V
2352,2021-08-21 01:18:25,9368098,CAR,2,4533,PC8DA1D3B,D3B,PTP V
2353,2021-08-13 01:45:10,3091104,TRUCK,4,4328,PC3777B8E,B8E,PTC V
2354,2021-08-01 05:52:05,1228688,TRUCK,4,4889,PC3547FAD,FAD,PTE V
2355,2021-08-13 19:54:25,4978473,CAR,2,4745,PC6397888,888,PTE V
2356,2021-08-12 05:08:18,1021235,CAR,2,4383,PC4BFE950,950,PTC V
2357,2021-07-30 16:25:40,4034239,CAR,2,4815,PC19C02F1,2F1,PTE V
2358,2021-08-05 09:04:34,382452,TRUCK,4,4511,PCFBEFA9E,A9E,PTE V
2359,2021-08-05 05:30:46,9300835,CAR,2,4685,PC5D33C18,C18,PTP V
2360,2021-08-19 18:42:58,1591492,TRUCK,4,4754,PC99AE725,725,PTE V
2361,2021-08-17 17:48:45,9718468,CAR,2,4405,PC70CA955,955,PTC V
2362,2021-08-05 16:08:33,2508097,CAR,2,4683,PC96978C6,8C6,PTC V
2363,2021-08-01 04:51:16,1707883,CAR,2,4633,PC974552B,52B,PTC V
2364,2021-08-11 14:44:28,6923316,VAN,2,4026,PC2CE9851,851,PTC V
2365,2021-08-03 18:12:26,6098870,TRUCK,4,4152,PCF6F4CA1,CA1,PTP V
2366,2021-08-09 17:01:23,1388802,CAR,2,4816,PCB500A9F,A9F,PTE V
2367,2021-08-15 17:15:49,5377509,CAR,2,4730,PC7DC0964,964,PTE V
2368,2021-08-21 12:42:29,2323339,CAR,2,4612,PC871C1FC,1FC,PTE V
2369,2021-08-04 11:42:45,7854858,CAR,2,4156,PC6BCA05F,05F,PTE V
2370,2021-07-29 15:32:48,8940137,TRUCK,4,4597,PCBDB8BB6,BB6,PTP V
2371,2021-08-12 05:14:32,371476,CAR,2,4652,PC74A3585,585,PTP V
2372,2021-08-12 09:31:14,3462173,CAR,2,4581,PCC347465,465,PTP V
2373,2021-07-31 17:23:19,3646260,TRUCK,4,4228,PC4F78F1B,F1B,PTE V
2374,2021-08-05 18:41:25,6104161,CAR,2,4286,PC12BE494,494,PTC V
2375,2021-08-16 22:18:45,226187,CAR,2,4129,PCA6127FF,7FF,PTP V
2376,2021-08-16 11:32:19,5473322,CAR,2,4380,PC905B5D4,5D4,PTC V
2377,2021-08-21 08:45:44,2931862,VAN,2,4756,PC8AEC6E8,6E8,PTC V
2378,2021-08-09 05:48:49,8105227,TRUCK,4,4233,PC57279D0,9D0,PTC V
2379,2021-08-02 13:40:25,6067944,TRUCK,4,4854,PCB6F1968,968,PTC V
2380,2021-08-08 17:42:28,8716008,CAR,2,4259,PCBB65EF4,EF4,PTP V
2381,2021-07-30 14:58:17,9122828,VAN,2,4587,PC576A3BA,3BA,PTE V
2382,2021-08-16 11:50:55,29271,TRUCK,4,4906,PC3D58C5E,C5E,PTP V
2383,2021-08-04 21:55:52,940938,CAR,2,4657,PCC591410,410,PTE V
2384,2021-08-11 09:31:22,5745091,VAN,2,4907,PCCEEF65A,65A,PTC V
2385,2021-08-22 05:05:36,5825255,TRUCK,4,4259,PCBB65EF4,EF4,PTP V
2386,2021-08-11 21:52:09,736458,VAN,2,4398,PCE60D320,320,PTC V
2387,2021-08-19 01:24:06,2143542,CAR,2,4356,PCF1979AE,9AE,PTC V
2388,2021-08-02 22:33:26,4929205,CAR,2,4942,PCD51A740,740,PTE V
2389,2021-08-21 02:41:45,2107435,CAR,2,4927,PC2D22627,627,PTC V
2390,2021-08-12 01:17:32,764188,CAR,2,4058,PC3415EA4,EA4,PTE V
2391,2021-08-03 07:38:22,4464115,CAR,2,4728,PC07BF95F,95F,PTE V
2392,2021-08-12 18:06:25,3367963,TRUCK,4,4557,PC6C80A46,A46,PTE V
2393,2021-08-19 04:47:43,4396339,TRUCK,4,4130,PC9F22103,103,PTP V
2394,2021-08-19 18:58:09,2891442,CAR,2,4995,PCBE6ABE5,BE5,PTE V
2395,2021-08-20 17:04:40,751154,CAR,2,4104,PC0A63844,844,PTP V
2396,2021-08-08 05:32:53,5688186,CAR,2,4348,PCD66314D,14D,PTE V
2397,2021-08-10 16:12:39,5529818,CAR,2,4599,PC800C92D,92D,PTE V
2398,2021-08-08 21:09:43,5311120,CAR,2,4975,PC818101A,01A,PTC V
2399,2021-08-13 16:20:16,3750012,CAR,2,4263,PCD6DBA1D,A1D,PTP V
2400,2021-08-06 08:00:29,208207,CAR,2,4985,PCCA71D2C,D2C,PTC V
2401,2021-08-03 22:44:47,2926595,VAN,2,4502,PCB2CC82C,82C,PTC V
2402,2021-08-20 18:37:28,1575438,CAR,2,4061,PC3A63A79,A79,PTP V
2403,2021-08-11 00:41:08,6733524,CAR,2,4186,PC922BA3E,A3E,PTP V
2404,2021-08-03 12:47:56,7492188,CAR,2,4072,PC69F3F14,F14,PTP V
2405,2021-08-04 18:02:50,1135479,CAR,2,4309,PC5E92F61,F61,PTC V
2406,2021-08-07 09:45:46,3138965,CAR,2,4025,PC5ABB8E4,8E4,PTC V
2407,2021-08-20 01:47:26,7852976,TRUCK,4,4304,PC89FB76E,76E,PTE V
2408,2021-08-04 11:27:10,632828,TRUCK,4,4842,PC16F5A24,A24,PTC V
2409,2021-08-15 08:03:00,2585797,CAR,2,4439,PC845CEA6,EA6,PTE V
2410,2021-08-14 12:34:36,8101085,CAR,2,4051,PC3B970F2,0F2,PTE V
2411,2021-08-14 12:45:50,9158382,CAR,2,4961,PC92C5115,115,PTP V
2412,2021-08-17 06:10:20,8641771,TRUCK,4,4242,PCECC4DE2,DE2,PTP V
2413,2021-08-15 04:23:28,845364,CAR,2,4394,PCD3A817A,17A,PTP V
2414,2021-08-04 15:18:08,1588316,CAR,2,4049,PC4779D38,D38,PTE V
2415,2021-08-05 19:42:49,3401822,VAN,2,4279,PCCA817EB,7EB,PTP V
2416,2021-08-21 18:37:31,9320107,CAR,2,4497,PC76FDDEA,DEA,PTC V
2417,2021-08-01 00:18:23,3865123,TRUCK,4,4027,PCE7A4F34,F34,PTE V
2418,2021-08-07 23:53:41,7275070,CAR,2,4835,PC4645718,718,PTP V
2419,2021-08-08 21:31:19,2321017,CAR,2,4718,PC81E83B9,3B9,PTP V
2420,2021-08-08 19:54:27,7673521,TRUCK,4,4177,PC9194382,382,PTC V
2421,2021-08-13 23:31:48,4956858,CAR,2,4777,PCB1132AC,2AC,PTC V
2422,2021-08-08 21:47:22,9993450,CAR,2,4189,PC7655FC1,FC1,PTP V
2423,2021-08-16 18:18:12,7561525,TRUCK,4,4976,PC5149039,039,PTP V
2424,2021-08-07 13:00:46,8108874,CAR,2,4893,PC3743587,587,PTC V
2425,2021-07-30 11:34:16,6655900,CAR,2,4992,PCFF0FEB0,EB0,PTE V
2426,2021-08-09 14:43:20,4698822,CAR,2,4873,PCE01E4DF,4DF,PTP V
2427,2021-08-08 03:28:10,5388815,CAR,2,4453,PC5EC8DF5,DF5,PTE V
2428,2021-07-30 04:43:07,9886417,CAR,2,4769,PC10C50DC,0DC,PTE V
2429,2021-08-22 12:27:16,5488910,CAR,2,4408,PC3B3BE8F,E8F,PTP V
2430,2021-08-21 07:56:09,3725986,CAR,2,4548,PC4486317,317,PTE V
2431,2021-08-13 05:13:41,9352049,TRUCK,4,4189,PC7655FC1,FC1,PTP V
2432,2021-08-09 18:23:22,1984622,CAR,2,4418,PCF6EECB2,CB2,PTP V
2433,2021-08-21 04:30:46,6697706,CAR,2,4414,PC40BD0F3,0F3,PTP V
2434,2021-08-09 11:36:07,1323739,TRUCK,4,4673,PC66E7418,418,PTP V
2435,2021-07-30 08:40:44,3216208,CAR,2,4949,PC86E9EB7,EB7,PTE V
2436,2021-08-22 06:04:30,4626751,CAR,2,4716,PCFCB0018,018,PTP V
2437,2021-07-31 12:51:02,5504023,CAR,2,4548,PC4486317,317,PTE V
2438,2021-08-21 21:16:08,2752020,CAR,2,4586,PC4A40D50,D50,PTP V
2439,2021-08-17 17:58:32,1060400,CAR,2,4131,PC4C9B108,108,PTC V
2440,2021-08-20 06:38:28,635938,CAR,2,4284,PC0DB49FD,9FD,PTE V
2441,2021-07-31 07:13:35,286361,CAR,2,4167,PC8453073,073,PTC V
2442,2021-08-01 20:06:20,2978497,CAR,2,4135,PCC943ECD,ECD,PTP V
2443,2021-08-13 17:16:26,9188647,CAR,2,4639,PC879E7AB,7AB,PTE V
2444,2021-08-20 08:27:45,3704819,CAR,2,4098,PC89C0554,554,PTP V
2445,2021-07-30 19:40:59,2705646,CAR,2,4765,PC795A0A3,0A3,PTP V
2446,2021-08-08 11:58:44,4282435,TRUCK,4,4389,PC7688C61,C61,PTE V
2447,2021-08-03 00:30:19,8884177,CAR,2,4293,PC2A27502,502,PTP V
2448,2021-08-16 09:03:13,5880487,CAR,2,4981,PC6B14C5D,C5D,PTE V
2449,2021-08-08 10:56:03,5864894,TRUCK,4,4235,PCFB11406,406,PTE V
2450,2021-08-01 23:32:33,850468,CAR,2,4126,PC74CE451,451,PTE V
2451,2021-08-15 11:48:22,5256095,TRUCK,4,4955,PCE36723C,23C,PTC V
2452,2021-08-17 10:15:11,4838062,VAN,2,4800,PCA4DF48A,48A,PTP V
2453,2021-08-18 08:40:46,5580721,VAN,2,4324,PC9C3D708,708,PTE V
2454,2021-08-10 16:48:20,8389825,VAN,2,5004,PC2111CF9,CF9,PTC V
2455,2021-08-18 12:05:14,2160458,CAR,2,4373,PC8806694,694,PTC V
2456,2021-08-17 18:31:43,2906379,CAR,2,4357,PC434FA62,A62,PTE V
2457,2021-08-08 07:20:08,8976339,CAR,2,4539,PC684859B,59B,PTP V
2458,2021-08-05 05:56:28,509471,CAR,2,4967,PC2AFCB31,B31,PTC V
2459,2021-08-16 14:07:56,9228444,CAR,2,4342,PCE7F2748,748,PTC V
2460,2021-08-07 11:52:53,739519,CAR,2,4241,PC7241796,796,PTE V
2461,2021-08-17 13:21:03,7338498,CAR,2,4470,PCB4FF8FA,8FA,PTP V
2462,2021-08-17 08:11:31,8819997,TRUCK,4,4251,PCB30E45F,45F,PTP V
2463,2021-08-18 01:30:00,3729795,TRUCK,4,4389,PC7688C61,C61,PTE V
2464,2021-08-10 02:01:43,6793174,TRUCK,4,4995,PCBE6ABE5,BE5,PTC V
2465,2021-07-30 10:27:54,8469780,TRUCK,4,4864,PC259547F,47F,PTE V
2466,2021-08-20 00:15:25,4625148,CAR,2,4593,PC3863F6A,F6A,PTP V
2467,2021-08-08 17:11:49,3664211,CAR,2,4932,PC46C4A27,A27,PTC V
2468,2021-08-07 15:58:35,3541118,CAR,2,4452,PC8C7C5D7,5D7,PTE V
2469,2021-08-14 15:47:20,9350175,TRUCK,4,4517,PC9AF321D,21D,PTC V
2470,2021-07-30 09:29:49,8661324,CAR,2,4819,PC454F09B,09B,PTC V
2471,2021-08-18 20:07:27,1348753,VAN,2,4473,PC51FDD60,D60,PTE V
2472,2021-08-19 21:52:52,6507004,VAN,2,4023,PC77793DF,3DF,PTC V
2473,2021-08-17 19:25:32,4234641,CAR,2,4323,PC1D9ADA9,DA9,PTP V
2474,2021-08-19 23:40:49,7017857,TRUCK,4,4176,PC11E9595,595,PTP V
2475,2021-08-05 21:20:50,2784669,CAR,2,4357,PC434FA62,A62,PTP V
2476,2021-08-16 05:04:29,3169810,CAR,2,4021,PC851E565,565,PTC V
2477,2021-08-04 10:44:42,9191731,TRUCK,4,4567,PC2C5C1F3,1F3,PTC V
2478,2021-08-08 06:08:09,8680760,CAR,2,4141,PC13CB69B,69B,PTP V
2479,2021-08-10 13:18:26,5810307,CAR,2,4121,PCEC57A8E,A8E,PTC V
2480,2021-08-13 20:13:25,624331,VAN,2,4832,PC34ECAB5,AB5,PTC V
2481,2021-08-01 21:57:29,7794242,CAR,2,4376,PCA283923,923,PTC V
2482,2021-07-31 09:30:13,8225604,CAR,2,4466,PC6E93A05,A05,PTC V
2483,2021-08-18 16:41:48,2625080,CAR,2,4829,PCEC030F2,0F2,PTP V
2484,2021-08-12 05:26:53,5144439,CAR,2,4951,PCE9CE23F,23F,PTP V
2485,2021-08-12 00:05:40,3790896,CAR,2,4102,PC8C9B099,099,PTP V
2486,2021-08-21 18:03:36,1283238,CAR,2,4246,PC95F5F6B,F6B,PTE V
2487,2021-07-30 19:05:02,8877352,TRUCK,4,4801,PC119E3A6,3A6,PTP V
2488,2021-08-02 13:19:07,4656256,CAR,2,4615,PC1ECBA39,A39,PTE V
2489,2021-08-18 18:07:00,2334164,TRUCK,4,4748,PCF2ECD29,D29,PTC V
2490,2021-08-05 07:09:15,3976368,TRUCK,4,4843,PC400DFFE,FFE,PTP V
2491,2021-08-04 18:40:59,3929327,CAR,2,4165,PC0D2B95C,95C,PTC V
2492,2021-08-20 19:44:07,8112065,TRUCK,4,4023,PC77793DF,3DF,PTC V
2493,2021-08-16 14:08:22,2442180,VAN,2,4411,PC3AA93E6,3E6,PTE V
2494,2021-07-30 08:31:26,6761455,CAR,2,4078,PC8473A64,A64,PTP V
2495,2021-08-19 08:08:25,278933,CAR,2,4966,PC4E6422C,22C,PTP V
2496,2021-08-08 02:26:16,7306445,CAR,2,4352,PC99B9343,343,PTP V
2497,2021-08-18 00:38:47,3936043,CAR,2,4514,PC374C341,341,PTP V
2498,2021-08-13 23:43:55,8247476,CAR,2,4457,PCFBF2259,259,PTC V
2499,2021-08-07 18:16:11,7529143,TRUCK,4,4491,PCA52F720,720,PTP V
2500,2021-08-21 17:27:58,456268,CAR,2,4230,PC19CE0DB,0DB,PTC V
2501,2021-08-14 19:04:20,1534775,TRUCK,4,4712,PC94168A2,8A2,PTP V
2502,2021-08-18 15:08:35,235822,VAN,2,4356,PCF1979AE,9AE,PTP V
2503,2021-08-14 09:54:00,8965339,CAR,2,4083,PC90346C9,6C9,PTP V
2504,2021-08-15 02:34:56,8140556,TRUCK,4,4129,PCA6127FF,7FF,PTP V
2505,2021-08-14 11:19:35,4245691,CAR,2,4545,PC419B1CB,1CB,PTC V
2506,2021-08-17 01:34:57,9562181,TRUCK,4,5002,PC585BD38,D38,PTP V
2507,2021-08-21 09:20:44,9369195,CAR,2,4426,PCC0E943C,43C,PTC V
2508,2021-08-14 14:24:08,6636018,TRUCK,4,4000,PC69C7DF3,DF3,PTP V
2509,2021-08-13 12:44:04,2767983,CAR,2,4350,PCEDD7E85,E85,PTE V
2510,2021-08-10 16:52:44,6468020,CAR,2,4747,PC5E524A1,4A1,PTE V
2511,2021-08-18 02:24:55,7030896,CAR,2,4470,PCB4FF8FA,8FA,PTE V
2512,2021-08-20 12:22:01,9040684,CAR,2,4957,PC8DFFE65,E65,PTP V
2513,2021-08-19 12:23:04,4323952,TRUCK,4,4789,PCBE8B2AB,2AB,PTE V
2514,2021-08-10 19:46:41,5363679,CAR,2,4637,PCE9C770E,70E,PTE V
2515,2021-08-12 23:45:20,2686707,CAR,2,4668,PCBB055C6,5C6,PTE V
2516,2021-08-13 14:15:33,8569812,CAR,2,4583,PC0567192,192,PTP V
2517,2021-07-31 05:05:15,7094424,TRUCK,4,4697,PCFDB2BA6,BA6,PTC V
2518,2021-08-08 19:45:49,9121330,TRUCK,4,4453,PC5EC8DF5,DF5,PTP V
2519,2021-08-13 01:58:20,739165,TRUCK,4,4816,PCB500A9F,A9F,PTE V
2520,2021-08-17 14:11:59,3366701,TRUCK,4,4373,PC8806694,694,PTP V
2521,2021-08-15 16:27:55,8475949,CAR,2,4648,PC576AD85,D85,PTE V
2522,2021-08-22 00:44:00,9157314,CAR,2,4841,PCE45DE8D,E8D,PTP V
2523,2021-08-04 00:23:58,1788348,CAR,2,4734,PCE4C5D8E,D8E,PTE V
2524,2021-08-08 23:10:02,9068512,TRUCK,4,4166,PCE450C55,C55,PTE V
2525,2021-08-20 11:55:12,5627735,CAR,2,4772,PC7368097,097,PTC V
2526,2021-08-11 00:41:57,5138193,CAR,2,4757,PC126524C,24C,PTC V
2527,2021-07-30 00:48:09,1247680,CAR,2,4987,PCF4A9637,637,PTE V
2528,2021-08-18 12:42:12,9562498,CAR,2,4672,PC03AE86F,86F,PTP V
2529,2021-08-16 15:21:50,5528211,TRUCK,4,4836,PCE78024A,24A,PTE V
2530,2021-08-05 00:47:32,3621157,CAR,2,4414,PC40BD0F3,0F3,PTP V
2531,2021-08-16 21:33:12,6595490,VAN,2,4430,PC52EA95D,95D,PTE V
2532,2021-08-14 21:31:43,9115257,VAN,2,4114,PC4CD2B81,B81,PTP V
2533,2021-08-02 01:07:34,470359,CAR,2,5007,PC869BDE8,DE8,PTE V
2534,2021-08-21 13:43:57,3215207,CAR,2,4932,PC46C4A27,A27,PTE V
2535,2021-08-11 11:28:52,9986413,CAR,2,4082,PCF86214E,14E,PTE V
2536,2021-08-16 17:04:50,235511,TRUCK,4,4120,PC6700C62,C62,PTC V
2537,2021-08-15 07:59:39,2680742,TRUCK,4,4198,PCB0994D1,4D1,PTE V
2538,2021-08-18 02:59:49,4862591,VAN,2,4891,PC57036DA,6DA,PTP V
2539,2021-08-04 03:26:06,1887312,CAR,2,4852,PC68969FB,9FB,PTC V
2540,2021-08-21 02:53:20,8533026,TRUCK,4,4600,PCB99E8F9,8F9,PTC V
2541,2021-08-01 10:18:31,6588186,CAR,2,4250,PCC695DB0,DB0,PTC V
2542,2021-08-08 17:16:47,4275984,CAR,2,4910,PC75BC2DF,2DF,PTP V
2543,2021-08-05 00:29:28,581996,CAR,2,4769,PC10C50DC,0DC,PTE V
2544,2021-08-17 03:32:43,5946672,TRUCK,4,4626,PC93E7766,766,PTE V
2545,2021-08-13 09:50:36,4965045,CAR,2,4102,PC8C9B099,099,PTC V
2546,2021-08-22 14:33:28,6775664,CAR,2,4478,PCB02917E,17E,PTE V
2547,2021-08-03 01:42:18,5256434,CAR,2,4074,PCCAFD014,014,PTC V
2548,2021-08-11 04:37:47,8940248,CAR,2,4376,PCA283923,923,PTP V
2549,2021-08-03 07:00:45,9388822,CAR,2,4479,PCCA36E4D,E4D,PTC V
2550,2021-08-03 07:24:18,5286416,TRUCK,4,4832,PC34ECAB5,AB5,PTC V
2551,2021-08-16 13:28:50,9492828,CAR,2,4553,PC1D57D7F,D7F,PTC V
2552,2021-08-13 07:47:38,2406598,TRUCK,4,4550,PC21A1833,833,PTC V
2553,2021-08-17 19:22:00,8914418,CAR,2,4564,PC29D136F,36F,PTE V
2554,2021-08-02 02:11:19,965869,VAN,2,4580,PC48664B7,4B7,PTE V
2555,2021-08-11 07:48:31,5027808,CAR,2,4333,PCCCAD2AC,2AC,PTE V
2556,2021-08-05 07:59:01,9616538,TRUCK,4,4285,PCB524A9F,A9F,PTC V
2557,2021-08-05 19:31:33,2354498,CAR,2,4497,PC76FDDEA,DEA,PTE V
2558,2021-08-21 12:10:14,9734520,CAR,2,4329,PCF9CCB5A,B5A,PTC V
2559,2021-08-21 20:51:27,1324683,VAN,2,4658,PC1A58039,039,PTE V
2560,2021-07-30 11:02:01,653766,TRUCK,4,4898,PC0AE9E1B,E1B,PTC V
2561,2021-07-30 00:23:45,168532,TRUCK,4,4139,PC924C594,594,PTC V
2562,2021-08-05 01:40:30,6652157,CAR,2,4081,PCC825DB2,DB2,PTE V
2563,2021-08-07 06:56:23,2976438,TRUCK,4,4194,PC96AD1EB,1EB,PTP V
2564,2021-08-02 21:26:19,5132790,CAR,2,4084,PC71D433F,33F,PTC V
2565,2021-08-14 15:19:45,4529955,CAR,2,4281,PC2804C85,C85,PTE V
2566,2021-08-12 00:42:18,1689578,CAR,2,4285,PCB524A9F,A9F,PTP V
2567,2021-08-04 16:13:33,7390427,CAR,2,4154,PC2C2EF9E,F9E,PTE V
2568,2021-08-15 04:36:16,212966,TRUCK,4,4928,PC16E79D4,9D4,PTP V
2569,2021-08-02 03:44:31,4626329,CAR,2,4066,PC883FCA9,CA9,PTC V
2570,2021-07-31 17:10:31,582983,CAR,2,4758,PCCE12794,794,PTE V
2571,2021-08-03 16:22:05,6415311,CAR,2,4679,PC88494D0,4D0,PTP V
2572,2021-08-08 23:55:20,2025201,VAN,2,4584,PC1085B78,B78,PTC V
2573,2021-08-16 07:41:14,6636442,VAN,2,4372,PC1E0F3B6,3B6,PTP V
2574,2021-08-06 11:42:03,520208,VAN,2,4801,PC119E3A6,3A6,PTE V
2575,2021-08-03 14:48:05,5924388,CAR,2,4695,PC4A5D62F,62F,PTP V
2576,2021-08-13 03:01:44,7397736,CAR,2,4752,PC99A4177,177,PTC V
2577,2021-08-17 20:38:59,8390915,CAR,2,4826,PCE1DDBB4,BB4,PTE V
2578,2021-08-02 07:08:30,767864,CAR,2,4786,PCB7F1F8A,F8A,PTE V
2579,2021-08-06 08:34:34,2244410,CAR,2,4219,PC40E6113,113,PTC V
2580,2021-08-07 10:02:04,6093278,CAR,2,4487,PCA92F2BD,2BD,PTC V
2581,2021-08-13 01:02:03,3708274,VAN,2,4586,PC4A40D50,D50,PTP V
2582,2021-08-12 21:05:42,7449792,CAR,2,4516,PCF7F25B7,5B7,PTC V
2583,2021-08-10 14:18:27,7449385,TRUCK,4,4869,PCF775FA6,FA6,PTE V
2584,2021-08-14 14:08:49,9883762,CAR,2,4711,PC340B4DE,4DE,PTE V
2585,2021-08-15 12:41:52,565331,CAR,2,4170,PC8CA1B15,B15,PTC V
2586,2021-08-03 15:34:20,1634285,CAR,2,4141,PC13CB69B,69B,PTP V
2587,2021-08-03 02:39:34,2903232,CAR,2,4627,PCA965149,149,PTE V
2588,2021-08-12 15:48:04,8958561,TRUCK,4,4782,PC6802C08,C08,PTE V
2589,2021-08-21 08:54:41,1023797,CAR,2,4453,PC5EC8DF5,DF5,PTP V
2590,2021-07-30 15:52:38,9172998,CAR,2,4156,PC6BCA05F,05F,PTC V
2591,2021-08-18 11:58:37,4904226,CAR,2,4462,PCE29AA1A,A1A,PTP V
2592,2021-08-05 14:10:34,9038987,CAR,2,4069,PCC48608C,08C,PTC V
2593,2021-08-18 00:47:39,6406590,VAN,2,4113,PC78D4122,122,PTE V
2594,2021-07-30 01:59:51,875114,VAN,2,4100,PCC6DD8D5,8D5,PTE V
2595,2021-08-12 02:47:23,5289058,TRUCK,4,4280,PC03A5F23,F23,PTP V
2596,2021-08-16 14:53:16,4749205,CAR,2,4600,PCB99E8F9,8F9,PTP V
2597,2021-08-13 06:09:04,9737963,TRUCK,4,4154,PC2C2EF9E,F9E,PTE V
2598,2021-08-01 18:27:51,6434826,CAR,2,4428,PCB616FAD,FAD,PTC V
2599,2021-08-13 03:37:13,7495880,CAR,2,4613,PCEBBFFB5,FB5,PTP V
2600,2021-08-17 02:21:41,5521690,CAR,2,4179,PC5738A82,A82,PTP V
2601,2021-08-09 08:30:03,8394179,CAR,2,4983,PCC3E4ADA,ADA,PTC V
2602,2021-08-04 04:50:25,5225129,CAR,2,4697,PCFDB2BA6,BA6,PTC V
2603,2021-07-29 16:38:29,6739882,TRUCK,4,4483,PC7F7FFF0,FF0,PTP V
2604,2021-08-04 17:55:37,9410321,CAR,2,4486,PC3AF69A3,9A3,PTC V
2605,2021-08-08 06:57:05,4117834,VAN,2,4990,PCFE28E92,E92,PTC V
2606,2021-08-16 02:09:11,9456387,CAR,2,4871,PC397AFA3,FA3,PTE V
2607,2021-08-09 01:03:09,7705841,CAR,2,4996,PC6A4F55F,55F,PTP V
2608,2021-08-03 19:14:33,7359785,CAR,2,4552,PC05BD3DF,3DF,PTC V
2609,2021-08-11 18:59:45,3271325,CAR,2,4941,PCA6403C1,3C1,PTC V
2610,2021-08-10 14:37:16,6452717,CAR,2,4794,PC4E1366E,66E,PTE V
2611,2021-08-06 17:49:31,2126880,TRUCK,4,4747,PC5E524A1,4A1,PTP V
2612,2021-07-29 22:28:41,4337936,CAR,2,4022,PCF135377,377,PTC V
2613,2021-08-08 16:28:13,6588286,VAN,2,4835,PC4645718,718,PTE V
2614,2021-08-03 22:57:33,9893046,CAR,2,4025,PC5ABB8E4,8E4,PTC V
2615,2021-08-04 15:41:09,7024032,TRUCK,4,4750,PCD987A9D,A9D,PTP V
2616,2021-08-13 07:08:16,9457014,CAR,2,4481,PC30AAE76,E76,PTC V
2617,2021-08-03 00:22:38,8990830,CAR,2,4809,PCAD363FC,3FC,PTP V
2618,2021-08-08 01:52:22,1544221,TRUCK,4,4353,PC79BCF60,F60,PTE V
2619,2021-08-22 13:48:04,6174370,TRUCK,4,4023,PC77793DF,3DF,PTP V
2620,2021-08-20 11:49:56,4311930,TRUCK,4,4031,PC0214185,185,PTE V
2621,2021-08-10 22:36:41,3950484,CAR,2,4596,PC6558A56,A56,PTC V
2622,2021-08-12 14:42:52,7868468,CAR,2,4442,PC05C2F86,F86,PTE V
2623,2021-08-11 03:14:04,2617757,VAN,2,5008,PC48D61BB,1BB,PTC V
2624,2021-08-14 08:47:01,4569280,CAR,2,4209,PC494D54E,54E,PTP V
2625,2021-08-01 11:57:12,49818,CAR,2,4621,PC9FB4E82,E82,PTC V
2626,2021-08-20 07:54:11,46925,CAR,2,4238,PCE0A2A2F,A2F,PTP V
2627,2021-08-12 03:19:27,6451013,CAR,2,4619,PC2EFBBE0,BE0,PTE V
2628,2021-08-20 18:08:40,8804024,CAR,2,4641,PCAA9F518,518,PTC V
2629,2021-08-01 13:47:02,680807,TRUCK,4,4520,PC8140983,983,PTP V
2630,2021-07-29 12:22:50,2895421,CAR,2,4723,PC20BD6E6,6E6,PTC V
2631,2021-08-09 23:42:25,5309249,CAR,2,4319,PCAD79413,413,PTE V
2632,2021-08-16 15:46:06,3964885,CAR,2,4867,PC5A6D86E,86E,PTP V
2633,2021-08-08 22:53:11,5318954,TRUCK,4,4282,PCCE002E5,2E5,PTP V
2634,2021-08-16 03:30:05,3123558,CAR,2,4943,PC0A5DC1F,C1F,PTE V
2635,2021-08-15 15:36:21,2537142,CAR,2,4431,PC3A23C14,C14,PTC V
2636,2021-08-05 08:10:21,4864249,CAR,2,4687,PC52E7369,369,PTC V
2637,2021-08-18 19:27:50,361048,VAN,2,4475,PCCC0D001,001,PTE V
2638,2021-08-01 09:50:37,7235543,TRUCK,4,4325,PC8FC83B3,3B3,PTC V
2639,2021-07-29 18:27:03,566308,CAR,2,4329,PCF9CCB5A,B5A,PTP V
2640,2021-08-10 06:40:38,9744593,CAR,2,4418,PCF6EECB2,CB2,PTP V
2641,2021-07-29 17:10:52,4841216,CAR,2,4741,PC85A4D4B,D4B,PTC V
2642,2021-08-02 20:37:19,5107345,CAR,2,4576,PC394C979,979,PTE V
2643,2021-07-30 10:33:31,3014741,CAR,2,4061,PC3A63A79,A79,PTE V
2644,2021-07-30 02:28:49,8133355,VAN,2,4820,PCC30C735,735,PTP V
2645,2021-08-12 05:21:32,2583669,CAR,2,4055,PCA06B2F1,2F1,PTP V
2646,2021-08-09 10:33:49,6500025,CAR,2,4071,PCDBBCB68,B68,PTP V
2647,2021-08-21 13:04:28,1157629,VAN,2,4906,PC3D58C5E,C5E,PTC V
2648,2021-08-03 17:34:28,5397450,CAR,2,4815,PC19C02F1,2F1,PTP V
2649,2021-08-11 12:57:53,8611035,CAR,2,4057,PC4B0DCD2,CD2,PTC V
2650,2021-08-19 05:29:33,1298769,VAN,2,4943,PC0A5DC1F,C1F,PTC V
2651,2021-08-14 15:16:57,2248516,CAR,2,4844,PCC48E3A8,3A8,PTP V
2652,2021-08-14 00:53:07,6278319,CAR,2,4419,PC99BB7A3,7A3,PTE V
2653,2021-08-18 09:35:49,4614307,TRUCK,4,4566,PC637A425,425,PTP V
2654,2021-08-14 13:02:52,2509139,VAN,2,4149,PC99F9ABD,ABD,PTE V
2655,2021-07-30 11:29:39,2986069,CAR,2,4288,PC12AA919,919,PTE V
2656,2021-07-31 18:30:07,2614861,CAR,2,4809,PCAD363FC,3FC,PTP V
2657,2021-08-18 15:55:51,28694,CAR,2,4483,PC7F7FFF0,FF0,PTC V
2658,2021-07-29 14:45:20,4039155,CAR,2,4326,PC356AE8F,E8F,PTE V
2659,2021-08-12 15:10:14,2787413,TRUCK,4,4142,PC7ACFF7C,F7C,PTP V
2660,2021-08-07 22:56:05,6142811,TRUCK,4,4248,PC45EBEBC,EBC,PTP V
2661,2021-08-13 00:55:56,1830669,VAN,2,4718,PC81E83B9,3B9,PTP V
2662,2021-08-09 18:52:28,5237693,VAN,2,4718,PC81E83B9,3B9,PTC V
2663,2021-08-10 21:12:49,993717,TRUCK,4,4110,PCF891CEB,CEB,PTP V
2664,2021-07-29 21:16:19,1529385,CAR,2,4200,PCBA86754,754,PTP V
2665,2021-08-12 22:20:37,5544386,CAR,2,4364,PCB33ACE8,CE8,PTC V
2666,2021-07-29 12:21:33,1041073,CAR,2,4947,PCE4A44BE,4BE,PTE V
2667,2021-08-19 19:25:05,5047709,VAN,2,4189,PC7655FC1,FC1,PTE V
2668,2021-08-18 19:32:19,58830,CAR,2,4157,PC7305E43,E43,PTP V
2669,2021-08-02 18:53:23,1847689,CAR,2,4738,PC06E9A80,A80,PTP V
2670,2021-08-09 19:35:40,6046631,TRUCK,4,4044,PC3546931,931,PTC V
2671,2021-08-16 00:17:11,7160838,CAR,2,4206,PCAC34A40,A40,PTE V
2672,2021-07-30 03:12:41,65143,TRUCK,4,4361,PC2E0C888,888,PTE V
2673,2021-07-31 17:39:18,9621393,CAR,2,4907,PCCEEF65A,65A,PTC V
2674,2021-08-22 05:24:45,6199844,CAR,2,4762,PC1A3D20B,20B,PTE V
2675,2021-08-12 13:29:22,9152093,CAR,2,4386,PC948D5B2,5B2,PTE V
2676,2021-08-21 03:56:54,4725600,VAN,2,4323,PC1D9ADA9,DA9,PTE V
2677,2021-08-14 18:30:03,113873,CAR,2,4493,PC124B4C0,4C0,PTC V
2678,2021-08-10 16:47:34,5733263,CAR,2,4425,PC41B834E,34E,PTE V
2679,2021-08-09 11:59:19,2363499,TRUCK,4,4778,PCCCADDBD,DBD,PTP V
2680,2021-08-05 13:25:09,7357884,CAR,2,4564,PC29D136F,36F,PTP V
2681,2021-08-03 05:43:40,7961905,CAR,2,4233,PC57279D0,9D0,PTE V
2682,2021-08-06 23:21:50,5376521,TRUCK,4,4883,PCB325DCD,DCD,PTP V
2683,2021-08-19 09:52:21,8726172,CAR,2,4207,PC76EDF79,F79,PTP V
2684,2021-08-21 11:46:27,631625,CAR,2,4971,PC0BD172F,72F,PTE V
2685,2021-08-05 13:02:03,9216749,TRUCK,4,4158,PCAA68777,777,PTC V
2686,2021-08-13 21:21:37,7608455,CAR,2,4717,PC44877F1,7F1,PTC V
2687,2021-08-03 00:37:24,9756739,TRUCK,4,4996,PC6A4F55F,55F,PTE V
2688,2021-08-17 11:48:31,8620692,CAR,2,4406,PC7A54E18,E18,PTC V
2689,2021-08-05 13:49:21,1329720,VAN,2,4854,PCB6F1968,968,PTP V
2690,2021-08-04 13:35:38,6975658,CAR,2,4173,PC0EB640E,40E,PTP V
2691,2021-08-08 05:34:48,8310131,TRUCK,4,4703,PC395ADCB,DCB,PTP V
2692,2021-08-06 11:51:37,8601722,TRUCK,4,4031,PC0214185,185,PTE V
2693,2021-08-06 20:36:42,365773,VAN,2,4069,PCC48608C,08C,PTE V
2694,2021-08-03 02:18:36,7224143,CAR,2,4691,PCFAB001F,01F,PTE V
2695,2021-08-20 19:30:02,4049180,CAR,2,4889,PC3547FAD,FAD,PTC V
2696,2021-08-04 04:05:39,9812817,CAR,2,4872,PC5B45CE7,CE7,PTC V
2697,2021-08-21 17:21:17,8630963,CAR,2,4294,PC867796D,96D,PTP V
2698,2021-08-17 02:06:38,2861661,CAR,2,4771,PC71FE98A,98A,PTE V
2699,2021-08-15 05:22:27,3679148,CAR,2,4862,PC3BDDA71,A71,PTE V
2700,2021-08-05 02:38:48,4655140,CAR,2,4898,PC0AE9E1B,E1B,PTP V
2701,2021-08-08 23:36:36,3141961,CAR,2,4894,PCDADB8C6,8C6,PTC V
2702,2021-08-10 05:45:27,7675709,CAR,2,4823,PC89A3BCF,BCF,PTP V
2703,2021-08-05 04:56:51,6277780,CAR,2,4910,PC75BC2DF,2DF,PTC V
2704,2021-08-02 07:13:42,4533513,CAR,2,4229,PCD0DDD3D,D3D,PTC V
2705,2021-08-15 08:29:05,119938,CAR,2,4137,PC4FA703F,03F,PTE V
2706,2021-08-16 14:49:19,742706,CAR,2,4255,PCB7E7138,138,PTC V
2707,2021-08-03 12:51:15,1310157,CAR,2,4192,PC74F6341,341,PTP V
2708,2021-07-29 15:37:26,3938752,VAN,2,4461,PCACD9839,839,PTP V
2709,2021-08-20 05:27:31,3469277,CAR,2,4638,PCB7AC8AA,8AA,PTE V
2710,2021-08-13 23:44:37,5036741,CAR,2,4557,PC6C80A46,A46,PTE V
2711,2021-08-20 18:21:31,6583554,CAR,2,4881,PCDE20E6F,E6F,PTE V
2712,2021-08-09 04:43:34,5049117,CAR,2,4688,PCCB4C86D,86D,PTP V
2713,2021-08-21 13:55:09,2085007,CAR,2,4801,PC119E3A6,3A6,PTC V
2714,2021-08-02 09:59:19,7670522,CAR,2,4574,PCC1F6F13,F13,PTP V
2715,2021-08-08 07:59:29,4536744,VAN,2,4275,PC1DA31F7,1F7,PTE V
2716,2021-08-12 04:13:38,6219580,TRUCK,4,4040,PCB335328,328,PTP V
2717,2021-08-19 18:08:01,3616124,CAR,2,4419,PC99BB7A3,7A3,PTP V
2718,2021-08-07 02:31:50,8974400,CAR,2,4990,PCFE28E92,E92,PTE V
2719,2021-07-31 16:33:06,1859742,TRUCK,4,4257,PC1AB9C93,C93,PTE V
2720,2021-08-19 01:43:21,2689863,CAR,2,4919,PC7A3A5CF,5CF,PTE V
2721,2021-08-05 14:32:30,2288764,CAR,2,4614,PC08910B7,0B7,PTP V
2722,2021-08-10 14:33:36,678672,CAR,2,4505,PCEF64195,195,PTP V
2723,2021-08-03 05:37:27,7115956,CAR,2,4035,PC1B1D964,964,PTP V
2724,2021-08-19 13:02:06,8015126,CAR,2,4073,PCA3797CA,7CA,PTE V
2725,2021-08-21 17:27:12,1062438,CAR,2,4925,PCE5E04A2,4A2,PTC V
2726,2021-08-18 12:26:01,8917434,CAR,2,4771,PC71FE98A,98A,PTP V
2727,2021-08-19 15:54:23,636417,CAR,2,4670,PC2BE6D87,D87,PTP V
2728,2021-08-11 14:51:46,3408053,TRUCK,4,4652,PC74A3585,585,PTE V
2729,2021-07-31 09:01:32,3265744,CAR,2,4876,PCDFCFF53,F53,PTP V
2730,2021-08-04 12:05:22,385464,CAR,2,4039,PC73BE1E2,1E2,PTE V
2731,2021-08-13 16:34:25,4442890,CAR,2,4477,PCA857A23,A23,PTC V
2732,2021-08-07 07:45:33,4961289,CAR,2,4433,PC1DEB043,043,PTE V
2733,2021-07-29 12:30:40,5444872,CAR,2,4981,PC6B14C5D,C5D,PTP V
2734,2021-08-08 16:50:09,9024579,CAR,2,4054,PC7E79FA0,FA0,PTE V
2735,2021-08-12 08:57:58,4272208,CAR,2,4003,PC83F544D,44D,PTC V
2736,2021-08-09 13:54:38,4789129,CAR,2,4086,PC23E470D,70D,PTP V
2737,2021-08-14 12:07:32,2200036,TRUCK,4,4264,PC9DFEBB0,BB0,PTP V
2738,2021-08-09 01:12:19,1064058,VAN,2,4158,PCAA68777,777,PTC V
2739,2021-08-12 20:45:35,4555702,CAR,2,4739,PC07289CF,9CF,PTP V
2740,2021-08-16 17:34:18,9859390,CAR,2,4626,PC93E7766,766,PTP V
2741,2021-08-12 13:14:55,469677,CAR,2,4458,PCECEBBFA,BFA,PTC V
2742,2021-07-30 19:05:40,8713573,CAR,2,4219,PC40E6113,113,PTE V
2743,2021-08-05 13:24:33,5680177,CAR,2,4329,PCF9CCB5A,B5A,PTE V
2744,2021-08-07 08:48:03,9316543,CAR,2,4108,PC7C55512,512,PTC V
2745,2021-08-01 05:46:47,3443833,TRUCK,4,4912,PC526B1EC,1EC,PTE V
2746,2021-08-03 09:32:00,72829,CAR,2,4226,PCDC5C9E2,9E2,PTP V
2747,2021-08-11 01:54:20,9671579,TRUCK,4,4781,PC0D83A1E,A1E,PTP V
2748,2021-08-13 03:47:03,265177,CAR,2,4379,PC87C8BC4,BC4,PTP V
2749,2021-08-13 10:08:11,5521943,CAR,2,4707,PC98F856D,56D,PTE V
2750,2021-08-08 02:59:07,217040,CAR,2,4705,PC174C464,464,PTP V
2751,2021-08-18 10:36:59,9001033,TRUCK,4,4379,PC87C8BC4,BC4,PTC V
2752,2021-08-07 23:15:38,3852520,TRUCK,4,4386,PC948D5B2,5B2,PTP V
2753,2021-08-01 13:30:32,4916937,CAR,2,4923,PC8A7A22A,22A,PTC V
2754,2021-08-11 07:07:40,7727245,TRUCK,4,4143,PC5F47DCF,DCF,PTP V
2755,2021-08-15 06:26:19,5284243,CAR,2,4496,PC3FD65C8,5C8,PTE V
2756,2021-08-15 03:37:28,2016164,TRUCK,4,4878,PC08F56A1,6A1,PTC V
2757,2021-08-03 09:55:33,7580167,CAR,2,4989,PC7D7AE48,E48,PTC V
2758,2021-08-01 08:52:52,3885881,CAR,2,4190,PCDFC1E11,E11,PTC V
2759,2021-08-19 19:18:56,1791001,TRUCK,4,4130,PC9F22103,103,PTE V
2760,2021-07-30 21:32:55,1193693,TRUCK,4,4682,PCBB02F92,F92,PTE V
2761,2021-08-14 10:42:34,4800344,CAR,2,4901,PCE32D2F9,2F9,PTE V
2762,2021-08-19 22:19:57,8415109,CAR,2,4882,PC8616CD8,CD8,PTE V
2763,2021-08-14 00:33:38,3557227,CAR,2,4187,PCF8D98DC,8DC,PTC V
2764,2021-08-13 11:39:36,1725486,CAR,2,4626,PC93E7766,766,PTC V
2765,2021-08-07 04:57:20,1578334,CAR,2,4262,PCCB12F8C,F8C,PTE V
2766,2021-08-12 14:19:20,7181419,VAN,2,4097,PCB1B5BEC,BEC,PTE V
2767,2021-08-18 11:18:37,6178202,TRUCK,4,4678,PCD175301,301,PTP V
2768,2021-08-22 03:41:12,1555473,CAR,2,4551,PCCA5979C,79C,PTC V
2769,2021-08-02 03:25:22,9309819,CAR,2,4322,PC262D624,624,PTE V
2770,2021-07-31 08:12:47,5486002,CAR,2,4541,PCC6A4CD8,CD8,PTE V
2771,2021-08-08 12:07:37,7949728,CAR,2,4448,PC19F3DBB,DBB,PTE V
2772,2021-07-29 12:55:33,5538154,TRUCK,4,4855,PC03C5C15,C15,PTP V
2773,2021-08-05 04:11:01,2105707,CAR,2,4032,PC578F087,087,PTP V
2774,2021-08-18 11:36:27,3512656,TRUCK,4,4661,PC1585DF2,DF2,PTE V
2775,2021-08-01 12:20:54,3241304,TRUCK,4,4649,PCC3608EC,8EC,PTP V
2776,2021-08-22 06:28:19,4790335,CAR,2,4104,PC0A63844,844,PTP V
2777,2021-08-17 12:46:20,2118537,CAR,2,4892,PC7AA5B2F,B2F,PTC V
2778,2021-08-07 00:49:21,2838609,CAR,2,4635,PC3C8B99E,99E,PTE V
2779,2021-08-05 11:40:28,1310521,CAR,2,4450,PC0B2B03E,03E,PTC V
2780,2021-08-21 08:57:29,273771,TRUCK,4,4482,PCB6A16D7,6D7,PTE V
2781,2021-08-07 11:40:14,9169841,CAR,2,4370,PC70B7987,987,PTP V
2782,2021-08-18 00:48:37,8176976,CAR,2,4057,PC4B0DCD2,CD2,PTP V
2783,2021-08-07 02:53:00,8380400,CAR,2,4402,PC85224D1,4D1,PTE V
2784,2021-07-31 00:57:44,2381258,VAN,2,4933,PC419F41D,41D,PTC V
2785,2021-08-13 08:24:14,652968,VAN,2,4044,PC3546931,931,PTP V
2786,2021-07-29 19:51:24,27178,CAR,2,4886,PC4D892D7,2D7,PTE V
2787,2021-08-17 07:12:50,9019046,CAR,2,4053,PC5F1CD83,D83,PTC V
2788,2021-08-14 04:48:55,6919300,TRUCK,4,4682,PCBB02F92,F92,PTP V
2789,2021-08-02 03:09:09,8236303,TRUCK,4,4631,PCFFF6463,463,PTE V
2790,2021-07-31 18:46:28,8790811,CAR,2,4432,PC4CBEFF5,FF5,PTC V
2791,2021-08-10 14:02:09,5725462,TRUCK,4,4964,PC52C0F45,F45,PTC V
2792,2021-08-02 14:18:21,3166479,CAR,2,4088,PC14008D5,8D5,PTP V
2793,2021-08-16 07:44:22,2336060,CAR,2,4699,PC2C1B987,987,PTC V
2794,2021-08-08 16:44:11,7300971,CAR,2,4765,PC795A0A3,0A3,PTE V
2795,2021-08-16 06:46:47,5036292,CAR,2,4942,PCD51A740,740,PTP V
2796,2021-08-02 15:28:14,56342,CAR,2,4234,PC5EBC1E1,1E1,PTP V
2797,2021-08-14 13:41:19,9022041,CAR,2,4375,PCAE085FE,5FE,PTE V
2798,2021-08-10 02:30:49,565508,TRUCK,4,4143,PC5F47DCF,DCF,PTP V
2799,2021-08-04 01:27:09,6548394,CAR,2,4603,PC485BE5B,E5B,PTC V
2800,2021-07-30 20:00:14,291552,CAR,2,4629,PCC5E1C04,C04,PTE V
2801,2021-08-07 07:50:31,3480875,TRUCK,4,4513,PC52F533C,33C,PTE V
2802,2021-08-15 14:46:48,4352375,VAN,2,4465,PCA227C6B,C6B,PTP V
2803,2021-08-18 20:14:30,8085096,VAN,2,4499,PC1EEDA04,A04,PTE V
2804,2021-08-03 19:43:37,898290,TRUCK,4,4144,PCAC7E4C1,4C1,PTE V
2805,2021-08-20 14:18:20,5026699,TRUCK,4,4481,PC30AAE76,E76,PTC V
2806,2021-08-11 08:37:16,6093454,CAR,2,4136,PCA579A65,A65,PTE V
2807,2021-08-21 13:36:55,3160757,CAR,2,4271,PC28E44E2,4E2,PTE V
2808,2021-08-16 10:10:24,8591194,TRUCK,4,4129,PCA6127FF,7FF,PTE V
2809,2021-08-02 17:35:48,3771364,CAR,2,4004,PCB278A8B,A8B,PTC V
2810,2021-08-13 10:29:43,4059948,TRUCK,4,4719,PCBD66B01,B01,PTE V
2811,2021-08-12 17:05:39,7438213,CAR,2,4122,PC8ED616E,16E,PTE V
2812,2021-07-30 01:37:42,2151785,VAN,2,4498,PCA770E5A,E5A,PTC V
2813,2021-08-08 15:37:48,8930261,CAR,2,4625,PC186BCA8,CA8,PTP V
2814,2021-08-04 10:16:13,848357,CAR,2,4497,PC76FDDEA,DEA,PTP V
2815,2021-08-06 09:57:48,1314858,CAR,2,4131,PC4C9B108,108,PTP V
2816,2021-08-12 07:43:05,2055196,CAR,2,4978,PCF0B5E85,E85,PTE V
2817,2021-08-16 12:38:02,2688320,CAR,2,4837,PCA10FFA0,FA0,PTC V
2818,2021-08-04 16:25:26,4509179,TRUCK,4,4876,PCDFCFF53,F53,PTC V
2819,2021-08-22 03:50:26,8009184,TRUCK,4,4459,PCD9CAD56,D56,PTP V
2820,2021-08-03 13:23:54,9378564,TRUCK,4,4243,PCC4F7DCE,DCE,PTE V
2821,2021-08-17 07:51:18,5414285,VAN,2,4698,PC8BCEB19,B19,PTP V
2822,2021-08-09 14:19:00,9482885,TRUCK,4,4477,PCA857A23,A23,PTC V
2823,2021-08-10 04:03:48,226824,CAR,2,4363,PC62E1338,338,PTC V
2824,2021-08-10 20:50:38,6608771,TRUCK,4,4719,PCBD66B01,B01,PTE V
2825,2021-07-30 02:44:16,8017386,TRUCK,4,4766,PCE36658B,58B,PTC V
2826,2021-08-02 15:15:58,126909,CAR,2,4664,PC52D063A,63A,PTE V
2827,2021-08-04 11:09:10,2839846,TRUCK,4,4768,PC7BEFC3B,C3B,PTE V
2828,2021-08-05 07:49:53,833041,CAR,2,4218,PC8DF4919,919,PTP V
2829,2021-08-10 14:23:33,9349469,CAR,2,4831,PC0EC3E54,E54,PTE V
2830,2021-08-10 21:14:07,2380250,CAR,2,4012,PCEF5C190,190,PTC V
2831,2021-08-19 00:22:48,4121107,VAN,2,4977,PCB077F18,F18,PTC V
2832,2021-08-18 20:31:08,7244230,CAR,2,4089,PC3CCA187,187,PTC V
2833,2021-08-09 16:12:33,6860644,CAR,2,4231,PC016D687,687,PTP V
2834,2021-08-16 16:00:58,3809719,TRUCK,4,4899,PC4967767,767,PTE V
2835,2021-08-17 22:52:16,2696312,CAR,2,4976,PC5149039,039,PTE V
2836,2021-08-06 15:15:10,9035254,CAR,2,4850,PC4061987,987,PTE V
2837,2021-08-12 02:55:35,7248809,TRUCK,4,4572,PCC9756B2,6B2,PTC V
2838,2021-08-02 21:19:15,7674003,TRUCK,4,4820,PCC30C735,735,PTE V
2839,2021-08-06 21:50:55,2582592,CAR,2,4228,PC4F78F1B,F1B,PTP V
2840,2021-08-03 08:22:10,642392,CAR,2,4402,PC85224D1,4D1,PTC V
2841,2021-07-30 19:11:34,9922801,CAR,2,4216,PC53B475D,75D,PTP V
2842,2021-08-04 04:29:34,8960575,TRUCK,4,4331,PC47300D9,0D9,PTC V
2843,2021-08-15 21:35:54,5184513,CAR,2,4402,PC85224D1,4D1,PTE V
2844,2021-08-18 15:21:37,4599731,VAN,2,4046,PCAC345FD,5FD,PTP V
2845,2021-08-17 02:26:19,7868102,CAR,2,4926,PCCBCFEDE,EDE,PTE V
2846,2021-08-02 00:04:44,5516399,CAR,2,4283,PC953B572,572,PTE V
2847,2021-08-12 07:33:24,2647112,VAN,2,4275,PC1DA31F7,1F7,PTP V
2848,2021-08-13 08:48:30,7287156,TRUCK,4,4564,PC29D136F,36F,PTP V
2849,2021-08-12 01:06:52,8805942,CAR,2,4841,PCE45DE8D,E8D,PTP V
2850,2021-08-22 12:27:30,9932368,CAR,2,4975,PC818101A,01A,PTE V
2851,2021-08-11 14:25:54,8494078,CAR,2,4306,PC5D6563A,63A,PTE V
2852,2021-08-05 00:24:44,595305,CAR,2,4349,PC5AB6779,779,PTP V
2853,2021-08-03 04:31:23,5969448,TRUCK,4,5006,PC7A260F1,0F1,PTP V
2854,2021-08-12 00:04:07,1720106,CAR,2,4050,PC822E359,359,PTP V
2855,2021-08-20 08:21:38,1979691,CAR,2,4016,PCCD7399B,99B,PTP V
2856,2021-08-15 21:02:49,5112428,CAR,2,4963,PC704EF75,F75,PTC V
2857,2021-08-09 16:50:22,9870017,CAR,2,4901,PCE32D2F9,2F9,PTE V
2858,2021-08-07 12:57:38,187946,CAR,2,4910,PC75BC2DF,2DF,PTE V
2859,2021-08-13 23:52:48,9210479,CAR,2,4902,PC425C6EC,6EC,PTC V
2860,2021-08-07 14:50:37,7608023,TRUCK,4,4838,PCEECD973,973,PTE V
2861,2021-08-21 22:06:21,7906992,CAR,2,4124,PC3338D42,D42,PTC V
2862,2021-08-22 08:43:38,1820740,CAR,2,4133,PC30FC453,453,PTP V
2863,2021-08-18 10:24:48,8119310,CAR,2,4907,PCCEEF65A,65A,PTP V
2864,2021-08-09 02:56:45,9398897,VAN,2,4426,PCC0E943C,43C,PTP V
2865,2021-08-11 03:15:15,4259801,VAN,2,4119,PC9EBEDB5,DB5,PTP V
2866,2021-08-05 01:04:22,4398365,CAR,2,4115,PCF5D4B0A,B0A,PTP V
2867,2021-08-16 00:23:30,4388357,CAR,2,4119,PC9EBEDB5,DB5,PTE V
2868,2021-08-22 03:24:44,9955496,CAR,2,4057,PC4B0DCD2,CD2,PTP V
2869,2021-08-19 11:43:06,651548,CAR,2,4007,PCDF9F773,773,PTE V
2870,2021-08-06 03:33:37,8056394,CAR,2,4781,PC0D83A1E,A1E,PTP V
2871,2021-08-17 03:20:45,2211603,VAN,2,4566,PC637A425,425,PTP V
2872,2021-07-29 13:36:38,1605620,CAR,2,4039,PC73BE1E2,1E2,PTC V
2873,2021-08-16 23:39:54,5425988,CAR,2,4068,PC55432DA,2DA,PTP V
2874,2021-08-20 15:02:07,267009,VAN,2,4488,PC19D06B0,6B0,PTP V
2875,2021-08-07 15:21:16,8487780,CAR,2,4762,PC1A3D20B,20B,PTC V
2876,2021-08-12 10:05:20,1376788,CAR,2,4637,PCE9C770E,70E,PTC V
2877,2021-08-21 21:13:00,8486928,CAR,2,4623,PCAA67227,227,PTC V
2878,2021-08-17 07:04:33,831732,CAR,2,4030,PCA8A9AA8,AA8,PTE V
2879,2021-08-08 20:23:43,1878798,CAR,2,4978,PCF0B5E85,E85,PTE V
2880,2021-08-10 02:15:23,2200855,CAR,2,4579,PC926F0A9,0A9,PTP V
2881,2021-08-16 03:18:12,7261898,TRUCK,4,4998,PCD9C5406,406,PTP V
2882,2021-08-09 01:36:45,2156552,CAR,2,4268,PC6CC51DA,1DA,PTP V
2883,2021-08-11 18:32:09,7787489,CAR,2,4878,PC08F56A1,6A1,PTE V
2884,2021-08-05 11:06:22,273188,CAR,2,4075,PC2125618,618,PTE V
2885,2021-07-31 09:16:01,9730773,CAR,2,4669,PC36675CE,5CE,PTP V
2886,2021-08-21 14:48:41,9280057,TRUCK,4,4324,PC9C3D708,708,PTC V
2887,2021-08-18 04:06:47,9759910,CAR,2,4894,PCDADB8C6,8C6,PTP V
2888,2021-08-12 18:47:04,3109388,CAR,2,4611,PC2EBEAB9,AB9,PTE V
2889,2021-08-09 10:52:53,687719,VAN,2,4557,PC6C80A46,A46,PTC V
2890,2021-08-01 03:58:39,2868207,CAR,2,4604,PC0553E32,E32,PTP V
2891,2021-07-31 00:24:00,3843033,VAN,2,4813,PCACF7982,982,PTP V
2892,2021-08-15 03:47:08,3999326,CAR,2,4564,PC29D136F,36F,PTE V
2893,2021-08-07 06:53:35,3752633,CAR,2,4985,PCCA71D2C,D2C,PTP V
2894,2021-08-15 17:06:54,5999828,CAR,2,4993,PC0F0AB4E,B4E,PTE V
2895,2021-08-08 00:34:08,3628767,CAR,2,4473,PC51FDD60,D60,PTE V
2896,2021-07-29 14:13:00,5838867,CAR,2,4395,PC6F25DF0,DF0,PTC V
2897,2021-08-20 22:57:29,669022,TRUCK,4,4789,PCBE8B2AB,2AB,PTE V
2898,2021-08-06 19:53:04,3461467,CAR,2,4070,PCEECA8B2,8B2,PTP V
2899,2021-08-09 02:17:10,1720666,TRUCK,4,5000,PCFE7F7FE,7FE,PTE V
2900,2021-08-11 21:37:00,7401182,CAR,2,4887,PC81776BA,6BA,PTC V
2901,2021-08-14 12:25:49,5255067,CAR,2,4011,PC680DEC6,EC6,PTE V
2902,2021-08-11 15:01:42,3305060,CAR,2,4845,PCEEC0DB3,DB3,PTE V
2903,2021-08-07 11:12:16,929460,CAR,2,4251,PCB30E45F,45F,PTC V
2904,2021-08-16 16:37:28,3546229,CAR,2,4949,PC86E9EB7,EB7,PTC V
2905,2021-08-08 22:30:45,6217377,CAR,2,4430,PC52EA95D,95D,PTE V
2906,2021-08-01 11:22:12,6919079,CAR,2,4308,PC94E7A96,A96,PTE V
2907,2021-08-01 09:23:54,8627108,CAR,2,4559,PC93AAEC9,EC9,PTC V
2908,2021-08-10 20:12:38,5626312,CAR,2,4092,PC40C2E00,E00,PTE V
2909,2021-08-21 01:02:29,9106993,CAR,2,4738,PC06E9A80,A80,PTE V
2910,2021-08-03 12:31:33,9672787,CAR,2,4538,PCDE5402C,02C,PTP V
2911,2021-08-07 22:45:08,224884,VAN,2,4024,PC91E3A87,A87,PTE V
2912,2021-08-11 00:16:13,5241020,VAN,2,4586,PC4A40D50,D50,PTE V
2913,2021-08-11 19:45:27,781918,CAR,2,4411,PC3AA93E6,3E6,PTC V
2914,2021-08-07 18:17:42,9713755,CAR,2,4783,PC9889263,263,PTP V
2915,2021-08-16 13:00:31,5170251,CAR,2,4502,PCB2CC82C,82C,PTE V
2916,2021-08-06 21:57:24,357895,CAR,2,4754,PC99AE725,725,PTP V
2917,2021-08-22 12:23:55,8292026,VAN,2,4452,PC8C7C5D7,5D7,PTC V
2918,2021-08-08 19:06:40,6811083,CAR,2,4975,PC818101A,01A,PTP V
2919,2021-08-06 20:44:08,6131327,VAN,2,4138,PC79E328A,28A,PTC V
2920,2021-08-14 10:17:52,5008679,TRUCK,4,4892,PC7AA5B2F,B2F,PTP V
2921,2021-08-11 06:49:25,4848191,TRUCK,4,4823,PC89A3BCF,BCF,PTP V
2922,2021-08-06 01:04:34,791157,CAR,2,4978,PCF0B5E85,E85,PTE V
2923,2021-07-31 01:11:48,3501067,TRUCK,4,4714,PC9B747F8,7F8,PTC V
2924,2021-08-04 04:06:20,2571468,TRUCK,4,4393,PC93CE517,517,PTP V
2925,2021-08-14 14:45:34,4881293,CAR,2,4877,PC155D90A,90A,PTE V
2926,2021-08-19 02:30:09,3729824,CAR,2,4687,PC52E7369,369,PTP V
2927,2021-08-10 23:32:10,8780569,CAR,2,4718,PC81E83B9,3B9,PTE V
2928,2021-08-10 23:51:09,5122968,CAR,2,4027,PCE7A4F34,F34,PTP V
2929,2021-08-05 13:35:34,9291683,CAR,2,4962,PCF858E11,E11,PTP V
2930,2021-08-21 02:30:56,6287933,CAR,2,4665,PCF63C15F,15F,PTP V
2931,2021-08-22 17:05:06,208607,TRUCK,4,4728,PC07BF95F,95F,PTE V
2932,2021-08-18 21:13:00,5301333,CAR,2,4018,PCCB2657A,57A,PTC V
2933,2021-07-30 11:34:03,8728781,CAR,2,4904,PC36C6441,441,PTP V
2934,2021-08-13 05:17:39,550414,CAR,2,4228,PC4F78F1B,F1B,PTP V
2935,2021-08-13 02:53:31,8386973,TRUCK,4,4785,PC787D664,664,PTE V
2936,2021-08-11 08:47:22,3983559,CAR,2,4162,PC51A39A7,9A7,PTC V
2937,2021-07-31 13:04:53,4058953,CAR,2,4253,PC82A16E6,6E6,PTC V
2938,2021-08-06 14:14:26,1464111,VAN,2,4361,PC2E0C888,888,PTE V
2939,2021-08-12 12:48:35,3346180,CAR,2,4243,PCC4F7DCE,DCE,PTC V
2940,2021-08-19 01:17:17,5726688,CAR,2,4608,PCACD1BEE,BEE,PTP V
2941,2021-08-15 01:55:09,8794304,TRUCK,4,4697,PCFDB2BA6,BA6,PTP V
2942,2021-08-03 09:23:09,7154268,TRUCK,4,4884,PC3FB1BB6,BB6,PTP V
2943,2021-08-14 12:14:17,8920300,TRUCK,4,4846,PCBABD060,060,PTP V
2944,2021-07-29 18:57:44,4485145,CAR,2,4151,PC0AB2B55,B55,PTP V
2945,2021-08-18 15:40:40,2070638,CAR,2,4877,PC155D90A,90A,PTC V
2946,2021-08-11 15:48:19,3213191,CAR,2,4062,PCDA37101,101,PTE V
2947,2021-07-29 20:40:24,6009553,CAR,2,4740,PC04EDDB4,DB4,PTC V
2948,2021-08-11 17:56:05,4525550,TRUCK,4,4183,PCF5E7754,754,PTE V
2949,2021-08-04 12:30:44,6122862,TRUCK,4,4370,PC70B7987,987,PTP V
2950,2021-08-14 12:45:25,3238284,CAR,2,4494,PC1592ACA,ACA,PTE V
2951,2021-07-31 11:49:20,7691955,CAR,2,4339,PCDE1D204,204,PTP V
2952,2021-07-31 14:50:44,263539,CAR,2,4136,PCA579A65,A65,PTC V
2953,2021-08-12 11:22:04,6581057,CAR,2,5003,PCAC9371E,71E,PTE V
2954,2021-08-04 00:58:27,6992288,CAR,2,4333,PCCCAD2AC,2AC,PTP V
2955,2021-08-16 09:54:53,1178799,CAR,2,4436,PC0CF9451,451,PTE V
2956,2021-08-13 03:32:53,9827902,VAN,2,4385,PC148C815,815,PTE V
2957,2021-08-06 17:45:52,9208164,CAR,2,4942,PCD51A740,740,PTE V
2958,2021-08-13 15:02:32,3660284,CAR,2,4023,PC77793DF,3DF,PTE V
2959,2021-08-15 01:51:01,4168284,VAN,2,4042,PC5D4DE09,E09,PTC V
2960,2021-08-11 17:11:06,8870705,CAR,2,4647,PCDD56814,814,PTC V
2961,2021-08-05 07:21:35,9713526,CAR,2,4610,PCA4D3E9B,E9B,PTP V
2962,2021-08-07 09:44:45,4580178,CAR,2,4319,PCAD79413,413,PTE V
2963,2021-07-31 07:46:24,2266444,CAR,2,4532,PC8DD921E,21E,PTP V
2964,2021-07-29 14:34:34,1920617,CAR,2,4866,PC3137434,434,PTE V
2965,2021-08-15 01:12:34,9592860,CAR,2,4397,PCB070250,250,PTE V
2966,2021-08-22 04:43:08,978706,TRUCK,4,4348,PCD66314D,14D,PTE V
2967,2021-08-11 19:02:38,4433962,CAR,2,4857,PC59F4E22,E22,PTP V
2968,2021-08-22 01:06:50,5280547,CAR,2,4151,PC0AB2B55,B55,PTE V
2969,2021-08-21 00:32:31,9608324,CAR,2,4518,PCC7B407A,07A,PTC V
2970,2021-08-10 15:59:28,7407420,CAR,2,4622,PCF31BD97,D97,PTE V
2971,2021-08-20 08:54:20,6935853,CAR,2,4338,PC6203962,962,PTE V
2972,2021-08-05 10:26:07,827626,TRUCK,4,4757,PC126524C,24C,PTC V
2973,2021-08-03 09:42:07,1380070,VAN,2,4691,PCFAB001F,01F,PTC V
2974,2021-08-01 13:30:36,4105360,CAR,2,4981,PC6B14C5D,C5D,PTC V
2975,2021-08-11 21:54:20,7640348,CAR,2,4048,PC1FE6483,483,PTP V
2976,2021-07-31 15:08:49,3451272,CAR,2,4781,PC0D83A1E,A1E,PTC V
2977,2021-08-21 17:19:38,6610643,CAR,2,4115,PCF5D4B0A,B0A,PTC V
2978,2021-08-14 07:25:54,4778919,CAR,2,4412,PC821BC98,C98,PTC V
2979,2021-08-04 20:25:42,8983354,CAR,2,4682,PCBB02F92,F92,PTP V
2980,2021-08-14 12:35:48,1654079,CAR,2,4298,PC3E474F6,4F6,PTE V
2981,2021-08-20 10:08:39,4832452,CAR,2,4467,PCF5E0389,389,PTC V
2982,2021-08-01 19:15:30,5053890,CAR,2,4604,PC0553E32,E32,PTE V
2983,2021-08-09 23:48:25,7224391,CAR,2,4909,PCDED6F20,F20,PTC V
2984,2021-08-06 05:04:53,4243256,CAR,2,4111,PC07F012A,12A,PTP V
2985,2021-08-07 02:14:20,3761184,CAR,2,4928,PC16E79D4,9D4,PTE V
2986,2021-08-02 20:03:41,4147615,CAR,2,4483,PC7F7FFF0,FF0,PTC V
2987,2021-08-10 14:54:00,9499316,TRUCK,4,4852,PC68969FB,9FB,PTP V
2988,2021-08-01 07:14:43,8008301,CAR,2,4827,PC7D68CD9,CD9,PTE V
2989,2021-08-04 15:46:50,8118452,TRUCK,4,4666,PCE8CBA37,A37,PTE V
2990,2021-08-09 23:04:04,5740854,CAR,2,4692,PC1CDFCF6,CF6,PTC V
2991,2021-08-05 19:10:07,908982,CAR,2,4501,PC5D41947,947,PTP V
2992,2021-07-31 08:03:07,1616597,TRUCK,4,4930,PC22F748B,48B,PTP V
2993,2021-08-05 02:54:05,671310,CAR,2,4778,PCCCADDBD,DBD,PTE V
2994,2021-08-11 07:50:03,1225326,TRUCK,4,4672,PC03AE86F,86F,PTP V
2995,2021-08-04 03:56:22,7807921,VAN,2,4097,PCB1B5BEC,BEC,PTC V
2996,2021-08-08 05:33:45,7259326,CAR,2,4033,PC783B5FC,5FC,PTP V
2997,2021-07-29 11:41:52,7802776,CAR,2,4519,PC92A6471,471,PTP V
2998,2021-08-05 12:55:54,6603295,TRUCK,4,4790,PC2387B02,B02,PTC V
2999,2021-08-12 22:52:02,9926082,CAR,2,4390,PC983A913,913,PTC V
3000,2021-08-13 00:52:39,7933728,CAR,2,4107,PC7607A5D,A5D,PTC V
3001,2021-08-07 00:12:41,9029580,CAR,2,4482,PCB6A16D7,6D7,PTP V
3002,2021-08-10 01:41:37,295539,CAR,2,4811,PCBF83C7A,C7A,PTC V
3003,2021-08-12 10:08:40,480396,CAR,2,4580,PC48664B7,4B7,PTC V
3004,2021-08-04 12:06:45,5857166,CAR,2,4729,PC5170BF4,BF4,PTC V
3005,2021-08-01 02:06:01,3116688,TRUCK,4,4256,PC9DD0BBD,BBD,PTP V
3006,2021-08-21 19:49:06,8403299,CAR,2,4204,PC5881E06,E06,PTE V
3007,2021-07-30 22:45:53,7621099,CAR,2,4713,PCD4A1214,214,PTE V
3008,2021-08-06 23:39:35,4856438,VAN,2,4120,PC6700C62,C62,PTE V
3009,2021-08-20 10:33:23,2468442,CAR,2,4076,PC47B8825,825,PTC V
3010,2021-08-15 14:27:05,5027932,CAR,2,4620,PC43973F9,3F9,PTP V
3011,2021-08-07 15:26:19,216964,VAN,2,4829,PCEC030F2,0F2,PTP V
3012,2021-08-05 10:50:44,935411,VAN,2,4865,PCCACA741,741,PTE V
3013,2021-08-06 23:56:02,2463408,CAR,2,4686,PCD6E5E77,E77,PTP V
3014,2021-08-08 01:44:42,5366494,CAR,2,4448,PC19F3DBB,DBB,PTP V
3015,2021-08-14 14:04:06,4289120,TRUCK,4,4484,PCEF56843,843,PTP V
3016,2021-08-16 13:16:46,6163135,VAN,2,4565,PC388BB83,B83,PTE V
3017,2021-08-15 17:56:26,334540,TRUCK,4,4530,PCA33A9A8,9A8,PTC V
3018,2021-08-04 21:24:33,1645675,TRUCK,4,4386,PC948D5B2,5B2,PTP V
3019,2021-08-22 11:24:47,6448838,CAR,2,4085,PC6150735,735,PTE V
3020,2021-08-04 21:11:40,4448071,CAR,2,4828,PCF712D1A,D1A,PTP V
3021,2021-08-15 03:20:08,3949985,TRUCK,4,4912,PC526B1EC,1EC,PTE V
3022,2021-08-01 17:48:12,6505241,TRUCK,4,4630,PCA26D872,872,PTE V
3023,2021-08-20 18:02:36,7654878,TRUCK,4,4531,PC857F4A0,4A0,PTP V
3024,2021-07-29 14:36:31,5072147,TRUCK,4,4343,PC0F6325D,25D,PTE V
3025,2021-08-11 19:16:25,7737222,VAN,2,4084,PC71D433F,33F,PTC V
3026,2021-08-17 12:33:12,5361438,VAN,2,4618,PC8F4AF85,F85,PTE V
3027,2021-08-19 08:01:19,7624778,CAR,2,4234,PC5EBC1E1,1E1,PTE V
3028,2021-07-31 04:19:51,8032554,TRUCK,4,4025,PC5ABB8E4,8E4,PTP V
3029,2021-08-21 06:06:50,3631537,CAR,2,4681,PCBEB4D23,D23,PTE V
3030,2021-08-07 23:34:08,6574052,CAR,2,4141,PC13CB69B,69B,PTC V
3031,2021-08-03 04:15:20,6596226,TRUCK,4,4144,PCAC7E4C1,4C1,PTE V
3032,2021-08-02 00:59:37,318095,VAN,2,4103,PC2B868A9,8A9,PTC V
3033,2021-08-15 11:19:30,4308097,CAR,2,4456,PC8DFF744,744,PTC V
3034,2021-08-18 05:31:20,5461764,CAR,2,4753,PC6AA246E,46E,PTP V
3035,2021-08-21 02:00:12,2312712,CAR,2,4858,PC94DC1E6,1E6,PTE V
3036,2021-08-19 09:59:57,2785288,CAR,2,4641,PCAA9F518,518,PTE V
3037,2021-08-21 04:11:03,8407578,CAR,2,4297,PCDE89544,544,PTC V
3038,2021-08-07 19:06:47,9414721,CAR,2,4474,PCFEAE55E,55E,PTP V
3039,2021-08-17 13:50:30,6033424,TRUCK,4,4963,PC704EF75,F75,PTC V
3040,2021-08-22 15:22:15,8818274,TRUCK,4,4337,PCCF6A454,454,PTP V
3041,2021-08-11 17:53:15,7768864,CAR,2,4440,PCBE1B45D,45D,PTC V
3042,2021-08-05 12:52:06,9385039,CAR,2,4195,PC308070B,70B,PTC V
3043,2021-08-13 11:58:09,9968412,CAR,2,4005,PCB3DF742,742,PTC V
3044,2021-08-04 08:25:20,4924971,CAR,2,4704,PC47FBB07,B07,PTC V
3045,2021-08-17 18:47:08,6109450,VAN,2,5004,PC2111CF9,CF9,PTE V
3046,2021-08-21 11:37:43,6359578,CAR,2,4578,PC90D44D0,4D0,PTC V
3047,2021-08-15 01:47:21,3516169,CAR,2,4560,PC5030572,572,PTC V
3048,2021-08-16 22:52:18,6775371,CAR,2,4226,PCDC5C9E2,9E2,PTP V
3049,2021-07-31 11:11:27,6027952,CAR,2,4968,PC251D4C1,4C1,PTC V
3050,2021-08-16 05:59:36,7434849,CAR,2,4111,PC07F012A,12A,PTE V
3051,2021-08-01 22:16:49,3078381,CAR,2,4101,PCCC8F243,243,PTC V
3052,2021-08-03 06:15:18,999203,VAN,2,4303,PC2E2E0C0,0C0,PTC V
3053,2021-08-12 13:21:22,5619071,CAR,2,4679,PC88494D0,4D0,PTE V
3054,2021-08-21 06:26:13,495039,CAR,2,4802,PCBDD55F1,5F1,PTE V
3055,2021-08-10 22:24:18,2050637,CAR,2,4546,PCEF3EBBC,BBC,PTE V
3056,2021-08-12 13:34:35,4263435,CAR,2,4514,PC374C341,341,PTP V
3057,2021-08-03 09:37:51,5464338,CAR,2,4789,PCBE8B2AB,2AB,PTP V
3058,2021-08-19 14:50:22,4232451,VAN,2,4829,PCEC030F2,0F2,PTP V
3059,2021-08-19 22:26:30,7216285,VAN,2,4484,PCEF56843,843,PTC V
3060,2021-08-20 10:18:58,8531251,CAR,2,4143,PC5F47DCF,DCF,PTC V
3061,2021-08-05 20:56:40,2499797,CAR,2,4410,PC6EFC03B,03B,PTE V
3062,2021-08-06 18:22:58,7581059,CAR,2,4013,PCE5BA2CE,2CE,PTP V
3063,2021-08-07 09:42:41,4709315,TRUCK,4,4869,PCF775FA6,FA6,PTC V
3064,2021-08-04 01:18:11,2934889,CAR,2,4815,PC19C02F1,2F1,PTP V
3065,2021-08-21 13:20:20,3199953,CAR,2,4078,PC8473A64,A64,PTC V
3066,2021-08-03 18:23:50,9787963,TRUCK,4,4813,PCACF7982,982,PTP V
3067,2021-08-12 13:17:52,3757104,CAR,2,4208,PC1E49F6B,F6B,PTC V
3068,2021-08-16 09:28:47,7672316,CAR,2,4135,PCC943ECD,ECD,PTE V
3069,2021-08-19 02:08:49,8103565,VAN,2,4725,PCB905D54,D54,PTE V
3070,2021-08-13 13:38:30,3883896,TRUCK,4,4556,PC18C31F6,1F6,PTE V
3071,2021-08-15 02:16:01,7508791,TRUCK,4,4800,PCA4DF48A,48A,PTP V
3072,2021-08-17 11:28:30,7510715,TRUCK,4,4562,PC4C95CA2,CA2,PTE V
3073,2021-08-07 05:14:58,9033437,CAR,2,4781,PC0D83A1E,A1E,PTP V
3074,2021-07-31 10:04:45,1772699,TRUCK,4,4318,PCAD89FE3,FE3,PTE V
3075,2021-08-18 12:26:21,3219221,TRUCK,4,4846,PCBABD060,060,PTC V
3076,2021-08-01 01:31:20,2135279,TRUCK,4,4849,PCF764517,517,PTE V
3077,2021-08-18 21:15:06,5196650,CAR,2,4409,PC44E2F09,F09,PTP V
3078,2021-08-10 23:35:16,6079717,CAR,2,4740,PC04EDDB4,DB4,PTC V
3079,2021-08-20 18:32:19,7545484,CAR,2,4089,PC3CCA187,187,PTC V
3080,2021-08-09 22:19:30,457434,CAR,2,4300,PC666483B,83B,PTP V
3081,2021-08-01 15:41:47,7725449,VAN,2,4953,PC1E2B07E,07E,PTC V
3082,2021-08-21 14:20:24,6479022,CAR,2,4037,PC0A50259,259,PTE V
3083,2021-08-03 18:07:48,1837708,VAN,2,4336,PCD30AB50,B50,PTP V
3084,2021-08-11 01:13:40,7934288,VAN,2,4750,PCD987A9D,A9D,PTP V
3085,2021-08-04 22:31:02,9305794,CAR,2,4171,PC36C9AE8,AE8,PTP V
3086,2021-08-19 08:14:48,7833901,CAR,2,4088,PC14008D5,8D5,PTC V
3087,2021-08-07 09:18:30,9881360,CAR,2,4538,PCDE5402C,02C,PTC V
3088,2021-08-14 02:52:08,7903911,VAN,2,4577,PC8FE0901,901,PTP V
3089,2021-08-07 09:15:23,4567158,CAR,2,4211,PC0AB9251,251,PTE V
3090,2021-08-12 08:00:25,9360204,VAN,2,4658,PC1A58039,039,PTP V
3091,2021-08-12 02:57:59,6154918,CAR,2,4064,PC0B32B5B,B5B,PTC V
3092,2021-08-07 18:34:17,9101905,CAR,2,4537,PC10C700F,00F,PTE V
3093,2021-08-01 19:55:21,8997094,TRUCK,4,4850,PC4061987,987,PTP V
3094,2021-08-22 01:37:49,5710731,CAR,2,4559,PC93AAEC9,EC9,PTP V
3095,2021-08-12 21:43:25,9164359,VAN,2,4581,PCC347465,465,PTE V
3096,2021-08-13 04:44:19,1801431,CAR,2,4886,PC4D892D7,2D7,PTC V
3097,2021-08-15 04:50:44,1044809,CAR,2,4423,PCF9F4940,940,PTC V
3098,2021-08-18 14:22:48,8248291,TRUCK,4,4311,PC7F02ED3,ED3,PTP V
3099,2021-08-06 23:57:48,7637098,CAR,2,4622,PCF31BD97,D97,PTC V
3100,2021-08-15 22:09:27,19393,TRUCK,4,4854,PCB6F1968,968,PTC V
3101,2021-08-02 08:58:11,518470,CAR,2,4240,PC72FE04B,04B,PTC V
3102,2021-08-06 18:34:33,7353243,TRUCK,4,4035,PC1B1D964,964,PTP V
3103,2021-08-22 00:18:55,8029245,CAR,2,4774,PCEBE834B,34B,PTC V
3104,2021-08-03 04:33:31,5531082,TRUCK,4,4490,PC89C1789,789,PTP V
3105,2021-08-08 15:42:02,2966322,CAR,2,4715,PCFA0E4C0,4C0,PTC V
3106,2021-07-30 08:15:27,1559026,TRUCK,4,4968,PC251D4C1,4C1,PTC V
3107,2021-07-30 22:51:42,1447610,CAR,2,4621,PC9FB4E82,E82,PTE V
3108,2021-08-06 00:46:18,5027752,CAR,2,4907,PCCEEF65A,65A,PTC V
3109,2021-08-01 23:16:34,8436044,TRUCK,4,4477,PCA857A23,A23,PTE V
3110,2021-08-06 03:06:37,4514250,TRUCK,4,4069,PCC48608C,08C,PTP V
3111,2021-08-21 05:42:25,2528514,TRUCK,4,4044,PC3546931,931,PTC V
3112,2021-08-18 22:38:31,794611,CAR,2,4566,PC637A425,425,PTE V
3113,2021-08-11 08:06:58,73706,CAR,2,4107,PC7607A5D,A5D,PTE V
3114,2021-08-13 09:10:09,3076322,CAR,2,4176,PC11E9595,595,PTC V
3115,2021-08-20 21:14:02,2969173,VAN,2,4497,PC76FDDEA,DEA,PTP V
3116,2021-08-11 02:50:47,6102581,CAR,2,4668,PCBB055C6,5C6,PTC V
3117,2021-08-08 17:03:35,8344068,CAR,2,4664,PC52D063A,63A,PTP V
3118,2021-08-16 02:19:25,4590356,CAR,2,4328,PC3777B8E,B8E,PTC V
3119,2021-08-21 12:28:14,6702632,CAR,2,4778,PCCCADDBD,DBD,PTE V
3120,2021-08-07 04:47:51,3184313,CAR,2,4368,PC909A324,324,PTE V
3121,2021-08-16 20:06:03,951197,TRUCK,4,4108,PC7C55512,512,PTC V
3122,2021-08-20 14:43:13,8219853,TRUCK,4,4419,PC99BB7A3,7A3,PTP V
3123,2021-08-09 15:45:38,8944617,VAN,2,4160,PC6DC0ACF,ACF,PTP V
3124,2021-08-12 05:22:18,8329543,CAR,2,4684,PCA76178F,78F,PTP V
3125,2021-08-08 15:04:31,2442832,CAR,2,4045,PCE952492,492,PTP V
3126,2021-08-07 21:55:16,7383068,CAR,2,4481,PC30AAE76,E76,PTP V
3127,2021-08-21 12:22:18,2409400,CAR,2,4144,PCAC7E4C1,4C1,PTE V
3128,2021-08-19 18:00:02,1181842,CAR,2,4409,PC44E2F09,F09,PTE V
3129,2021-08-10 19:58:22,7023411,TRUCK,4,4073,PCA3797CA,7CA,PTE V
3130,2021-08-03 19:12:19,8057643,TRUCK,4,4154,PC2C2EF9E,F9E,PTC V
3131,2021-08-03 17:16:41,8479441,CAR,2,4252,PCA32686D,86D,PTP V
3132,2021-08-13 12:42:04,519983,TRUCK,4,4967,PC2AFCB31,B31,PTC V
3133,2021-08-13 11:35:57,5965028,CAR,2,4059,PC06E8A1C,A1C,PTC V
3134,2021-08-16 01:03:52,3709155,VAN,2,4779,PCC8FE9C6,9C6,PTC V
3135,2021-08-17 04:27:51,1515207,CAR,2,4660,PCB86D2E1,2E1,PTC V
3136,2021-08-17 08:02:11,2357578,TRUCK,4,4204,PC5881E06,E06,PTE V
3137,2021-08-13 05:14:48,3944350,TRUCK,4,4327,PC16F59EC,9EC,PTE V
3138,2021-08-12 13:25:54,7142607,CAR,2,4796,PCEBEEE05,E05,PTE V
3139,2021-08-21 13:43:15,9501854,TRUCK,4,4471,PC7E4F42A,42A,PTE V
3140,2021-08-13 17:59:53,3339331,TRUCK,4,4820,PCC30C735,735,PTP V
3141,2021-08-12 20:49:02,7331095,CAR,2,4733,PC797AEBF,EBF,PTE V
3142,2021-08-10 12:46:39,6882552,TRUCK,4,4914,PC2F353E1,3E1,PTE V
3143,2021-08-14 18:03:58,1261016,TRUCK,4,4530,PCA33A9A8,9A8,PTC V
3144,2021-08-20 03:59:59,803464,CAR,2,4570,PCAE45EC0,EC0,PTE V
3145,2021-08-18 06:12:59,4403090,CAR,2,4418,PCF6EECB2,CB2,PTC V
3146,2021-07-30 06:50:13,9007349,CAR,2,4000,PC69C7DF3,DF3,PTP V
3147,2021-08-13 04:12:39,439195,CAR,2,4597,PCBDB8BB6,BB6,PTP V
3148,2021-08-07 13:17:34,7893073,CAR,2,4602,PC0D3474E,74E,PTP V
3149,2021-08-12 05:21:59,3100934,CAR,2,4222,PC15EC378,378,PTE V
3150,2021-08-09 22:50:50,1978119,CAR,2,4781,PC0D83A1E,A1E,PTP V
3151,2021-08-08 10:18:13,5761399,CAR,2,4326,PC356AE8F,E8F,PTE V
3152,2021-08-09 02:56:48,3556508,TRUCK,4,4021,PC851E565,565,PTC V
3153,2021-08-04 21:45:04,7637207,CAR,2,4882,PC8616CD8,CD8,PTE V
3154,2021-08-12 03:28:48,1408233,TRUCK,4,4035,PC1B1D964,964,PTC V
3155,2021-08-04 05:49:17,4143385,CAR,2,4753,PC6AA246E,46E,PTC V
3156,2021-08-05 10:42:26,3790964,TRUCK,4,4954,PCA276EBB,EBB,PTE V
3157,2021-08-09 20:11:18,8597890,CAR,2,4695,PC4A5D62F,62F,PTE V
3158,2021-08-01 12:06:18,7633856,CAR,2,4627,PCA965149,149,PTE V
3159,2021-08-14 23:31:25,122217,CAR,2,4920,PC42A3AB0,AB0,PTC V
3160,2021-08-06 20:41:24,8416078,CAR,2,4204,PC5881E06,E06,PTP V
3161,2021-08-21 18:31:54,9582400,TRUCK,4,4838,PCEECD973,973,PTE V
3162,2021-07-31 04:26:51,1991644,CAR,2,4528,PC1269226,226,PTP V
3163,2021-08-07 14:30:39,5535407,CAR,2,4540,PC5CAF0A7,0A7,PTP V
3164,2021-08-21 21:27:07,9214120,TRUCK,4,4327,PC16F59EC,9EC,PTE V
3165,2021-08-20 05:01:30,3228593,CAR,2,4915,PC86B0D7B,D7B,PTC V
3166,2021-08-12 12:55:05,4030362,CAR,2,4252,PCA32686D,86D,PTP V
3167,2021-08-19 04:56:07,4332825,VAN,2,4421,PCED2DB6F,B6F,PTE V
3168,2021-08-19 19:42:57,4478049,CAR,2,4988,PC46BE0B2,0B2,PTE V
3169,2021-08-04 18:58:49,7683166,CAR,2,4660,PCB86D2E1,2E1,PTC V
3170,2021-08-20 16:06:52,9035191,TRUCK,4,4024,PC91E3A87,A87,PTC V
3171,2021-08-13 01:55:54,4415551,CAR,2,4798,PC17F8052,052,PTE V
3172,2021-08-08 22:51:46,7797672,TRUCK,4,4654,PCBA5D8AB,8AB,PTP V
3173,2021-07-29 17:44:23,2421924,CAR,2,4231,PC016D687,687,PTC V
3174,2021-08-02 20:06:49,5557461,TRUCK,4,4905,PCE1EA438,438,PTE V
3175,2021-08-17 22:18:17,2135787,CAR,2,4162,PC51A39A7,9A7,PTP V
3176,2021-08-06 02:23:21,4069553,TRUCK,4,4892,PC7AA5B2F,B2F,PTC V
3177,2021-08-13 20:09:28,2286621,VAN,2,4755,PC628DCED,CED,PTC V
3178,2021-08-17 06:54:24,2881592,CAR,2,4005,PCB3DF742,742,PTP V
3179,2021-08-09 03:51:13,9474831,CAR,2,4926,PCCBCFEDE,EDE,PTE V
3180,2021-08-12 13:34:57,305540,CAR,2,4018,PCCB2657A,57A,PTE V
3181,2021-08-18 08:31:42,9394144,CAR,2,4411,PC3AA93E6,3E6,PTC V
3182,2021-07-29 16:14:54,694045,TRUCK,4,4297,PCDE89544,544,PTE V
3183,2021-08-13 12:52:30,3586328,CAR,2,4061,PC3A63A79,A79,PTE V
3184,2021-07-29 15:03:03,6793745,CAR,2,4490,PC89C1789,789,PTE V
3185,2021-08-11 18:38:58,9492022,CAR,2,4431,PC3A23C14,C14,PTC V
3186,2021-07-31 06:06:36,3918499,CAR,2,4582,PC98750ED,0ED,PTP V
3187,2021-08-16 22:37:41,1327402,CAR,2,4161,PCF8F6133,133,PTC V
3188,2021-08-04 16:56:03,8201680,CAR,2,4104,PC0A63844,844,PTP V
3189,2021-08-09 09:25:39,7410856,CAR,2,4624,PCDF73A3C,A3C,PTP V
3190,2021-08-20 23:02:03,7838417,CAR,2,4106,PC9764C98,C98,PTC V
3191,2021-08-03 18:34:13,9364796,CAR,2,4129,PCA6127FF,7FF,PTC V
3192,2021-08-15 17:55:06,8245402,CAR,2,4203,PC5295A46,A46,PTC V
3193,2021-08-09 03:42:56,7665780,CAR,2,4737,PCED7EAFE,AFE,PTE V
3194,2021-08-09 05:11:37,8480426,CAR,2,4922,PC785D63F,63F,PTC V
3195,2021-08-09 10:13:54,4600383,CAR,2,4475,PCCC0D001,001,PTC V
3196,2021-08-09 18:06:55,6493182,TRUCK,4,4083,PC90346C9,6C9,PTC V
3197,2021-08-16 20:35:27,1024927,CAR,2,4088,PC14008D5,8D5,PTC V
3198,2021-08-11 15:55:28,5134425,CAR,2,4717,PC44877F1,7F1,PTC V
3199,2021-08-07 14:47:34,6148109,CAR,2,4078,PC8473A64,A64,PTC V
3200,2021-08-09 19:25:56,1651021,TRUCK,4,4433,PC1DEB043,043,PTE V
3201,2021-08-06 04:29:14,2618224,TRUCK,4,4240,PC72FE04B,04B,PTP V
3202,2021-08-15 02:22:23,1460976,CAR,2,4920,PC42A3AB0,AB0,PTE V
3203,2021-08-17 11:00:45,1822036,TRUCK,4,4391,PCCFD9AB6,AB6,PTE V
3204,2021-08-10 18:48:12,8271031,CAR,2,4503,PC69DE15C,15C,PTP V
3205,2021-08-17 08:14:20,6604804,CAR,2,4246,PC95F5F6B,F6B,PTC V
3206,2021-07-30 03:24:01,916395,TRUCK,4,4602,PC0D3474E,74E,PTC V
3207,2021-08-06 12:15:43,4805945,CAR,2,4771,PC71FE98A,98A,PTC V
3208,2021-08-18 03:13:11,9611712,TRUCK,4,4398,PCE60D320,320,PTE V
3209,2021-08-04 01:38:04,7480815,CAR,2,4237,PC51D1059,059,PTP V
3210,2021-08-06 08:46:27,2643233,CAR,2,4612,PC871C1FC,1FC,PTE V
3211,2021-08-18 16:09:10,316278,CAR,2,4322,PC262D624,624,PTP V
3212,2021-08-18 06:35:58,7540333,VAN,2,4458,PCECEBBFA,BFA,PTE V
3213,2021-08-10 08:51:28,2199856,CAR,2,4193,PC0282AE7,AE7,PTP V
3214,2021-08-21 04:25:15,3305297,CAR,2,4006,PCD8D05D7,5D7,PTE V
3215,2021-08-21 19:46:02,1375935,TRUCK,4,4549,PC2F1A066,066,PTE V
3216,2021-08-07 01:16:25,8244580,CAR,2,4266,PC39B17A9,7A9,PTC V
3217,2021-08-10 19:35:41,777996,CAR,2,4524,PCF8BB245,245,PTC V
3218,2021-08-13 05:22:47,540690,TRUCK,4,4557,PC6C80A46,A46,PTE V
3219,2021-08-16 15:56:11,9729810,CAR,2,4588,PC3172195,195,PTC V
3220,2021-08-18 04:11:44,5964671,VAN,2,4297,PCDE89544,544,PTE V
3221,2021-08-12 12:53:33,322145,CAR,2,4000,PC69C7DF3,DF3,PTP V
3222,2021-08-21 00:30:56,4242058,CAR,2,4299,PCAD3B9BC,9BC,PTC V
3223,2021-08-13 02:07:54,6439407,CAR,2,4606,PC0C535B6,5B6,PTE V
3224,2021-08-13 16:44:41,7007462,CAR,2,4945,PC95BD14B,14B,PTP V
3225,2021-08-04 12:18:07,8872505,CAR,2,4647,PCDD56814,814,PTP V
3226,2021-08-09 18:03:54,9764823,CAR,2,4359,PCB27CFF1,FF1,PTE V
3227,2021-08-20 08:25:11,4341120,VAN,2,4571,PC2308E9E,E9E,PTC V
3228,2021-08-11 21:20:25,3172405,TRUCK,4,4788,PC00AE965,965,PTE V
3229,2021-08-21 07:31:41,212263,CAR,2,4179,PC5738A82,A82,PTE V
3230,2021-08-18 04:36:21,8996786,CAR,2,4483,PC7F7FFF0,FF0,PTP V
3231,2021-08-10 15:41:42,6708192,TRUCK,4,4901,PCE32D2F9,2F9,PTC V
3232,2021-08-19 02:14:32,6975550,CAR,2,4800,PCA4DF48A,48A,PTC V
3233,2021-08-13 14:31:34,21599,CAR,2,4399,PCCA288FE,8FE,PTC V
3234,2021-08-13 16:28:18,5978197,VAN,2,4668,PCBB055C6,5C6,PTC V
3235,2021-07-30 02:47:23,5518856,CAR,2,4171,PC36C9AE8,AE8,PTC V
3236,2021-08-22 17:48:04,4601051,CAR,2,4439,PC845CEA6,EA6,PTP V
3237,2021-08-03 17:45:30,5835815,CAR,2,4468,PC040ADB3,DB3,PTP V
3238,2021-08-12 01:32:00,5774907,CAR,2,4024,PC91E3A87,A87,PTC V
3239,2021-08-16 08:49:21,6459060,CAR,2,4491,PCA52F720,720,PTC V
3240,2021-08-10 00:36:48,9736767,TRUCK,4,4272,PC09BDC08,C08,PTC V
3241,2021-08-20 09:29:12,5771753,CAR,2,4219,PC40E6113,113,PTE V
3242,2021-08-22 09:28:12,1088739,CAR,2,4950,PC4F71E72,E72,PTP V
3243,2021-08-12 09:50:41,4233484,CAR,2,4131,PC4C9B108,108,PTP V
3244,2021-08-07 16:54:35,3496874,CAR,2,4170,PC8CA1B15,B15,PTP V
3245,2021-08-17 20:12:35,4236859,CAR,2,4066,PC883FCA9,CA9,PTP V
3246,2021-08-20 01:03:38,2044674,TRUCK,4,4349,PC5AB6779,779,PTE V
3247,2021-07-30 11:53:50,6830879,TRUCK,4,4001,PC58105BF,5BF,PTE V
3248,2021-08-07 16:53:07,886810,TRUCK,4,4986,PC9787B8A,B8A,PTP V
3249,2021-08-07 09:50:59,1107184,VAN,2,4612,PC871C1FC,1FC,PTE V
3250,2021-07-30 10:36:52,3638175,CAR,2,4013,PCE5BA2CE,2CE,PTE V
3251,2021-08-15 09:40:26,7646837,CAR,2,4325,PC8FC83B3,3B3,PTP V
3252,2021-08-03 12:57:24,2653689,TRUCK,4,4945,PC95BD14B,14B,PTP V
3253,2021-07-31 15:02:31,5764055,CAR,2,4531,PC857F4A0,4A0,PTP V
3254,2021-08-15 16:33:58,5333660,CAR,2,4939,PCF263A5E,A5E,PTE V
3255,2021-08-05 20:42:30,2803151,CAR,2,4774,PCEBE834B,34B,PTP V
3256,2021-08-10 01:04:14,8852660,CAR,2,4629,PCC5E1C04,C04,PTE V
3257,2021-08-07 04:30:42,5895184,CAR,2,4576,PC394C979,979,PTC V
3258,2021-08-11 12:39:46,9160777,CAR,2,4363,PC62E1338,338,PTC V
3259,2021-08-11 23:10:08,9576980,VAN,2,4019,PC63FF017,017,PTP V
3260,2021-08-07 22:12:17,1280093,CAR,2,4887,PC81776BA,6BA,PTE V
3261,2021-08-10 18:46:17,3145038,TRUCK,4,4328,PC3777B8E,B8E,PTE V
3262,2021-07-31 07:12:28,2615815,TRUCK,4,4949,PC86E9EB7,EB7,PTE V
3263,2021-08-10 18:46:29,1433262,TRUCK,4,4515,PC6A1B37B,37B,PTC V
3264,2021-08-09 01:19:30,4160352,VAN,2,4149,PC99F9ABD,ABD,PTP V
3265,2021-08-18 13:01:42,6814390,TRUCK,4,4744,PC78EF0B5,0B5,PTC V
3266,2021-08-16 01:13:29,3473418,CAR,2,4658,PC1A58039,039,PTP V
3267,2021-08-09 20:39:00,2090771,TRUCK,4,4966,PC4E6422C,22C,PTE V
3268,2021-08-09 06:47:01,1024344,TRUCK,4,4089,PC3CCA187,187,PTE V
3269,2021-08-15 21:15:18,3034792,CAR,2,4787,PC1BDA119,119,PTC V
3270,2021-08-21 05:39:08,2965898,CAR,2,4684,PCA76178F,78F,PTC V
3271,2021-08-01 14:31:10,1323596,CAR,2,4345,PCAC01231,231,PTC V
3272,2021-08-07 00:24:41,2811221,CAR,2,4086,PC23E470D,70D,PTE V
3273,2021-08-05 11:59:55,6957035,CAR,2,4292,PCF733A7C,A7C,PTP V
3274,2021-08-22 14:08:13,8470082,CAR,2,4507,PC11DCA73,A73,PTC V
3275,2021-08-02 13:08:55,8120361,CAR,2,4120,PC6700C62,C62,PTC V
3276,2021-08-08 09:38:26,3263308,CAR,2,4024,PC91E3A87,A87,PTE V
3277,2021-08-12 08:57:18,151108,VAN,2,4371,PC7E22FD8,FD8,PTC V
3278,2021-08-08 01:42:30,6814338,TRUCK,4,4851,PC0954183,183,PTE V
3279,2021-08-17 12:10:26,8110764,CAR,2,4273,PC0EF5BA6,BA6,PTP V
3280,2021-08-01 17:38:20,1789528,CAR,2,4540,PC5CAF0A7,0A7,PTE V
3281,2021-08-14 22:58:46,9892839,CAR,2,4973,PC9C7C18E,18E,PTE V
3282,2021-08-17 12:27:24,3043208,CAR,2,4053,PC5F1CD83,D83,PTC V
3283,2021-08-13 08:03:06,1411285,CAR,2,4550,PC21A1833,833,PTC V
3284,2021-08-02 08:42:01,5594504,VAN,2,4165,PC0D2B95C,95C,PTP V
3285,2021-08-16 23:58:23,328894,TRUCK,4,4354,PC0671DD4,DD4,PTP V
3286,2021-08-21 08:13:46,183300,CAR,2,4298,PC3E474F6,4F6,PTC V
3287,2021-08-09 06:05:39,734652,CAR,2,4903,PCC3BCE65,E65,PTE V
3288,2021-08-10 18:04:50,354236,CAR,2,4265,PC5B2AFFA,FFA,PTP V
3289,2021-08-15 13:07:05,4881839,VAN,2,4554,PC23BA77A,77A,PTP V
3290,2021-08-15 19:29:33,7075919,TRUCK,4,4054,PC7E79FA0,FA0,PTC V
3291,2021-08-19 09:45:24,8515574,TRUCK,4,4331,PC47300D9,0D9,PTP V
3292,2021-08-05 02:46:20,1584709,CAR,2,4774,PCEBE834B,34B,PTP V
3293,2021-08-06 17:14:38,2582328,CAR,2,4575,PC84D9FC1,FC1,PTP V
3294,2021-08-17 11:37:06,621146,TRUCK,4,4489,PCEFF6088,088,PTE V
3295,2021-08-08 02:55:01,1593542,CAR,2,4139,PC924C594,594,PTP V
3296,2021-08-17 03:41:30,311448,VAN,2,4605,PCEB27C63,C63,PTE V
3297,2021-08-09 15:18:43,7412529,CAR,2,4526,PCCB07C68,C68,PTP V
3298,2021-08-04 03:16:39,5199467,VAN,2,4901,PCE32D2F9,2F9,PTC V
3299,2021-08-04 09:56:11,2207398,CAR,2,5000,PCFE7F7FE,7FE,PTP V
3300,2021-08-20 05:59:13,5849738,VAN,2,4339,PCDE1D204,204,PTP V
3301,2021-08-15 10:10:01,3366630,CAR,2,5009,PC70886EC,6EC,PTE V
3302,2021-07-30 03:22:27,8422052,TRUCK,4,4040,PCB335328,328,PTP V
3303,2021-08-21 00:35:21,3369302,CAR,2,4281,PC2804C85,C85,PTC V
3304,2021-08-06 19:25:06,181580,CAR,2,4581,PCC347465,465,PTC V
3305,2021-08-06 13:37:06,859775,CAR,2,4115,PCF5D4B0A,B0A,PTP V
3306,2021-08-12 21:32:58,4275285,CAR,2,4940,PC8AB18BE,8BE,PTP V
3307,2021-08-08 08:28:50,8736618,TRUCK,4,4846,PCBABD060,060,PTC V
3308,2021-08-13 00:09:22,4857404,CAR,2,4621,PC9FB4E82,E82,PTE V
3309,2021-07-29 12:21:44,118518,CAR,2,4601,PCC932802,802,PTP V
3310,2021-08-15 20:55:10,4459055,CAR,2,4752,PC99A4177,177,PTE V
3311,2021-08-13 10:55:59,4535719,VAN,2,4722,PC035B71E,71E,PTC V
3312,2021-08-19 15:17:44,8923957,TRUCK,4,4621,PC9FB4E82,E82,PTP V
3313,2021-08-22 14:40:24,7854105,VAN,2,4714,PC9B747F8,7F8,PTE V
3314,2021-08-08 23:39:56,7968045,VAN,2,4078,PC8473A64,A64,PTC V
3315,2021-08-08 02:03:00,6907553,TRUCK,4,4810,PC2CA4087,087,PTE V
3316,2021-08-20 12:01:20,327097,CAR,2,4335,PC76935F9,5F9,PTE V
3317,2021-08-01 01:05:43,3442346,TRUCK,4,4623,PCAA67227,227,PTC V
3318,2021-08-21 15:48:17,5716587,CAR,2,4516,PCF7F25B7,5B7,PTE V
3319,2021-08-16 06:39:43,2765006,VAN,2,4344,PC417B8DF,8DF,PTC V
3320,2021-08-06 18:58:24,7439532,CAR,2,4639,PC879E7AB,7AB,PTP V
3321,2021-08-14 19:08:03,6645326,CAR,2,4449,PCAACD453,453,PTC V
3322,2021-08-01 14:30:35,4397855,CAR,2,4286,PC12BE494,494,PTE V
3323,2021-08-04 04:25:53,3386943,TRUCK,4,4742,PC05B8749,749,PTE V
3324,2021-08-04 06:49:30,6214851,CAR,2,4879,PCC90A061,061,PTE V
3325,2021-08-21 23:18:39,9729860,TRUCK,4,4878,PC08F56A1,6A1,PTP V
3326,2021-08-11 03:53:01,6110263,CAR,2,4722,PC035B71E,71E,PTE V
3327,2021-08-19 13:11:50,7039543,CAR,2,4134,PC767BBB2,BB2,PTP V
3328,2021-08-04 20:32:01,5715293,CAR,2,4111,PC07F012A,12A,PTE V
3329,2021-08-19 23:56:55,9846168,CAR,2,4971,PC0BD172F,72F,PTC V
3330,2021-08-05 12:03:01,5156885,VAN,2,4381,PC9DD9DCD,DCD,PTP V
3331,2021-08-19 03:23:40,3498708,CAR,2,4334,PCCB383F8,3F8,PTE V
3332,2021-08-07 16:09:16,4821240,TRUCK,4,4292,PCF733A7C,A7C,PTE V
3333,2021-08-03 14:55:36,8255122,TRUCK,4,4249,PC6D2FAD0,AD0,PTC V
3334,2021-08-17 21:14:22,1207312,CAR,2,4393,PC93CE517,517,PTE V
3335,2021-08-17 19:36:08,2684164,CAR,2,4803,PC2BBEEDC,EDC,PTP V
3336,2021-08-09 00:33:14,6621870,CAR,2,4739,PC07289CF,9CF,PTE V
3337,2021-08-14 22:02:21,8520803,CAR,2,4410,PC6EFC03B,03B,PTP V
3338,2021-08-10 23:53:10,5095494,TRUCK,4,4880,PC5A27CDE,CDE,PTC V
3339,2021-08-10 11:57:43,8467048,TRUCK,4,4167,PC8453073,073,PTC V
3340,2021-08-04 02:40:41,3671035,CAR,2,4351,PC4E572D8,2D8,PTE V
3341,2021-08-18 19:31:36,4140411,CAR,2,4194,PC96AD1EB,1EB,PTC V
3342,2021-07-31 09:38:29,1781293,CAR,2,4033,PC783B5FC,5FC,PTE V
3343,2021-08-17 14:28:48,4446345,CAR,2,4611,PC2EBEAB9,AB9,PTE V
3344,2021-08-13 21:48:22,8828940,TRUCK,4,4661,PC1585DF2,DF2,PTC V
3345,2021-08-09 07:43:52,1470077,CAR,2,4912,PC526B1EC,1EC,PTC V
3346,2021-08-21 06:00:00,7191909,CAR,2,4818,PCF243BF3,BF3,PTC V
3347,2021-08-12 16:05:57,4916213,CAR,2,4120,PC6700C62,C62,PTC V
3348,2021-07-31 08:34:28,5626002,TRUCK,4,4935,PC327D635,635,PTE V
3349,2021-08-20 21:16:32,9264166,CAR,2,4094,PC53A52CB,2CB,PTC V
3350,2021-08-12 08:48:10,4512209,TRUCK,4,4274,PC88EA64E,64E,PTC V
3351,2021-08-03 12:33:27,5253401,TRUCK,4,4212,PC422A6D1,6D1,PTP V
3352,2021-08-18 04:01:09,264652,CAR,2,4608,PCACD1BEE,BEE,PTE V
3353,2021-08-11 18:11:24,9866891,CAR,2,4631,PCFFF6463,463,PTE V
3354,2021-08-01 19:16:27,8129917,CAR,2,4932,PC46C4A27,A27,PTE V
3355,2021-08-10 12:49:18,2742978,CAR,2,4146,PCF91266E,66E,PTC V
3356,2021-07-31 13:26:58,3067242,CAR,2,4072,PC69F3F14,F14,PTE V
3357,2021-08-17 12:17:16,1911751,CAR,2,4562,PC4C95CA2,CA2,PTE V
3358,2021-08-21 02:52:53,815091,CAR,2,4676,PC9798721,721,PTE V
3359,2021-08-15 10:14:09,4594587,CAR,2,4868,PC647292C,92C,PTP V
3360,2021-07-31 17:59:25,1548780,CAR,2,4248,PC45EBEBC,EBC,PTP V
3361,2021-07-29 13:31:31,5879535,CAR,2,4412,PC821BC98,C98,PTC V
3362,2021-08-21 09:03:23,7855705,CAR,2,4239,PCA185B1A,B1A,PTE V
3363,2021-08-18 01:08:57,3479781,CAR,2,4907,PCCEEF65A,65A,PTC V
3364,2021-08-06 06:05:35,7867318,CAR,2,4508,PC385C6E7,6E7,PTE V
3365,2021-08-19 09:18:23,6514701,CAR,2,4565,PC388BB83,B83,PTE V
3366,2021-08-15 20:43:04,2407316,CAR,2,4982,PC384779E,79E,PTC V
3367,2021-08-20 12:40:35,3155021,VAN,2,4617,PC7758F89,F89,PTP V
3368,2021-08-03 09:21:14,6514402,TRUCK,4,4707,PC98F856D,56D,PTC V
3369,2021-08-16 02:12:58,7017381,CAR,2,4029,PCE319335,335,PTE V
3370,2021-07-31 15:55:22,3343203,CAR,2,4619,PC2EFBBE0,BE0,PTE V
3371,2021-08-04 10:27:23,2083056,CAR,2,4055,PCA06B2F1,2F1,PTC V
3372,2021-08-03 20:29:09,1013642,VAN,2,4091,PC2E099B4,9B4,PTE V
3373,2021-08-02 23:01:50,6771820,CAR,2,4338,PC6203962,962,PTP V
3374,2021-08-14 22:13:18,3003756,VAN,2,4527,PC59A0CB2,CB2,PTP V
3375,2021-08-13 17:50:16,2103626,CAR,2,4421,PCED2DB6F,B6F,PTP V
3376,2021-08-07 13:58:15,6880730,TRUCK,4,4593,PC3863F6A,F6A,PTC V
3377,2021-08-03 19:35:52,2584548,VAN,2,4625,PC186BCA8,CA8,PTC V
3378,2021-07-30 18:42:49,3540753,CAR,2,4033,PC783B5FC,5FC,PTE V
3379,2021-08-16 02:45:07,2263215,TRUCK,4,4589,PC1477DC9,DC9,PTC V
3380,2021-08-12 09:10:28,5881600,CAR,2,4878,PC08F56A1,6A1,PTC V
3381,2021-07-30 23:45:22,5649371,TRUCK,4,4771,PC71FE98A,98A,PTP V
3382,2021-08-17 11:51:38,531592,CAR,2,4088,PC14008D5,8D5,PTE V
3383,2021-08-17 05:30:10,5099099,TRUCK,4,4764,PCF6B0D12,D12,PTE V
3384,2021-08-12 13:00:35,4948338,CAR,2,4335,PC76935F9,5F9,PTP V
3385,2021-07-29 11:57:22,7768065,CAR,2,4965,PCA0BAE0F,E0F,PTE V
3386,2021-08-05 01:45:58,8085079,CAR,2,4931,PC3D30AD0,AD0,PTP V
3387,2021-08-06 20:37:26,2717689,CAR,2,4897,PCAB2FA02,A02,PTC V
3388,2021-08-01 23:29:49,9080325,TRUCK,4,4676,PC9798721,721,PTC V
3389,2021-08-10 09:04:29,6032564,TRUCK,4,4695,PC4A5D62F,62F,PTC V
3390,2021-08-01 03:02:55,1604801,CAR,2,4380,PC905B5D4,5D4,PTE V
3391,2021-08-22 06:29:47,4776137,CAR,2,4172,PC1A43FB7,FB7,PTE V
3392,2021-08-22 14:26:24,2879348,CAR,2,4726,PCF6540C0,0C0,PTE V
3393,2021-08-17 10:42:02,6687809,CAR,2,4578,PC90D44D0,4D0,PTC V
3394,2021-08-12 20:22:02,4635316,VAN,2,4723,PC20BD6E6,6E6,PTE V
3395,2021-08-05 04:57:40,4412221,CAR,2,5008,PC48D61BB,1BB,PTP V
3396,2021-08-02 06:40:43,2571033,TRUCK,4,4422,PCF514246,246,PTC V
3397,2021-08-07 01:57:44,1652155,TRUCK,4,4853,PC214FB8E,B8E,PTC V
3398,2021-08-19 11:50:35,9644687,VAN,2,4142,PC7ACFF7C,F7C,PTC V
3399,2021-08-16 02:52:27,9778699,CAR,2,4095,PC3E1512A,12A,PTE V
3400,2021-08-10 02:34:12,928258,TRUCK,4,4811,PCBF83C7A,C7A,PTC V
3401,2021-08-13 16:54:41,5428379,CAR,2,4080,PCBE7E15B,15B,PTE V
3402,2021-08-19 23:05:01,9039002,TRUCK,4,4220,PC02FEF7D,F7D,PTE V
3403,2021-08-16 08:19:18,8949184,CAR,2,4379,PC87C8BC4,BC4,PTC V
3404,2021-08-06 09:53:17,516076,VAN,2,4047,PC6D105CF,5CF,PTC V
3405,2021-08-17 11:57:34,6387047,CAR,2,4725,PCB905D54,D54,PTE V
3406,2021-08-04 02:17:33,2481140,TRUCK,4,4468,PC040ADB3,DB3,PTC V
3407,2021-08-05 00:44:51,3788831,CAR,2,4371,PC7E22FD8,FD8,PTP V
3408,2021-07-31 03:24:19,2339528,TRUCK,4,4774,PCEBE834B,34B,PTC V
3409,2021-08-05 07:32:01,3408123,TRUCK,4,4244,PC9F3C86B,86B,PTE V
3410,2021-08-01 17:19:32,9077161,CAR,2,4969,PCBBB9730,730,PTE V
3411,2021-08-12 02:11:59,1302784,CAR,2,4813,PCACF7982,982,PTP V
3412,2021-08-22 04:05:33,9634672,CAR,2,4278,PC4847214,214,PTP V
3413,2021-08-01 05:39:02,4278845,TRUCK,4,4797,PCE2D63A7,3A7,PTP V
3414,2021-08-04 23:26:08,427346,CAR,2,4259,PCBB65EF4,EF4,PTC V
3415,2021-08-14 17:20:53,8430592,VAN,2,4002,PCED7D2DE,2DE,PTC V
3416,2021-07-29 15:43:16,5671183,CAR,2,4191,PCCC28F87,F87,PTP V
3417,2021-08-20 14:39:17,3032437,TRUCK,4,4007,PCDF9F773,773,PTP V
3418,2021-08-20 16:31:55,4953927,CAR,2,4313,PC6D0FC31,C31,PTC V
3419,2021-08-03 02:56:53,2810747,CAR,2,4475,PCCC0D001,001,PTP V
3420,2021-08-08 06:56:29,3738887,VAN,2,4283,PC953B572,572,PTE V
3421,2021-08-18 19:57:43,4669711,CAR,2,4464,PC7C8FDDB,DDB,PTC V
3422,2021-08-18 14:11:35,2377801,CAR,2,4562,PC4C95CA2,CA2,PTE V
3423,2021-08-12 20:16:08,3005756,CAR,2,4084,PC71D433F,33F,PTC V
3424,2021-08-17 13:38:09,5593822,CAR,2,4430,PC52EA95D,95D,PTP V
3425,2021-07-29 13:24:05,4153715,CAR,2,4716,PCFCB0018,018,PTP V
3426,2021-08-02 21:44:36,8428891,TRUCK,4,4369,PCD5CBB82,B82,PTP V
3427,2021-08-18 23:34:21,2203614,TRUCK,4,4291,PCD411AEF,AEF,PTE V
3428,2021-08-12 06:37:34,3404218,CAR,2,4835,PC4645718,718,PTE V
3429,2021-08-01 10:27:05,619715,TRUCK,4,4603,PC485BE5B,E5B,PTP V
3430,2021-08-12 09:58:29,8319082,CAR,2,4355,PC0EF761B,61B,PTE V
3431,2021-08-18 01:38:08,985316,CAR,2,4559,PC93AAEC9,EC9,PTE V
3432,2021-08-04 23:51:28,6381528,VAN,2,4921,PCA70760B,60B,PTE V
3433,2021-07-29 12:16:41,1561164,VAN,2,4792,PC3E35002,002,PTC V
3434,2021-08-03 06:07:54,3188290,CAR,2,4573,PC4D8469D,69D,PTE V
3435,2021-08-15 14:42:34,552017,CAR,2,4406,PC7A54E18,E18,PTC V
3436,2021-08-03 16:20:30,9131459,CAR,2,4118,PCC1A733C,33C,PTE V
3437,2021-08-19 23:32:25,1930851,CAR,2,4929,PC9E503B6,3B6,PTP V
3438,2021-08-01 17:32:01,6469856,VAN,2,4332,PC3B258E9,8E9,PTP V
3439,2021-08-22 02:48:47,149030,CAR,2,4415,PC5E202FC,2FC,PTP V
3440,2021-08-21 23:34:10,1486334,TRUCK,4,4831,PC0EC3E54,E54,PTC V
3441,2021-08-07 04:27:46,8550461,CAR,2,4220,PC02FEF7D,F7D,PTC V
3442,2021-08-05 23:25:39,7394669,CAR,2,4273,PC0EF5BA6,BA6,PTE V
3443,2021-08-11 03:00:44,7938889,CAR,2,4250,PCC695DB0,DB0,PTC V
3444,2021-08-18 19:07:53,2064835,VAN,2,4499,PC1EEDA04,A04,PTP V
3445,2021-08-06 23:54:51,9185698,CAR,2,4635,PC3C8B99E,99E,PTP V
3446,2021-08-12 13:11:31,4137800,TRUCK,4,4481,PC30AAE76,E76,PTC V
3447,2021-08-15 18:04:39,6389832,CAR,2,4715,PCFA0E4C0,4C0,PTC V
3448,2021-08-22 11:13:53,3466164,CAR,2,4157,PC7305E43,E43,PTP V
3449,2021-08-15 03:33:13,7581808,VAN,2,4440,PCBE1B45D,45D,PTE V
3450,2021-08-22 10:37:35,2254054,CAR,2,4271,PC28E44E2,4E2,PTC V
3451,2021-08-10 19:58:00,6222457,CAR,2,4749,PC65C93B7,3B7,PTE V
3452,2021-08-18 05:42:46,4103692,CAR,2,4380,PC905B5D4,5D4,PTE V
3453,2021-08-04 11:13:00,5308816,CAR,2,5001,PC264C595,595,PTC V
3454,2021-08-12 11:13:08,8433594,CAR,2,4574,PCC1F6F13,F13,PTE V
3455,2021-08-03 19:03:59,6865305,CAR,2,4860,PCF4A2DA9,DA9,PTP V
3456,2021-08-18 10:11:47,9515813,TRUCK,4,4814,PCAFD913A,13A,PTE V
3457,2021-08-05 20:52:33,9726111,CAR,2,4848,PCF0FC9B2,9B2,PTC V
3458,2021-08-07 01:43:38,202521,VAN,2,4115,PCF5D4B0A,B0A,PTC V
3459,2021-07-30 08:44:17,3269039,TRUCK,4,4650,PC544AE70,E70,PTE V
3460,2021-08-10 11:33:31,5954093,TRUCK,4,4813,PCACF7982,982,PTE V
3461,2021-08-03 08:38:16,9396542,TRUCK,4,4371,PC7E22FD8,FD8,PTE V
3462,2021-07-31 11:45:44,9886203,VAN,2,4827,PC7D68CD9,CD9,PTE V
3463,2021-08-05 20:33:11,1576426,CAR,2,4606,PC0C535B6,5B6,PTP V
3464,2021-08-01 04:19:07,2011181,CAR,2,4525,PCF64B519,519,PTP V
3465,2021-07-31 14:29:43,9796650,CAR,2,4380,PC905B5D4,5D4,PTE V
3466,2021-08-14 15:10:40,5789159,TRUCK,4,4640,PCC993FB3,FB3,PTE V
3467,2021-08-16 17:12:39,2518092,TRUCK,4,4287,PC421D5F3,5F3,PTC V
3468,2021-07-30 16:38:10,1122266,CAR,2,4412,PC821BC98,C98,PTE V
3469,2021-08-04 07:22:26,764667,CAR,2,4124,PC3338D42,D42,PTP V
3470,2021-07-30 02:45:59,7466637,CAR,2,4485,PC99A12E9,2E9,PTP V
3471,2021-08-01 17:10:57,4770112,CAR,2,4849,PCF764517,517,PTE V
3472,2021-08-03 07:15:53,821411,CAR,2,4569,PC20129F9,9F9,PTP V
3473,2021-08-04 17:21:33,6437178,CAR,2,4160,PC6DC0ACF,ACF,PTC V
3474,2021-08-05 21:10:17,1977159,CAR,2,4373,PC8806694,694,PTC V
3475,2021-08-08 04:11:01,6007020,TRUCK,4,4117,PCEB6517A,17A,PTE V
3476,2021-08-22 13:58:30,5058159,CAR,2,4104,PC0A63844,844,PTP V
3477,2021-08-01 19:26:19,8506366,CAR,2,4184,PC43A5E42,E42,PTE V
3478,2021-08-11 14:03:22,911692,CAR,2,4482,PCB6A16D7,6D7,PTP V
3479,2021-08-03 03:49:19,6654403,CAR,2,4284,PC0DB49FD,9FD,PTC V
3480,2021-08-13 20:24:41,4505157,CAR,2,4055,PCA06B2F1,2F1,PTP V
3481,2021-08-08 13:29:24,4711217,CAR,2,4529,PC3FAA264,264,PTC V
3482,2021-07-31 02:02:59,2401999,CAR,2,4844,PCC48E3A8,3A8,PTC V
3483,2021-08-02 02:19:16,8036418,TRUCK,4,4740,PC04EDDB4,DB4,PTP V
3484,2021-08-17 16:10:56,1823417,CAR,2,4654,PCBA5D8AB,8AB,PTE V
3485,2021-08-02 01:09:20,8450189,CAR,2,4701,PCD5F2808,808,PTC V
3486,2021-08-06 09:28:22,1462997,TRUCK,4,4275,PC1DA31F7,1F7,PTC V
3487,2021-08-01 05:27:24,843625,TRUCK,4,4912,PC526B1EC,1EC,PTP V
3488,2021-08-05 07:52:44,250611,CAR,2,4511,PCFBEFA9E,A9E,PTP V
3489,2021-08-20 19:31:14,3317668,CAR,2,4895,PC37F171A,71A,PTC V
3490,2021-08-06 09:23:44,3040707,VAN,2,4038,PC77889B3,9B3,PTE V
3491,2021-08-02 13:04:01,5898373,TRUCK,4,4355,PC0EF761B,61B,PTP V
3492,2021-08-13 20:19:18,7840931,CAR,2,4691,PCFAB001F,01F,PTP V
3493,2021-08-02 12:17:12,8291069,TRUCK,4,4713,PCD4A1214,214,PTE V
3494,2021-08-18 04:22:31,8498850,CAR,2,4822,PCD1EB220,220,PTC V
3495,2021-08-10 03:32:54,6414720,CAR,2,4672,PC03AE86F,86F,PTE V
3496,2021-08-11 10:58:16,7996950,TRUCK,4,4077,PCF40C389,389,PTE V
3497,2021-08-06 01:46:04,6431663,CAR,2,4541,PCC6A4CD8,CD8,PTP V
3498,2021-08-18 16:36:25,9875734,VAN,2,4487,PCA92F2BD,2BD,PTE V
3499,2021-08-16 23:22:08,2448613,CAR,2,4717,PC44877F1,7F1,PTP V
3500,2021-08-05 23:57:09,9125739,CAR,2,5006,PC7A260F1,0F1,PTC V
3501,2021-08-16 17:36:49,1322896,CAR,2,4209,PC494D54E,54E,PTE V
3502,2021-08-01 00:03:44,958413,CAR,2,4321,PC591BDF7,DF7,PTC V
3503,2021-07-29 19:08:35,4773729,TRUCK,4,4129,PCA6127FF,7FF,PTP V
3504,2021-08-13 06:14:47,7493949,TRUCK,4,4394,PCD3A817A,17A,PTE V
3505,2021-08-09 11:23:38,2239561,CAR,2,4581,PCC347465,465,PTP V
3506,2021-08-05 23:31:25,2169627,VAN,2,4728,PC07BF95F,95F,PTC V
3507,2021-08-06 21:49:44,7493212,TRUCK,4,4598,PC5526A36,A36,PTC V
3508,2021-08-10 20:47:51,7029752,CAR,2,4042,PC5D4DE09,E09,PTP V
3509,2021-08-19 05:35:39,4202047,CAR,2,4575,PC84D9FC1,FC1,PTC V
3510,2021-08-21 05:23:18,9717261,CAR,2,4979,PC6F36B7A,B7A,PTE V
3511,2021-08-21 11:48:08,3384393,TRUCK,4,4886,PC4D892D7,2D7,PTE V
3512,2021-08-18 01:17:15,7522306,TRUCK,4,4198,PCB0994D1,4D1,PTE V
3513,2021-08-04 05:53:44,401991,TRUCK,4,5007,PC869BDE8,DE8,PTE V
3514,2021-08-10 04:33:09,2504663,CAR,2,4956,PCB7040B7,0B7,PTC V
3515,2021-08-14 22:45:21,8642177,CAR,2,4212,PC422A6D1,6D1,PTE V
3516,2021-08-08 18:00:56,7468871,CAR,2,4800,PCA4DF48A,48A,PTE V
3517,2021-08-15 02:26:56,2794071,CAR,2,4846,PCBABD060,060,PTP V
3518,2021-08-07 23:30:18,4672116,CAR,2,4327,PC16F59EC,9EC,PTP V
3519,2021-08-15 19:13:15,8952144,CAR,2,4592,PC627AA14,A14,PTE V
3520,2021-08-18 03:41:32,3830435,TRUCK,4,4315,PC6E0962A,62A,PTP V
3521,2021-08-12 15:39:52,2148086,CAR,2,4081,PCC825DB2,DB2,PTC V
3522,2021-08-06 03:18:05,2400348,CAR,2,4926,PCCBCFEDE,EDE,PTE V
3523,2021-08-19 00:38:07,1913762,TRUCK,4,4064,PC0B32B5B,B5B,PTE V
3524,2021-08-08 08:18:51,8755361,CAR,2,4917,PCD8C66B1,6B1,PTE V
3525,2021-08-19 01:34:58,760835,CAR,2,4733,PC797AEBF,EBF,PTP V
3526,2021-08-18 04:31:27,5423693,VAN,2,4887,PC81776BA,6BA,PTE V
3527,2021-08-09 16:08:56,5806508,VAN,2,4197,PCE32ED40,D40,PTP V
3528,2021-08-04 11:47:17,5318043,CAR,2,4787,PC1BDA119,119,PTP V
3529,2021-08-21 03:06:29,4344131,CAR,2,4291,PCD411AEF,AEF,PTE V
3530,2021-08-21 08:18:00,474934,CAR,2,4413,PC6C88C27,C27,PTP V
3531,2021-08-12 09:25:57,2894372,CAR,2,4966,PC4E6422C,22C,PTC V
3532,2021-08-07 17:28:01,7641489,CAR,2,4871,PC397AFA3,FA3,PTP V
3533,2021-08-04 10:29:45,1215088,CAR,2,4941,PCA6403C1,3C1,PTE V
3534,2021-08-21 21:22:35,2197817,CAR,2,4452,PC8C7C5D7,5D7,PTE V
3535,2021-08-20 05:35:12,2473795,CAR,2,4548,PC4486317,317,PTE V
3536,2021-08-02 08:58:16,5004875,CAR,2,4232,PC4156AD5,AD5,PTE V
3537,2021-07-30 00:58:09,6675052,CAR,2,4135,PCC943ECD,ECD,PTP V
3538,2021-08-18 18:03:29,549326,TRUCK,4,4602,PC0D3474E,74E,PTE V
3539,2021-08-17 19:02:46,1978484,CAR,2,4662,PCB2463CF,3CF,PTP V
3540,2021-08-03 15:37:31,5074498,TRUCK,4,4600,PCB99E8F9,8F9,PTE V
3541,2021-08-12 19:40:40,8004292,CAR,2,4772,PC7368097,097,PTE V
3542,2021-07-29 14:44:10,8723956,CAR,2,4128,PCC0E7E2A,E2A,PTP V
3543,2021-08-14 05:05:15,4617994,CAR,2,4462,PCE29AA1A,A1A,PTC V
3544,2021-08-17 10:21:43,563559,CAR,2,4102,PC8C9B099,099,PTE V
3545,2021-08-18 02:00:42,2191813,TRUCK,4,4371,PC7E22FD8,FD8,PTC V
3546,2021-08-11 19:38:58,9968446,CAR,2,4715,PCFA0E4C0,4C0,PTP V
3547,2021-08-03 23:05:33,275928,TRUCK,4,4770,PC9082A17,A17,PTP V
3548,2021-08-03 22:16:59,1653686,VAN,2,4873,PCE01E4DF,4DF,PTE V
3549,2021-08-03 08:42:45,9337961,TRUCK,4,4680,PCC422F4D,F4D,PTP V
3550,2021-08-03 19:09:23,9086795,TRUCK,4,4443,PCC139BD8,BD8,PTC V
3551,2021-08-01 12:55:24,9367557,CAR,2,4978,PCF0B5E85,E85,PTC V
3552,2021-07-29 11:53:44,9496327,TRUCK,4,4203,PC5295A46,A46,PTC V
3553,2021-08-04 01:52:09,4016069,TRUCK,4,4218,PC8DF4919,919,PTE V
3554,2021-08-16 08:41:05,4699679,CAR,2,5007,PC869BDE8,DE8,PTE V
3555,2021-08-16 00:04:41,50743,CAR,2,4878,PC08F56A1,6A1,PTE V
3556,2021-08-12 08:09:01,8734223,VAN,2,4057,PC4B0DCD2,CD2,PTC V
3557,2021-07-29 18:41:53,7052275,VAN,2,4923,PC8A7A22A,22A,PTP V
3558,2021-08-16 09:47:29,1447024,CAR,2,4243,PCC4F7DCE,DCE,PTP V
3559,2021-08-16 16:34:57,5385165,CAR,2,4498,PCA770E5A,E5A,PTC V
3560,2021-08-04 08:37:38,9933207,TRUCK,4,4060,PC481C9F9,9F9,PTP V
3561,2021-08-18 10:36:02,9639240,CAR,2,4087,PC2C1DA2A,A2A,PTC V
3562,2021-08-21 16:02:19,3889157,CAR,2,4525,PCF64B519,519,PTC V
3563,2021-08-13 23:14:38,3464138,CAR,2,4853,PC214FB8E,B8E,PTE V
3564,2021-08-14 17:32:36,6320393,VAN,2,4521,PCD2C9ECF,ECF,PTP V
3565,2021-08-13 20:48:22,6784534,CAR,2,4976,PC5149039,039,PTE V
3566,2021-08-04 15:37:33,634378,CAR,2,4192,PC74F6341,341,PTC V
3567,2021-08-16 11:02:03,5631906,TRUCK,4,4662,PCB2463CF,3CF,PTP V
3568,2021-08-14 15:07:02,1354046,CAR,2,5000,PCFE7F7FE,7FE,PTE V
3569,2021-08-16 05:50:45,5649886,CAR,2,4735,PC2294422,422,PTC V
3570,2021-08-11 11:32:54,7784896,CAR,2,4590,PC912F5CB,5CB,PTC V
3571,2021-08-03 03:14:37,5360488,CAR,2,4695,PC4A5D62F,62F,PTP V
3572,2021-08-02 03:21:09,1658659,CAR,2,4572,PCC9756B2,6B2,PTP V
3573,2021-08-20 13:56:24,2309407,CAR,2,4402,PC85224D1,4D1,PTP V
3574,2021-08-04 12:55:06,5676597,CAR,2,4739,PC07289CF,9CF,PTC V
3575,2021-08-18 05:02:24,8937799,CAR,2,4831,PC0EC3E54,E54,PTC V
3576,2021-08-15 21:36:47,2938760,TRUCK,4,4838,PCEECD973,973,PTE V
3577,2021-08-17 04:55:29,3563259,TRUCK,4,4430,PC52EA95D,95D,PTP V
3578,2021-08-01 12:27:20,5584657,CAR,2,4560,PC5030572,572,PTC V
3579,2021-08-14 09:15:31,4993413,CAR,2,4037,PC0A50259,259,PTP V
3580,2021-08-07 20:37:04,8058875,TRUCK,4,4360,PC084F676,676,PTE V
3581,2021-08-17 00:11:55,6304312,CAR,2,4489,PCEFF6088,088,PTE V
3582,2021-08-04 20:29:57,9859325,CAR,2,4002,PCED7D2DE,2DE,PTE V
3583,2021-08-10 14:52:58,5133239,CAR,2,4330,PCBD023A3,3A3,PTE V
3584,2021-08-22 10:54:25,4887029,CAR,2,4225,PCC1ED0C5,0C5,PTE V
3585,2021-08-21 09:21:26,4045887,CAR,2,5008,PC48D61BB,1BB,PTP V
3586,2021-08-20 18:02:02,5357027,TRUCK,4,4923,PC8A7A22A,22A,PTP V
3587,2021-08-21 09:28:44,1011909,CAR,2,4057,PC4B0DCD2,CD2,PTE V
3588,2021-08-06 15:45:54,4330657,CAR,2,4479,PCCA36E4D,E4D,PTE V
3589,2021-08-01 15:19:24,519094,CAR,2,4839,PCA0290AD,0AD,PTP V
3590,2021-07-30 07:27:13,2631446,CAR,2,4681,PCBEB4D23,D23,PTP V
3591,2021-08-07 18:16:27,9269016,CAR,2,4168,PCBC064F8,4F8,PTC V
3592,2021-08-18 01:56:40,7379593,CAR,2,4381,PC9DD9DCD,DCD,PTP V
3593,2021-07-30 18:32:25,573687,CAR,2,4554,PC23BA77A,77A,PTE V
3594,2021-08-17 13:49:23,937326,CAR,2,4645,PC14FBE4A,E4A,PTE V
3595,2021-08-03 10:34:09,3352235,TRUCK,4,4731,PCFFC2992,992,PTE V
3596,2021-08-10 01:35:01,971255,CAR,2,4167,PC8453073,073,PTE V
3597,2021-08-09 07:07:02,9875470,TRUCK,4,4264,PC9DFEBB0,BB0,PTP V
3598,2021-08-18 00:43:05,6644711,VAN,2,4746,PC0514825,825,PTP V
3599,2021-07-30 06:52:41,4585032,VAN,2,4353,PC79BCF60,F60,PTE V
3600,2021-08-03 23:06:45,7587218,CAR,2,4734,PCE4C5D8E,D8E,PTE V
3601,2021-08-01 22:18:57,4524294,CAR,2,4206,PCAC34A40,A40,PTC V
3602,2021-08-02 12:53:29,3724148,CAR,2,4791,PC517992F,92F,PTC V
3603,2021-08-16 18:32:25,6376445,CAR,2,4906,PC3D58C5E,C5E,PTP V
3604,2021-07-30 09:02:37,5025575,VAN,2,4942,PCD51A740,740,PTE V
3605,2021-08-06 18:54:28,1775447,CAR,2,4229,PCD0DDD3D,D3D,PTP V
3606,2021-08-19 01:09:58,7141580,CAR,2,4824,PCFEADFE6,FE6,PTP V
3607,2021-08-07 16:18:40,9656270,TRUCK,4,4467,PCF5E0389,389,PTP V
3608,2021-08-01 16:22:35,7391732,TRUCK,4,4150,PCC8441A8,1A8,PTE V
3609,2021-08-13 19:53:32,6186999,CAR,2,5000,PCFE7F7FE,7FE,PTC V
3610,2021-08-15 11:20:11,145756,CAR,2,4609,PC1551C8E,C8E,PTP V
3611,2021-07-30 03:02:45,784628,VAN,2,4394,PCD3A817A,17A,PTC V
3612,2021-08-21 09:48:14,1313467,CAR,2,4576,PC394C979,979,PTC V
3613,2021-08-18 13:56:22,1909736,CAR,2,4031,PC0214185,185,PTE V
3614,2021-08-08 16:39:50,9124282,CAR,2,4876,PCDFCFF53,F53,PTE V
3615,2021-08-18 23:21:03,9314894,TRUCK,4,4405,PC70CA955,955,PTE V
3616,2021-08-16 21:41:05,8739713,TRUCK,4,4209,PC494D54E,54E,PTC V
3617,2021-08-01 11:08:08,2889784,CAR,2,4417,PC208F9BB,9BB,PTC V
3618,2021-08-01 14:10:34,8300993,CAR,2,4526,PCCB07C68,C68,PTE V
3619,2021-08-22 07:41:36,7546474,CAR,2,4710,PCE17C964,964,PTC V
3620,2021-08-15 13:26:51,8091351,CAR,2,4501,PC5D41947,947,PTE V
3621,2021-08-08 09:10:22,6086743,CAR,2,4048,PC1FE6483,483,PTP V
3622,2021-08-19 07:56:26,4473159,TRUCK,4,4807,PCAFC45DA,5DA,PTE V
3623,2021-08-20 03:17:24,4895894,TRUCK,4,4086,PC23E470D,70D,PTC V
3624,2021-08-15 07:36:44,9587163,TRUCK,4,4252,PCA32686D,86D,PTP V
3625,2021-08-19 12:11:09,2357640,VAN,2,4930,PC22F748B,48B,PTE V
3626,2021-07-31 11:04:22,5810114,TRUCK,4,4570,PCAE45EC0,EC0,PTE V
3627,2021-08-21 22:38:39,1283630,CAR,2,4436,PC0CF9451,451,PTC V
3628,2021-08-01 19:01:17,1815835,CAR,2,4997,PC8111910,910,PTE V
3629,2021-08-21 09:50:56,5285866,TRUCK,4,4574,PCC1F6F13,F13,PTP V
3630,2021-07-31 23:56:28,430301,CAR,2,4238,PCE0A2A2F,A2F,PTC V
3631,2021-08-09 07:57:17,5118665,TRUCK,4,4521,PCD2C9ECF,ECF,PTE V
3632,2021-08-12 23:51:10,2611765,CAR,2,4416,PC546F252,252,PTP V
3633,2021-08-10 17:38:37,7176391,CAR,2,4907,PCCEEF65A,65A,PTC V
3634,2021-08-04 12:46:04,4560016,CAR,2,4302,PCBA83119,119,PTP V
3635,2021-07-29 11:59:22,7538785,CAR,2,4454,PC94C0945,945,PTP V
3636,2021-08-18 12:56:56,3572029,CAR,2,4893,PC3743587,587,PTC V
3637,2021-07-31 23:33:06,1199041,CAR,2,4734,PCE4C5D8E,D8E,PTC V
3638,2021-08-14 23:51:21,72091,CAR,2,4153,PC88C655C,55C,PTP V
3639,2021-08-02 18:58:51,1909966,CAR,2,4819,PC454F09B,09B,PTP V
3640,2021-08-20 15:09:47,5451560,CAR,2,4263,PCD6DBA1D,A1D,PTP V
3641,2021-08-01 00:12:46,5459046,TRUCK,4,4597,PCBDB8BB6,BB6,PTC V
3642,2021-07-30 23:02:22,4542216,CAR,2,4722,PC035B71E,71E,PTP V
3643,2021-08-11 21:03:37,1711852,TRUCK,4,4279,PCCA817EB,7EB,PTP V
3644,2021-08-11 09:06:59,6932721,TRUCK,4,4253,PC82A16E6,6E6,PTC V
3645,2021-08-21 19:36:12,507571,CAR,2,4660,PCB86D2E1,2E1,PTE V
3646,2021-08-17 10:01:50,8924779,TRUCK,4,4809,PCAD363FC,3FC,PTE V
3647,2021-08-13 20:45:07,4929016,CAR,2,4089,PC3CCA187,187,PTP V
3648,2021-08-16 14:52:01,4714436,VAN,2,4902,PC425C6EC,6EC,PTE V
3649,2021-08-21 17:21:14,6300206,VAN,2,4771,PC71FE98A,98A,PTC V
3650,2021-08-02 16:02:23,9404838,CAR,2,4506,PCB24B68E,68E,PTC V
3651,2021-07-30 23:48:27,7904605,CAR,2,4895,PC37F171A,71A,PTC V
3652,2021-08-09 14:28:41,1152575,TRUCK,4,4977,PCB077F18,F18,PTC V
3653,2021-08-07 02:36:22,428801,CAR,2,4985,PCCA71D2C,D2C,PTE V
3654,2021-08-07 14:16:41,6851284,CAR,2,4953,PC1E2B07E,07E,PTC V
3655,2021-08-07 19:18:16,553458,CAR,2,4504,PC461DCD3,CD3,PTC V
3656,2021-08-06 05:43:03,6409666,CAR,2,4941,PCA6403C1,3C1,PTE V
3657,2021-08-16 21:59:32,7922899,CAR,2,4935,PC327D635,635,PTC V
3658,2021-07-30 20:22:45,628079,CAR,2,5001,PC264C595,595,PTC V
3659,2021-07-30 21:01:57,4899667,CAR,2,4709,PCC8C7059,059,PTP V
3660,2021-08-12 20:26:31,4228474,VAN,2,4486,PC3AF69A3,9A3,PTC V
3661,2021-08-11 04:18:17,7190982,TRUCK,4,4915,PC86B0D7B,D7B,PTC V
3662,2021-08-07 21:41:11,2986069,CAR,2,4873,PCE01E4DF,4DF,PTE V
3663,2021-08-05 21:32:46,7318998,CAR,2,4424,PC51E7EF8,EF8,PTE V
3664,2021-08-07 07:30:40,3134373,CAR,2,4543,PC74F5EBA,EBA,PTP V
3665,2021-07-31 04:49:32,1814328,CAR,2,4318,PCAD89FE3,FE3,PTC V
3666,2021-07-31 20:30:52,5294092,CAR,2,4821,PC67D349A,49A,PTP V
3667,2021-08-20 16:14:01,3356619,CAR,2,4468,PC040ADB3,DB3,PTP V
3668,2021-08-15 13:32:36,2994096,CAR,2,4247,PCEE69498,498,PTE V
3669,2021-08-19 15:31:24,5072007,CAR,2,4671,PCCAAFB48,B48,PTC V
3670,2021-07-31 05:10:19,1893936,CAR,2,4333,PCCCAD2AC,2AC,PTE V
3671,2021-08-04 05:51:07,1535916,TRUCK,4,4179,PC5738A82,A82,PTC V
3672,2021-08-11 03:18:25,9613436,TRUCK,4,4660,PCB86D2E1,2E1,PTE V
3673,2021-08-02 12:28:24,8746806,CAR,2,4793,PCD8E3CCB,CCB,PTP V
3674,2021-08-03 18:54:12,2666661,VAN,2,4795,PC7EE2DCF,DCF,PTE V
3675,2021-08-10 04:33:07,1184760,TRUCK,4,4830,PC12EEFE0,FE0,PTP V
3676,2021-08-04 18:16:35,3116225,CAR,2,4693,PCB4CDDA5,DA5,PTE V
3677,2021-08-21 18:08:06,7275873,CAR,2,4380,PC905B5D4,5D4,PTP V
3678,2021-08-14 11:22:51,5328121,CAR,2,4580,PC48664B7,4B7,PTP V
3679,2021-08-17 04:45:06,6964076,CAR,2,4913,PC685427C,27C,PTP V
3680,2021-08-03 00:30:14,4942715,CAR,2,4652,PC74A3585,585,PTP V
3681,2021-07-31 19:54:15,481598,VAN,2,4872,PC5B45CE7,CE7,PTC V
3682,2021-08-06 19:30:05,6602358,CAR,2,4310,PCC08F8BB,8BB,PTC V
3683,2021-08-11 08:48:02,6689110,CAR,2,4021,PC851E565,565,PTE V
3684,2021-08-12 16:06:52,2869877,CAR,2,4941,PCA6403C1,3C1,PTP V
3685,2021-08-20 12:02:17,9421471,TRUCK,4,4363,PC62E1338,338,PTP V
3686,2021-08-10 17:14:34,7246770,CAR,2,4977,PCB077F18,F18,PTC V
3687,2021-08-12 15:18:00,6788615,CAR,2,4989,PC7D7AE48,E48,PTC V
3688,2021-08-20 05:46:29,6471426,CAR,2,4869,PCF775FA6,FA6,PTE V
3689,2021-08-11 05:15:20,3155481,CAR,2,4978,PCF0B5E85,E85,PTC V
3690,2021-08-02 21:52:15,1718137,CAR,2,4320,PC40C93B0,3B0,PTE V
3691,2021-08-11 04:00:28,3428645,CAR,2,4341,PC1E10EC3,EC3,PTC V
3692,2021-08-01 20:52:00,9534059,CAR,2,4594,PC59414DA,4DA,PTE V
3693,2021-08-18 07:33:29,8140162,CAR,2,4869,PCF775FA6,FA6,PTE V
3694,2021-08-10 23:42:00,1114469,VAN,2,4229,PCD0DDD3D,D3D,PTC V
3695,2021-08-05 12:50:37,7262668,CAR,2,4936,PC7157CF3,CF3,PTP V
3696,2021-08-05 07:15:56,7840403,CAR,2,4735,PC2294422,422,PTP V
3697,2021-08-17 12:52:08,2995837,CAR,2,4559,PC93AAEC9,EC9,PTP V
3698,2021-08-16 15:03:05,3740358,VAN,2,4779,PCC8FE9C6,9C6,PTE V
3699,2021-08-20 02:39:39,2504863,CAR,2,4097,PCB1B5BEC,BEC,PTC V
3700,2021-08-09 12:34:48,6241211,CAR,2,4797,PCE2D63A7,3A7,PTE V
3701,2021-08-05 04:28:38,4810189,CAR,2,4038,PC77889B3,9B3,PTE V
3702,2021-08-11 02:11:47,5481150,TRUCK,4,4759,PC4A6C6D9,6D9,PTC V
3703,2021-08-15 02:15:24,1147949,CAR,2,4047,PC6D105CF,5CF,PTE V
3704,2021-07-29 18:55:15,4753600,TRUCK,4,4327,PC16F59EC,9EC,PTE V
3705,2021-07-29 23:56:05,9446358,CAR,2,4751,PCD33B3C9,3C9,PTP V
3706,2021-08-09 21:30:46,2519804,CAR,2,4121,PCEC57A8E,A8E,PTP V
3707,2021-08-21 19:41:13,3391749,CAR,2,4096,PCFA4F864,864,PTC V
3708,2021-08-14 13:27:22,6095806,CAR,2,4899,PC4967767,767,PTE V
3709,2021-08-20 23:40:23,2812052,TRUCK,4,4189,PC7655FC1,FC1,PTE V
3710,2021-08-05 06:50:07,1481410,CAR,2,4688,PCCB4C86D,86D,PTE V
3711,2021-08-15 14:57:54,7636437,CAR,2,4335,PC76935F9,5F9,PTE V
3712,2021-08-18 14:00:49,6994316,TRUCK,4,4131,PC4C9B108,108,PTE V
3713,2021-08-08 03:53:50,2290002,TRUCK,4,4032,PC578F087,087,PTE V
3714,2021-08-10 19:52:11,5683295,VAN,2,4676,PC9798721,721,PTC V
3715,2021-08-21 06:10:17,4017903,CAR,2,4822,PCD1EB220,220,PTP V
3716,2021-08-15 22:28:01,5243716,CAR,2,4586,PC4A40D50,D50,PTC V
3717,2021-08-17 22:53:19,6720853,VAN,2,4973,PC9C7C18E,18E,PTC V
3718,2021-08-01 01:06:02,1090470,CAR,2,4984,PCBABF130,130,PTP V
3719,2021-08-17 06:56:35,5245024,CAR,2,4283,PC953B572,572,PTP V
3720,2021-08-14 23:06:42,161095,CAR,2,4296,PCA24C1E1,1E1,PTC V
3721,2021-08-20 17:30:56,1427451,CAR,2,4169,PC2890582,582,PTP V
3722,2021-08-01 22:16:19,1943101,CAR,2,4101,PCCC8F243,243,PTP V
3723,2021-08-17 08:30:42,7384650,CAR,2,4577,PC8FE0901,901,PTC V
3724,2021-08-10 03:09:05,3661216,CAR,2,4897,PCAB2FA02,A02,PTE V
3725,2021-08-15 03:52:02,2894801,CAR,2,4202,PC65AA714,714,PTP V
3726,2021-08-14 12:24:12,1541907,CAR,2,4682,PCBB02F92,F92,PTE V
3727,2021-08-20 14:17:48,6016087,CAR,2,4899,PC4967767,767,PTE V
3728,2021-08-17 19:49:08,2449759,VAN,2,4374,PCC321538,538,PTE V
3729,2021-08-04 06:57:52,3052510,TRUCK,4,4015,PC524833E,33E,PTE V
3730,2021-08-22 03:01:13,9774084,CAR,2,4994,PC09C5F59,F59,PTP V
3731,2021-07-31 08:02:30,2813960,CAR,2,4131,PC4C9B108,108,PTE V
3732,2021-08-21 02:12:18,505613,CAR,2,4025,PC5ABB8E4,8E4,PTE V
3733,2021-08-21 22:59:38,5445643,TRUCK,4,4433,PC1DEB043,043,PTE V
3734,2021-08-16 18:07:21,6243143,CAR,2,4366,PC09D71DF,1DF,PTE V
3735,2021-08-21 23:05:04,2866055,TRUCK,4,4530,PCA33A9A8,9A8,PTE V
3736,2021-08-06 12:03:24,8900522,CAR,2,4224,PCD83983A,83A,PTE V
3737,2021-08-03 05:44:03,8540101,CAR,2,4297,PCDE89544,544,PTC V
3738,2021-08-18 01:55:25,6120419,CAR,2,4254,PC0C0EE22,E22,PTC V
3739,2021-08-17 22:49:36,2736529,CAR,2,4970,PCA154C84,C84,PTP V
3740,2021-08-22 02:54:34,2450473,CAR,2,4844,PCC48E3A8,3A8,PTE V
3741,2021-08-20 06:29:18,2254860,TRUCK,4,4746,PC0514825,825,PTE V
3742,2021-08-12 10:15:41,4851305,CAR,2,4252,PCA32686D,86D,PTC V
3743,2021-08-12 04:29:08,980960,CAR,2,4749,PC65C93B7,3B7,PTP V
3744,2021-08-11 22:57:45,2190925,CAR,2,4560,PC5030572,572,PTC V
3745,2021-08-03 21:37:25,5784456,TRUCK,4,4495,PC210A754,754,PTP V
3746,2021-08-17 15:36:22,3967392,CAR,2,4876,PCDFCFF53,F53,PTP V
3747,2021-08-11 23:23:46,6410808,TRUCK,4,4385,PC148C815,815,PTP V
3748,2021-08-04 18:32:32,588921,TRUCK,4,4213,PCDD316EB,6EB,PTE V
3749,2021-08-15 18:04:35,7073611,CAR,2,4169,PC2890582,582,PTC V
3750,2021-08-10 13:00:19,4646707,CAR,2,4384,PC59A33DE,3DE,PTC V
3751,2021-08-13 14:56:50,3643523,TRUCK,4,4941,PCA6403C1,3C1,PTC V
3752,2021-08-12 18:32:18,2783246,TRUCK,4,4465,PCA227C6B,C6B,PTC V
3753,2021-08-14 03:18:41,9532021,CAR,2,4187,PCF8D98DC,8DC,PTC V
3754,2021-08-14 14:28:22,371354,CAR,2,4101,PCCC8F243,243,PTE V
3755,2021-08-02 01:53:12,2052797,CAR,2,4327,PC16F59EC,9EC,PTC V
3756,2021-08-02 13:22:30,2239698,TRUCK,4,4262,PCCB12F8C,F8C,PTC V
3757,2021-07-29 13:58:23,9052663,CAR,2,4368,PC909A324,324,PTP V
3758,2021-08-12 23:03:40,2781433,CAR,2,4514,PC374C341,341,PTE V
3759,2021-08-15 04:22:14,4071846,CAR,2,4646,PC3F8C42B,42B,PTP V
3760,2021-08-17 09:15:27,6681603,CAR,2,4519,PC92A6471,471,PTP V
3761,2021-08-12 13:16:27,6584092,TRUCK,4,4232,PC4156AD5,AD5,PTC V
3762,2021-08-01 10:02:39,1970945,CAR,2,4539,PC684859B,59B,PTP V
3763,2021-08-13 09:08:14,468002,CAR,2,4460,PCDF04952,952,PTC V
3764,2021-08-07 13:56:54,3350709,CAR,2,4366,PC09D71DF,1DF,PTC V
3765,2021-08-10 20:00:45,7439297,CAR,2,4589,PC1477DC9,DC9,PTC V
3766,2021-08-19 04:04:30,7989929,VAN,2,4150,PCC8441A8,1A8,PTE V
3767,2021-08-17 19:34:26,9102384,CAR,2,4906,PC3D58C5E,C5E,PTE V
3768,2021-08-07 10:13:04,137849,CAR,2,4287,PC421D5F3,5F3,PTC V
3769,2021-07-31 02:24:19,5396337,CAR,2,4505,PCEF64195,195,PTP V
3770,2021-08-19 01:30:11,7637241,CAR,2,4762,PC1A3D20B,20B,PTP V
3771,2021-08-17 12:27:29,7934904,CAR,2,4668,PCBB055C6,5C6,PTE V
3772,2021-08-02 20:57:10,5257221,CAR,2,4414,PC40BD0F3,0F3,PTC V
3773,2021-08-03 02:09:54,8147945,CAR,2,4535,PC1BC7FA5,FA5,PTE V
3774,2021-08-22 06:13:29,5901562,TRUCK,4,4807,PCAFC45DA,5DA,PTC V
3775,2021-07-30 01:34:44,5625343,TRUCK,4,4084,PC71D433F,33F,PTC V
3776,2021-08-11 02:52:55,5044107,CAR,2,4884,PC3FB1BB6,BB6,PTE V
3777,2021-08-18 20:21:30,3952341,TRUCK,4,4492,PC0BF2899,899,PTE V
3778,2021-08-13 05:28:24,4341466,CAR,2,4063,PC7667A3E,A3E,PTE V
3779,2021-08-16 02:58:42,4230270,CAR,2,4459,PCD9CAD56,D56,PTC V
3780,2021-08-12 05:35:35,9596061,CAR,2,4128,PCC0E7E2A,E2A,PTP V
3781,2021-08-21 13:11:44,2989598,CAR,2,5007,PC869BDE8,DE8,PTE V
3782,2021-08-09 06:41:09,7396589,CAR,2,4494,PC1592ACA,ACA,PTC V
3783,2021-08-16 12:38:13,2691300,TRUCK,4,4813,PCACF7982,982,PTC V
3784,2021-08-16 05:48:48,1992831,TRUCK,4,4714,PC9B747F8,7F8,PTP V
3785,2021-08-11 18:20:44,4258162,TRUCK,4,4938,PC6C57ED3,ED3,PTE V
3786,2021-08-04 07:57:01,3104910,CAR,2,4265,PC5B2AFFA,FFA,PTP V
3787,2021-08-20 03:05:48,2468179,VAN,2,4346,PCA35B156,156,PTE V
3788,2021-08-11 20:35:36,3393830,CAR,2,4874,PC9F481D4,1D4,PTE V
3789,2021-08-18 05:23:40,1169222,TRUCK,4,4005,PCB3DF742,742,PTC V
3790,2021-08-21 13:33:37,8692305,VAN,2,4683,PC96978C6,8C6,PTC V
3791,2021-08-08 23:35:44,2173703,CAR,2,4777,PCB1132AC,2AC,PTC V
3792,2021-08-11 17:19:48,436723,CAR,2,4627,PCA965149,149,PTE V
3793,2021-08-05 05:15:27,2812486,CAR,2,4105,PC43919D1,9D1,PTP V
3794,2021-08-02 19:26:55,6187646,VAN,2,4168,PCBC064F8,4F8,PTE V
3795,2021-08-13 00:03:09,178862,CAR,2,4670,PC2BE6D87,D87,PTP V
3796,2021-08-12 12:13:04,1712670,TRUCK,4,4842,PC16F5A24,A24,PTC V
3797,2021-07-29 15:37:23,8124045,CAR,2,4771,PC71FE98A,98A,PTE V
3798,2021-08-18 16:57:17,3098113,VAN,2,4909,PCDED6F20,F20,PTC V
3799,2021-08-20 08:51:10,9550095,CAR,2,4108,PC7C55512,512,PTE V
3800,2021-08-21 00:53:17,6101673,VAN,2,4869,PCF775FA6,FA6,PTP V
3801,2021-08-08 01:15:51,518698,CAR,2,4568,PCA8A783A,83A,PTE V
3802,2021-08-15 07:04:39,1891348,CAR,2,4045,PCE952492,492,PTP V
3803,2021-08-02 06:38:59,6126884,CAR,2,4848,PCF0FC9B2,9B2,PTC V
3804,2021-07-31 23:57:23,4860934,CAR,2,4574,PCC1F6F13,F13,PTE V
3805,2021-08-09 13:52:19,5393369,CAR,2,4805,PC1A161AA,1AA,PTP V
3806,2021-08-15 12:40:37,7222520,CAR,2,4820,PCC30C735,735,PTP V
3807,2021-07-29 12:17:14,9733864,TRUCK,4,4826,PCE1DDBB4,BB4,PTC V
3808,2021-08-07 13:25:15,7298435,TRUCK,4,4466,PC6E93A05,A05,PTC V
3809,2021-08-08 15:35:54,7510154,TRUCK,4,4382,PCB7341F4,1F4,PTE V
3810,2021-08-21 08:23:29,2486757,CAR,2,4899,PC4967767,767,PTP V
3811,2021-08-11 01:03:59,646521,CAR,2,4899,PC4967767,767,PTP V
3812,2021-08-14 12:31:48,6594177,VAN,2,4302,PCBA83119,119,PTC V
3813,2021-08-19 06:37:33,4534096,TRUCK,4,4313,PC6D0FC31,C31,PTC V
3814,2021-08-08 03:47:04,5659638,CAR,2,4136,PCA579A65,A65,PTC V
3815,2021-08-14 12:05:36,2217026,CAR,2,4349,PC5AB6779,779,PTE V
3816,2021-08-17 07:01:26,2406117,CAR,2,4870,PC65485BB,5BB,PTC V
3817,2021-08-18 12:45:32,6341134,CAR,2,4397,PCB070250,250,PTE V
3818,2021-08-12 17:28:01,3099096,TRUCK,4,4125,PC8AAEF51,F51,PTC V
3819,2021-08-07 23:20:55,9398737,CAR,2,4734,PCE4C5D8E,D8E,PTC V
3820,2021-08-14 23:42:10,2049970,CAR,2,4410,PC6EFC03B,03B,PTC V
3821,2021-08-07 19:09:55,360030,VAN,2,4859,PC685B3B1,3B1,PTP V
3822,2021-08-02 07:14:52,7082534,CAR,2,4647,PCDD56814,814,PTC V
3823,2021-07-31 06:42:43,7244025,TRUCK,4,4126,PC74CE451,451,PTC V
3824,2021-08-08 08:57:53,3762454,VAN,2,4692,PC1CDFCF6,CF6,PTP V
3825,2021-08-10 01:47:17,3339577,CAR,2,4556,PC18C31F6,1F6,PTC V
3826,2021-08-20 07:18:33,6032797,CAR,2,4714,PC9B747F8,7F8,PTE V
3827,2021-08-03 08:37:06,2282380,CAR,2,4107,PC7607A5D,A5D,PTP V
3828,2021-08-16 14:36:26,5380177,TRUCK,4,4184,PC43A5E42,E42,PTC V
3829,2021-08-09 06:50:09,1383756,CAR,2,4968,PC251D4C1,4C1,PTP V
3830,2021-08-12 14:41:09,7137552,CAR,2,4051,PC3B970F2,0F2,PTE V
3831,2021-08-16 08:43:44,4689197,CAR,2,4661,PC1585DF2,DF2,PTC V
3832,2021-08-15 07:08:30,4066135,TRUCK,4,4445,PC796A888,888,PTP V
3833,2021-08-19 21:02:32,5826523,CAR,2,4426,PCC0E943C,43C,PTP V
3834,2021-08-11 19:23:29,6993644,CAR,2,4098,PC89C0554,554,PTE V
3835,2021-07-29 11:42:18,8131236,CAR,2,4733,PC797AEBF,EBF,PTE V
3836,2021-08-06 13:14:27,6088739,CAR,2,4428,PCB616FAD,FAD,PTP V
3837,2021-07-30 06:14:50,3119550,CAR,2,4394,PCD3A817A,17A,PTP V
3838,2021-08-15 00:05:53,2432463,CAR,2,4042,PC5D4DE09,E09,PTP V
3839,2021-08-19 09:05:59,1037003,CAR,2,4354,PC0671DD4,DD4,PTC V
3840,2021-08-20 06:04:32,8140742,CAR,2,4924,PCE3427C5,7C5,PTP V
3841,2021-08-01 03:39:39,7602444,CAR,2,4618,PC8F4AF85,F85,PTP V
3842,2021-08-11 07:44:33,1179841,CAR,2,4996,PC6A4F55F,55F,PTE V
3843,2021-08-21 15:58:37,3912568,CAR,2,4884,PC3FB1BB6,BB6,PTP V
3844,2021-08-19 23:05:04,3513402,VAN,2,4374,PCC321538,538,PTP V
3845,2021-08-15 02:44:58,4871400,CAR,2,4869,PCF775FA6,FA6,PTP V
3846,2021-08-07 21:34:03,1551686,TRUCK,4,4187,PCF8D98DC,8DC,PTE V
3847,2021-08-02 01:45:03,8850359,CAR,2,4457,PCFBF2259,259,PTC V
3848,2021-08-19 16:47:39,2791195,VAN,2,4346,PCA35B156,156,PTE V
3849,2021-07-30 21:02:43,3529952,TRUCK,4,4466,PC6E93A05,A05,PTC V
3850,2021-07-30 20:27:55,1724787,CAR,2,4334,PCCB383F8,3F8,PTC V
3851,2021-08-22 01:30:36,8638068,TRUCK,4,4019,PC63FF017,017,PTE V
3852,2021-08-03 03:44:39,850026,CAR,2,4736,PC6A65941,941,PTP V
3853,2021-08-21 05:43:15,7260745,VAN,2,4586,PC4A40D50,D50,PTE V
3854,2021-08-18 15:06:54,8066647,TRUCK,4,4072,PC69F3F14,F14,PTE V
3855,2021-08-17 21:45:03,9728543,CAR,2,4535,PC1BC7FA5,FA5,PTP V
3856,2021-08-05 18:33:41,8605190,CAR,2,4192,PC74F6341,341,PTE V
3857,2021-07-29 12:20:19,577689,CAR,2,4994,PC09C5F59,F59,PTC V
3858,2021-08-01 22:58:31,9080379,CAR,2,4291,PCD411AEF,AEF,PTE V
3859,2021-08-08 22:24:16,6033613,CAR,2,4265,PC5B2AFFA,FFA,PTE V
3860,2021-08-14 19:59:18,9819784,CAR,2,4731,PCFFC2992,992,PTE V
3861,2021-08-16 05:38:55,7989002,CAR,2,4036,PCE6CC50C,50C,PTC V
3862,2021-08-13 01:21:36,569293,CAR,2,4505,PCEF64195,195,PTC V
3863,2021-08-18 19:54:32,8603715,CAR,2,4371,PC7E22FD8,FD8,PTE V
3864,2021-08-20 06:35:56,2529129,TRUCK,4,4236,PC5212DD0,DD0,PTC V
3865,2021-08-06 01:07:12,4087203,CAR,2,4341,PC1E10EC3,EC3,PTC V
3866,2021-08-22 14:44:15,4392206,CAR,2,4506,PCB24B68E,68E,PTE V
3867,2021-08-15 07:33:43,9777712,CAR,2,4628,PC34C1DCB,DCB,PTE V
3868,2021-08-14 17:05:52,8462846,CAR,2,4900,PCFE8B604,604,PTE V
3869,2021-08-02 07:52:01,1912308,CAR,2,4197,PCE32ED40,D40,PTC V
3870,2021-07-31 08:03:55,6116672,CAR,2,4615,PC1ECBA39,A39,PTE V
3871,2021-08-02 06:34:33,1393090,CAR,2,4298,PC3E474F6,4F6,PTE V
3872,2021-08-19 07:05:20,423946,CAR,2,4546,PCEF3EBBC,BBC,PTC V
3873,2021-08-18 12:03:34,59032,CAR,2,4801,PC119E3A6,3A6,PTE V
3874,2021-08-12 09:08:48,3105517,CAR,2,4278,PC4847214,214,PTE V
3875,2021-08-05 04:09:02,1891291,TRUCK,4,4931,PC3D30AD0,AD0,PTC V
3876,2021-08-02 06:58:25,514617,CAR,2,4750,PCD987A9D,A9D,PTP V
3877,2021-08-06 08:59:14,8584961,TRUCK,4,4990,PCFE28E92,E92,PTC V
3878,2021-08-11 05:48:52,3571830,CAR,2,4833,PC71A1452,452,PTP V
3879,2021-08-09 13:00:33,3353803,CAR,2,4425,PC41B834E,34E,PTE V
3880,2021-08-12 12:37:56,1624448,CAR,2,4035,PC1B1D964,964,PTC V
3881,2021-08-03 14:28:11,7472897,CAR,2,4102,PC8C9B099,099,PTP V
3882,2021-07-30 19:52:29,5991048,CAR,2,4362,PC670999C,99C,PTE V
3883,2021-08-14 12:27:38,4768354,TRUCK,4,4641,PCAA9F518,518,PTE V
3884,2021-08-12 15:30:21,7853658,CAR,2,4335,PC76935F9,5F9,PTC V
3885,2021-08-18 20:15:58,2111624,CAR,2,4394,PCD3A817A,17A,PTP V
3886,2021-08-06 20:12:17,6907518,CAR,2,4668,PCBB055C6,5C6,PTC V
3887,2021-08-07 08:55:31,465906,CAR,2,4797,PCE2D63A7,3A7,PTC V
3888,2021-08-18 23:53:50,4873101,VAN,2,4791,PC517992F,92F,PTE V
3889,2021-08-17 17:08:15,4407096,CAR,2,4517,PC9AF321D,21D,PTP V
3890,2021-08-05 00:20:27,7344442,CAR,2,4488,PC19D06B0,6B0,PTP V
3891,2021-08-03 22:19:10,1482588,CAR,2,4525,PCF64B519,519,PTE V
3892,2021-08-13 12:56:14,3188423,CAR,2,4732,PCD83DE25,E25,PTE V
3893,2021-08-08 08:56:53,211776,CAR,2,4101,PCCC8F243,243,PTP V
3894,2021-08-09 08:36:37,6070947,VAN,2,4870,PC65485BB,5BB,PTP V
3895,2021-08-11 20:03:34,7222973,TRUCK,4,4579,PC926F0A9,0A9,PTP V
3896,2021-08-12 05:08:06,1702827,CAR,2,4290,PC84E8CEF,CEF,PTP V
3897,2021-08-04 05:14:57,2820358,CAR,2,4849,PCF764517,517,PTE V
3898,2021-08-21 08:58:38,9587257,CAR,2,4701,PCD5F2808,808,PTP V
3899,2021-08-13 09:34:00,8482617,CAR,2,4773,PCE62BBA9,BA9,PTE V
3900,2021-08-18 23:53:57,2891827,CAR,2,4014,PCF14D1E3,1E3,PTE V
3901,2021-08-20 20:07:45,2941926,CAR,2,4541,PCC6A4CD8,CD8,PTP V
3902,2021-08-08 09:47:24,8002409,CAR,2,4391,PCCFD9AB6,AB6,PTE V
3903,2021-07-31 00:25:19,4974385,CAR,2,4902,PC425C6EC,6EC,PTE V
3904,2021-08-13 04:04:24,168404,CAR,2,4421,PCED2DB6F,B6F,PTE V
3905,2021-07-30 10:28:31,3492404,CAR,2,4748,PCF2ECD29,D29,PTE V
3906,2021-08-20 19:05:40,4946006,TRUCK,4,4562,PC4C95CA2,CA2,PTC V
3907,2021-08-14 20:33:56,627232,CAR,2,4687,PC52E7369,369,PTE V
3908,2021-08-04 16:28:59,5925653,CAR,2,4804,PC68484C6,4C6,PTE V
3909,2021-08-11 02:53:09,2036564,VAN,2,4617,PC7758F89,F89,PTE V
3910,2021-08-18 19:02:15,7538926,TRUCK,4,4402,PC85224D1,4D1,PTE V
3911,2021-08-08 13:58:06,1024481,TRUCK,4,4076,PC47B8825,825,PTP V
3912,2021-08-19 20:50:26,424098,TRUCK,4,4491,PCA52F720,720,PTC V
3913,2021-08-10 04:11:46,2719699,CAR,2,4202,PC65AA714,714,PTP V
3914,2021-08-21 19:43:35,5376445,CAR,2,4325,PC8FC83B3,3B3,PTC V
3915,2021-08-22 01:50:10,120155,VAN,2,4380,PC905B5D4,5D4,PTC V
3916,2021-08-05 07:26:29,8658913,CAR,2,4433,PC1DEB043,043,PTP V
3917,2021-08-04 02:09:40,235682,CAR,2,4435,PC3E78C17,C17,PTP V
3918,2021-08-09 15:05:46,510888,TRUCK,4,4647,PCDD56814,814,PTC V
3919,2021-08-17 10:31:05,3554000,CAR,2,4661,PC1585DF2,DF2,PTC V
3920,2021-08-21 10:18:44,5308347,TRUCK,4,4344,PC417B8DF,8DF,PTC V
3921,2021-08-19 08:32:19,7140098,CAR,2,4598,PC5526A36,A36,PTP V
3922,2021-08-11 05:54:52,7806222,TRUCK,4,4833,PC71A1452,452,PTC V
3923,2021-07-30 19:17:53,202553,CAR,2,4739,PC07289CF,9CF,PTC V
3924,2021-07-30 09:45:43,6969877,CAR,2,4646,PC3F8C42B,42B,PTP V
3925,2021-07-30 04:51:02,5991064,CAR,2,4768,PC7BEFC3B,C3B,PTC V
3926,2021-08-14 23:43:52,1692663,CAR,2,4887,PC81776BA,6BA,PTE V
3927,2021-07-31 04:43:50,1762202,TRUCK,4,4143,PC5F47DCF,DCF,PTE V
3928,2021-08-19 23:24:28,9124202,CAR,2,4804,PC68484C6,4C6,PTP V
3929,2021-08-16 10:40:45,8559678,CAR,2,4166,PCE450C55,C55,PTP V
3930,2021-08-17 17:54:01,9674941,CAR,2,4670,PC2BE6D87,D87,PTE V
3931,2021-07-29 17:32:16,9726555,CAR,2,4919,PC7A3A5CF,5CF,PTE V
3932,2021-08-18 22:48:41,9294086,TRUCK,4,4260,PC1A4796C,96C,PTC V
3933,2021-08-02 03:19:24,1842991,CAR,2,4249,PC6D2FAD0,AD0,PTE V
3934,2021-08-06 09:09:51,4837479,CAR,2,4893,PC3743587,587,PTP V
3935,2021-08-12 18:02:43,2782614,VAN,2,4482,PCB6A16D7,6D7,PTC V
3936,2021-08-12 05:13:42,537217,VAN,2,4681,PCBEB4D23,D23,PTP V
3937,2021-08-12 15:46:21,4325504,CAR,2,4972,PCC51AD39,D39,PTE V
3938,2021-08-04 01:00:52,7850565,TRUCK,4,4000,PC69C7DF3,DF3,PTE V
3939,2021-08-14 01:56:56,442619,CAR,2,4078,PC8473A64,A64,PTC V
3940,2021-08-20 06:36:55,8142265,TRUCK,4,4865,PCCACA741,741,PTE V
3941,2021-08-10 12:32:49,6620319,CAR,2,4656,PC63844BC,4BC,PTP V
3942,2021-08-11 04:50:29,5048587,CAR,2,4844,PCC48E3A8,3A8,PTP V
3943,2021-08-12 12:38:19,5161118,TRUCK,4,4079,PCF1366ED,6ED,PTC V
3944,2021-08-02 07:28:20,6003075,TRUCK,4,4328,PC3777B8E,B8E,PTP V
3945,2021-07-31 06:56:38,7694817,CAR,2,4155,PC9042B3F,B3F,PTP V
3946,2021-08-02 18:32:41,2585745,CAR,2,4932,PC46C4A27,A27,PTE V
3947,2021-08-03 15:08:27,5773497,CAR,2,4297,PCDE89544,544,PTP V
3948,2021-08-08 00:47:13,6677285,CAR,2,4845,PCEEC0DB3,DB3,PTP V
3949,2021-08-22 06:00:22,8427889,CAR,2,4435,PC3E78C17,C17,PTE V
3950,2021-08-11 19:17:57,3254547,CAR,2,4298,PC3E474F6,4F6,PTP V
3951,2021-08-02 15:45:16,490864,CAR,2,4738,PC06E9A80,A80,PTC V
3952,2021-08-15 04:29:49,5373714,CAR,2,4873,PCE01E4DF,4DF,PTP V
3953,2021-08-05 10:02:26,5616664,CAR,2,4187,PCF8D98DC,8DC,PTE V
3954,2021-08-01 01:16:09,626708,CAR,2,4081,PCC825DB2,DB2,PTC V
3955,2021-08-10 04:18:43,8486142,CAR,2,4207,PC76EDF79,F79,PTE V
3956,2021-07-31 14:54:43,4232101,CAR,2,4677,PCA9D6EEE,EEE,PTP V
3957,2021-08-12 19:14:06,6767768,CAR,2,4496,PC3FD65C8,5C8,PTP V
3958,2021-08-15 00:32:52,4200868,TRUCK,4,4132,PC8E2A7E0,7E0,PTC V
3959,2021-08-04 16:56:39,6033523,CAR,2,4226,PCDC5C9E2,9E2,PTE V
3960,2021-07-29 15:02:14,7416785,CAR,2,4606,PC0C535B6,5B6,PTP V
3961,2021-08-16 17:42:38,7656378,VAN,2,4846,PCBABD060,060,PTP V
3962,2021-07-31 02:55:16,3175809,CAR,2,4840,PC49BFB36,B36,PTC V
3963,2021-08-01 07:52:05,9129888,CAR,2,4839,PCA0290AD,0AD,PTE V
3964,2021-08-09 23:31:52,9942358,CAR,2,4031,PC0214185,185,PTP V
3965,2021-08-08 13:54:47,7543553,CAR,2,4732,PCD83DE25,E25,PTE V
3966,2021-08-06 02:19:11,3971098,VAN,2,4621,PC9FB4E82,E82,PTC V
3967,2021-08-02 02:54:40,348808,CAR,2,4673,PC66E7418,418,PTE V
3968,2021-08-20 04:27:03,5499955,CAR,2,4291,PCD411AEF,AEF,PTC V
3969,2021-08-01 20:53:08,6190548,CAR,2,4822,PCD1EB220,220,PTC V
3970,2021-08-10 02:24:56,400148,VAN,2,4613,PCEBBFFB5,FB5,PTP V
3971,2021-07-30 07:28:59,5652300,CAR,2,4494,PC1592ACA,ACA,PTP V
3972,2021-08-09 05:15:35,5360255,CAR,2,4117,PCEB6517A,17A,PTC V
3973,2021-08-04 19:49:00,4169818,CAR,2,4148,PCDFBBEBB,EBB,PTE V
3974,2021-08-05 19:47:29,3214907,VAN,2,4440,PCBE1B45D,45D,PTP V
3975,2021-08-22 03:19:39,4699948,TRUCK,4,4857,PC59F4E22,E22,PTE V
3976,2021-08-08 23:47:24,2586307,CAR,2,4044,PC3546931,931,PTC V
3977,2021-08-03 19:26:07,9660894,TRUCK,4,4159,PC5631507,507,PTC V
3978,2021-08-19 14:59:19,5849576,CAR,2,4722,PC035B71E,71E,PTE V
3979,2021-08-07 09:57:36,1585534,TRUCK,4,4882,PC8616CD8,CD8,PTP V
3980,2021-08-10 10:28:29,1413359,CAR,2,4784,PCDB42B34,B34,PTC V
3981,2021-08-16 10:38:08,7690936,CAR,2,4313,PC6D0FC31,C31,PTP V
3982,2021-08-19 00:29:29,3896044,VAN,2,4821,PC67D349A,49A,PTP V
3983,2021-08-13 23:01:44,4514901,CAR,2,4002,PCED7D2DE,2DE,PTP V
3984,2021-08-05 11:03:36,8596445,TRUCK,4,4462,PCE29AA1A,A1A,PTC V
3985,2021-08-16 11:22:52,2778907,CAR,2,4881,PCDE20E6F,E6F,PTP V
3986,2021-08-21 09:55:21,1498074,CAR,2,4025,PC5ABB8E4,8E4,PTE V
3987,2021-08-15 09:50:20,8449217,CAR,2,4221,PC90AAFDA,FDA,PTP V
3988,2021-08-12 16:44:52,1366794,CAR,2,4935,PC327D635,635,PTP V
3989,2021-08-21 17:31:54,2167499,VAN,2,4947,PCE4A44BE,4BE,PTE V
3990,2021-08-11 18:07:04,5119460,VAN,2,4268,PC6CC51DA,1DA,PTP V
3991,2021-08-01 17:30:15,6907626,CAR,2,4676,PC9798721,721,PTE V
3992,2021-08-21 10:02:26,2799272,VAN,2,4320,PC40C93B0,3B0,PTE V
3993,2021-08-21 02:08:27,9804867,TRUCK,4,4505,PCEF64195,195,PTP V
3994,2021-08-16 21:04:19,1773041,CAR,2,4375,PCAE085FE,5FE,PTP V
3995,2021-08-17 02:22:34,5313932,CAR,2,4971,PC0BD172F,72F,PTE V
3996,2021-08-10 00:45:00,1310709,CAR,2,4291,PCD411AEF,AEF,PTC V
3997,2021-08-10 02:14:55,6899452,CAR,2,4043,PC134F258,258,PTE V
3998,2021-08-18 05:36:36,7486489,CAR,2,4166,PCE450C55,C55,PTC V
3999,2021-08-14 03:55:47,7306857,VAN,2,4512,PC4B1BAF3,AF3,PTE V
4000,2021-08-16 19:09:32,3922737,CAR,2,4180,PC250A90D,90D,PTC V
4001,2021-08-01 09:59:23,9613253,CAR,2,4782,PC6802C08,C08,PTE V
4002,2021-08-22 18:02:23,1984532,CAR,2,4089,PC3CCA187,187,PTE V
4003,2021-08-08 01:38:45,270361,CAR,2,4061,PC3A63A79,A79,PTE V
4004,2021-08-11 13:19:02,930067,CAR,2,4622,PCF31BD97,D97,PTE V
4005,2021-08-11 18:36:17,3523370,CAR,2,4401,PC0606D6A,D6A,PTP V
4006,2021-08-05 14:07:58,5491284,CAR,2,4871,PC397AFA3,FA3,PTP V
4007,2021-08-01 16:59:56,3131680,CAR,2,4277,PC010D2A9,2A9,PTE V
4008,2021-08-10 12:52:35,2462066,CAR,2,4867,PC5A6D86E,86E,PTP V
4009,2021-07-31 11:02:56,3585344,TRUCK,4,4520,PC8140983,983,PTP V
4010,2021-08-20 23:39:08,7426261,TRUCK,4,4354,PC0671DD4,DD4,PTE V
4011,2021-08-09 07:07:59,2692354,CAR,2,4643,PC6713209,209,PTE V
4012,2021-08-03 21:15:35,7795500,CAR,2,4983,PCC3E4ADA,ADA,PTP V
4013,2021-08-13 09:05:14,4585104,TRUCK,4,4929,PC9E503B6,3B6,PTE V
4014,2021-08-03 04:56:28,1244816,CAR,2,4528,PC1269226,226,PTC V
4015,2021-08-07 21:05:19,4196189,CAR,2,4449,PCAACD453,453,PTP V
4016,2021-08-20 18:38:26,4003474,CAR,2,4199,PC7CCC47B,47B,PTP V
4017,2021-08-16 09:00:46,2675218,TRUCK,4,4910,PC75BC2DF,2DF,PTC V
4018,2021-08-21 13:52:02,6382948,CAR,2,4709,PCC8C7059,059,PTP V
4019,2021-08-06 16:44:20,5375733,VAN,2,4522,PC0A326BE,6BE,PTE V
4020,2021-08-05 15:24:32,6521728,CAR,2,4355,PC0EF761B,61B,PTE V
4021,2021-08-08 09:02:12,7176623,CAR,2,4145,PC5FBE4B8,4B8,PTP V
4022,2021-08-14 17:38:59,3391139,VAN,2,4667,PCD540B2F,B2F,PTE V
4023,2021-08-03 14:20:09,3633796,CAR,2,4389,PC7688C61,C61,PTC V
4024,2021-08-03 17:45:43,7248370,CAR,2,4034,PCFC754C7,4C7,PTE V
4025,2021-07-29 15:49:18,7966711,CAR,2,4253,PC82A16E6,6E6,PTE V
4026,2021-08-07 08:01:54,236035,TRUCK,4,4147,PC4D2C5A7,5A7,PTC V
4027,2021-08-08 04:28:05,564995,CAR,2,5004,PC2111CF9,CF9,PTE V
4028,2021-08-06 18:47:44,9734969,CAR,2,4901,PCE32D2F9,2F9,PTC V
4029,2021-08-05 11:47:08,9003131,VAN,2,4828,PCF712D1A,D1A,PTC V
4030,2021-08-10 15:16:38,9170941,CAR,2,4706,PCD8D5094,094,PTE V
4031,2021-08-02 20:40:58,4755552,CAR,2,4633,PC974552B,52B,PTC V
4032,2021-08-03 14:46:48,6207263,TRUCK,4,4751,PCD33B3C9,3C9,PTP V
4033,2021-08-12 08:57:17,4500701,CAR,2,4259,PCBB65EF4,EF4,PTE V
4034,2021-08-08 23:35:44,8948237,TRUCK,4,4737,PCED7EAFE,AFE,PTE V
4035,2021-08-03 02:46:37,3302217,TRUCK,4,4406,PC7A54E18,E18,PTE V
4036,2021-08-02 08:19:06,4296422,TRUCK,4,4739,PC07289CF,9CF,PTC V
4037,2021-08-07 04:59:25,8135299,CAR,2,4445,PC796A888,888,PTP V
4038,2021-08-19 01:04:16,147575,CAR,2,4218,PC8DF4919,919,PTP V
4039,2021-08-03 01:12:19,180573,CAR,2,4994,PC09C5F59,F59,PTP V
4040,2021-08-21 07:41:04,2234391,CAR,2,4503,PC69DE15C,15C,PTC V
4041,2021-08-21 19:14:21,3853665,CAR,2,4367,PC8D90EF0,EF0,PTC V
4042,2021-07-31 01:42:01,5343494,CAR,2,4525,PCF64B519,519,PTC V
4043,2021-08-03 06:23:44,899144,CAR,2,4458,PCECEBBFA,BFA,PTE V
4044,2021-08-01 08:46:45,6003888,TRUCK,4,4806,PC8A8EA51,A51,PTP V
4045,2021-07-30 08:06:39,1822683,CAR,2,4707,PC98F856D,56D,PTC V
4046,2021-08-10 16:22:36,6497963,CAR,2,4071,PCDBBCB68,B68,PTC V
4047,2021-08-01 22:22:46,1555749,CAR,2,4910,PC75BC2DF,2DF,PTC V
4048,2021-08-19 01:31:38,7840711,CAR,2,4973,PC9C7C18E,18E,PTP V
4049,2021-08-06 07:58:24,3812299,CAR,2,4125,PC8AAEF51,F51,PTP V
4050,2021-08-16 08:07:33,4896895,CAR,2,4010,PC3A7AACB,ACB,PTE V
4051,2021-07-29 17:52:00,699810,VAN,2,4309,PC5E92F61,F61,PTC V
4052,2021-07-31 02:18:12,7855948,CAR,2,4518,PCC7B407A,07A,PTC V
4053,2021-08-06 01:24:04,8071692,CAR,2,4079,PCF1366ED,6ED,PTE V
4054,2021-08-11 17:23:01,2479490,CAR,2,4452,PC8C7C5D7,5D7,PTE V
4055,2021-08-02 21:56:42,3125207,CAR,2,4334,PCCB383F8,3F8,PTP V
4056,2021-08-19 14:14:02,2654922,CAR,2,4379,PC87C8BC4,BC4,PTC V
4057,2021-08-02 16:35:09,3320130,CAR,2,4690,PC45CC19A,19A,PTP V
4058,2021-08-02 19:27:59,3501060,CAR,2,4122,PC8ED616E,16E,PTE V
4059,2021-08-04 10:05:25,4717663,TRUCK,4,4377,PC4AC8EAD,EAD,PTE V
4060,2021-08-13 04:10:25,6701314,CAR,2,4830,PC12EEFE0,FE0,PTP V
4061,2021-08-20 23:46:38,499499,VAN,2,4740,PC04EDDB4,DB4,PTC V
4062,2021-08-12 10:45:55,2209051,CAR,2,4341,PC1E10EC3,EC3,PTE V
4063,2021-08-13 01:19:02,3484776,CAR,2,4729,PC5170BF4,BF4,PTP V
4064,2021-07-30 15:48:41,3349464,VAN,2,4866,PC3137434,434,PTC V
4065,2021-08-20 22:54:45,3111590,TRUCK,4,4266,PC39B17A9,7A9,PTC V
4066,2021-08-13 09:07:18,3186351,TRUCK,4,4964,PC52C0F45,F45,PTC V
4067,2021-08-07 18:31:26,2186633,CAR,2,4248,PC45EBEBC,EBC,PTE V
4068,2021-08-17 16:46:07,4340716,CAR,2,4670,PC2BE6D87,D87,PTE V
4069,2021-08-06 23:52:04,575838,CAR,2,4299,PCAD3B9BC,9BC,PTC V
4070,2021-08-05 17:07:42,1195457,TRUCK,4,4580,PC48664B7,4B7,PTC V
4071,2021-08-12 05:48:36,5933861,CAR,2,4170,PC8CA1B15,B15,PTP V
4072,2021-08-10 02:38:57,5970626,TRUCK,4,4269,PCC7106FF,6FF,PTP V
4073,2021-08-09 00:47:59,7952340,CAR,2,4627,PCA965149,149,PTC V
4074,2021-08-10 01:36:25,9380227,VAN,2,4771,PC71FE98A,98A,PTE V
4075,2021-08-11 06:50:51,2664314,CAR,2,4973,PC9C7C18E,18E,PTE V
4076,2021-08-06 16:38:14,906221,CAR,2,4429,PC65E7991,991,PTC V
4077,2021-08-10 20:50:03,4417611,TRUCK,4,4433,PC1DEB043,043,PTC V
4078,2021-08-03 08:11:52,1967211,CAR,2,4218,PC8DF4919,919,PTC V
4079,2021-08-15 16:47:05,5717679,CAR,2,4180,PC250A90D,90D,PTC V
4080,2021-08-21 11:55:48,7108092,CAR,2,4079,PCF1366ED,6ED,PTC V
4081,2021-08-19 12:31:00,262979,CAR,2,4949,PC86E9EB7,EB7,PTE V
4082,2021-08-08 11:20:16,4860815,TRUCK,4,4402,PC85224D1,4D1,PTC V
4083,2021-08-19 09:05:22,751684,TRUCK,4,4905,PCE1EA438,438,PTE V
4084,2021-08-16 19:50:31,7709222,CAR,2,4618,PC8F4AF85,F85,PTE V
4085,2021-08-18 22:09:00,6198956,CAR,2,4364,PCB33ACE8,CE8,PTE V
4086,2021-08-12 04:56:45,9027948,CAR,2,4086,PC23E470D,70D,PTE V
4087,2021-08-20 12:57:30,6469321,TRUCK,4,4930,PC22F748B,48B,PTC V
4088,2021-08-21 01:43:40,7856199,CAR,2,4333,PCCCAD2AC,2AC,PTP V
4089,2021-08-17 07:33:46,7243512,CAR,2,4542,PC3E57E3D,E3D,PTC V
4090,2021-07-30 01:44:24,1732867,CAR,2,4018,PCCB2657A,57A,PTP V
4091,2021-08-15 06:23:21,7188147,CAR,2,4651,PC12D9486,486,PTE V
4092,2021-08-06 04:00:28,1649232,TRUCK,4,4323,PC1D9ADA9,DA9,PTP V
4093,2021-08-02 14:41:57,7901694,VAN,2,4943,PC0A5DC1F,C1F,PTP V
4094,2021-08-02 18:34:45,5747454,CAR,2,4483,PC7F7FFF0,FF0,PTE V
4095,2021-08-04 05:16:25,5899526,TRUCK,4,4118,PCC1A733C,33C,PTC V
4096,2021-08-09 23:19:18,3964656,CAR,2,4658,PC1A58039,039,PTC V
4097,2021-08-22 08:29:17,6924880,CAR,2,4431,PC3A23C14,C14,PTC V
4098,2021-08-18 17:38:26,3998686,TRUCK,4,4521,PCD2C9ECF,ECF,PTP V
4099,2021-08-12 07:51:04,7112453,VAN,2,4763,PCC62D342,342,PTP V
4100,2021-08-01 17:23:18,796132,TRUCK,4,4394,PCD3A817A,17A,PTP V
4101,2021-08-19 02:39:22,1228608,CAR,2,4849,PCF764517,517,PTC V
4102,2021-08-17 07:04:53,1147044,TRUCK,4,4068,PC55432DA,2DA,PTE V
4103,2021-08-12 22:55:04,5645121,CAR,2,4048,PC1FE6483,483,PTP V
4104,2021-08-08 03:11:34,221362,TRUCK,4,4247,PCEE69498,498,PTE V
4105,2021-08-08 18:42:34,8416124,CAR,2,4381,PC9DD9DCD,DCD,PTP V
4106,2021-08-13 04:53:34,8697825,CAR,2,4271,PC28E44E2,4E2,PTP V
4107,2021-08-17 13:53:08,4768789,CAR,2,4148,PCDFBBEBB,EBB,PTC V
4108,2021-08-22 03:12:05,9006310,CAR,2,4168,PCBC064F8,4F8,PTC V
4109,2021-08-13 19:54:40,7791960,TRUCK,4,4881,PCDE20E6F,E6F,PTC V
4110,2021-08-05 12:23:47,3140516,CAR,2,4590,PC912F5CB,5CB,PTP V
4111,2021-08-19 03:49:36,5531223,TRUCK,4,4364,PCB33ACE8,CE8,PTP V
4112,2021-08-17 14:31:08,7065498,CAR,2,4049,PC4779D38,D38,PTC V
4113,2021-08-06 04:57:38,6863272,CAR,2,4730,PC7DC0964,964,PTP V
4114,2021-08-01 08:43:03,6736980,CAR,2,4678,PCD175301,301,PTP V
4115,2021-08-01 01:00:35,7746406,CAR,2,4927,PC2D22627,627,PTC V
4116,2021-08-08 19:58:22,8933058,CAR,2,4143,PC5F47DCF,DCF,PTE V
4117,2021-08-05 21:14:25,9239975,VAN,2,4315,PC6E0962A,62A,PTE V
4118,2021-07-30 13:47:02,5178788,TRUCK,4,4240,PC72FE04B,04B,PTC V
4119,2021-08-07 02:10:26,439841,CAR,2,4978,PCF0B5E85,E85,PTP V
4120,2021-08-14 07:37:59,5838155,CAR,2,4159,PC5631507,507,PTE V
4121,2021-08-09 22:57:51,3155856,TRUCK,4,4323,PC1D9ADA9,DA9,PTE V
4122,2021-08-17 13:30:31,8027632,TRUCK,4,4727,PC52E71B8,1B8,PTC V
4123,2021-08-20 07:59:39,5494386,CAR,2,4138,PC79E328A,28A,PTE V
4124,2021-08-18 01:26:09,827569,VAN,2,4736,PC6A65941,941,PTP V
4125,2021-08-07 06:02:37,2201541,CAR,2,4062,PCDA37101,101,PTP V
4126,2021-08-15 00:44:09,9236356,CAR,2,4346,PCA35B156,156,PTC V
4127,2021-08-10 05:20:22,3223583,CAR,2,4975,PC818101A,01A,PTP V
4128,2021-08-16 06:31:59,5613442,TRUCK,4,4244,PC9F3C86B,86B,PTE V
4129,2021-08-02 16:21:06,5977159,CAR,2,4504,PC461DCD3,CD3,PTP V
4130,2021-08-14 16:39:28,7487382,VAN,2,4832,PC34ECAB5,AB5,PTP V
4131,2021-08-04 22:19:53,9978864,CAR,2,4009,PCF984421,421,PTC V
4132,2021-08-20 03:47:21,2296676,CAR,2,4637,PCE9C770E,70E,PTE V
4133,2021-08-02 16:07:15,1612978,TRUCK,4,4927,PC2D22627,627,PTC V
4134,2021-08-07 11:06:31,8017168,CAR,2,4063,PC7667A3E,A3E,PTP V
4135,2021-08-13 01:50:44,6791885,CAR,2,4360,PC084F676,676,PTP V
4136,2021-08-03 18:38:29,1539630,VAN,2,4892,PC7AA5B2F,B2F,PTC V
4137,2021-08-08 04:31:10,3761338,TRUCK,4,4504,PC461DCD3,CD3,PTC V
4138,2021-08-18 23:07:47,1226919,CAR,2,4112,PCEA652A8,2A8,PTP V
4139,2021-08-05 06:14:16,2452666,CAR,2,4398,PCE60D320,320,PTC V
4140,2021-08-02 06:50:01,3170159,CAR,2,4703,PC395ADCB,DCB,PTP V
4141,2021-08-10 13:04:24,737545,CAR,2,4466,PC6E93A05,A05,PTE V
4142,2021-08-11 06:27:04,4106788,CAR,2,4009,PCF984421,421,PTE V
4143,2021-08-14 02:27:40,4096153,TRUCK,4,4699,PC2C1B987,987,PTC V
4144,2021-07-31 07:16:59,3495118,CAR,2,4698,PC8BCEB19,B19,PTP V
4145,2021-08-07 21:05:05,2829331,TRUCK,4,4509,PCA2E8463,463,PTE V
4146,2021-08-17 14:39:34,5126801,CAR,2,4092,PC40C2E00,E00,PTP V
4147,2021-08-01 12:56:48,1670227,TRUCK,4,4367,PC8D90EF0,EF0,PTC V
4148,2021-08-06 20:41:29,2396827,TRUCK,4,4528,PC1269226,226,PTC V
4149,2021-08-02 16:14:01,6885925,CAR,2,4570,PCAE45EC0,EC0,PTP V
4150,2021-07-29 19:21:44,8171650,CAR,2,4540,PC5CAF0A7,0A7,PTP V
4151,2021-08-07 13:36:58,6397302,TRUCK,4,4351,PC4E572D8,2D8,PTP V
4152,2021-08-10 08:05:06,7879701,CAR,2,4439,PC845CEA6,EA6,PTE V
4153,2021-08-19 14:34:16,6687423,TRUCK,4,4795,PC7EE2DCF,DCF,PTE V
4154,2021-08-10 02:53:52,2374602,CAR,2,4908,PC3D16FC5,FC5,PTP V
4155,2021-08-10 00:52:11,9240898,CAR,2,4342,PCE7F2748,748,PTC V
4156,2021-08-14 15:37:01,4915341,TRUCK,4,4613,PCEBBFFB5,FB5,PTE V
4157,2021-07-31 21:05:41,7802822,TRUCK,4,4099,PC97F19B1,9B1,PTP V
4158,2021-08-01 23:19:03,3350776,CAR,2,4840,PC49BFB36,B36,PTC V
4159,2021-08-20 07:42:56,2690877,CAR,2,4676,PC9798721,721,PTC V
4160,2021-08-15 10:06:16,4344244,TRUCK,4,4749,PC65C93B7,3B7,PTP V
4161,2021-08-15 09:56:17,9602730,CAR,2,4324,PC9C3D708,708,PTP V
4162,2021-08-02 08:19:34,3787321,TRUCK,4,4897,PCAB2FA02,A02,PTE V
4163,2021-08-19 03:39:55,7953553,VAN,2,4554,PC23BA77A,77A,PTE V
4164,2021-08-03 15:23:04,6734398,CAR,2,4055,PCA06B2F1,2F1,PTC V
4165,2021-08-08 11:25:06,7619886,TRUCK,4,4928,PC16E79D4,9D4,PTE V
4166,2021-07-29 12:26:09,296479,CAR,2,4487,PCA92F2BD,2BD,PTP V
4167,2021-08-18 10:11:26,7182157,TRUCK,4,4611,PC2EBEAB9,AB9,PTE V
4168,2021-08-21 14:07:31,7435142,TRUCK,4,4408,PC3B3BE8F,E8F,PTC V
4169,2021-08-19 18:00:30,2553581,CAR,2,4988,PC46BE0B2,0B2,PTP V
4170,2021-08-15 21:33:15,7371035,TRUCK,4,4035,PC1B1D964,964,PTE V
4171,2021-08-05 15:38:44,7839393,CAR,2,4849,PCF764517,517,PTP V
4172,2021-08-14 07:21:02,7212211,TRUCK,4,4309,PC5E92F61,F61,PTC V
4173,2021-08-01 05:51:18,3396199,TRUCK,4,4751,PCD33B3C9,3C9,PTE V
4174,2021-08-02 01:28:37,2893284,CAR,2,4103,PC2B868A9,8A9,PTE V
4175,2021-08-03 15:54:49,3536604,CAR,2,4155,PC9042B3F,B3F,PTP V
4176,2021-08-05 16:42:57,3095440,CAR,2,4142,PC7ACFF7C,F7C,PTC V
4177,2021-08-12 19:42:57,6435122,TRUCK,4,4157,PC7305E43,E43,PTC V
4178,2021-08-16 13:40:23,9950800,CAR,2,4533,PC8DA1D3B,D3B,PTE V
4179,2021-08-02 05:10:21,3931087,CAR,2,4011,PC680DEC6,EC6,PTE V
4180,2021-08-21 22:37:16,1484590,CAR,2,4551,PCCA5979C,79C,PTP V
4181,2021-08-07 10:06:48,8669883,CAR,2,4645,PC14FBE4A,E4A,PTE V
4182,2021-08-04 13:53:54,2891711,CAR,2,4739,PC07289CF,9CF,PTC V
4183,2021-08-05 09:14:01,6614238,CAR,2,4275,PC1DA31F7,1F7,PTC V
4184,2021-08-05 03:03:56,5575543,TRUCK,4,4113,PC78D4122,122,PTC V
4185,2021-08-02 20:38:35,2690786,CAR,2,4289,PCF621E92,E92,PTE V
4186,2021-08-09 09:46:58,2859170,CAR,2,4180,PC250A90D,90D,PTP V
4187,2021-07-29 21:47:03,2902257,CAR,2,4689,PC89C35AD,5AD,PTC V
4188,2021-07-31 14:28:01,4347158,CAR,2,4450,PC0B2B03E,03E,PTC V
4189,2021-08-13 16:46:35,7597008,VAN,2,4893,PC3743587,587,PTC V
4190,2021-08-02 12:19:43,3691285,CAR,2,4096,PCFA4F864,864,PTE V
4191,2021-08-14 03:08:32,3014238,CAR,2,4699,PC2C1B987,987,PTP V
4192,2021-08-14 09:50:56,3775847,CAR,2,4092,PC40C2E00,E00,PTC V
4193,2021-08-05 22:00:43,4969966,VAN,2,4982,PC384779E,79E,PTC V
4194,2021-08-09 07:00:25,6561929,TRUCK,4,4896,PCA322CBE,CBE,PTP V
4195,2021-08-17 16:54:49,2734855,CAR,2,4900,PCFE8B604,604,PTP V
4196,2021-08-14 16:12:31,6570343,CAR,2,4087,PC2C1DA2A,A2A,PTC V
4197,2021-08-12 09:14:42,3643916,CAR,2,4592,PC627AA14,A14,PTP V
4198,2021-08-03 23:23:27,7919446,TRUCK,4,4794,PC4E1366E,66E,PTP V
4199,2021-08-11 21:41:58,7463803,CAR,2,4360,PC084F676,676,PTP V
4200,2021-08-16 03:47:21,7683600,CAR,2,4847,PCD546332,332,PTP V
4201,2021-08-06 16:47:26,2091574,CAR,2,4593,PC3863F6A,F6A,PTE V
4202,2021-08-10 03:01:23,2300720,CAR,2,4497,PC76FDDEA,DEA,PTP V
4203,2021-08-22 10:16:10,3883986,CAR,2,4600,PCB99E8F9,8F9,PTE V
4204,2021-08-18 17:28:13,7262712,CAR,2,4028,PCE75C5C8,5C8,PTE V
4205,2021-08-18 00:18:38,7869275,TRUCK,4,4854,PCB6F1968,968,PTC V
4206,2021-08-07 23:16:01,4863173,VAN,2,4994,PC09C5F59,F59,PTE V
4207,2021-08-08 18:01:23,3820682,TRUCK,4,4942,PCD51A740,740,PTP V
4208,2021-08-08 18:34:17,6178165,CAR,2,4265,PC5B2AFFA,FFA,PTC V
4209,2021-08-02 12:59:11,9900378,CAR,2,4802,PCBDD55F1,5F1,PTC V
4210,2021-08-04 09:10:22,1855539,CAR,2,4688,PCCB4C86D,86D,PTC V
4211,2021-08-10 03:57:30,5282375,TRUCK,4,4971,PC0BD172F,72F,PTE V
4212,2021-08-04 05:30:57,5967635,CAR,2,4355,PC0EF761B,61B,PTP V
4213,2021-08-21 21:24:36,6480560,CAR,2,4034,PCFC754C7,4C7,PTC V
4214,2021-08-21 03:21:57,3064147,CAR,2,4716,PCFCB0018,018,PTC V
4215,2021-07-31 22:39:00,1043055,TRUCK,4,4798,PC17F8052,052,PTC V
4216,2021-08-14 05:15:33,2043204,CAR,2,4497,PC76FDDEA,DEA,PTP V
4217,2021-08-12 09:08:08,1368613,TRUCK,4,4471,PC7E4F42A,42A,PTP V
4218,2021-08-05 11:54:18,2231643,TRUCK,4,4037,PC0A50259,259,PTC V
4219,2021-08-16 00:16:06,1550828,TRUCK,4,4314,PC7E9E8F3,8F3,PTE V
4220,2021-08-09 15:06:19,2901364,CAR,2,4757,PC126524C,24C,PTE V
4221,2021-07-31 14:43:54,7910366,CAR,2,4427,PCD70DDDF,DDF,PTC V
4222,2021-08-07 16:46:16,6163495,CAR,2,4188,PCDB12C82,C82,PTE V
4223,2021-08-19 12:28:15,4930585,VAN,2,4771,PC71FE98A,98A,PTP V
4224,2021-08-03 12:04:02,8377719,CAR,2,4211,PC0AB9251,251,PTC V
4225,2021-08-11 20:24:37,491167,CAR,2,4889,PC3547FAD,FAD,PTE V
4226,2021-08-10 02:56:41,3943241,CAR,2,4397,PCB070250,250,PTP V
4227,2021-08-06 11:00:27,3399632,CAR,2,4880,PC5A27CDE,CDE,PTP V
4228,2021-07-29 15:18:31,5792465,CAR,2,4853,PC214FB8E,B8E,PTE V
4229,2021-08-13 07:47:02,808662,TRUCK,4,4991,PC5B5C16D,16D,PTE V
4230,2021-08-10 07:43:45,8181828,CAR,2,4540,PC5CAF0A7,0A7,PTP V
4231,2021-08-11 08:39:31,3208148,CAR,2,4840,PC49BFB36,B36,PTE V
4232,2021-08-21 00:38:08,299542,CAR,2,4194,PC96AD1EB,1EB,PTE V
4233,2021-07-29 18:12:41,6164639,CAR,2,4178,PC8417B09,B09,PTP V
4234,2021-08-01 12:13:17,4533760,CAR,2,4268,PC6CC51DA,1DA,PTP V
4235,2021-08-14 07:49:08,8489730,TRUCK,4,4901,PCE32D2F9,2F9,PTP V
4236,2021-08-12 06:37:53,7729987,TRUCK,4,4074,PCCAFD014,014,PTC V
4237,2021-08-09 16:55:11,9216942,CAR,2,4376,PCA283923,923,PTE V
4238,2021-07-30 09:28:27,9576643,CAR,2,4023,PC77793DF,3DF,PTC V
4239,2021-08-14 12:15:57,626817,CAR,2,4844,PCC48E3A8,3A8,PTE V
4240,2021-08-18 09:49:41,9681949,TRUCK,4,4161,PCF8F6133,133,PTE V
4241,2021-08-02 18:29:21,9226682,CAR,2,4455,PC15C75C0,5C0,PTP V
4242,2021-08-01 22:58:56,7622961,CAR,2,4315,PC6E0962A,62A,PTC V
4243,2021-08-10 03:05:04,5978972,CAR,2,4156,PC6BCA05F,05F,PTE V
4244,2021-08-15 03:03:43,7423799,CAR,2,4537,PC10C700F,00F,PTP V
4245,2021-08-06 04:55:15,1625904,CAR,2,4062,PCDA37101,101,PTP V
4246,2021-07-29 12:54:21,111709,VAN,2,4683,PC96978C6,8C6,PTC V
4247,2021-08-17 15:59:15,6692196,TRUCK,4,4889,PC3547FAD,FAD,PTC V
4248,2021-08-01 02:31:39,6643458,CAR,2,4366,PC09D71DF,1DF,PTP V
4249,2021-08-15 17:27:59,2143122,CAR,2,4965,PCA0BAE0F,E0F,PTC V
4250,2021-08-13 13:51:10,5085305,CAR,2,4362,PC670999C,99C,PTE V
4251,2021-08-09 08:42:21,1328579,CAR,2,4141,PC13CB69B,69B,PTC V
4252,2021-08-05 06:14:47,9733915,VAN,2,4689,PC89C35AD,5AD,PTC V
4253,2021-08-20 15:47:57,2157672,TRUCK,4,4152,PCF6F4CA1,CA1,PTE V
4254,2021-08-02 13:09:40,6819341,VAN,2,4625,PC186BCA8,CA8,PTC V
4255,2021-08-13 15:00:54,4237463,CAR,2,4660,PCB86D2E1,2E1,PTE V
4256,2021-08-07 19:47:39,9378341,CAR,2,4043,PC134F258,258,PTC V
4257,2021-08-18 15:53:02,2462239,TRUCK,4,4108,PC7C55512,512,PTE V
4258,2021-08-12 09:04:40,3727586,CAR,2,4733,PC797AEBF,EBF,PTC V
4259,2021-08-06 22:22:12,40675,CAR,2,4971,PC0BD172F,72F,PTE V
4260,2021-08-09 03:48:03,9105829,CAR,2,4582,PC98750ED,0ED,PTP V
4261,2021-08-05 21:05:17,224040,CAR,2,4955,PCE36723C,23C,PTE V
4262,2021-07-29 11:31:56,2133594,CAR,2,4829,PCEC030F2,0F2,PTE V
4263,2021-08-19 22:16:00,4040363,CAR,2,4671,PCCAAFB48,B48,PTP V
4264,2021-08-19 18:27:14,2382902,TRUCK,4,4888,PC46C55B4,5B4,PTC V
4265,2021-08-08 21:56:15,1006005,CAR,2,4071,PCDBBCB68,B68,PTC V
4266,2021-08-17 12:05:32,8848621,CAR,2,4644,PC411FDC0,DC0,PTC V
4267,2021-08-01 22:13:08,3607983,CAR,2,4291,PCD411AEF,AEF,PTE V
4268,2021-08-04 19:42:54,204065,CAR,2,4627,PCA965149,149,PTP V
4269,2021-08-16 02:31:28,2734116,CAR,2,4630,PCA26D872,872,PTE V
4270,2021-07-31 08:42:07,5406039,CAR,2,4962,PCF858E11,E11,PTP V
4271,2021-07-31 15:57:40,6945648,CAR,2,4010,PC3A7AACB,ACB,PTE V
4272,2021-08-14 01:54:05,7640615,CAR,2,4689,PC89C35AD,5AD,PTC V
4273,2021-08-04 13:20:05,5644328,CAR,2,4627,PCA965149,149,PTE V
4274,2021-08-08 12:11:59,8276187,CAR,2,4166,PCE450C55,C55,PTE V
4275,2021-08-13 07:41:47,9613840,CAR,2,4297,PCDE89544,544,PTP V
4276,2021-08-04 06:45:14,625275,CAR,2,4864,PC259547F,47F,PTE V
4277,2021-08-11 12:01:55,1510805,TRUCK,4,4655,PCF9CAB22,B22,PTE V
4278,2021-07-29 14:15:59,4012002,CAR,2,4213,PCDD316EB,6EB,PTP V
4279,2021-08-15 23:31:05,6955731,VAN,2,4034,PCFC754C7,4C7,PTC V
4280,2021-08-09 06:24:28,5629077,CAR,2,4419,PC99BB7A3,7A3,PTC V
4281,2021-08-07 11:01:55,7833715,CAR,2,4368,PC909A324,324,PTC V
4282,2021-08-06 16:38:32,8654271,TRUCK,4,4817,PCFF02057,057,PTE V
4283,2021-08-07 11:53:46,5933591,CAR,2,4964,PC52C0F45,F45,PTE V
4284,2021-08-21 07:21:19,1025123,CAR,2,4153,PC88C655C,55C,PTP V
4285,2021-08-11 19:48:32,4578447,CAR,2,4469,PC120EEFD,EFD,PTP V
4286,2021-08-11 15:50:46,8546243,CAR,2,4646,PC3F8C42B,42B,PTC V
4287,2021-08-01 01:37:55,8821395,TRUCK,4,4862,PC3BDDA71,A71,PTC V
4288,2021-08-11 14:32:08,4092327,TRUCK,4,4518,PCC7B407A,07A,PTE V
4289,2021-08-12 07:15:54,7855227,CAR,2,4740,PC04EDDB4,DB4,PTE V
4290,2021-08-17 04:09:04,3244346,CAR,2,4036,PCE6CC50C,50C,PTP V
4291,2021-08-11 18:48:43,7370271,TRUCK,4,4673,PC66E7418,418,PTC V
4292,2021-08-04 04:38:14,9936154,TRUCK,4,4462,PCE29AA1A,A1A,PTE V
4293,2021-07-30 17:35:30,6857007,CAR,2,4537,PC10C700F,00F,PTP V
4294,2021-07-30 20:44:36,2091345,CAR,2,4530,PCA33A9A8,9A8,PTC V
4295,2021-08-20 03:50:09,6857171,VAN,2,4903,PCC3BCE65,E65,PTC V
4296,2021-08-03 23:57:53,6411824,CAR,2,4831,PC0EC3E54,E54,PTC V
4297,2021-08-02 05:52:53,7737022,CAR,2,4177,PC9194382,382,PTE V
4298,2021-08-05 00:50:34,3758275,CAR,2,4942,PCD51A740,740,PTE V
4299,2021-07-31 03:27:02,5049961,CAR,2,4918,PC8F8E598,598,PTP V
4300,2021-08-14 12:12:51,85385,CAR,2,4743,PCE6EEF2E,F2E,PTC V
4301,2021-08-17 08:56:12,5444685,CAR,2,4247,PCEE69498,498,PTE V
4302,2021-08-16 05:18:25,9164362,TRUCK,4,4047,PC6D105CF,5CF,PTC V
4303,2021-08-21 18:51:37,5288908,CAR,2,4527,PC59A0CB2,CB2,PTE V
4304,2021-08-10 17:20:25,9096289,CAR,2,4790,PC2387B02,B02,PTP V
4305,2021-08-05 18:12:29,3384837,TRUCK,4,4416,PC546F252,252,PTE V
4306,2021-08-03 10:19:25,3037001,VAN,2,4776,PC6906524,524,PTE V
4307,2021-08-05 15:20:57,8510814,CAR,2,4046,PCAC345FD,5FD,PTC V
4308,2021-08-11 19:16:12,3580287,TRUCK,4,4302,PCBA83119,119,PTE V
4309,2021-08-09 16:00:07,4444834,CAR,2,4317,PC0DC6CAB,CAB,PTP V
4310,2021-08-04 09:32:48,4975957,CAR,2,4626,PC93E7766,766,PTC V
4311,2021-08-21 23:59:47,6472867,CAR,2,4402,PC85224D1,4D1,PTC V
4312,2021-08-10 09:21:35,330159,TRUCK,4,4764,PCF6B0D12,D12,PTE V
4313,2021-08-05 00:57:07,9750786,CAR,2,4881,PCDE20E6F,E6F,PTE V
4314,2021-08-19 16:26:34,3986729,CAR,2,4017,PCC090C3A,C3A,PTE V
4315,2021-08-21 03:15:01,3397050,CAR,2,4364,PCB33ACE8,CE8,PTC V
4316,2021-07-29 18:00:08,6691963,CAR,2,4918,PC8F8E598,598,PTP V
4317,2021-08-18 08:16:39,2083704,CAR,2,4332,PC3B258E9,8E9,PTC V
4318,2021-08-12 08:01:20,1763933,CAR,2,4420,PCFDB2950,950,PTP V
4319,2021-08-11 11:16:43,7735856,CAR,2,4489,PCEFF6088,088,PTP V
4320,2021-08-13 19:31:24,6035290,CAR,2,4327,PC16F59EC,9EC,PTP V
4321,2021-08-17 23:36:39,887363,CAR,2,4054,PC7E79FA0,FA0,PTP V
4322,2021-08-19 08:41:53,9243073,CAR,2,4141,PC13CB69B,69B,PTP V
4323,2021-08-09 21:29:50,7148320,TRUCK,4,5006,PC7A260F1,0F1,PTC V
4324,2021-08-11 02:10:15,1877269,CAR,2,4422,PCF514246,246,PTP V
4325,2021-08-01 11:24:35,7538365,TRUCK,4,4088,PC14008D5,8D5,PTE V
4326,2021-08-10 12:52:21,5388742,CAR,2,4567,PC2C5C1F3,1F3,PTP V
4327,2021-08-05 13:24:56,6002035,CAR,2,4049,PC4779D38,D38,PTC V
4328,2021-08-21 05:13:23,1380186,CAR,2,4420,PCFDB2950,950,PTC V
4329,2021-07-31 16:19:33,6797358,CAR,2,4078,PC8473A64,A64,PTP V
4330,2021-07-31 18:41:15,6462061,CAR,2,4853,PC214FB8E,B8E,PTC V
4331,2021-08-01 21:03:58,6671639,CAR,2,4441,PC472C08E,08E,PTC V
4332,2021-08-08 10:13:02,497723,CAR,2,4617,PC7758F89,F89,PTP V
4333,2021-08-12 22:27:59,4262085,CAR,2,4172,PC1A43FB7,FB7,PTP V
4334,2021-08-13 06:47:42,2691054,CAR,2,4613,PCEBBFFB5,FB5,PTP V
4335,2021-08-09 02:14:40,4291819,CAR,2,4820,PCC30C735,735,PTC V
4336,2021-08-03 11:28:52,1548945,CAR,2,4164,PC578D797,797,PTP V
4337,2021-08-06 08:33:56,2479246,CAR,2,4968,PC251D4C1,4C1,PTE V
4338,2021-08-18 18:53:19,4556449,TRUCK,4,4485,PC99A12E9,2E9,PTC V
4339,2021-08-11 21:57:56,2703820,CAR,2,4846,PCBABD060,060,PTE V
4340,2021-07-29 11:37:24,985720,CAR,2,4728,PC07BF95F,95F,PTC V
4341,2021-08-03 12:36:42,8525698,TRUCK,4,4190,PCDFC1E11,E11,PTC V
4342,2021-08-06 17:23:16,2847139,CAR,2,4983,PCC3E4ADA,ADA,PTP V
4343,2021-07-31 18:50:37,1162024,VAN,2,4793,PCD8E3CCB,CCB,PTC V
4344,2021-08-07 08:10:09,5477098,VAN,2,4762,PC1A3D20B,20B,PTC V
4345,2021-08-03 13:16:47,2891846,TRUCK,4,4436,PC0CF9451,451,PTE V
4346,2021-08-03 16:09:56,3759654,CAR,2,4453,PC5EC8DF5,DF5,PTE V
4347,2021-08-08 14:27:51,1342060,CAR,2,4787,PC1BDA119,119,PTC V
4348,2021-07-31 10:10:50,6682109,TRUCK,4,4015,PC524833E,33E,PTP V
4349,2021-08-04 10:22:34,299749,CAR,2,4090,PC1EE951B,51B,PTP V
4350,2021-08-07 00:54:54,57990,CAR,2,4267,PCE51C5C7,5C7,PTC V
4351,2021-08-04 16:50:20,2219949,CAR,2,4636,PCDECFC74,C74,PTP V
4352,2021-08-05 22:40:16,7016524,CAR,2,4941,PCA6403C1,3C1,PTE V
4353,2021-08-13 21:02:36,6490359,CAR,2,4084,PC71D433F,33F,PTC V
4354,2021-08-01 15:27:53,3528707,CAR,2,4310,PCC08F8BB,8BB,PTC V
4355,2021-08-06 21:28:51,8980526,CAR,2,4664,PC52D063A,63A,PTP V
4356,2021-08-04 07:33:03,3636811,TRUCK,4,4381,PC9DD9DCD,DCD,PTC V
4357,2021-07-30 03:24:43,6795471,CAR,2,4366,PC09D71DF,1DF,PTE V
4358,2021-08-19 20:12:40,8534907,CAR,2,4008,PC5680D80,D80,PTP V
4359,2021-08-02 03:02:35,5738014,CAR,2,4114,PC4CD2B81,B81,PTE V
4360,2021-08-13 01:01:38,8517769,TRUCK,4,4044,PC3546931,931,PTE V
4361,2021-08-09 03:31:37,7909971,CAR,2,4539,PC684859B,59B,PTP V
4362,2021-08-22 01:46:18,7786263,TRUCK,4,4275,PC1DA31F7,1F7,PTC V
4363,2021-08-20 06:37:30,558385,CAR,2,4078,PC8473A64,A64,PTC V
4364,2021-08-15 00:55:49,1856175,TRUCK,4,4572,PCC9756B2,6B2,PTP V
4365,2021-08-12 02:47:23,2360604,TRUCK,4,4790,PC2387B02,B02,PTP V
4366,2021-08-05 14:06:09,2611309,CAR,2,4642,PC17D596F,96F,PTE V
4367,2021-08-10 20:59:48,9544939,CAR,2,4328,PC3777B8E,B8E,PTE V
4368,2021-08-18 09:14:53,8731189,CAR,2,4898,PC0AE9E1B,E1B,PTC V
4369,2021-07-30 15:31:17,7745271,CAR,2,4448,PC19F3DBB,DBB,PTE V
4370,2021-08-07 15:25:00,3948054,CAR,2,4553,PC1D57D7F,D7F,PTC V
4371,2021-08-07 09:00:32,1541022,CAR,2,4945,PC95BD14B,14B,PTP V
4372,2021-07-31 21:51:35,6968988,VAN,2,4206,PCAC34A40,A40,PTC V
4373,2021-08-01 06:42:43,9174638,CAR,2,4584,PC1085B78,B78,PTE V
4374,2021-08-22 17:27:37,2823531,CAR,2,4615,PC1ECBA39,A39,PTP V
4375,2021-08-09 04:04:51,1293261,CAR,2,4299,PCAD3B9BC,9BC,PTP V
4376,2021-08-02 20:04:17,4023837,CAR,2,4868,PC647292C,92C,PTC V
4377,2021-08-02 07:01:16,7901129,CAR,2,4762,PC1A3D20B,20B,PTP V
4378,2021-08-03 12:35:37,2226732,CAR,2,4414,PC40BD0F3,0F3,PTP V
4379,2021-08-09 01:37:12,846170,VAN,2,4399,PCCA288FE,8FE,PTE V
4380,2021-08-11 09:01:53,3463281,CAR,2,4727,PC52E71B8,1B8,PTE V
4381,2021-08-02 01:49:04,112545,CAR,2,4416,PC546F252,252,PTP V
4382,2021-08-20 21:58:53,8627705,VAN,2,4434,PCA491459,459,PTP V
4383,2021-08-12 23:36:39,742135,CAR,2,4008,PC5680D80,D80,PTE V
4384,2021-07-30 05:27:11,1080340,CAR,2,4828,PCF712D1A,D1A,PTE V
4385,2021-08-21 12:19:44,6713306,CAR,2,4807,PCAFC45DA,5DA,PTC V
4386,2021-08-18 05:40:06,6761805,CAR,2,4559,PC93AAEC9,EC9,PTC V
4387,2021-08-10 06:14:40,5597426,CAR,2,4844,PCC48E3A8,3A8,PTE V
4388,2021-08-10 08:08:45,4540429,CAR,2,4747,PC5E524A1,4A1,PTP V
4389,2021-08-10 11:09:30,3698542,TRUCK,4,4172,PC1A43FB7,FB7,PTC V
4390,2021-08-18 07:13:12,3690100,TRUCK,4,4632,PCC1FFE5B,E5B,PTP V
4391,2021-08-05 01:46:07,8429576,CAR,2,4044,PC3546931,931,PTE V
4392,2021-08-20 10:54:07,5271895,VAN,2,4374,PCC321538,538,PTE V
4393,2021-08-12 17:08:55,9180405,CAR,2,4232,PC4156AD5,AD5,PTE V
4394,2021-08-04 05:46:36,7823036,CAR,2,4107,PC7607A5D,A5D,PTP V
4395,2021-08-16 10:36:26,5452618,VAN,2,4456,PC8DFF744,744,PTC V
4396,2021-08-09 04:59:25,4352425,CAR,2,4123,PCDE850D8,0D8,PTP V
4397,2021-08-10 23:16:16,5282919,CAR,2,4409,PC44E2F09,F09,PTC V
4398,2021-08-20 18:19:56,435849,TRUCK,4,4073,PCA3797CA,7CA,PTP V
4399,2021-07-30 23:58:23,9148340,TRUCK,4,4113,PC78D4122,122,PTP V
4400,2021-08-15 07:05:38,1389478,CAR,2,4591,PCC9875AC,5AC,PTE V
4401,2021-08-17 23:12:00,5190674,CAR,2,4862,PC3BDDA71,A71,PTC V
4402,2021-08-05 14:51:54,7130518,TRUCK,4,4587,PC576A3BA,3BA,PTC V
4403,2021-08-09 03:42:53,3371131,VAN,2,4688,PCCB4C86D,86D,PTC V
4404,2021-08-12 08:53:43,1179737,CAR,2,4112,PCEA652A8,2A8,PTP V
4405,2021-08-10 07:40:54,9494603,CAR,2,4900,PCFE8B604,604,PTP V
4406,2021-08-08 10:36:29,2255778,CAR,2,4456,PC8DFF744,744,PTC V
4407,2021-07-30 09:21:07,8401339,CAR,2,4658,PC1A58039,039,PTC V
4408,2021-08-22 15:39:48,4016623,CAR,2,4829,PCEC030F2,0F2,PTC V
4409,2021-08-20 16:36:33,4269686,VAN,2,4206,PCAC34A40,A40,PTE V
4410,2021-08-08 23:10:02,8899821,CAR,2,4342,PCE7F2748,748,PTP V
4411,2021-08-20 19:48:14,585453,VAN,2,4729,PC5170BF4,BF4,PTP V
4412,2021-08-20 01:57:56,6210321,CAR,2,4590,PC912F5CB,5CB,PTC V
4413,2021-08-15 06:36:01,7454748,CAR,2,4455,PC15C75C0,5C0,PTP V
4414,2021-08-06 10:52:00,5974840,CAR,2,4767,PC61F3A80,A80,PTE V
4415,2021-08-06 14:33:21,3686948,TRUCK,4,4437,PCBE6CB59,B59,PTP V
4416,2021-08-06 02:38:35,8007097,CAR,2,4504,PC461DCD3,CD3,PTP V
4417,2021-08-06 02:40:31,4650638,CAR,2,4941,PCA6403C1,3C1,PTP V
4418,2021-08-16 12:43:06,999837,TRUCK,4,4309,PC5E92F61,F61,PTP V
4419,2021-08-09 12:21:29,2061447,TRUCK,4,4798,PC17F8052,052,PTP V
4420,2021-08-13 17:34:56,6588424,CAR,2,4339,PCDE1D204,204,PTE V
4421,2021-08-17 11:58:26,3674882,TRUCK,4,4059,PC06E8A1C,A1C,PTE V
4422,2021-08-08 04:33:09,9581468,CAR,2,4061,PC3A63A79,A79,PTE V
4423,2021-08-12 03:17:01,7113191,TRUCK,4,4258,PCAC64E67,E67,PTE V
4424,2021-08-01 14:06:49,8947517,TRUCK,4,4347,PC3EC1FDF,FDF,PTP V
4425,2021-08-21 20:49:12,3448043,TRUCK,4,4073,PCA3797CA,7CA,PTC V
4426,2021-08-13 13:32:10,2332077,VAN,2,4284,PC0DB49FD,9FD,PTP V
4427,2021-08-10 06:36:39,2641405,TRUCK,4,4373,PC8806694,694,PTP V
4428,2021-08-18 09:36:56,2386622,TRUCK,4,4606,PC0C535B6,5B6,PTE V
4429,2021-08-18 20:33:55,8661204,TRUCK,4,4520,PC8140983,983,PTP V
4430,2021-08-12 10:22:09,2424578,CAR,2,4682,PCBB02F92,F92,PTP V
4431,2021-08-03 23:20:38,6469335,VAN,2,4538,PCDE5402C,02C,PTC V
4432,2021-08-18 18:38:33,3579691,CAR,2,4206,PCAC34A40,A40,PTE V
4433,2021-08-01 07:36:04,43945,CAR,2,4238,PCE0A2A2F,A2F,PTP V
4434,2021-08-02 05:27:38,3042957,CAR,2,4441,PC472C08E,08E,PTE V
4435,2021-07-31 19:56:19,9296789,TRUCK,4,4771,PC71FE98A,98A,PTC V
4436,2021-08-09 04:29:48,4474872,CAR,2,4571,PC2308E9E,E9E,PTP V
4437,2021-08-02 10:40:36,872246,CAR,2,4033,PC783B5FC,5FC,PTP V
4438,2021-08-09 18:14:27,4512225,CAR,2,4548,PC4486317,317,PTC V
4439,2021-08-12 00:02:57,7917960,CAR,2,4090,PC1EE951B,51B,PTP V
4440,2021-08-17 19:16:01,2201054,CAR,2,4431,PC3A23C14,C14,PTP V
4441,2021-08-09 01:05:37,6492712,CAR,2,4699,PC2C1B987,987,PTP V
4442,2021-08-11 05:07:28,8034949,CAR,2,4771,PC71FE98A,98A,PTC V
4443,2021-07-30 18:00:01,3474690,CAR,2,4450,PC0B2B03E,03E,PTC V
4444,2021-07-31 07:47:23,1371890,CAR,2,4722,PC035B71E,71E,PTP V
4445,2021-08-04 00:12:31,4476801,CAR,2,4804,PC68484C6,4C6,PTC V
4446,2021-08-10 13:51:51,4405901,CAR,2,4350,PCEDD7E85,E85,PTC V
4447,2021-07-31 13:09:47,3858227,VAN,2,4596,PC6558A56,A56,PTE V
4448,2021-08-04 22:19:27,5107716,CAR,2,4209,PC494D54E,54E,PTE V
4449,2021-08-14 05:02:50,3541052,CAR,2,4491,PCA52F720,720,PTC V
4450,2021-08-22 09:14:08,4747803,VAN,2,4783,PC9889263,263,PTP V
4451,2021-08-05 02:22:36,5045921,VAN,2,4731,PCFFC2992,992,PTP V
4452,2021-08-14 04:15:55,9315717,CAR,2,4387,PCE2B9376,376,PTC V
4453,2021-08-08 20:41:06,7592913,CAR,2,4102,PC8C9B099,099,PTE V
4454,2021-08-19 14:14:59,3617927,CAR,2,4744,PC78EF0B5,0B5,PTE V
4455,2021-08-09 02:07:11,1229583,TRUCK,4,4915,PC86B0D7B,D7B,PTE V
4456,2021-08-22 08:21:15,650798,CAR,2,4115,PCF5D4B0A,B0A,PTE V
4457,2021-08-19 11:49:44,3060536,TRUCK,4,4580,PC48664B7,4B7,PTE V
4458,2021-08-10 12:31:58,3488737,CAR,2,4652,PC74A3585,585,PTC V
4459,2021-08-13 21:09:42,3125056,CAR,2,4959,PC4A7B00C,00C,PTC V
4460,2021-08-21 14:28:46,4246638,CAR,2,4446,PC7F1A5B9,5B9,PTP V
4461,2021-07-31 20:44:50,3542957,VAN,2,4127,PCA2D76A5,6A5,PTE V
4462,2021-08-18 22:42:36,48573,CAR,2,4247,PCEE69498,498,PTC V
4463,2021-08-12 19:45:05,2621837,CAR,2,4748,PCF2ECD29,D29,PTC V
4464,2021-08-20 03:55:36,104048,TRUCK,4,4146,PCF91266E,66E,PTC V
4465,2021-08-14 09:01:14,5248206,CAR,2,4872,PC5B45CE7,CE7,PTP V
4466,2021-08-03 04:43:24,120982,CAR,2,4492,PC0BF2899,899,PTE V
4467,2021-08-20 03:57:03,1037935,TRUCK,4,4208,PC1E49F6B,F6B,PTE V
4468,2021-07-30 16:14:54,7143618,CAR,2,4105,PC43919D1,9D1,PTC V
4469,2021-08-03 02:33:41,495079,CAR,2,4170,PC8CA1B15,B15,PTE V
4470,2021-08-07 19:23:06,3470676,TRUCK,4,4971,PC0BD172F,72F,PTP V
4471,2021-08-17 03:09:57,1716932,CAR,2,4985,PCCA71D2C,D2C,PTC V
4472,2021-08-08 07:23:53,1761675,CAR,2,4280,PC03A5F23,F23,PTE V
4473,2021-08-16 23:17:45,4652563,CAR,2,4819,PC454F09B,09B,PTE V
4474,2021-07-31 19:50:47,2554396,TRUCK,4,4512,PC4B1BAF3,AF3,PTC V
4475,2021-08-04 16:59:39,2371566,CAR,2,4770,PC9082A17,A17,PTC V
4476,2021-08-12 03:07:57,3169827,CAR,2,4353,PC79BCF60,F60,PTE V
4477,2021-08-06 10:03:58,5339792,CAR,2,4499,PC1EEDA04,A04,PTP V
4478,2021-08-03 18:27:25,5210225,CAR,2,4218,PC8DF4919,919,PTP V
4479,2021-08-19 04:25:23,8773588,VAN,2,4622,PCF31BD97,D97,PTE V
4480,2021-08-02 05:21:52,539469,CAR,2,4880,PC5A27CDE,CDE,PTC V
4481,2021-07-31 15:49:28,5352136,CAR,2,4884,PC3FB1BB6,BB6,PTE V
4482,2021-08-18 04:07:01,4913658,CAR,2,4998,PCD9C5406,406,PTE V
4483,2021-08-14 04:00:35,2446314,CAR,2,4824,PCFEADFE6,FE6,PTP V
4484,2021-08-21 01:40:01,8825396,CAR,2,4774,PCEBE834B,34B,PTP V
4485,2021-08-02 00:09:15,5938033,CAR,2,4127,PCA2D76A5,6A5,PTC V
4486,2021-08-07 09:31:13,3962054,TRUCK,4,4901,PCE32D2F9,2F9,PTC V
4487,2021-08-02 21:06:44,8185326,TRUCK,4,4009,PCF984421,421,PTE V
4488,2021-08-12 07:05:40,8373959,CAR,2,4775,PCA50FB36,B36,PTP V
4489,2021-08-09 02:16:30,5515034,CAR,2,4357,PC434FA62,A62,PTC V
4490,2021-08-01 22:07:33,2666816,CAR,2,4897,PCAB2FA02,A02,PTC V
4491,2021-08-06 13:48:08,7771881,TRUCK,4,4729,PC5170BF4,BF4,PTC V
4492,2021-08-13 01:44:36,2570856,VAN,2,4286,PC12BE494,494,PTC V
4493,2021-07-30 04:44:28,9796968,CAR,2,4524,PCF8BB245,245,PTE V
4494,2021-08-18 03:56:53,5042658,CAR,2,4870,PC65485BB,5BB,PTP V
4495,2021-08-04 14:15:05,9730399,CAR,2,4809,PCAD363FC,3FC,PTE V
4496,2021-07-31 23:09:48,4133861,CAR,2,4292,PCF733A7C,A7C,PTC V
4497,2021-08-18 13:46:55,1313381,CAR,2,4779,PCC8FE9C6,9C6,PTE V
4498,2021-08-16 03:07:07,9424753,VAN,2,4590,PC912F5CB,5CB,PTC V
4499,2021-08-17 03:50:01,6259824,CAR,2,4445,PC796A888,888,PTC V
4500,2021-08-05 08:16:54,3963617,CAR,2,4559,PC93AAEC9,EC9,PTC V
4501,2021-08-08 19:07:14,9929330,VAN,2,4182,PC5EBB0FA,0FA,PTP V
4502,2021-08-04 09:58:59,6310052,TRUCK,4,4812,PC22D9C6D,C6D,PTP V
4503,2021-08-15 22:31:42,2143543,CAR,2,4385,PC148C815,815,PTC V
4504,2021-08-20 15:50:35,1535454,CAR,2,4358,PC32FB72C,72C,PTP V
4505,2021-08-15 01:50:57,1188192,CAR,2,4300,PC666483B,83B,PTP V
4506,2021-08-15 17:14:02,2078449,CAR,2,4090,PC1EE951B,51B,PTP V
4507,2021-08-08 02:55:03,1103436,CAR,2,4878,PC08F56A1,6A1,PTP V
4508,2021-08-02 14:15:50,5622327,CAR,2,4469,PC120EEFD,EFD,PTE V
4509,2021-08-19 07:42:05,7582792,VAN,2,4490,PC89C1789,789,PTC V
4510,2021-08-07 12:35:07,6232568,CAR,2,4535,PC1BC7FA5,FA5,PTC V
4511,2021-08-20 20:33:37,5590626,CAR,2,4624,PCDF73A3C,A3C,PTC V
4512,2021-08-16 20:16:51,4024869,CAR,2,4629,PCC5E1C04,C04,PTP V
4513,2021-08-10 14:16:53,253846,TRUCK,4,4138,PC79E328A,28A,PTE V
4514,2021-08-16 19:30:42,9480384,CAR,2,4762,PC1A3D20B,20B,PTP V
4515,2021-08-05 06:26:18,5860337,CAR,2,4928,PC16E79D4,9D4,PTC V
4516,2021-07-30 13:47:13,5210134,CAR,2,4410,PC6EFC03B,03B,PTC V
4517,2021-08-01 09:19:19,791923,CAR,2,4425,PC41B834E,34E,PTP V
4518,2021-08-05 11:34:36,2817316,CAR,2,4175,PC08EA270,270,PTP V
4519,2021-08-20 08:08:53,9470088,CAR,2,4456,PC8DFF744,744,PTC V
4520,2021-08-07 10:48:11,5825394,CAR,2,4980,PCBD5C822,822,PTC V
4521,2021-08-01 12:19:55,7544223,CAR,2,4164,PC578D797,797,PTP V
4522,2021-08-08 12:20:43,7624486,CAR,2,4283,PC953B572,572,PTC V
4523,2021-08-02 08:29:05,6106380,TRUCK,4,4366,PC09D71DF,1DF,PTP V
4524,2021-08-10 14:26:19,4574269,CAR,2,4034,PCFC754C7,4C7,PTE V
4525,2021-08-18 15:53:29,1917281,CAR,2,4768,PC7BEFC3B,C3B,PTE V
4526,2021-08-05 04:37:22,7610934,CAR,2,4029,PCE319335,335,PTC V
4527,2021-08-05 23:22:44,9094037,CAR,2,4923,PC8A7A22A,22A,PTC V
4528,2021-08-15 15:39:40,2468538,TRUCK,4,4270,PC8F72158,158,PTC V
4529,2021-08-02 02:24:18,4511269,CAR,2,4039,PC73BE1E2,1E2,PTP V
4530,2021-08-21 16:55:44,9886291,CAR,2,4531,PC857F4A0,4A0,PTC V
4531,2021-08-02 06:31:29,6900738,TRUCK,4,4852,PC68969FB,9FB,PTE V
4532,2021-08-03 11:45:27,3916266,CAR,2,4673,PC66E7418,418,PTE V
4533,2021-08-10 02:54:22,2158956,CAR,2,4319,PCAD79413,413,PTE V
4534,2021-08-09 12:18:22,8466074,CAR,2,4161,PCF8F6133,133,PTC V
4535,2021-08-15 15:16:02,809541,VAN,2,4168,PCBC064F8,4F8,PTC V
4536,2021-08-05 13:46:35,7490573,CAR,2,4118,PCC1A733C,33C,PTE V
4537,2021-08-11 22:57:04,743087,CAR,2,4163,PC95B4E03,E03,PTE V
4538,2021-08-04 02:50:31,5339877,CAR,2,4667,PCD540B2F,B2F,PTC V
4539,2021-08-13 22:35:36,4487840,CAR,2,4636,PCDECFC74,C74,PTP V
4540,2021-08-08 03:51:00,4620209,CAR,2,4406,PC7A54E18,E18,PTC V
4541,2021-08-01 20:55:23,2143656,VAN,2,4546,PCEF3EBBC,BBC,PTE V
4542,2021-07-30 17:17:41,6555456,CAR,2,4050,PC822E359,359,PTE V
4543,2021-08-06 07:45:15,421615,TRUCK,4,4357,PC434FA62,A62,PTP V
4544,2021-08-22 11:37:40,8657357,CAR,2,4263,PCD6DBA1D,A1D,PTE V
4545,2021-08-14 16:12:35,4975045,CAR,2,4692,PC1CDFCF6,CF6,PTC V
4546,2021-08-21 19:28:26,2211392,CAR,2,4205,PC85DD257,257,PTP V
4547,2021-08-08 07:39:23,2540727,VAN,2,4831,PC0EC3E54,E54,PTC V
4548,2021-08-01 20:32:57,9148159,TRUCK,4,4984,PCBABF130,130,PTE V
4549,2021-08-12 21:41:26,85054,CAR,2,4476,PC439FA2D,A2D,PTC V
4550,2021-08-13 00:09:20,7679946,CAR,2,4952,PC64CF233,233,PTP V
4551,2021-08-10 23:49:14,8295289,CAR,2,4340,PC3A6DBC9,BC9,PTC V
4552,2021-08-17 14:59:23,245873,CAR,2,4392,PCAF6E464,464,PTC V
4553,2021-08-06 14:08:12,4605672,CAR,2,4087,PC2C1DA2A,A2A,PTP V
4554,2021-08-12 10:43:20,7040081,CAR,2,4180,PC250A90D,90D,PTC V
4555,2021-08-11 03:15:00,4580747,CAR,2,4345,PCAC01231,231,PTP V
4556,2021-08-17 08:43:39,7912566,TRUCK,4,4217,PC6E8D0F9,0F9,PTC V
4557,2021-08-10 20:58:22,9607612,CAR,2,4505,PCEF64195,195,PTE V
4558,2021-08-01 15:47:26,4414264,CAR,2,4175,PC08EA270,270,PTE V
4559,2021-08-05 07:30:02,5526072,TRUCK,4,4940,PC8AB18BE,8BE,PTE V
4560,2021-08-03 03:24:01,5059956,VAN,2,4732,PCD83DE25,E25,PTC V
4561,2021-08-13 22:52:06,6261298,TRUCK,4,4834,PCB228987,987,PTE V
4562,2021-08-10 14:26:47,4469773,CAR,2,4440,PCBE1B45D,45D,PTC V
4563,2021-08-11 06:47:19,4636511,CAR,2,4807,PCAFC45DA,5DA,PTP V
4564,2021-08-09 02:36:21,8725486,VAN,2,4991,PC5B5C16D,16D,PTE V
4565,2021-08-04 17:51:33,8289187,TRUCK,4,4095,PC3E1512A,12A,PTP V
4566,2021-08-04 11:24:51,6171471,CAR,2,4112,PCEA652A8,2A8,PTE V
4567,2021-08-07 04:37:07,7660576,CAR,2,4178,PC8417B09,B09,PTP V
4568,2021-08-18 19:24:39,2521878,CAR,2,4999,PCE976BA1,BA1,PTE V
4569,2021-08-19 19:13:33,4175924,CAR,2,4202,PC65AA714,714,PTC V
4570,2021-08-03 13:12:46,783788,VAN,2,4038,PC77889B3,9B3,PTE V
4571,2021-08-18 04:08:35,9953463,CAR,2,4857,PC59F4E22,E22,PTP V
4572,2021-08-07 19:21:20,4894788,CAR,2,4528,PC1269226,226,PTC V
4573,2021-08-01 16:54:22,9240526,CAR,2,4691,PCFAB001F,01F,PTC V
4574,2021-08-06 16:16:49,7900349,VAN,2,4022,PCF135377,377,PTC V
4575,2021-08-02 00:12:58,4342015,CAR,2,4370,PC70B7987,987,PTE V
4576,2021-08-21 12:07:26,5559229,TRUCK,4,4693,PCB4CDDA5,DA5,PTE V
4577,2021-08-08 06:23:40,3797482,CAR,2,4661,PC1585DF2,DF2,PTP V
4578,2021-08-04 02:10:07,1552450,VAN,2,4915,PC86B0D7B,D7B,PTC V
4579,2021-08-01 01:43:48,2539329,CAR,2,4414,PC40BD0F3,0F3,PTP V
4580,2021-08-01 02:03:41,7905002,VAN,2,4572,PCC9756B2,6B2,PTE V
4581,2021-08-19 04:17:21,3991674,VAN,2,4497,PC76FDDEA,DEA,PTP V
4582,2021-08-13 22:45:56,6780524,CAR,2,4493,PC124B4C0,4C0,PTP V
4583,2021-08-20 06:24:53,5380959,CAR,2,4147,PC4D2C5A7,5A7,PTC V
4584,2021-08-07 04:15:57,6421074,CAR,2,4907,PCCEEF65A,65A,PTE V
4585,2021-08-08 08:00:54,3356424,CAR,2,4604,PC0553E32,E32,PTC V
4586,2021-08-22 09:34:39,2350472,CAR,2,4044,PC3546931,931,PTE V
4587,2021-08-13 09:21:21,578133,CAR,2,4279,PCCA817EB,7EB,PTC V
4588,2021-08-20 09:21:03,8207816,CAR,2,4348,PCD66314D,14D,PTE V
4589,2021-08-04 22:13:12,8694478,VAN,2,4177,PC9194382,382,PTC V
4590,2021-08-20 19:30:39,3658871,CAR,2,4637,PCE9C770E,70E,PTE V
4591,2021-08-13 19:33:52,6503472,CAR,2,4321,PC591BDF7,DF7,PTE V
4592,2021-07-31 22:58:03,8073342,CAR,2,4467,PCF5E0389,389,PTC V
4593,2021-08-17 07:18:57,19240,CAR,2,4916,PC62AF885,885,PTC V
4594,2021-07-31 17:06:56,1334857,TRUCK,4,4140,PC5D4821F,21F,PTP V
4595,2021-08-18 14:13:11,3472301,CAR,2,4514,PC374C341,341,PTC V
4596,2021-08-17 20:53:30,7661264,CAR,2,4105,PC43919D1,9D1,PTP V
4597,2021-08-16 10:40:58,244122,CAR,2,4542,PC3E57E3D,E3D,PTP V
4598,2021-08-19 06:04:06,4762550,CAR,2,4638,PCB7AC8AA,8AA,PTP V
4599,2021-07-29 22:04:29,1187926,CAR,2,4850,PC4061987,987,PTC V
4600,2021-08-19 11:29:56,4874882,VAN,2,4037,PC0A50259,259,PTC V
4601,2021-08-12 13:54:10,3115049,TRUCK,4,4071,PCDBBCB68,B68,PTC V
4602,2021-07-31 03:45:19,1193101,CAR,2,4623,PCAA67227,227,PTP V
4603,2021-07-30 08:41:01,5190638,CAR,2,4621,PC9FB4E82,E82,PTC V
4604,2021-08-11 08:16:42,4566021,CAR,2,4439,PC845CEA6,EA6,PTC V
4605,2021-08-05 06:41:12,2041387,CAR,2,4955,PCE36723C,23C,PTC V
4606,2021-08-20 00:00:59,6405613,CAR,2,4491,PCA52F720,720,PTC V
4607,2021-08-02 03:26:05,9954172,CAR,2,4407,PC7FEC2CE,2CE,PTC V
4608,2021-08-20 16:40:22,5001331,TRUCK,4,4198,PCB0994D1,4D1,PTC V
4609,2021-07-30 18:28:37,2774706,CAR,2,4019,PC63FF017,017,PTE V
4610,2021-08-21 18:25:27,8534845,CAR,2,4522,PC0A326BE,6BE,PTE V
4611,2021-07-31 09:04:09,7928202,CAR,2,4093,PC951FE7E,E7E,PTC V
4612,2021-08-20 14:33:35,3130296,CAR,2,4618,PC8F4AF85,F85,PTE V
4613,2021-07-30 11:50:16,462666,CAR,2,4820,PCC30C735,735,PTE V
4614,2021-08-04 17:58:10,1358334,TRUCK,4,4886,PC4D892D7,2D7,PTE V
4615,2021-07-29 13:54:22,3893571,CAR,2,4344,PC417B8DF,8DF,PTC V
4616,2021-08-18 12:48:05,9575083,VAN,2,4166,PCE450C55,C55,PTP V
4617,2021-08-10 00:23:06,1085068,CAR,2,4894,PCDADB8C6,8C6,PTP V
4618,2021-08-16 04:31:29,513247,CAR,2,4704,PC47FBB07,B07,PTE V
4619,2021-08-17 15:14:59,571205,VAN,2,4305,PCF4DA5CE,5CE,PTE V
4620,2021-08-06 11:39:54,1875327,CAR,2,4413,PC6C88C27,C27,PTE V
4621,2021-08-19 12:00:11,4549393,VAN,2,4704,PC47FBB07,B07,PTE V
4622,2021-08-18 03:10:29,3955266,CAR,2,4993,PC0F0AB4E,B4E,PTC V
4623,2021-07-30 16:08:36,9393133,VAN,2,4884,PC3FB1BB6,BB6,PTP V
4624,2021-08-15 23:36:05,7019700,CAR,2,4999,PCE976BA1,BA1,PTE V
4625,2021-08-19 11:10:53,4970681,CAR,2,4608,PCACD1BEE,BEE,PTC V
4626,2021-08-21 03:31:26,721481,CAR,2,4051,PC3B970F2,0F2,PTP V
4627,2021-08-15 21:53:54,1337799,CAR,2,4366,PC09D71DF,1DF,PTE V
4628,2021-08-06 04:56:51,3352239,TRUCK,4,4394,PCD3A817A,17A,PTE V
4629,2021-08-19 06:30:29,4644991,CAR,2,4211,PC0AB9251,251,PTP V
4630,2021-08-06 18:07:10,174405,TRUCK,4,4833,PC71A1452,452,PTC V
4631,2021-08-18 15:28:03,9550811,CAR,2,4888,PC46C55B4,5B4,PTE V
4632,2021-08-02 12:15:42,3167704,CAR,2,4430,PC52EA95D,95D,PTC V
4633,2021-08-02 16:06:42,8137095,CAR,2,4421,PCED2DB6F,B6F,PTC V
4634,2021-08-08 23:45:47,8919528,TRUCK,4,4590,PC912F5CB,5CB,PTC V
4635,2021-08-01 04:53:56,7376500,CAR,2,4369,PCD5CBB82,B82,PTC V
4636,2021-08-05 07:00:53,6743293,TRUCK,4,4927,PC2D22627,627,PTC V
4637,2021-08-21 04:24:39,9528344,CAR,2,4493,PC124B4C0,4C0,PTE V
4638,2021-08-03 13:12:44,8187348,CAR,2,4739,PC07289CF,9CF,PTP V
4639,2021-08-03 07:08:49,3037300,CAR,2,4346,PCA35B156,156,PTP V
4640,2021-08-08 07:33:25,1910206,CAR,2,4167,PC8453073,073,PTP V
4641,2021-08-09 14:29:02,4011832,CAR,2,4290,PC84E8CEF,CEF,PTP V
4642,2021-08-11 23:15:34,7872770,CAR,2,4345,PCAC01231,231,PTC V
4643,2021-07-30 23:51:11,2445147,CAR,2,4987,PCF4A9637,637,PTC V
4644,2021-08-19 04:29:35,9385187,CAR,2,4704,PC47FBB07,B07,PTP V
4645,2021-08-02 20:28:54,9059650,TRUCK,4,4278,PC4847214,214,PTC V
4646,2021-07-30 06:15:46,7522141,TRUCK,4,4084,PC71D433F,33F,PTC V
4647,2021-08-04 06:05:16,6880402,CAR,2,4276,PC4E15B39,B39,PTE V
4648,2021-08-20 10:44:07,4555947,TRUCK,4,4963,PC704EF75,F75,PTP V
4649,2021-08-10 02:18:12,7172875,TRUCK,4,4439,PC845CEA6,EA6,PTC V
4650,2021-08-16 00:10:17,8454140,CAR,2,4357,PC434FA62,A62,PTC V
4651,2021-08-16 20:30:04,6676771,TRUCK,4,4051,PC3B970F2,0F2,PTC V
4652,2021-08-17 19:56:45,9971813,TRUCK,4,4526,PCCB07C68,C68,PTP V
4653,2021-08-08 03:28:13,1397323,CAR,2,4233,PC57279D0,9D0,PTC V
4654,2021-08-09 02:08:06,9845330,CAR,2,4618,PC8F4AF85,F85,PTP V
4655,2021-08-15 02:04:08,5360630,TRUCK,4,4139,PC924C594,594,PTC V
4656,2021-08-18 23:56:01,6995311,VAN,2,4919,PC7A3A5CF,5CF,PTP V
4657,2021-07-30 06:27:15,9780730,TRUCK,4,4088,PC14008D5,8D5,PTP V
4658,2021-07-31 10:25:48,3755423,TRUCK,4,4356,PCF1979AE,9AE,PTC V
4659,2021-08-11 14:51:36,2961448,CAR,2,4030,PCA8A9AA8,AA8,PTC V
4660,2021-08-01 05:36:37,1045493,TRUCK,4,4218,PC8DF4919,919,PTE V
4661,2021-08-18 12:32:45,3130809,VAN,2,4664,PC52D063A,63A,PTP V
4662,2021-08-10 01:44:11,9653817,VAN,2,4764,PCF6B0D12,D12,PTC V
4663,2021-08-05 04:34:06,5910009,CAR,2,4834,PCB228987,987,PTE V
4664,2021-07-29 20:26:02,5087928,TRUCK,4,4001,PC58105BF,5BF,PTE V
4665,2021-08-13 05:37:14,627177,CAR,2,4525,PCF64B519,519,PTC V
4666,2021-08-21 17:16:46,5830020,CAR,2,4423,PCF9F4940,940,PTP V
4667,2021-08-09 11:06:42,1468135,CAR,2,4476,PC439FA2D,A2D,PTP V
4668,2021-08-04 04:06:31,8664621,CAR,2,4869,PCF775FA6,FA6,PTC V
4669,2021-08-18 14:57:41,1364654,CAR,2,4615,PC1ECBA39,A39,PTP V
4670,2021-08-19 18:38:34,8213082,CAR,2,4448,PC19F3DBB,DBB,PTE V
4671,2021-08-13 05:36:19,9885404,TRUCK,4,4876,PCDFCFF53,F53,PTE V
4672,2021-08-20 21:12:02,1818087,CAR,2,4333,PCCCAD2AC,2AC,PTP V
4673,2021-08-16 19:00:26,5855702,TRUCK,4,4208,PC1E49F6B,F6B,PTE V
4674,2021-08-04 05:48:55,9423298,CAR,2,4426,PCC0E943C,43C,PTC V
4675,2021-08-18 20:59:40,4758250,CAR,2,4843,PC400DFFE,FFE,PTE V
4676,2021-08-19 08:37:33,1379323,CAR,2,4244,PC9F3C86B,86B,PTP V
4677,2021-08-08 17:09:51,2076505,CAR,2,4450,PC0B2B03E,03E,PTC V
4678,2021-08-05 07:56:16,5910647,CAR,2,4063,PC7667A3E,A3E,PTC V
4679,2021-08-04 13:15:05,183413,VAN,2,4915,PC86B0D7B,D7B,PTE V
4680,2021-08-03 11:54:10,6314353,TRUCK,4,4791,PC517992F,92F,PTC V
4681,2021-08-10 12:47:41,8749505,TRUCK,4,4471,PC7E4F42A,42A,PTC V
4682,2021-08-05 07:00:13,4122658,CAR,2,4551,PCCA5979C,79C,PTC V
4683,2021-08-03 01:10:41,9725021,CAR,2,4640,PCC993FB3,FB3,PTE V
4684,2021-08-06 08:32:14,6659890,CAR,2,4751,PCD33B3C9,3C9,PTC V
4685,2021-08-03 22:39:54,5035353,CAR,2,4974,PCDEB8E32,E32,PTP V
4686,2021-08-15 02:47:00,9954389,TRUCK,4,4157,PC7305E43,E43,PTP V
4687,2021-08-19 14:16:57,1991626,CAR,2,4047,PC6D105CF,5CF,PTP V
4688,2021-08-21 17:30:00,7036221,CAR,2,4245,PC6594AD4,AD4,PTC V
4689,2021-08-16 14:07:40,7370481,CAR,2,4727,PC52E71B8,1B8,PTP V
4690,2021-08-12 13:46:44,3327292,TRUCK,4,4292,PCF733A7C,A7C,PTP V
4691,2021-08-02 07:49:43,4153736,TRUCK,4,4430,PC52EA95D,95D,PTP V
4692,2021-08-04 01:57:45,1429841,CAR,2,4634,PCC72D8B8,8B8,PTC V
4693,2021-08-04 22:00:04,107554,CAR,2,4850,PC4061987,987,PTE V
4694,2021-08-05 05:41:00,6443093,CAR,2,4372,PC1E0F3B6,3B6,PTE V
4695,2021-07-30 16:00:06,1349679,CAR,2,4406,PC7A54E18,E18,PTE V
4696,2021-08-14 00:43:45,7679711,CAR,2,4268,PC6CC51DA,1DA,PTE V
4697,2021-08-12 00:14:45,4529323,TRUCK,4,4844,PCC48E3A8,3A8,PTP V
4698,2021-08-12 15:40:33,9592136,CAR,2,4739,PC07289CF,9CF,PTE V
4699,2021-08-09 22:01:05,9577602,CAR,2,4038,PC77889B3,9B3,PTC V
4700,2021-08-13 10:42:50,9303457,CAR,2,4810,PC2CA4087,087,PTE V
4701,2021-08-18 05:21:27,9603641,CAR,2,4168,PCBC064F8,4F8,PTP V
4702,2021-08-10 08:49:45,5878356,CAR,2,4035,PC1B1D964,964,PTP V
4703,2021-08-12 15:52:19,5350994,CAR,2,4698,PC8BCEB19,B19,PTC V
4704,2021-08-04 03:46:37,8490599,CAR,2,4032,PC578F087,087,PTC V
4705,2021-08-15 22:02:14,4977185,CAR,2,4469,PC120EEFD,EFD,PTE V
4706,2021-08-20 14:57:43,6948256,CAR,2,4477,PCA857A23,A23,PTC V
4707,2021-08-02 00:35:11,6148268,CAR,2,4863,PCA8F9E50,E50,PTE V
4708,2021-08-13 06:00:04,8950411,TRUCK,4,4322,PC262D624,624,PTP V
4709,2021-08-14 13:17:53,7668821,CAR,2,4999,PCE976BA1,BA1,PTE V
4710,2021-08-11 20:39:56,5480586,CAR,2,4480,PC9A343F9,3F9,PTC V
4711,2021-08-10 17:33:40,9912395,VAN,2,4756,PC8AEC6E8,6E8,PTP V
4712,2021-08-09 02:21:48,4811255,CAR,2,4540,PC5CAF0A7,0A7,PTE V
4713,2021-08-01 05:05:58,290099,CAR,2,4141,PC13CB69B,69B,PTE V
4714,2021-07-29 14:35:35,5675280,TRUCK,4,4840,PC49BFB36,B36,PTP V
4715,2021-08-07 01:21:20,52480,CAR,2,4166,PCE450C55,C55,PTP V
4716,2021-08-12 00:30:03,2669817,CAR,2,4720,PCDD23528,528,PTC V
4717,2021-08-16 13:52:02,7206979,CAR,2,4765,PC795A0A3,0A3,PTC V
4718,2021-08-18 23:07:46,1996671,CAR,2,4665,PCF63C15F,15F,PTP V
4719,2021-08-18 00:32:02,2975940,CAR,2,4559,PC93AAEC9,EC9,PTC V
4720,2021-08-15 11:09:35,5239188,CAR,2,4872,PC5B45CE7,CE7,PTC V
4721,2021-08-17 06:14:26,261301,CAR,2,4409,PC44E2F09,F09,PTP V
4722,2021-07-30 07:01:39,3486787,CAR,2,4594,PC59414DA,4DA,PTP V
4723,2021-08-21 17:49:01,6375926,CAR,2,4225,PCC1ED0C5,0C5,PTE V
4724,2021-08-19 09:35:25,6088889,TRUCK,4,4846,PCBABD060,060,PTE V
4725,2021-08-19 08:10:51,9924799,CAR,2,4488,PC19D06B0,6B0,PTP V
4726,2021-07-31 03:52:38,1830046,CAR,2,4754,PC99AE725,725,PTE V
4727,2021-08-04 06:16:05,6119427,CAR,2,4212,PC422A6D1,6D1,PTC V
4728,2021-08-10 11:20:12,6539003,VAN,2,4440,PCBE1B45D,45D,PTP V
4729,2021-08-10 11:54:04,3933614,CAR,2,4846,PCBABD060,060,PTE V
4730,2021-08-19 07:25:20,2121239,CAR,2,4143,PC5F47DCF,DCF,PTC V
4731,2021-08-15 17:05:21,6981785,CAR,2,4107,PC7607A5D,A5D,PTE V
4732,2021-08-06 15:22:43,2837544,CAR,2,4115,PCF5D4B0A,B0A,PTP V
4733,2021-08-11 04:05:31,6733371,TRUCK,4,4839,PCA0290AD,0AD,PTC V
4734,2021-08-17 00:08:57,1658631,TRUCK,4,4859,PC685B3B1,3B1,PTE V
4735,2021-07-31 21:54:00,2234296,CAR,2,4940,PC8AB18BE,8BE,PTE V
4736,2021-08-18 15:38:53,1478827,CAR,2,4315,PC6E0962A,62A,PTC V
4737,2021-08-04 11:49:34,2040425,CAR,2,4676,PC9798721,721,PTC V
4738,2021-08-13 00:14:51,8989974,CAR,2,4118,PCC1A733C,33C,PTP V
4739,2021-08-14 02:50:01,1005432,CAR,2,4238,PCE0A2A2F,A2F,PTE V
4740,2021-08-08 01:32:38,1886157,CAR,2,4582,PC98750ED,0ED,PTE V
4741,2021-08-07 22:09:08,1240088,TRUCK,4,4069,PCC48608C,08C,PTC V
4742,2021-08-04 15:40:04,1148227,CAR,2,4273,PC0EF5BA6,BA6,PTP V
4743,2021-08-21 09:19:12,8151002,CAR,2,4919,PC7A3A5CF,5CF,PTP V
4744,2021-08-08 20:43:32,9133130,TRUCK,4,4016,PCCD7399B,99B,PTC V
4745,2021-07-30 21:24:46,4699244,TRUCK,4,4044,PC3546931,931,PTP V
4746,2021-07-30 07:12:14,6205943,CAR,2,4523,PC0005AC7,AC7,PTC V
4747,2021-08-10 10:51:09,8962279,TRUCK,4,4402,PC85224D1,4D1,PTP V
4748,2021-07-30 05:18:31,6918443,TRUCK,4,4859,PC685B3B1,3B1,PTE V
4749,2021-08-01 17:23:24,9751581,CAR,2,4803,PC2BBEEDC,EDC,PTP V
4750,2021-08-09 15:49:09,6393698,VAN,2,4477,PCA857A23,A23,PTE V
4751,2021-08-11 11:07:48,5623153,CAR,2,4352,PC99B9343,343,PTC V
4752,2021-08-16 19:28:05,93444,TRUCK,4,4875,PC40FC710,710,PTE V
4753,2021-08-14 06:49:06,455097,CAR,2,4208,PC1E49F6B,F6B,PTE V
4754,2021-08-21 05:36:48,9553430,VAN,2,4999,PCE976BA1,BA1,PTE V
4755,2021-08-06 13:15:25,5609686,CAR,2,4570,PCAE45EC0,EC0,PTE V
4756,2021-08-04 20:31:02,9107252,CAR,2,4816,PCB500A9F,A9F,PTC V
4757,2021-07-30 02:02:19,9382232,CAR,2,4946,PCCF18BAF,BAF,PTC V
4758,2021-08-15 15:57:45,6301233,CAR,2,4319,PCAD79413,413,PTP V
4759,2021-07-30 10:15:20,5456793,CAR,2,4732,PCD83DE25,E25,PTE V
4760,2021-08-11 01:55:47,2824575,CAR,2,4362,PC670999C,99C,PTE V
4761,2021-08-18 06:48:13,2299596,VAN,2,4410,PC6EFC03B,03B,PTP V
4762,2021-08-05 15:15:05,7662940,TRUCK,4,4134,PC767BBB2,BB2,PTE V
4763,2021-08-08 05:34:09,8418966,CAR,2,4361,PC2E0C888,888,PTE V
4764,2021-08-05 17:18:59,9573223,VAN,2,4073,PCA3797CA,7CA,PTC V
4765,2021-08-14 09:36:23,7949402,CAR,2,4509,PCA2E8463,463,PTE V
4766,2021-08-03 00:38:24,2811252,VAN,2,4148,PCDFBBEBB,EBB,PTP V
4767,2021-08-12 12:59:48,3043626,TRUCK,4,4396,PCA00BC1C,C1C,PTC V
4768,2021-07-31 22:30:23,8004368,CAR,2,4532,PC8DD921E,21E,PTP V
4769,2021-08-17 01:02:17,4926862,TRUCK,4,4960,PC6A1BCA4,CA4,PTP V
4770,2021-08-08 00:17:26,6844465,CAR,2,4358,PC32FB72C,72C,PTC V
4771,2021-08-11 20:37:57,8300959,TRUCK,4,4067,PC1CCD955,955,PTC V
4772,2021-08-12 05:24:34,4044873,CAR,2,4691,PCFAB001F,01F,PTE V
4773,2021-08-11 03:21:04,3426215,CAR,2,4020,PC2265FB3,FB3,PTP V
4774,2021-08-15 16:18:47,4609479,VAN,2,4840,PC49BFB36,B36,PTC V
4775,2021-08-13 05:37:14,6281324,CAR,2,4747,PC5E524A1,4A1,PTP V
4776,2021-08-19 11:48:07,4654755,VAN,2,4550,PC21A1833,833,PTE V
4777,2021-08-17 23:15:10,7740183,CAR,2,4135,PCC943ECD,ECD,PTP V
4778,2021-08-04 15:26:17,4306873,CAR,2,4763,PCC62D342,342,PTE V
4779,2021-08-16 18:59:43,905195,CAR,2,4948,PCBA2D075,075,PTC V
4780,2021-08-17 16:31:01,9134986,CAR,2,4597,PCBDB8BB6,BB6,PTP V
4781,2021-08-15 22:51:41,6874989,TRUCK,4,4247,PCEE69498,498,PTE V
4782,2021-08-22 17:21:57,5091739,VAN,2,4025,PC5ABB8E4,8E4,PTC V
4783,2021-07-30 18:05:24,6435651,CAR,2,4858,PC94DC1E6,1E6,PTE V
4784,2021-08-09 13:20:44,3958549,CAR,2,4147,PC4D2C5A7,5A7,PTE V
4785,2021-08-20 23:49:35,2135181,TRUCK,4,4381,PC9DD9DCD,DCD,PTP V
4786,2021-08-07 05:30:23,2782336,VAN,2,4345,PCAC01231,231,PTE V
4787,2021-08-03 20:32:37,7029111,CAR,2,4236,PC5212DD0,DD0,PTC V
4788,2021-08-22 02:34:07,4628376,CAR,2,4579,PC926F0A9,0A9,PTE V
4789,2021-08-10 18:14:32,3721882,TRUCK,4,4299,PCAD3B9BC,9BC,PTC V
4790,2021-08-03 13:05:37,2181958,CAR,2,4548,PC4486317,317,PTE V
4791,2021-08-11 15:23:21,2922490,CAR,2,4798,PC17F8052,052,PTE V
4792,2021-08-10 06:44:33,6613652,VAN,2,4954,PCA276EBB,EBB,PTC V
4793,2021-08-04 21:49:20,7167521,TRUCK,4,4335,PC76935F9,5F9,PTE V
4794,2021-08-02 13:14:17,1992333,CAR,2,4684,PCA76178F,78F,PTP V
4795,2021-08-16 09:39:12,5686406,CAR,2,4763,PCC62D342,342,PTC V
4796,2021-08-05 11:53:38,5392380,CAR,2,4766,PCE36658B,58B,PTE V
4797,2021-08-17 04:15:19,9770310,CAR,2,4606,PC0C535B6,5B6,PTE V
4798,2021-08-01 16:23:53,4478884,CAR,2,4826,PCE1DDBB4,BB4,PTE V
4799,2021-08-06 14:56:59,9042385,CAR,2,4763,PCC62D342,342,PTP V
4800,2021-08-10 12:55:40,4358158,CAR,2,4924,PCE3427C5,7C5,PTC V
4801,2021-08-10 19:54:52,468065,CAR,2,4411,PC3AA93E6,3E6,PTP V
4802,2021-08-17 15:55:06,5259821,CAR,2,4027,PCE7A4F34,F34,PTC V
4803,2021-08-17 10:07:59,2681653,VAN,2,4228,PC4F78F1B,F1B,PTP V
4804,2021-08-02 23:51:31,7441444,CAR,2,4216,PC53B475D,75D,PTP V
4805,2021-08-20 05:10:56,531309,CAR,2,4667,PCD540B2F,B2F,PTC V
4806,2021-08-03 12:11:44,8838380,CAR,2,4301,PC540E129,129,PTP V
4807,2021-07-30 05:35:55,249223,CAR,2,4838,PCEECD973,973,PTC V
4808,2021-08-16 21:19:38,1778530,CAR,2,4528,PC1269226,226,PTP V
4809,2021-08-21 23:05:52,7517039,CAR,2,4350,PCEDD7E85,E85,PTC V
4810,2021-08-14 22:25:26,6024809,CAR,2,4244,PC9F3C86B,86B,PTP V
4811,2021-08-12 10:41:53,8779284,CAR,2,4554,PC23BA77A,77A,PTE V
4812,2021-08-21 01:00:15,93555,CAR,2,4326,PC356AE8F,E8F,PTC V
4813,2021-08-03 16:21:49,6500362,TRUCK,4,4217,PC6E8D0F9,0F9,PTP V
4814,2021-08-14 06:06:07,5842907,CAR,2,4173,PC0EB640E,40E,PTE V
4815,2021-08-04 10:24:33,4433721,CAR,2,4536,PCC6C5CFB,CFB,PTP V
4816,2021-08-08 06:55:44,1147316,TRUCK,4,4178,PC8417B09,B09,PTP V
4817,2021-07-31 00:53:19,8758415,TRUCK,4,4260,PC1A4796C,96C,PTC V
4818,2021-08-20 00:08:00,9620584,CAR,2,4720,PCDD23528,528,PTC V
4819,2021-08-15 00:57:32,9642259,CAR,2,4561,PCCE9B069,069,PTC V
4820,2021-08-22 05:00:59,4711404,CAR,2,4439,PC845CEA6,EA6,PTP V
4821,2021-08-09 14:40:21,3776737,CAR,2,4014,PCF14D1E3,1E3,PTE V
4822,2021-08-02 13:04:05,9260318,CAR,2,4952,PC64CF233,233,PTC V
4823,2021-08-21 07:34:38,2487143,CAR,2,4511,PCFBEFA9E,A9E,PTC V
4824,2021-08-16 01:04:15,3853462,CAR,2,4932,PC46C4A27,A27,PTP V
4825,2021-08-13 19:50:01,8372274,VAN,2,4170,PC8CA1B15,B15,PTP V
4826,2021-08-12 02:06:08,9644412,CAR,2,4032,PC578F087,087,PTE V
4827,2021-08-14 23:54:33,4251576,VAN,2,4730,PC7DC0964,964,PTC V
4828,2021-08-01 16:40:37,6728356,TRUCK,4,4535,PC1BC7FA5,FA5,PTC V
4829,2021-08-01 08:10:29,1450116,CAR,2,4064,PC0B32B5B,B5B,PTE V
4830,2021-08-03 01:25:30,5688580,CAR,2,4657,PCC591410,410,PTP V
4831,2021-08-18 14:32:18,4522860,VAN,2,4631,PCFFF6463,463,PTP V
4832,2021-08-16 22:51:03,1513439,VAN,2,4219,PC40E6113,113,PTP V
4833,2021-08-13 14:21:23,4343643,VAN,2,4802,PCBDD55F1,5F1,PTE V
4834,2021-08-12 20:02:40,1429500,CAR,2,4655,PCF9CAB22,B22,PTP V
4835,2021-08-22 06:24:30,5549560,CAR,2,4130,PC9F22103,103,PTE V
4836,2021-08-14 09:46:05,5814883,TRUCK,4,4166,PCE450C55,C55,PTC V
4837,2021-08-12 08:46:47,6229791,VAN,2,4886,PC4D892D7,2D7,PTP V
4838,2021-08-07 01:06:47,5514843,CAR,2,4514,PC374C341,341,PTE V
4839,2021-08-16 20:25:02,3268356,VAN,2,4542,PC3E57E3D,E3D,PTC V
4840,2021-08-21 10:57:11,9599545,VAN,2,4988,PC46BE0B2,0B2,PTE V
4841,2021-08-06 14:41:36,6886766,CAR,2,4259,PCBB65EF4,EF4,PTP V
4842,2021-08-08 07:46:39,5057421,CAR,2,4719,PCBD66B01,B01,PTC V
4843,2021-08-07 23:16:20,6409800,CAR,2,4227,PCD8346A6,6A6,PTE V
4844,2021-08-10 18:30:59,1207146,VAN,2,4091,PC2E099B4,9B4,PTE V
4845,2021-08-12 20:09:02,6393963,CAR,2,4473,PC51FDD60,D60,PTP V
4846,2021-08-13 02:21:52,2530043,TRUCK,4,4671,PCCAAFB48,B48,PTE V
4847,2021-08-03 00:23:46,2030400,CAR,2,4016,PCCD7399B,99B,PTP V
4848,2021-08-03 10:51:32,4372340,CAR,2,4541,PCC6A4CD8,CD8,PTP V
4849,2021-08-16 13:41:33,5788009,CAR,2,4284,PC0DB49FD,9FD,PTE V
4850,2021-08-03 12:23:40,4662178,CAR,2,4934,PC3ED26A2,6A2,PTP V
4851,2021-08-18 13:21:48,4730783,CAR,2,4468,PC040ADB3,DB3,PTE V
4852,2021-08-20 16:56:58,2284899,TRUCK,4,4051,PC3B970F2,0F2,PTC V
4853,2021-08-15 14:29:57,2150764,CAR,2,4306,PC5D6563A,63A,PTP V
4854,2021-07-31 14:50:32,7067444,TRUCK,4,4731,PCFFC2992,992,PTP V
4855,2021-08-01 15:54:46,6149792,VAN,2,4405,PC70CA955,955,PTP V
4856,2021-08-08 03:14:57,7425621,CAR,2,5009,PC70886EC,6EC,PTE V
4857,2021-08-11 00:38:59,5915436,CAR,2,4181,PC4457F74,F74,PTE V
4858,2021-08-18 22:41:42,7170437,CAR,2,4598,PC5526A36,A36,PTE V
4859,2021-08-20 16:09:12,8399463,CAR,2,4597,PCBDB8BB6,BB6,PTP V
4860,2021-08-17 22:02:32,182652,CAR,2,4121,PCEC57A8E,A8E,PTC V
4861,2021-08-04 18:50:39,722758,VAN,2,4240,PC72FE04B,04B,PTP V
4862,2021-08-02 22:43:39,7383471,CAR,2,4861,PC670F1AC,1AC,PTC V
4863,2021-08-08 01:47:21,8255580,TRUCK,4,4173,PC0EB640E,40E,PTC V
4864,2021-08-14 03:08:19,5178725,TRUCK,4,4330,PCBD023A3,3A3,PTE V
4865,2021-08-04 14:30:07,4151678,TRUCK,4,4846,PCBABD060,060,PTP V
4866,2021-08-22 08:09:28,5613493,TRUCK,4,4415,PC5E202FC,2FC,PTP V
4867,2021-08-07 04:19:35,662922,VAN,2,4515,PC6A1B37B,37B,PTP V
4868,2021-08-19 02:52:40,2201024,VAN,2,4680,PCC422F4D,F4D,PTE V
4869,2021-08-17 16:02:44,6224324,TRUCK,4,4282,PCCE002E5,2E5,PTC V
4870,2021-08-11 05:16:49,4385877,TRUCK,4,4416,PC546F252,252,PTP V
4871,2021-08-04 22:18:09,5471533,VAN,2,4881,PCDE20E6F,E6F,PTE V
4872,2021-08-19 09:21:53,4832570,TRUCK,4,4822,PCD1EB220,220,PTP V
4873,2021-08-20 21:36:34,7499758,TRUCK,4,4862,PC3BDDA71,A71,PTC V
4874,2021-08-16 17:01:25,9177112,CAR,2,4225,PCC1ED0C5,0C5,PTP V
4875,2021-07-29 14:00:32,6333069,CAR,2,4020,PC2265FB3,FB3,PTP V
4876,2021-08-13 06:10:52,2617387,CAR,2,4606,PC0C535B6,5B6,PTP V
4877,2021-08-11 13:55:42,3591721,TRUCK,4,4874,PC9F481D4,1D4,PTP V
4878,2021-08-08 16:47:22,2261024,TRUCK,4,4465,PCA227C6B,C6B,PTP V
4879,2021-08-02 18:25:47,9999293,CAR,2,4089,PC3CCA187,187,PTC V
4880,2021-08-05 16:25:00,7617439,CAR,2,4074,PCCAFD014,014,PTP V
4881,2021-08-15 03:12:39,3646204,CAR,2,4120,PC6700C62,C62,PTE V
4882,2021-08-02 13:47:24,4394233,VAN,2,4008,PC5680D80,D80,PTE V
4883,2021-08-11 03:11:55,4694026,TRUCK,4,4566,PC637A425,425,PTC V
4884,2021-08-14 16:18:25,6913380,CAR,2,4789,PCBE8B2AB,2AB,PTP V
4885,2021-08-17 05:04:47,874496,CAR,2,4698,PC8BCEB19,B19,PTC V
4886,2021-08-13 23:08:06,3264647,CAR,2,4558,PC575F591,591,PTP V
4887,2021-08-04 16:05:44,1361730,CAR,2,4803,PC2BBEEDC,EDC,PTP V
4888,2021-07-30 18:56:48,26261,CAR,2,4663,PCA7178EC,8EC,PTP V
4889,2021-08-21 08:59:51,309924,CAR,2,4545,PC419B1CB,1CB,PTE V
4890,2021-08-10 12:08:17,4138330,TRUCK,4,4659,PC5549650,650,PTP V
4891,2021-08-20 23:54:47,9517087,VAN,2,4791,PC517992F,92F,PTE V
4892,2021-08-17 14:45:23,1727096,CAR,2,4811,PCBF83C7A,C7A,PTC V
4893,2021-08-17 20:41:42,6967658,CAR,2,4197,PCE32ED40,D40,PTP V
4894,2021-08-14 16:38:21,9121359,CAR,2,4336,PCD30AB50,B50,PTP V
4895,2021-08-02 14:30:32,8150498,TRUCK,4,4244,PC9F3C86B,86B,PTE V
4896,2021-08-06 00:43:42,6453196,CAR,2,4538,PCDE5402C,02C,PTP V
4897,2021-07-31 23:59:04,8815111,CAR,2,4491,PCA52F720,720,PTE V
4898,2021-08-04 19:53:12,3486476,CAR,2,4604,PC0553E32,E32,PTP V
4899,2021-08-06 06:32:51,3450092,TRUCK,4,4690,PC45CC19A,19A,PTE V
4900,2021-08-22 07:02:58,8152403,TRUCK,4,4418,PCF6EECB2,CB2,PTE V
4901,2021-08-07 06:08:05,803887,CAR,2,4906,PC3D58C5E,C5E,PTE V
4902,2021-08-19 23:12:55,7254034,CAR,2,4525,PCF64B519,519,PTE V
4903,2021-08-01 18:59:15,6385006,CAR,2,4193,PC0282AE7,AE7,PTC V
4904,2021-08-11 06:31:07,1554342,VAN,2,4029,PCE319335,335,PTP V
4905,2021-08-17 15:26:17,9607077,CAR,2,4228,PC4F78F1B,F1B,PTP V
4906,2021-08-02 02:39:30,3785983,CAR,2,4145,PC5FBE4B8,4B8,PTE V
4907,2021-08-05 11:12:19,3399915,VAN,2,4526,PCCB07C68,C68,PTC V
4908,2021-08-08 12:12:56,4906215,VAN,2,4381,PC9DD9DCD,DCD,PTE V
4909,2021-08-14 05:21:11,168310,CAR,2,4117,PCEB6517A,17A,PTP V
4910,2021-08-16 08:29:39,1454699,CAR,2,4996,PC6A4F55F,55F,PTC V
4911,2021-07-29 15:26:37,3262095,TRUCK,4,4729,PC5170BF4,BF4,PTE V
4912,2021-08-20 15:31:47,9094758,CAR,2,4226,PCDC5C9E2,9E2,PTC V
4913,2021-08-20 00:44:44,8885843,TRUCK,4,4091,PC2E099B4,9B4,PTE V
4914,2021-08-22 02:15:05,3765165,CAR,2,4747,PC5E524A1,4A1,PTC V
4915,2021-08-08 13:17:59,3322919,CAR,2,4828,PCF712D1A,D1A,PTE V
4916,2021-08-09 16:17:15,7780617,CAR,2,4944,PC41EEC34,C34,PTC V
4917,2021-07-31 02:27:45,7163077,CAR,2,4033,PC783B5FC,5FC,PTP V
4918,2021-08-01 17:28:26,3133877,TRUCK,4,4384,PC59A33DE,3DE,PTE V
4919,2021-08-22 11:51:08,3853842,VAN,2,4657,PCC591410,410,PTP V
4920,2021-08-07 14:44:34,7081648,CAR,2,4335,PC76935F9,5F9,PTC V
4921,2021-08-08 13:45:51,4476426,TRUCK,4,4510,PC652EEF2,EF2,PTC V
4922,2021-08-03 22:37:56,5329579,CAR,2,4467,PCF5E0389,389,PTE V
4923,2021-08-08 00:24:28,6468902,TRUCK,4,4383,PC4BFE950,950,PTE V
4924,2021-07-30 15:44:54,5007483,CAR,2,4160,PC6DC0ACF,ACF,PTC V
4925,2021-08-05 00:47:18,2686121,TRUCK,4,4968,PC251D4C1,4C1,PTP V
4926,2021-08-22 13:28:40,4227534,CAR,2,4043,PC134F258,258,PTP V
4927,2021-08-11 20:01:40,1800171,CAR,2,4460,PCDF04952,952,PTE V
4928,2021-08-03 23:01:52,937168,VAN,2,4770,PC9082A17,A17,PTC V
4929,2021-08-12 17:00:06,9459093,TRUCK,4,4765,PC795A0A3,0A3,PTP V
4930,2021-08-01 11:29:38,72405,CAR,2,4900,PCFE8B604,604,PTP V
4931,2021-08-09 03:38:41,1196375,CAR,2,4087,PC2C1DA2A,A2A,PTE V
4932,2021-08-07 07:25:25,1634959,CAR,2,4645,PC14FBE4A,E4A,PTP V
4933,2021-08-17 18:53:02,4748407,CAR,2,4039,PC73BE1E2,1E2,PTC V
4934,2021-08-11 12:28:29,4809728,TRUCK,4,4704,PC47FBB07,B07,PTC V
4935,2021-08-11 13:49:48,2009979,VAN,2,4555,PC06A0237,237,PTC V
4936,2021-08-09 06:43:13,777401,CAR,2,4931,PC3D30AD0,AD0,PTC V
4937,2021-08-18 12:58:31,5393037,CAR,2,4988,PC46BE0B2,0B2,PTC V
4938,2021-08-18 08:17:00,8901637,CAR,2,4888,PC46C55B4,5B4,PTC V
4939,2021-08-08 16:49:37,5051786,CAR,2,4051,PC3B970F2,0F2,PTE V
4940,2021-07-31 01:43:44,990091,VAN,2,4682,PCBB02F92,F92,PTC V
4941,2021-08-03 20:54:03,9785303,VAN,2,4096,PCFA4F864,864,PTE V
4942,2021-08-18 09:15:22,953458,CAR,2,4140,PC5D4821F,21F,PTP V
4943,2021-07-31 03:06:03,7427978,TRUCK,4,4832,PC34ECAB5,AB5,PTE V
4944,2021-08-16 18:31:38,9902505,CAR,2,4740,PC04EDDB4,DB4,PTC V
4945,2021-08-19 12:02:58,3917885,CAR,2,4241,PC7241796,796,PTC V
4946,2021-08-12 17:47:16,8924139,CAR,2,4729,PC5170BF4,BF4,PTE V
4947,2021-08-08 16:16:57,6982500,CAR,2,4105,PC43919D1,9D1,PTE V
4948,2021-08-03 12:54:03,6751332,VAN,2,4677,PCA9D6EEE,EEE,PTE V
4949,2021-08-08 15:25:24,3995894,TRUCK,4,4226,PCDC5C9E2,9E2,PTP V
4950,2021-08-08 03:46:22,6641198,CAR,2,4309,PC5E92F61,F61,PTE V
4951,2021-07-31 01:15:29,6630691,CAR,2,4363,PC62E1338,338,PTP V
4952,2021-08-18 15:37:41,8914010,CAR,2,4428,PCB616FAD,FAD,PTP V
4953,2021-08-04 02:44:11,4013604,CAR,2,4552,PC05BD3DF,3DF,PTP V
4954,2021-08-19 16:16:36,4282732,TRUCK,4,4410,PC6EFC03B,03B,PTP V
4955,2021-07-31 14:14:02,1792842,TRUCK,4,4935,PC327D635,635,PTC V
4956,2021-08-19 11:01:16,658665,VAN,2,4507,PC11DCA73,A73,PTP V
4957,2021-08-09 02:55:56,1471875,TRUCK,4,4902,PC425C6EC,6EC,PTP V
4958,2021-08-18 09:02:32,5982966,CAR,2,4061,PC3A63A79,A79,PTC V
4959,2021-08-13 04:34:52,7529098,CAR,2,4524,PCF8BB245,245,PTE V
4960,2021-08-20 13:17:22,5623291,TRUCK,4,4766,PCE36658B,58B,PTC V
4961,2021-08-15 23:42:24,2466052,CAR,2,4439,PC845CEA6,EA6,PTC V
4962,2021-08-04 19:57:54,9478810,CAR,2,4101,PCCC8F243,243,PTP V
4963,2021-08-13 23:53:08,4844804,CAR,2,4394,PCD3A817A,17A,PTE V
4964,2021-08-11 15:05:21,9062504,CAR,2,4763,PCC62D342,342,PTE V
4965,2021-08-10 04:29:50,9530895,CAR,2,4580,PC48664B7,4B7,PTE V
4966,2021-08-20 15:12:25,5171148,VAN,2,4298,PC3E474F6,4F6,PTC V
4967,2021-08-17 10:13:35,561748,CAR,2,4741,PC85A4D4B,D4B,PTP V
4968,2021-08-02 19:16:20,9676436,TRUCK,4,4839,PCA0290AD,0AD,PTE V
4969,2021-08-21 15:43:47,9780168,VAN,2,4014,PCF14D1E3,1E3,PTP V
4970,2021-08-22 00:32:31,5022784,CAR,2,4399,PCCA288FE,8FE,PTC V
4971,2021-08-08 15:51:23,2509606,TRUCK,4,4117,PCEB6517A,17A,PTE V
4972,2021-08-17 12:41:05,8887507,CAR,2,4477,PCA857A23,A23,PTP V
4973,2021-08-15 05:47:10,5573075,CAR,2,4270,PC8F72158,158,PTE V
4974,2021-08-12 18:11:40,149406,CAR,2,4991,PC5B5C16D,16D,PTC V
4975,2021-08-10 00:07:47,1056264,TRUCK,4,4693,PCB4CDDA5,DA5,PTE V
4976,2021-08-12 13:55:02,3808949,TRUCK,4,4250,PCC695DB0,DB0,PTP V
4977,2021-08-12 06:12:03,4480580,CAR,2,4498,PCA770E5A,E5A,PTE V
4978,2021-08-18 12:23:18,4601397,CAR,2,4182,PC5EBB0FA,0FA,PTE V
4979,2021-08-21 00:20:02,1522216,CAR,2,4251,PCB30E45F,45F,PTP V
4980,2021-08-08 04:32:40,9435909,VAN,2,4477,PCA857A23,A23,PTP V
4981,2021-08-04 22:43:46,5896843,TRUCK,4,4833,PC71A1452,452,PTC V
4982,2021-08-12 07:55:38,7451623,CAR,2,4267,PCE51C5C7,5C7,PTC V
4983,2021-08-20 02:06:35,2036070,TRUCK,4,4848,PCF0FC9B2,9B2,PTP V
4984,2021-08-19 22:30:47,8253457,CAR,2,4832,PC34ECAB5,AB5,PTP V
4985,2021-08-17 06:46:19,554256,TRUCK,4,4599,PC800C92D,92D,PTE V
4986,2021-08-17 20:26:52,4091140,CAR,2,4144,PCAC7E4C1,4C1,PTP V
4987,2021-08-02 12:32:55,4637409,CAR,2,4534,PCAD9E1F9,1F9,PTC V
4988,2021-08-10 16:04:40,506435,CAR,2,4277,PC010D2A9,2A9,PTP V
4989,2021-08-05 22:31:31,2995453,TRUCK,4,4079,PCF1366ED,6ED,PTC V
4990,2021-08-06 22:19:05,1776039,CAR,2,4115,PCF5D4B0A,B0A,PTE V
4991,2021-08-02 14:35:28,3875305,CAR,2,4645,PC14FBE4A,E4A,PTE V
4992,2021-08-07 04:05:47,4493623,CAR,2,4551,PCCA5979C,79C,PTC V
4993,2021-08-05 20:02:48,5983173,CAR,2,4840,PC49BFB36,B36,PTC V
4994,2021-08-09 04:36:55,2826928,CAR,2,4813,PCACF7982,982,PTE V
4995,2021-08-01 18:44:33,4767446,CAR,2,4290,PC84E8CEF,CEF,PTP V
4996,2021-07-30 21:57:09,6774142,CAR,2,4608,PCACD1BEE,BEE,PTC V
4997,2021-08-04 22:50:00,3310804,CAR,2,4105,PC43919D1,9D1,PTE V
4998,2021-08-11 06:06:15,1700401,TRUCK,4,4704,PC47FBB07,B07,PTC V
4999,2021-08-07 06:48:15,2815461,TRUCK,4,4008,PC5680D80,D80,PTC V
5000,2021-08-16 19:36:19,5294773,TRUCK,4,4923,PC8A7A22A,22A,PTC V
5001,2021-08-11 01:40:37,5481161,CAR,2,4439,PC845CEA6,EA6,PTC V
5002,2021-08-13 09:01:20,5094036,CAR,2,4508,PC385C6E7,6E7,PTE V
5003,2021-08-08 19:46:26,9983710,TRUCK,4,4827,PC7D68CD9,CD9,PTC V
5004,2021-08-12 23:55:23,9697093,CAR,2,4605,PCEB27C63,C63,PTP V
5005,2021-08-12 10:31:11,355412,CAR,2,4688,PCCB4C86D,86D,PTE V
5006,2021-08-03 13:02:05,23389,TRUCK,4,4556,PC18C31F6,1F6,PTE V
5007,2021-08-06 13:39:00,4463406,CAR,2,4954,PCA276EBB,EBB,PTE V
5008,2021-08-14 22:44:49,3061196,CAR,2,4422,PCF514246,246,PTP V
5009,2021-08-17 06:41:48,4975255,CAR,2,4287,PC421D5F3,5F3,PTC V
5010,2021-08-05 15:26:36,7883382,CAR,2,4595,PC64281F6,1F6,PTE V
5011,2021-08-16 09:20:44,5967111,CAR,2,4359,PCB27CFF1,FF1,PTC V
5012,2021-08-17 16:20:44,1898135,CAR,2,4433,PC1DEB043,043,PTE V
5013,2021-08-03 01:36:33,9860680,CAR,2,4539,PC684859B,59B,PTP V
5014,2021-08-17 22:58:31,7318496,CAR,2,4507,PC11DCA73,A73,PTE V
5015,2021-08-22 14:14:32,8399951,TRUCK,4,4241,PC7241796,796,PTC V
5016,2021-08-15 02:17:49,2039279,VAN,2,4847,PCD546332,332,PTE V
5017,2021-07-31 01:25:51,5967985,CAR,2,4863,PCA8F9E50,E50,PTP V
5018,2021-08-20 08:21:05,2524951,CAR,2,4464,PC7C8FDDB,DDB,PTE V
5019,2021-08-07 00:03:46,9624402,CAR,2,4841,PCE45DE8D,E8D,PTE V
5020,2021-08-15 10:24:42,8917894,VAN,2,4209,PC494D54E,54E,PTC V
5021,2021-08-06 17:26:53,6922687,CAR,2,4818,PCF243BF3,BF3,PTC V
5022,2021-08-18 17:50:53,9407373,CAR,2,4903,PCC3BCE65,E65,PTE V
5023,2021-08-07 18:34:08,4973381,CAR,2,4379,PC87C8BC4,BC4,PTE V
5024,2021-08-17 11:06:28,9934355,CAR,2,4124,PC3338D42,D42,PTC V
5025,2021-08-12 15:19:26,1576125,TRUCK,4,4263,PCD6DBA1D,A1D,PTC V
5026,2021-08-03 07:26:24,4933811,CAR,2,4738,PC06E9A80,A80,PTE V
5027,2021-08-01 07:03:28,5863364,CAR,2,4510,PC652EEF2,EF2,PTC V
5028,2021-08-14 05:30:02,3833999,CAR,2,4650,PC544AE70,E70,PTP V
5029,2021-08-17 04:01:58,7688864,CAR,2,4057,PC4B0DCD2,CD2,PTC V
5030,2021-08-16 22:23:31,6480001,CAR,2,4893,PC3743587,587,PTC V
5031,2021-08-17 17:07:02,9702127,CAR,2,4015,PC524833E,33E,PTE V
5032,2021-08-01 12:04:49,7364891,CAR,2,4436,PC0CF9451,451,PTC V
5033,2021-08-01 09:45:45,3211151,CAR,2,4901,PCE32D2F9,2F9,PTE V
5034,2021-08-20 05:16:14,9767201,VAN,2,4885,PC5083F35,F35,PTE V
5035,2021-08-02 22:34:27,6146629,TRUCK,4,4657,PCC591410,410,PTC V
5036,2021-08-09 16:33:25,5464159,CAR,2,4827,PC7D68CD9,CD9,PTC V
5037,2021-08-05 02:54:30,8527473,CAR,2,4556,PC18C31F6,1F6,PTC V
5038,2021-07-30 19:30:18,1938378,CAR,2,4191,PCCC28F87,F87,PTP V
5039,2021-08-19 18:43:50,2062442,CAR,2,4633,PC974552B,52B,PTE V
5040,2021-08-20 19:34:16,7508459,CAR,2,4514,PC374C341,341,PTC V
5041,2021-08-19 13:26:32,7806051,TRUCK,4,4743,PCE6EEF2E,F2E,PTE V
5042,2021-08-17 06:27:34,4538431,CAR,2,4153,PC88C655C,55C,PTC V
5043,2021-08-13 09:08:11,3193522,CAR,2,4905,PCE1EA438,438,PTP V
5044,2021-08-16 06:57:47,1004333,CAR,2,4471,PC7E4F42A,42A,PTE V
5045,2021-08-20 19:29:29,3061025,CAR,2,4783,PC9889263,263,PTP V
5046,2021-08-14 21:32:21,1778331,CAR,2,4738,PC06E9A80,A80,PTC V
5047,2021-08-10 02:44:40,6674198,CAR,2,4126,PC74CE451,451,PTC V
5048,2021-08-20 12:25:10,5997222,CAR,2,4190,PCDFC1E11,E11,PTE V
5049,2021-08-15 13:20:19,5164734,VAN,2,4375,PCAE085FE,5FE,PTC V
5050,2021-08-17 02:25:41,774900,CAR,2,4401,PC0606D6A,D6A,PTP V
5051,2021-08-22 13:57:36,9879378,VAN,2,4150,PCC8441A8,1A8,PTE V
5052,2021-08-07 19:14:32,8195092,VAN,2,4812,PC22D9C6D,C6D,PTC V
5053,2021-08-02 12:01:17,3738865,CAR,2,4241,PC7241796,796,PTC V
5054,2021-08-22 15:50:47,5471103,CAR,2,4473,PC51FDD60,D60,PTC V
5055,2021-08-15 22:19:09,3660843,VAN,2,4506,PCB24B68E,68E,PTP V
5056,2021-08-01 19:42:02,897726,CAR,2,4643,PC6713209,209,PTC V
5057,2021-08-12 09:15:22,5712196,CAR,2,4167,PC8453073,073,PTE V
5058,2021-08-22 17:04:52,2389471,VAN,2,4391,PCCFD9AB6,AB6,PTE V
5059,2021-08-17 14:27:44,1861658,TRUCK,4,4003,PC83F544D,44D,PTC V
5060,2021-08-15 20:01:31,8074232,VAN,2,4389,PC7688C61,C61,PTC V
5061,2021-08-03 00:45:25,4951911,CAR,2,4678,PCD175301,301,PTC V
5062,2021-08-20 20:07:48,4438053,CAR,2,4901,PCE32D2F9,2F9,PTE V
5063,2021-08-20 21:31:19,9451710,CAR,2,4718,PC81E83B9,3B9,PTP V
5064,2021-08-07 09:55:06,6778928,CAR,2,4531,PC857F4A0,4A0,PTC V
5065,2021-08-15 13:40:50,26613,VAN,2,4379,PC87C8BC4,BC4,PTC V
5066,2021-08-11 01:17:55,6817980,CAR,2,4819,PC454F09B,09B,PTC V
5067,2021-08-07 00:56:26,9745041,CAR,2,4554,PC23BA77A,77A,PTC V
5068,2021-08-12 05:28:55,1839974,CAR,2,4283,PC953B572,572,PTP V
5069,2021-07-31 23:34:48,83863,CAR,2,4633,PC974552B,52B,PTE V
5070,2021-08-14 11:33:30,364420,CAR,2,4476,PC439FA2D,A2D,PTP V
5071,2021-08-18 15:15:58,5057488,TRUCK,4,4846,PCBABD060,060,PTE V
5072,2021-08-03 19:36:18,9933311,CAR,2,4736,PC6A65941,941,PTE V
5073,2021-08-13 17:53:23,7009460,CAR,2,4659,PC5549650,650,PTE V
5074,2021-08-15 00:51:21,5020802,CAR,2,4528,PC1269226,226,PTC V
5075,2021-08-01 06:07:28,2017857,CAR,2,4762,PC1A3D20B,20B,PTP V
5076,2021-08-05 15:55:01,8825698,CAR,2,4546,PCEF3EBBC,BBC,PTP V
5077,2021-08-04 14:41:37,3081632,CAR,2,4965,PCA0BAE0F,E0F,PTE V
5078,2021-08-04 02:17:43,7294315,CAR,2,4005,PCB3DF742,742,PTE V
5079,2021-07-31 22:57:11,6404517,CAR,2,4138,PC79E328A,28A,PTE V
5080,2021-08-10 13:19:05,7068921,CAR,2,4321,PC591BDF7,DF7,PTE V
5081,2021-08-06 12:37:28,7919181,VAN,2,4532,PC8DD921E,21E,PTP V
5082,2021-08-19 03:08:07,3482490,TRUCK,4,4047,PC6D105CF,5CF,PTE V
5083,2021-08-06 20:02:19,5796213,CAR,2,4123,PCDE850D8,0D8,PTC V
5084,2021-08-17 01:15:01,7238098,CAR,2,4980,PCBD5C822,822,PTP V
5085,2021-08-15 11:40:54,5908130,VAN,2,4698,PC8BCEB19,B19,PTC V
5086,2021-08-06 20:40:29,7110175,TRUCK,4,4189,PC7655FC1,FC1,PTE V
5087,2021-07-30 10:21:05,2331580,CAR,2,4352,PC99B9343,343,PTC V
5088,2021-08-07 06:21:51,4839987,TRUCK,4,4000,PC69C7DF3,DF3,PTE V
5089,2021-08-04 05:07:00,682665,VAN,2,4760,PC161AC8D,C8D,PTE V
5090,2021-08-16 18:28:20,5470491,CAR,2,4399,PCCA288FE,8FE,PTC V
5091,2021-08-08 23:23:00,241190,CAR,2,4900,PCFE8B604,604,PTP V
5092,2021-08-14 06:00:07,7520661,CAR,2,4015,PC524833E,33E,PTP V
5093,2021-07-30 16:22:20,9572038,CAR,2,4872,PC5B45CE7,CE7,PTP V
5094,2021-08-13 14:08:52,648281,CAR,2,4905,PCE1EA438,438,PTE V
5095,2021-08-15 01:18:58,3024170,CAR,2,4980,PCBD5C822,822,PTP V
5096,2021-08-01 13:55:50,2904897,CAR,2,4250,PCC695DB0,DB0,PTE V
5097,2021-08-06 09:21:12,7458210,TRUCK,4,4668,PCBB055C6,5C6,PTC V
5098,2021-08-03 00:50:49,1565682,CAR,2,4449,PCAACD453,453,PTC V
5099,2021-08-13 00:32:54,5581458,CAR,2,4739,PC07289CF,9CF,PTP V
5100,2021-08-05 10:05:33,3206847,CAR,2,4560,PC5030572,572,PTP V
5101,2021-08-22 18:15:54,3079578,TRUCK,4,4175,PC08EA270,270,PTC V
5102,2021-08-16 09:39:55,8053124,TRUCK,4,4950,PC4F71E72,E72,PTC V
5103,2021-08-04 06:11:58,4611288,CAR,2,4520,PC8140983,983,PTE V
5104,2021-08-19 16:05:03,7987112,CAR,2,4448,PC19F3DBB,DBB,PTE V
5105,2021-07-31 09:56:46,8753258,VAN,2,4051,PC3B970F2,0F2,PTE V
5106,2021-08-07 10:15:10,1952669,TRUCK,4,4723,PC20BD6E6,6E6,PTE V
5107,2021-08-08 01:42:18,1771697,VAN,2,4500,PC548BDC0,DC0,PTE V
5108,2021-08-18 18:31:05,3753085,CAR,2,4644,PC411FDC0,DC0,PTP V
5109,2021-08-07 05:35:06,1558629,VAN,2,4654,PCBA5D8AB,8AB,PTP V
5110,2021-08-16 17:23:32,786106,CAR,2,4557,PC6C80A46,A46,PTC V
5111,2021-08-22 09:44:47,8858266,TRUCK,4,4151,PC0AB2B55,B55,PTP V
5112,2021-08-17 17:24:29,5224427,CAR,2,4105,PC43919D1,9D1,PTE V
5113,2021-07-31 16:29:56,839218,CAR,2,4979,PC6F36B7A,B7A,PTP V
5114,2021-08-14 10:27:56,8577380,TRUCK,4,4187,PCF8D98DC,8DC,PTE V
5115,2021-08-12 16:41:19,2598024,TRUCK,4,4117,PCEB6517A,17A,PTC V
5116,2021-08-13 23:47:09,6411231,VAN,2,4499,PC1EEDA04,A04,PTC V
5117,2021-08-04 08:51:25,1672843,CAR,2,4585,PCF3AE602,602,PTC V
5118,2021-08-19 01:07:59,3145296,TRUCK,4,4208,PC1E49F6B,F6B,PTP V
5119,2021-08-06 10:46:25,4303153,VAN,2,4212,PC422A6D1,6D1,PTP V
5120,2021-08-17 17:51:51,4525505,CAR,2,4078,PC8473A64,A64,PTC V
5121,2021-08-02 14:31:49,5891598,CAR,2,4146,PCF91266E,66E,PTP V
5122,2021-08-13 00:47:31,8358616,CAR,2,5010,PC028872C,72C,PTP V
5123,2021-08-14 03:53:59,7559158,CAR,2,4859,PC685B3B1,3B1,PTE V
5124,2021-08-03 13:14:27,8521902,CAR,2,4508,PC385C6E7,6E7,PTC V
5125,2021-08-15 03:51:39,360603,CAR,2,4192,PC74F6341,341,PTC V
5126,2021-08-22 01:43:06,1585628,CAR,2,4032,PC578F087,087,PTE V
5127,2021-07-30 15:05:37,1713998,TRUCK,4,4162,PC51A39A7,9A7,PTC V
5128,2021-08-03 23:05:14,1418920,CAR,2,4297,PCDE89544,544,PTP V
5129,2021-08-19 15:04:41,7013811,CAR,2,4818,PCF243BF3,BF3,PTP V
5130,2021-08-12 18:45:40,7360900,VAN,2,4966,PC4E6422C,22C,PTC V
5131,2021-08-14 05:41:05,9266589,CAR,2,4480,PC9A343F9,3F9,PTC V
5132,2021-08-08 22:19:22,7941778,CAR,2,4419,PC99BB7A3,7A3,PTC V
5133,2021-08-05 00:58:15,5591655,TRUCK,4,4089,PC3CCA187,187,PTE V
5134,2021-08-02 14:25:47,7109853,CAR,2,4120,PC6700C62,C62,PTE V
5135,2021-08-04 11:37:39,3749920,CAR,2,4096,PCFA4F864,864,PTE V
5136,2021-08-07 22:16:57,7151854,CAR,2,4967,PC2AFCB31,B31,PTE V
5137,2021-08-05 10:51:36,7319503,CAR,2,4397,PCB070250,250,PTP V
5138,2021-08-18 09:54:09,2881876,TRUCK,4,4937,PCD30D908,908,PTC V
5139,2021-08-10 07:32:10,9651540,VAN,2,4112,PCEA652A8,2A8,PTP V
5140,2021-08-19 04:16:32,58743,CAR,2,4728,PC07BF95F,95F,PTP V
5141,2021-08-05 20:16:45,6379002,TRUCK,4,4817,PCFF02057,057,PTE V
5142,2021-08-07 16:09:53,1470038,CAR,2,4959,PC4A7B00C,00C,PTE V
5143,2021-08-07 12:54:04,5256557,CAR,2,4954,PCA276EBB,EBB,PTE V
5144,2021-08-06 15:05:20,9504017,CAR,2,4333,PCCCAD2AC,2AC,PTC V
5145,2021-08-01 17:30:33,7553879,VAN,2,4007,PCDF9F773,773,PTP V
5146,2021-07-31 00:29:23,5063476,TRUCK,4,4988,PC46BE0B2,0B2,PTC V
5147,2021-08-03 03:59:37,1338077,CAR,2,5006,PC7A260F1,0F1,PTP V
5148,2021-08-16 02:30:53,8965783,VAN,2,4326,PC356AE8F,E8F,PTE V
5149,2021-08-01 13:38:05,7355472,CAR,2,4693,PCB4CDDA5,DA5,PTP V
5150,2021-08-20 15:26:20,9981798,CAR,2,4879,PCC90A061,061,PTC V
5151,2021-08-20 08:49:13,4743944,CAR,2,4572,PCC9756B2,6B2,PTE V
5152,2021-08-19 04:18:48,4378293,CAR,2,4317,PC0DC6CAB,CAB,PTP V
5153,2021-08-18 12:20:39,7067587,CAR,2,4467,PCF5E0389,389,PTE V
5154,2021-08-02 19:26:20,1461259,TRUCK,4,4151,PC0AB2B55,B55,PTE V
5155,2021-08-21 19:46:56,5472384,CAR,2,4456,PC8DFF744,744,PTC V
5156,2021-07-31 10:28:40,929087,CAR,2,4496,PC3FD65C8,5C8,PTE V
5157,2021-08-10 13:06:38,1733519,CAR,2,4428,PCB616FAD,FAD,PTP V
5158,2021-08-07 12:16:01,194888,TRUCK,4,4815,PC19C02F1,2F1,PTE V
5159,2021-08-16 00:14:58,6437963,CAR,2,4798,PC17F8052,052,PTE V
5160,2021-08-19 11:20:57,2354754,CAR,2,4998,PCD9C5406,406,PTP V
5161,2021-07-30 03:06:39,6176700,TRUCK,4,4030,PCA8A9AA8,AA8,PTE V
5162,2021-08-14 03:42:08,8866816,CAR,2,4579,PC926F0A9,0A9,PTE V
5163,2021-08-13 00:50:42,2316094,CAR,2,4242,PCECC4DE2,DE2,PTE V
5164,2021-08-03 16:56:26,2104755,CAR,2,4970,PCA154C84,C84,PTC V
5165,2021-07-29 22:42:32,4109496,CAR,2,4575,PC84D9FC1,FC1,PTC V
5166,2021-08-03 10:14:21,6207981,CAR,2,4434,PCA491459,459,PTE V
5167,2021-08-19 09:26:17,8825210,TRUCK,4,4419,PC99BB7A3,7A3,PTE V
5168,2021-08-10 19:04:59,8066838,TRUCK,4,4016,PCCD7399B,99B,PTP V
5169,2021-07-31 06:32:48,4318020,CAR,2,4914,PC2F353E1,3E1,PTP V
5170,2021-08-16 18:03:10,2637864,CAR,2,4072,PC69F3F14,F14,PTE V
5171,2021-08-02 18:30:20,1981467,TRUCK,4,4448,PC19F3DBB,DBB,PTC V
5172,2021-08-01 10:57:13,2645141,CAR,2,4640,PCC993FB3,FB3,PTP V
5173,2021-07-30 20:49:02,9344277,CAR,2,4356,PCF1979AE,9AE,PTE V
5174,2021-08-19 17:20:39,4746178,VAN,2,5000,PCFE7F7FE,7FE,PTP V
5175,2021-08-13 04:14:32,9512747,CAR,2,4949,PC86E9EB7,EB7,PTP V
5176,2021-08-10 18:39:54,4281587,CAR,2,4590,PC912F5CB,5CB,PTE V
5177,2021-08-01 21:28:02,2324204,CAR,2,4704,PC47FBB07,B07,PTC V
5178,2021-08-14 07:43:13,6477861,CAR,2,4998,PCD9C5406,406,PTC V
5179,2021-08-22 06:45:40,4605565,TRUCK,4,4081,PCC825DB2,DB2,PTE V
5180,2021-08-08 06:38:33,5237552,TRUCK,4,4451,PCF95BF53,F53,PTE V
5181,2021-07-30 23:04:34,9008954,CAR,2,4782,PC6802C08,C08,PTP V
5182,2021-08-18 00:36:59,4293766,VAN,2,4854,PCB6F1968,968,PTC V
5183,2021-08-13 10:29:43,937159,TRUCK,4,4724,PC3DE08BF,8BF,PTC V
5184,2021-08-07 01:00:28,540538,CAR,2,4815,PC19C02F1,2F1,PTC V
5185,2021-08-14 19:54:34,2556962,TRUCK,4,4903,PCC3BCE65,E65,PTE V
5186,2021-08-09 14:24:29,8829621,CAR,2,4774,PCEBE834B,34B,PTE V
5187,2021-08-21 06:23:17,1346726,CAR,2,4742,PC05B8749,749,PTC V
5188,2021-08-12 23:54:11,8916430,CAR,2,4264,PC9DFEBB0,BB0,PTC V
5189,2021-08-04 23:40:57,4960176,CAR,2,4693,PCB4CDDA5,DA5,PTE V
5190,2021-08-08 22:03:28,9968900,CAR,2,4391,PCCFD9AB6,AB6,PTE V
5191,2021-08-07 12:02:14,1633019,CAR,2,4787,PC1BDA119,119,PTC V
5192,2021-08-22 11:30:40,5818590,CAR,2,4339,PCDE1D204,204,PTP V
5193,2021-08-01 04:43:14,9706758,CAR,2,4622,PCF31BD97,D97,PTE V
5194,2021-08-10 17:31:06,146709,CAR,2,4941,PCA6403C1,3C1,PTE V
5195,2021-08-12 21:31:17,3359335,TRUCK,4,4118,PCC1A733C,33C,PTP V
5196,2021-08-05 09:09:36,9189718,CAR,2,4433,PC1DEB043,043,PTC V
5197,2021-08-13 11:26:05,6974042,CAR,2,4244,PC9F3C86B,86B,PTE V
5198,2021-08-06 11:47:52,301256,VAN,2,4557,PC6C80A46,A46,PTP V
5199,2021-08-08 21:20:18,1052573,CAR,2,4921,PCA70760B,60B,PTE V
5200,2021-08-13 19:38:43,4959029,VAN,2,4609,PC1551C8E,C8E,PTP V
5201,2021-07-30 09:59:28,5063075,CAR,2,4419,PC99BB7A3,7A3,PTC V
5202,2021-08-02 08:57:04,6593531,CAR,2,4330,PCBD023A3,3A3,PTP V
5203,2021-08-20 16:51:42,1147885,VAN,2,4933,PC419F41D,41D,PTC V
5204,2021-08-03 08:31:50,2124867,CAR,2,4948,PCBA2D075,075,PTP V
5205,2021-07-31 17:14:45,8549220,CAR,2,4628,PC34C1DCB,DCB,PTE V
5206,2021-08-21 20:23:17,3247682,CAR,2,4450,PC0B2B03E,03E,PTE V
5207,2021-08-02 22:14:45,6499331,VAN,2,4228,PC4F78F1B,F1B,PTE V
5208,2021-08-04 11:43:32,2827443,CAR,2,4701,PCD5F2808,808,PTE V
5209,2021-08-21 13:44:26,3266872,CAR,2,4765,PC795A0A3,0A3,PTE V
5210,2021-08-11 03:09:54,1279754,VAN,2,4800,PCA4DF48A,48A,PTC V
5211,2021-08-13 02:01:26,5958545,CAR,2,4119,PC9EBEDB5,DB5,PTP V
5212,2021-08-08 09:26:58,7964151,CAR,2,4955,PCE36723C,23C,PTE V
5213,2021-08-09 15:05:32,8046997,CAR,2,4172,PC1A43FB7,FB7,PTP V
5214,2021-08-06 14:26:42,2821451,CAR,2,4145,PC5FBE4B8,4B8,PTP V
5215,2021-08-02 20:00:29,6055426,CAR,2,5010,PC028872C,72C,PTC V
5216,2021-07-29 18:12:16,1852286,TRUCK,4,4999,PCE976BA1,BA1,PTP V
5217,2021-08-08 20:22:03,1778660,TRUCK,4,4170,PC8CA1B15,B15,PTC V
5218,2021-08-19 13:21:34,8468539,TRUCK,4,4024,PC91E3A87,A87,PTP V
5219,2021-08-21 09:16:39,2488795,CAR,2,4696,PC35509AB,9AB,PTC V
5220,2021-08-13 05:27:27,1270847,VAN,2,4921,PCA70760B,60B,PTE V
5221,2021-08-01 17:30:39,1303833,CAR,2,4727,PC52E71B8,1B8,PTP V
5222,2021-08-11 00:39:22,424246,CAR,2,4832,PC34ECAB5,AB5,PTP V
5223,2021-08-01 14:09:59,3249067,TRUCK,4,4685,PC5D33C18,C18,PTP V
5224,2021-08-19 23:01:18,9723309,CAR,2,4090,PC1EE951B,51B,PTE V
5225,2021-08-10 08:35:49,8568968,TRUCK,4,4053,PC5F1CD83,D83,PTC V
5226,2021-08-02 11:18:11,9420145,CAR,2,4276,PC4E15B39,B39,PTP V
5227,2021-08-06 20:12:03,624805,CAR,2,4724,PC3DE08BF,8BF,PTP V
5228,2021-08-01 19:41:43,7955497,CAR,2,4603,PC485BE5B,E5B,PTC V
5229,2021-08-15 06:29:24,2986822,VAN,2,4656,PC63844BC,4BC,PTE V
5230,2021-08-05 04:31:01,3156350,CAR,2,4443,PCC139BD8,BD8,PTC V
5231,2021-08-20 11:25:20,4449444,TRUCK,4,4369,PCD5CBB82,B82,PTC V
5232,2021-08-14 03:20:26,5162077,TRUCK,4,4639,PC879E7AB,7AB,PTC V
5233,2021-07-29 18:37:09,9139068,CAR,2,4628,PC34C1DCB,DCB,PTC V
5234,2021-07-29 17:50:10,7931001,CAR,2,4502,PCB2CC82C,82C,PTE V
5235,2021-08-13 13:12:48,3060021,CAR,2,4424,PC51E7EF8,EF8,PTC V
5236,2021-08-16 07:06:58,4036497,CAR,2,4380,PC905B5D4,5D4,PTP V
5237,2021-08-18 12:08:09,4312097,TRUCK,4,4991,PC5B5C16D,16D,PTE V
5238,2021-08-09 12:21:33,9935356,CAR,2,4771,PC71FE98A,98A,PTC V
5239,2021-08-10 17:41:27,7747127,CAR,2,4910,PC75BC2DF,2DF,PTP V
5240,2021-08-15 05:37:25,6675746,VAN,2,4510,PC652EEF2,EF2,PTC V
5241,2021-08-22 07:25:27,5892251,CAR,2,4242,PCECC4DE2,DE2,PTE V
5242,2021-08-18 04:12:24,8318158,CAR,2,4696,PC35509AB,9AB,PTC V
5243,2021-08-04 22:11:43,7944463,CAR,2,4149,PC99F9ABD,ABD,PTC V
5244,2021-08-05 09:38:34,7046941,TRUCK,4,4833,PC71A1452,452,PTC V
5245,2021-08-04 06:28:02,8110643,CAR,2,4677,PCA9D6EEE,EEE,PTP V
5246,2021-08-10 15:15:46,4501645,CAR,2,4768,PC7BEFC3B,C3B,PTP V
5247,2021-08-14 10:07:23,1237880,CAR,2,4663,PCA7178EC,8EC,PTP V
5248,2021-07-30 04:40:16,3970600,CAR,2,4704,PC47FBB07,B07,PTE V
5249,2021-08-01 00:47:27,5178273,CAR,2,4215,PC4C76F48,F48,PTC V
5250,2021-08-22 13:20:54,7940221,TRUCK,4,4990,PCFE28E92,E92,PTC V
5251,2021-08-13 20:36:47,6969663,TRUCK,4,4184,PC43A5E42,E42,PTC V
5252,2021-08-14 18:19:35,4871406,VAN,2,4692,PC1CDFCF6,CF6,PTE V
5253,2021-08-04 15:39:59,3646964,CAR,2,4367,PC8D90EF0,EF0,PTP V
5254,2021-08-05 06:16:30,6336032,TRUCK,4,4117,PCEB6517A,17A,PTC V
5255,2021-07-31 04:08:35,8805092,CAR,2,4054,PC7E79FA0,FA0,PTE V
5256,2021-08-17 08:46:35,4335142,CAR,2,4879,PCC90A061,061,PTP V
5257,2021-07-31 07:41:17,3197452,CAR,2,4513,PC52F533C,33C,PTC V
5258,2021-08-13 14:39:17,7289454,CAR,2,4652,PC74A3585,585,PTE V
5259,2021-08-02 01:03:42,9492377,CAR,2,4473,PC51FDD60,D60,PTE V
5260,2021-08-08 08:35:19,1091669,CAR,2,4451,PCF95BF53,F53,PTP V
5261,2021-08-07 05:08:08,6205495,CAR,2,4247,PCEE69498,498,PTC V
5262,2021-08-05 16:54:54,3811784,CAR,2,4480,PC9A343F9,3F9,PTC V
5263,2021-08-04 16:58:34,3790647,CAR,2,4783,PC9889263,263,PTP V
5264,2021-08-10 19:45:55,8224961,TRUCK,4,4496,PC3FD65C8,5C8,PTP V
5265,2021-08-03 00:19:47,8295250,CAR,2,4160,PC6DC0ACF,ACF,PTC V
5266,2021-08-19 22:25:28,5069961,CAR,2,4680,PCC422F4D,F4D,PTE V
5267,2021-08-12 15:35:52,9193995,TRUCK,4,4731,PCFFC2992,992,PTE V
5268,2021-08-13 19:15:20,8458593,CAR,2,4525,PCF64B519,519,PTE V
5269,2021-07-30 06:56:03,4820830,TRUCK,4,4144,PCAC7E4C1,4C1,PTP V
5270,2021-07-30 17:28:48,8907404,CAR,2,4918,PC8F8E598,598,PTC V
5271,2021-08-16 14:13:04,9699900,VAN,2,4671,PCCAAFB48,B48,PTP V
5272,2021-08-15 21:45:27,5382149,CAR,2,4601,PCC932802,802,PTE V
5273,2021-08-02 11:22:10,5555474,CAR,2,4283,PC953B572,572,PTC V
5274,2021-08-07 22:54:05,5260250,VAN,2,4843,PC400DFFE,FFE,PTE V
5275,2021-08-11 22:44:33,134116,CAR,2,4231,PC016D687,687,PTP V
5276,2021-08-08 22:08:05,6381831,CAR,2,4198,PCB0994D1,4D1,PTC V
5277,2021-08-08 14:02:28,5314863,TRUCK,4,4378,PC074E6A8,6A8,PTP V
5278,2021-08-10 21:30:40,1337867,CAR,2,4322,PC262D624,624,PTE V
5279,2021-08-05 02:14:56,4455367,CAR,2,4062,PCDA37101,101,PTE V
5280,2021-08-19 16:44:58,2274715,CAR,2,4359,PCB27CFF1,FF1,PTC V
5281,2021-08-02 23:15:17,392152,CAR,2,4124,PC3338D42,D42,PTE V
5282,2021-07-30 15:50:37,1707828,CAR,2,4071,PCDBBCB68,B68,PTP V
5283,2021-08-03 05:28:21,3547842,CAR,2,4640,PCC993FB3,FB3,PTE V
5284,2021-08-18 00:33:25,4839267,VAN,2,4489,PCEFF6088,088,PTC V
5285,2021-08-09 22:57:00,7313231,CAR,2,4262,PCCB12F8C,F8C,PTC V
5286,2021-08-04 21:28:26,9180727,CAR,2,4333,PCCCAD2AC,2AC,PTP V
5287,2021-08-10 04:17:57,9186689,CAR,2,4355,PC0EF761B,61B,PTE V
5288,2021-08-20 15:52:00,5700151,CAR,2,4188,PCDB12C82,C82,PTP V
5289,2021-08-11 04:22:19,8593632,VAN,2,4984,PCBABF130,130,PTE V
5290,2021-08-21 04:01:51,8895138,CAR,2,4054,PC7E79FA0,FA0,PTP V
5291,2021-08-06 08:33:25,2031598,CAR,2,4064,PC0B32B5B,B5B,PTP V
5292,2021-08-20 21:04:54,4523860,CAR,2,4937,PCD30D908,908,PTE V
5293,2021-08-11 21:00:20,764501,CAR,2,4364,PCB33ACE8,CE8,PTP V
5294,2021-08-05 11:24:17,3763202,VAN,2,4928,PC16E79D4,9D4,PTE V
5295,2021-08-17 19:41:04,7347087,CAR,2,4105,PC43919D1,9D1,PTC V
5296,2021-08-14 16:06:07,7512115,CAR,2,4329,PCF9CCB5A,B5A,PTC V
5297,2021-08-19 03:48:12,8799707,CAR,2,4709,PCC8C7059,059,PTC V
5298,2021-08-04 09:48:13,703619,VAN,2,4556,PC18C31F6,1F6,PTC V
5299,2021-08-18 20:46:33,7877080,CAR,2,4127,PCA2D76A5,6A5,PTP V
5300,2021-08-17 06:44:31,8323022,CAR,2,4605,PCEB27C63,C63,PTE V
5301,2021-08-15 05:15:49,3270542,CAR,2,4216,PC53B475D,75D,PTE V
5302,2021-08-10 05:45:22,977603,VAN,2,4379,PC87C8BC4,BC4,PTP V
5303,2021-08-19 12:03:23,3518064,CAR,2,4881,PCDE20E6F,E6F,PTC V
5304,2021-08-09 09:32:02,1767926,CAR,2,4954,PCA276EBB,EBB,PTP V
5305,2021-08-17 18:09:36,9258951,CAR,2,4585,PCF3AE602,602,PTE V
5306,2021-08-18 18:17:51,1358745,CAR,2,4339,PCDE1D204,204,PTC V
5307,2021-08-14 20:32:06,5920039,CAR,2,4621,PC9FB4E82,E82,PTC V
5308,2021-08-07 04:59:08,3858005,CAR,2,4444,PC4D84BFC,BFC,PTE V
5309,2021-08-06 04:30:00,5155124,CAR,2,4053,PC5F1CD83,D83,PTC V
5310,2021-08-02 21:25:20,2906667,CAR,2,4937,PCD30D908,908,PTP V
5311,2021-08-21 00:20:43,2197892,CAR,2,4626,PC93E7766,766,PTC V
5312,2021-08-16 06:22:34,6105245,CAR,2,4247,PCEE69498,498,PTE V
5313,2021-07-29 20:16:54,8201342,CAR,2,4926,PCCBCFEDE,EDE,PTP V
5314,2021-08-21 12:31:54,3994166,CAR,2,4099,PC97F19B1,9B1,PTE V
5315,2021-08-17 16:58:14,6961908,CAR,2,4101,PCCC8F243,243,PTC V
5316,2021-08-17 01:29:30,5083000,TRUCK,4,4854,PCB6F1968,968,PTC V
5317,2021-08-02 14:22:34,1287613,TRUCK,4,4042,PC5D4DE09,E09,PTP V
5318,2021-08-04 21:42:58,8724744,TRUCK,4,4242,PCECC4DE2,DE2,PTE V
5319,2021-08-13 22:30:55,536140,TRUCK,4,4122,PC8ED616E,16E,PTE V
5320,2021-08-11 19:22:21,3568830,CAR,2,4624,PCDF73A3C,A3C,PTC V
5321,2021-08-21 16:27:36,2343254,CAR,2,4075,PC2125618,618,PTP V
5322,2021-08-06 22:43:06,9689051,CAR,2,4218,PC8DF4919,919,PTP V
5323,2021-08-02 04:41:34,8146085,CAR,2,4828,PCF712D1A,D1A,PTE V
5324,2021-08-05 13:03:13,5444400,CAR,2,4456,PC8DFF744,744,PTC V
5325,2021-08-10 10:53:47,5221097,TRUCK,4,4508,PC385C6E7,6E7,PTP V
5326,2021-08-11 13:10:33,4920784,CAR,2,4729,PC5170BF4,BF4,PTE V
5327,2021-08-08 21:22:41,8938039,CAR,2,4148,PCDFBBEBB,EBB,PTP V
5328,2021-08-05 06:24:29,4633228,CAR,2,4877,PC155D90A,90A,PTE V
5329,2021-08-12 21:35:56,5173034,TRUCK,4,4053,PC5F1CD83,D83,PTC V
5330,2021-07-31 00:24:28,6470540,CAR,2,4271,PC28E44E2,4E2,PTE V
5331,2021-08-11 00:12:58,1448972,VAN,2,4415,PC5E202FC,2FC,PTC V
5332,2021-08-11 11:48:09,3774811,TRUCK,4,4217,PC6E8D0F9,0F9,PTE V
5333,2021-08-09 20:39:58,1570000,TRUCK,4,4420,PCFDB2950,950,PTC V
5334,2021-08-03 13:28:34,7324264,CAR,2,4978,PCF0B5E85,E85,PTE V
5335,2021-08-19 17:01:21,569060,TRUCK,4,4964,PC52C0F45,F45,PTE V
5336,2021-08-10 19:30:17,8211477,CAR,2,4497,PC76FDDEA,DEA,PTE V
5337,2021-08-03 07:17:08,8516497,CAR,2,4002,PCED7D2DE,2DE,PTC V
5338,2021-08-14 06:01:04,2704108,TRUCK,4,4039,PC73BE1E2,1E2,PTE V
5339,2021-08-01 10:13:20,6951824,CAR,2,4518,PCC7B407A,07A,PTE V
5340,2021-08-15 05:41:38,3573269,CAR,2,4151,PC0AB2B55,B55,PTP V
5341,2021-08-16 23:25:32,3291791,CAR,2,4450,PC0B2B03E,03E,PTC V
5342,2021-08-13 10:27:01,6845343,TRUCK,4,4273,PC0EF5BA6,BA6,PTC V
5343,2021-08-17 09:23:55,8177852,CAR,2,4777,PCB1132AC,2AC,PTP V
5344,2021-08-03 21:38:41,5318422,TRUCK,4,4269,PCC7106FF,6FF,PTP V
5345,2021-08-03 07:08:38,2928113,CAR,2,4772,PC7368097,097,PTE V
5346,2021-08-17 21:14:39,82256,CAR,2,4092,PC40C2E00,E00,PTE V
5347,2021-08-01 13:34:39,7285141,CAR,2,4283,PC953B572,572,PTP V
5348,2021-08-05 08:19:59,9988364,CAR,2,4711,PC340B4DE,4DE,PTP V
5349,2021-08-18 17:20:03,4855435,VAN,2,4776,PC6906524,524,PTP V
5350,2021-08-19 15:38:03,5995963,CAR,2,4835,PC4645718,718,PTE V
5351,2021-08-13 03:51:24,2129205,CAR,2,4952,PC64CF233,233,PTE V
5352,2021-07-30 18:33:03,997529,CAR,2,4065,PC3B514E2,4E2,PTC V
5353,2021-08-07 05:43:53,108387,VAN,2,4324,PC9C3D708,708,PTP V
5354,2021-08-10 15:26:59,7021072,CAR,2,4960,PC6A1BCA4,CA4,PTP V
5355,2021-08-10 10:48:37,2550288,CAR,2,4422,PCF514246,246,PTP V
5356,2021-08-17 19:56:59,7340345,CAR,2,4409,PC44E2F09,F09,PTE V
5357,2021-08-09 02:32:35,1374895,VAN,2,4960,PC6A1BCA4,CA4,PTE V
5358,2021-08-08 08:17:58,2715580,VAN,2,4920,PC42A3AB0,AB0,PTP V
5359,2021-08-01 20:51:28,6056522,CAR,2,4039,PC73BE1E2,1E2,PTE V
5360,2021-08-01 15:01:07,6954728,CAR,2,4788,PC00AE965,965,PTE V
5361,2021-07-30 03:28:26,6784265,VAN,2,4687,PC52E7369,369,PTC V
5362,2021-08-07 07:15:33,4518878,CAR,2,4195,PC308070B,70B,PTC V
5363,2021-08-02 02:07:07,7984951,CAR,2,4311,PC7F02ED3,ED3,PTC V
5364,2021-08-21 08:35:14,5972746,VAN,2,4990,PCFE28E92,E92,PTE V
5365,2021-08-11 07:28:21,4697289,CAR,2,4476,PC439FA2D,A2D,PTE V
5366,2021-08-19 23:15:12,5951386,CAR,2,4917,PCD8C66B1,6B1,PTE V
5367,2021-08-12 03:57:53,2001101,CAR,2,4255,PCB7E7138,138,PTP V
5368,2021-07-31 02:49:27,6347367,CAR,2,4579,PC926F0A9,0A9,PTC V
5369,2021-08-22 13:30:06,7777270,CAR,2,4423,PCF9F4940,940,PTC V
5370,2021-08-08 00:03:54,7722064,CAR,2,4844,PCC48E3A8,3A8,PTE V
5371,2021-08-01 18:29:25,482747,TRUCK,4,4834,PCB228987,987,PTC V
5372,2021-08-18 03:29:31,6746302,CAR,2,4474,PCFEAE55E,55E,PTC V
5373,2021-08-12 21:39:54,50872,CAR,2,4957,PC8DFFE65,E65,PTC V
5374,2021-08-21 02:38:34,1419013,TRUCK,4,4664,PC52D063A,63A,PTE V
5375,2021-08-12 14:47:30,9912911,CAR,2,4053,PC5F1CD83,D83,PTE V
5376,2021-08-01 13:52:03,9823816,CAR,2,4372,PC1E0F3B6,3B6,PTE V
5377,2021-08-20 14:20:19,6995512,CAR,2,4298,PC3E474F6,4F6,PTE V
5378,2021-08-21 12:39:45,3857104,CAR,2,4408,PC3B3BE8F,E8F,PTP V
5379,2021-08-11 23:22:13,5857374,VAN,2,4054,PC7E79FA0,FA0,PTP V
5380,2021-08-07 13:38:21,9947026,TRUCK,4,4564,PC29D136F,36F,PTP V
5381,2021-08-22 05:55:23,4151756,TRUCK,4,4805,PC1A161AA,1AA,PTC V
5382,2021-08-15 02:24:43,2461559,TRUCK,4,4151,PC0AB2B55,B55,PTC V
5383,2021-08-12 06:30:58,6362631,VAN,2,4060,PC481C9F9,9F9,PTP V
5384,2021-08-08 21:50:30,112930,CAR,2,4456,PC8DFF744,744,PTC V
5385,2021-08-09 02:41:19,7610174,CAR,2,4459,PCD9CAD56,D56,PTC V
5386,2021-08-10 19:06:25,8915157,CAR,2,4809,PCAD363FC,3FC,PTC V
5387,2021-08-12 03:51:07,103876,CAR,2,4117,PCEB6517A,17A,PTC V
5388,2021-08-11 22:52:08,7641676,TRUCK,4,4060,PC481C9F9,9F9,PTC V
5389,2021-08-21 06:47:15,9574193,VAN,2,4650,PC544AE70,E70,PTP V
5390,2021-08-01 10:16:31,4625092,CAR,2,4127,PCA2D76A5,6A5,PTP V
5391,2021-08-20 04:20:47,6629260,CAR,2,4812,PC22D9C6D,C6D,PTE V
5392,2021-08-11 14:42:36,2237347,TRUCK,4,4941,PCA6403C1,3C1,PTE V
5393,2021-07-31 20:48:41,1862322,TRUCK,4,4784,PCDB42B34,B34,PTC V
5394,2021-08-18 11:16:15,9968624,CAR,2,4906,PC3D58C5E,C5E,PTC V
5395,2021-08-16 12:17:30,9538946,VAN,2,4354,PC0671DD4,DD4,PTE V
5396,2021-08-21 23:22:32,7288239,CAR,2,4744,PC78EF0B5,0B5,PTP V
5397,2021-08-22 18:02:28,2041550,CAR,2,4617,PC7758F89,F89,PTE V
5398,2021-08-19 13:51:27,581557,TRUCK,4,4852,PC68969FB,9FB,PTC V
5399,2021-08-07 12:51:08,9501632,TRUCK,4,4140,PC5D4821F,21F,PTE V
5400,2021-08-04 07:44:20,5432057,CAR,2,4079,PCF1366ED,6ED,PTC V
5401,2021-08-18 06:27:21,3546562,TRUCK,4,4239,PCA185B1A,B1A,PTP V
5402,2021-08-16 13:30:38,2147157,CAR,2,4202,PC65AA714,714,PTE V
5403,2021-07-29 22:10:31,8355099,TRUCK,4,4479,PCCA36E4D,E4D,PTC V
5404,2021-08-04 09:28:13,2707940,CAR,2,5001,PC264C595,595,PTE V
5405,2021-08-17 14:46:17,4743133,TRUCK,4,4911,PCBEF8EE1,EE1,PTE V
5406,2021-08-03 11:47:10,3137393,CAR,2,4004,PCB278A8B,A8B,PTE V
5407,2021-08-11 14:21:31,5545497,TRUCK,4,4898,PC0AE9E1B,E1B,PTP V
5408,2021-08-05 05:37:21,6927601,VAN,2,4872,PC5B45CE7,CE7,PTC V
5409,2021-08-15 06:06:20,3996259,VAN,2,4741,PC85A4D4B,D4B,PTP V
5410,2021-08-05 01:53:27,2396233,CAR,2,4744,PC78EF0B5,0B5,PTC V
5411,2021-08-14 12:01:13,2716365,CAR,2,4003,PC83F544D,44D,PTP V
5412,2021-08-12 21:41:28,92132,CAR,2,4598,PC5526A36,A36,PTP V
5413,2021-08-09 12:29:31,8648554,TRUCK,4,4774,PCEBE834B,34B,PTE V
5414,2021-08-03 09:34:28,2482590,VAN,2,4179,PC5738A82,A82,PTC V
5415,2021-07-31 02:55:59,1938092,CAR,2,4093,PC951FE7E,E7E,PTC V
5416,2021-08-02 19:25:22,6030952,CAR,2,4872,PC5B45CE7,CE7,PTC V
5417,2021-08-13 14:22:40,6034700,TRUCK,4,4804,PC68484C6,4C6,PTE V
5418,2021-08-18 17:29:43,9034648,CAR,2,4233,PC57279D0,9D0,PTE V
5419,2021-08-06 00:02:08,6124034,CAR,2,4753,PC6AA246E,46E,PTP V
5420,2021-08-07 08:31:43,2830217,CAR,2,4861,PC670F1AC,1AC,PTE V
5421,2021-08-14 05:36:35,4844188,TRUCK,4,4860,PCF4A2DA9,DA9,PTE V
5422,2021-08-06 21:35:08,3949258,VAN,2,4400,PC3BD7D63,D63,PTC V
5423,2021-08-13 10:26:08,1436888,CAR,2,4205,PC85DD257,257,PTP V
5424,2021-08-17 13:56:18,3443044,TRUCK,4,4079,PCF1366ED,6ED,PTC V
5425,2021-07-31 03:07:51,1329351,TRUCK,4,4995,PCBE6ABE5,BE5,PTP V
5426,2021-07-30 09:20:11,1378797,CAR,2,4433,PC1DEB043,043,PTE V
5427,2021-08-17 01:32:22,2430585,CAR,2,4611,PC2EBEAB9,AB9,PTP V
5428,2021-08-12 12:24:35,5694484,CAR,2,4612,PC871C1FC,1FC,PTP V
5429,2021-08-03 14:49:00,314361,CAR,2,4825,PC8B8C482,482,PTE V
5430,2021-08-20 22:51:52,9852761,CAR,2,4688,PCCB4C86D,86D,PTC V
5431,2021-08-13 17:03:50,1341996,CAR,2,4928,PC16E79D4,9D4,PTE V
5432,2021-08-12 10:06:10,8029750,TRUCK,4,4711,PC340B4DE,4DE,PTC V
5433,2021-08-15 01:59:26,3069557,TRUCK,4,4275,PC1DA31F7,1F7,PTE V
5434,2021-08-09 22:36:20,8134289,CAR,2,4452,PC8C7C5D7,5D7,PTP V
5435,2021-08-08 15:07:41,564173,CAR,2,4868,PC647292C,92C,PTE V
5436,2021-07-31 21:00:44,2880414,CAR,2,4949,PC86E9EB7,EB7,PTP V
5437,2021-08-11 22:00:18,7747516,CAR,2,4225,PCC1ED0C5,0C5,PTP V
5438,2021-08-16 19:12:12,2316914,CAR,2,4780,PC0A717C4,7C4,PTE V
5439,2021-08-22 13:42:21,4799490,CAR,2,4788,PC00AE965,965,PTP V
5440,2021-08-04 03:48:41,3137041,VAN,2,4047,PC6D105CF,5CF,PTE V
5441,2021-08-01 06:02:35,6340965,CAR,2,4121,PCEC57A8E,A8E,PTP V
5442,2021-07-30 14:24:41,8577160,TRUCK,4,4703,PC395ADCB,DCB,PTP V
5443,2021-07-29 16:54:52,8725412,CAR,2,4124,PC3338D42,D42,PTE V
5444,2021-08-05 01:35:29,2404535,VAN,2,4613,PCEBBFFB5,FB5,PTE V
5445,2021-08-14 05:01:47,4786021,VAN,2,4537,PC10C700F,00F,PTP V
5446,2021-08-01 05:50:31,7148781,VAN,2,4908,PC3D16FC5,FC5,PTC V
5447,2021-08-15 12:14:37,5909986,CAR,2,4993,PC0F0AB4E,B4E,PTE V
5448,2021-08-02 12:47:37,754813,TRUCK,4,4024,PC91E3A87,A87,PTP V
5449,2021-07-29 15:08:48,1218454,CAR,2,4062,PCDA37101,101,PTP V
5450,2021-07-30 01:57:24,1459177,VAN,2,4497,PC76FDDEA,DEA,PTP V
5451,2021-07-29 23:25:13,3311920,CAR,2,4722,PC035B71E,71E,PTE V
5452,2021-08-21 07:10:17,2108901,CAR,2,4245,PC6594AD4,AD4,PTE V
5453,2021-08-01 06:07:49,6927332,VAN,2,4713,PCD4A1214,214,PTC V
5454,2021-08-02 00:21:00,8728026,VAN,2,4894,PCDADB8C6,8C6,PTC V
5455,2021-08-08 00:37:13,5731034,CAR,2,4013,PCE5BA2CE,2CE,PTE V
5456,2021-08-06 17:50:10,9444706,CAR,2,4588,PC3172195,195,PTE V
5457,2021-08-08 04:44:35,4433393,VAN,2,4769,PC10C50DC,0DC,PTC V
5458,2021-08-17 20:21:10,1488490,TRUCK,4,4309,PC5E92F61,F61,PTC V
5459,2021-08-08 01:33:12,6931818,CAR,2,4711,PC340B4DE,4DE,PTP V
5460,2021-08-05 17:27:19,2613646,CAR,2,4469,PC120EEFD,EFD,PTE V
5461,2021-08-06 14:22:21,4569893,VAN,2,4219,PC40E6113,113,PTP V
5462,2021-07-31 19:02:10,2798614,TRUCK,4,4606,PC0C535B6,5B6,PTE V
5463,2021-08-05 07:26:09,4266679,CAR,2,4044,PC3546931,931,PTP V
5464,2021-08-02 01:22:13,9464981,CAR,2,4650,PC544AE70,E70,PTP V
5465,2021-07-30 23:15:58,3548648,CAR,2,4659,PC5549650,650,PTP V
5466,2021-08-06 06:49:14,883884,TRUCK,4,4885,PC5083F35,F35,PTC V
5467,2021-08-18 06:12:59,5930271,CAR,2,4268,PC6CC51DA,1DA,PTP V
5468,2021-08-08 18:52:01,9189382,CAR,2,4181,PC4457F74,F74,PTP V
5469,2021-08-22 04:44:32,8479319,TRUCK,4,4184,PC43A5E42,E42,PTE V
5470,2021-08-07 02:11:08,6290477,CAR,2,4558,PC575F591,591,PTP V
5471,2021-08-03 20:24:45,7794110,TRUCK,4,4946,PCCF18BAF,BAF,PTP V
5472,2021-08-09 14:34:37,2564064,VAN,2,4534,PCAD9E1F9,1F9,PTC V
5473,2021-08-19 01:32:21,2754498,CAR,2,4694,PCBCF42C2,2C2,PTP V
5474,2021-08-04 19:18:54,1463193,CAR,2,4510,PC652EEF2,EF2,PTE V
5475,2021-08-12 17:24:22,800701,CAR,2,4352,PC99B9343,343,PTC V
5476,2021-08-14 04:35:56,3901372,CAR,2,4309,PC5E92F61,F61,PTC V
5477,2021-07-31 07:30:56,9145876,TRUCK,4,4134,PC767BBB2,BB2,PTP V
5478,2021-08-06 15:53:25,2842464,CAR,2,4972,PCC51AD39,D39,PTC V
5479,2021-08-22 17:37:43,6029248,TRUCK,4,4063,PC7667A3E,A3E,PTP V
5480,2021-08-22 14:57:24,367717,CAR,2,4433,PC1DEB043,043,PTE V
5481,2021-08-18 03:56:58,9286413,CAR,2,4575,PC84D9FC1,FC1,PTE V
5482,2021-08-10 08:38:49,1530901,TRUCK,4,4863,PCA8F9E50,E50,PTP V
5483,2021-08-12 04:50:40,4057068,CAR,2,4614,PC08910B7,0B7,PTE V
5484,2021-08-18 05:14:00,8813130,VAN,2,4261,PC84FFC9D,C9D,PTE V
5485,2021-07-30 06:36:42,9397110,CAR,2,4992,PCFF0FEB0,EB0,PTP V
5486,2021-08-15 14:27:35,7578064,CAR,2,4970,PCA154C84,C84,PTP V
5487,2021-08-17 21:57:24,6090539,CAR,2,4711,PC340B4DE,4DE,PTC V
5488,2021-07-30 04:12:24,6682066,CAR,2,4124,PC3338D42,D42,PTE V
5489,2021-08-09 22:25:22,5155420,CAR,2,4006,PCD8D05D7,5D7,PTC V
5490,2021-08-10 22:11:57,9223395,TRUCK,4,4836,PCE78024A,24A,PTP V
5491,2021-08-15 02:53:37,3554289,CAR,2,4472,PC303DD56,D56,PTP V
5492,2021-08-10 17:24:47,8349916,CAR,2,4677,PCA9D6EEE,EEE,PTE V
5493,2021-08-08 22:20:21,1716819,CAR,2,4101,PCCC8F243,243,PTP V
5494,2021-08-20 12:43:15,4556900,TRUCK,4,4587,PC576A3BA,3BA,PTP V
5495,2021-08-04 13:02:27,9179669,CAR,2,4255,PCB7E7138,138,PTP V
5496,2021-08-11 16:53:50,8544393,VAN,2,4959,PC4A7B00C,00C,PTP V
5497,2021-08-03 19:50:44,9292581,TRUCK,4,4253,PC82A16E6,6E6,PTE V
5498,2021-08-21 17:44:45,6777833,CAR,2,4933,PC419F41D,41D,PTC V
5499,2021-08-01 12:34:54,8044469,TRUCK,4,4292,PCF733A7C,A7C,PTP V
5500,2021-08-20 22:04:08,2867600,CAR,2,4939,PCF263A5E,A5E,PTP V
5501,2021-08-06 20:48:58,7573227,CAR,2,4314,PC7E9E8F3,8F3,PTP V
5502,2021-08-11 12:20:17,1432731,CAR,2,4964,PC52C0F45,F45,PTP V
5503,2021-08-10 08:58:50,5114304,TRUCK,4,4442,PC05C2F86,F86,PTP V
5504,2021-08-20 06:49:34,1306322,CAR,2,4460,PCDF04952,952,PTP V
5505,2021-08-01 10:48:38,1619643,CAR,2,4810,PC2CA4087,087,PTE V
5506,2021-08-02 23:53:15,2469644,VAN,2,4094,PC53A52CB,2CB,PTE V
5507,2021-08-16 17:52:44,8324430,CAR,2,4228,PC4F78F1B,F1B,PTC V
5508,2021-08-10 14:38:23,3400959,CAR,2,4382,PCB7341F4,1F4,PTC V
5509,2021-08-02 11:57:03,7677733,CAR,2,4989,PC7D7AE48,E48,PTP V
5510,2021-08-15 05:23:21,5709788,CAR,2,4657,PCC591410,410,PTP V
5511,2021-08-16 10:29:42,9797598,TRUCK,4,4209,PC494D54E,54E,PTP V
5512,2021-08-08 03:48:06,1274218,CAR,2,4367,PC8D90EF0,EF0,PTC V
5513,2021-08-01 00:34:12,9201033,TRUCK,4,4189,PC7655FC1,FC1,PTC V
5514,2021-08-12 03:50:40,320290,CAR,2,4802,PCBDD55F1,5F1,PTE V
5515,2021-08-18 12:44:43,5795036,CAR,2,4608,PCACD1BEE,BEE,PTC V
5516,2021-08-05 09:10:20,7228866,CAR,2,4932,PC46C4A27,A27,PTE V
5517,2021-08-16 08:20:50,7167614,CAR,2,4074,PCCAFD014,014,PTE V
5518,2021-08-05 21:14:07,5787670,TRUCK,4,4657,PCC591410,410,PTE V
5519,2021-08-07 21:42:11,6412580,VAN,2,4922,PC785D63F,63F,PTC V
5520,2021-08-19 12:21:45,4966079,CAR,2,4057,PC4B0DCD2,CD2,PTE V
5521,2021-08-20 00:51:54,6908393,VAN,2,4512,PC4B1BAF3,AF3,PTE V
5522,2021-08-19 00:27:52,1250880,TRUCK,4,4302,PCBA83119,119,PTE V
5523,2021-08-12 14:19:16,4232878,CAR,2,4861,PC670F1AC,1AC,PTE V
5524,2021-07-31 00:12:56,7368404,TRUCK,4,4601,PCC932802,802,PTE V
5525,2021-08-22 10:22:05,5736734,TRUCK,4,4531,PC857F4A0,4A0,PTE V
5526,2021-08-01 22:41:32,842892,TRUCK,4,4774,PCEBE834B,34B,PTE V
5527,2021-07-31 03:38:49,1386373,CAR,2,4918,PC8F8E598,598,PTE V
5528,2021-07-30 06:28:02,5880025,CAR,2,4950,PC4F71E72,E72,PTE V
5529,2021-07-31 09:29:35,1484820,CAR,2,4641,PCAA9F518,518,PTP V
5530,2021-08-22 08:32:28,6608521,TRUCK,4,4726,PCF6540C0,0C0,PTP V
5531,2021-08-21 19:26:07,6657965,TRUCK,4,4501,PC5D41947,947,PTP V
5532,2021-08-17 04:13:04,4251686,TRUCK,4,4573,PC4D8469D,69D,PTC V
5533,2021-08-07 11:59:51,8108462,CAR,2,4747,PC5E524A1,4A1,PTP V
5534,2021-08-19 13:52:08,8723255,TRUCK,4,4186,PC922BA3E,A3E,PTP V
5535,2021-08-05 20:02:04,8248602,TRUCK,4,4596,PC6558A56,A56,PTP V
5536,2021-08-13 07:36:44,2141447,CAR,2,4973,PC9C7C18E,18E,PTP V
5537,2021-07-30 18:10:47,2071850,TRUCK,4,4253,PC82A16E6,6E6,PTC V
5538,2021-08-01 05:45:54,2278440,CAR,2,4371,PC7E22FD8,FD8,PTE V
5539,2021-07-30 14:00:00,949549,CAR,2,4997,PC8111910,910,PTC V
5540,2021-07-30 02:49:25,7571091,TRUCK,4,4260,PC1A4796C,96C,PTC V
5541,2021-08-18 16:12:12,1633920,CAR,2,4079,PCF1366ED,6ED,PTP V
5542,2021-08-18 06:53:43,1590284,CAR,2,4726,PCF6540C0,0C0,PTE V
5543,2021-08-02 07:29:26,1703902,CAR,2,4001,PC58105BF,5BF,PTP V
5544,2021-08-13 17:03:06,451888,CAR,2,4276,PC4E15B39,B39,PTP V
5545,2021-08-15 16:34:52,7831206,CAR,2,4631,PCFFF6463,463,PTC V
5546,2021-08-19 17:29:18,5604288,CAR,2,4527,PC59A0CB2,CB2,PTP V
5547,2021-08-06 21:22:18,4054602,CAR,2,4596,PC6558A56,A56,PTP V
5548,2021-08-09 02:21:49,9004921,CAR,2,4987,PCF4A9637,637,PTE V
5549,2021-08-21 10:28:07,6332268,CAR,2,4681,PCBEB4D23,D23,PTP V
5550,2021-08-03 00:39:22,4128072,CAR,2,4575,PC84D9FC1,FC1,PTC V
5551,2021-08-14 14:07:47,6528401,CAR,2,4385,PC148C815,815,PTC V
5552,2021-07-30 22:48:02,6094289,CAR,2,4825,PC8B8C482,482,PTE V
5553,2021-08-16 05:14:01,1910954,VAN,2,4595,PC64281F6,1F6,PTP V
5554,2021-08-13 09:32:58,1639822,CAR,2,4306,PC5D6563A,63A,PTE V
5555,2021-08-12 10:31:41,9656000,VAN,2,4147,PC4D2C5A7,5A7,PTP V
5556,2021-07-30 12:05:20,4718936,TRUCK,4,4253,PC82A16E6,6E6,PTP V
5557,2021-08-08 23:37:10,2768756,VAN,2,4770,PC9082A17,A17,PTC V
5558,2021-08-09 13:57:42,633914,CAR,2,4474,PCFEAE55E,55E,PTE V
5559,2021-08-09 06:08:28,263355,CAR,2,4982,PC384779E,79E,PTC V
5560,2021-08-14 11:53:02,3878361,TRUCK,4,4833,PC71A1452,452,PTP V
5561,2021-08-18 14:02:01,1642821,VAN,2,4531,PC857F4A0,4A0,PTP V
5562,2021-07-30 18:44:21,9522867,VAN,2,4628,PC34C1DCB,DCB,PTC V
5563,2021-08-19 22:20:30,3942100,CAR,2,4891,PC57036DA,6DA,PTE V
5564,2021-07-30 07:22:23,3321429,VAN,2,4938,PC6C57ED3,ED3,PTC V
5565,2021-08-06 01:00:06,9730729,CAR,2,4059,PC06E8A1C,A1C,PTC V
5566,2021-08-20 08:32:57,3016039,TRUCK,4,4300,PC666483B,83B,PTP V
5567,2021-07-31 20:21:06,2399923,CAR,2,4295,PCD483999,999,PTE V
5568,2021-08-15 05:31:08,7103231,CAR,2,4037,PC0A50259,259,PTP V
5569,2021-08-04 08:56:13,4703384,TRUCK,4,4429,PC65E7991,991,PTE V
5570,2021-08-04 08:04:28,6133381,TRUCK,4,4102,PC8C9B099,099,PTC V
5571,2021-08-17 15:57:01,3596638,CAR,2,4949,PC86E9EB7,EB7,PTC V
5572,2021-08-22 08:49:05,5337171,CAR,2,4903,PCC3BCE65,E65,PTC V
5573,2021-08-09 11:19:51,1869988,TRUCK,4,4701,PCD5F2808,808,PTC V
5574,2021-08-06 01:01:27,6489903,CAR,2,4199,PC7CCC47B,47B,PTE V
5575,2021-08-10 21:44:45,4788888,CAR,2,4948,PCBA2D075,075,PTP V
5576,2021-07-30 13:07:20,9408641,CAR,2,4016,PCCD7399B,99B,PTC V
5577,2021-08-11 01:36:56,5131226,TRUCK,4,4211,PC0AB9251,251,PTP V
5578,2021-08-11 07:23:02,5534897,CAR,2,4535,PC1BC7FA5,FA5,PTC V
5579,2021-08-09 01:29:20,6436184,VAN,2,4293,PC2A27502,502,PTC V
5580,2021-07-31 13:37:48,1327765,CAR,2,4136,PCA579A65,A65,PTE V
5581,2021-08-17 15:08:08,9107276,CAR,2,4732,PCD83DE25,E25,PTC V
5582,2021-08-17 02:47:52,4627911,CAR,2,4787,PC1BDA119,119,PTE V
5583,2021-08-12 00:35:53,917338,CAR,2,4775,PCA50FB36,B36,PTE V
5584,2021-08-22 04:54:22,3444465,CAR,2,4539,PC684859B,59B,PTP V
5585,2021-07-30 05:17:07,9625641,TRUCK,4,4818,PCF243BF3,BF3,PTC V
5586,2021-08-21 01:09:56,4362548,CAR,2,4662,PCB2463CF,3CF,PTE V
5587,2021-08-04 00:43:51,946624,TRUCK,4,4555,PC06A0237,237,PTE V
5588,2021-07-30 00:54:11,6543426,TRUCK,4,4917,PCD8C66B1,6B1,PTE V
5589,2021-08-22 02:17:27,7934685,CAR,2,4223,PCA37D114,114,PTC V
5590,2021-08-07 07:17:39,4945976,CAR,2,4368,PC909A324,324,PTC V
5591,2021-08-20 16:28:17,2595149,CAR,2,4176,PC11E9595,595,PTE V
5592,2021-08-20 03:35:53,4631208,TRUCK,4,4062,PCDA37101,101,PTC V
5593,2021-08-14 07:01:53,2570195,CAR,2,4784,PCDB42B34,B34,PTE V
5594,2021-08-08 18:14:55,6872864,CAR,2,4852,PC68969FB,9FB,PTE V
5595,2021-07-30 23:59:23,2555833,CAR,2,4824,PCFEADFE6,FE6,PTE V
5596,2021-08-15 08:36:05,8475775,CAR,2,4437,PCBE6CB59,B59,PTE V
5597,2021-07-30 08:09:47,5661897,CAR,2,4633,PC974552B,52B,PTE V
5598,2021-08-20 12:20:36,2212861,VAN,2,4825,PC8B8C482,482,PTP V
5599,2021-08-18 14:26:24,3003301,VAN,2,4646,PC3F8C42B,42B,PTC V
5600,2021-08-04 02:38:27,4287993,CAR,2,4381,PC9DD9DCD,DCD,PTP V
5601,2021-08-01 19:29:38,1759634,CAR,2,4893,PC3743587,587,PTC V
5602,2021-08-19 19:26:10,5773875,CAR,2,4298,PC3E474F6,4F6,PTE V
5603,2021-08-14 20:16:06,5003281,CAR,2,4376,PCA283923,923,PTC V
5604,2021-08-07 13:43:13,5162340,VAN,2,4097,PCB1B5BEC,BEC,PTE V
5605,2021-08-02 03:05:08,7411439,TRUCK,4,4507,PC11DCA73,A73,PTE V
5606,2021-07-30 13:20:26,9754368,CAR,2,4979,PC6F36B7A,B7A,PTE V
5607,2021-08-06 12:13:51,888309,VAN,2,4528,PC1269226,226,PTC V
5608,2021-08-15 09:46:28,6826474,VAN,2,4098,PC89C0554,554,PTC V
5609,2021-08-09 13:09:07,6176961,CAR,2,4382,PCB7341F4,1F4,PTE V
5610,2021-07-31 02:51:06,7456772,CAR,2,4162,PC51A39A7,9A7,PTC V
5611,2021-08-13 08:36:48,3616870,VAN,2,4841,PCE45DE8D,E8D,PTC V
5612,2021-08-02 15:09:51,1911695,VAN,2,4532,PC8DD921E,21E,PTE V
5613,2021-08-10 16:23:38,4880556,TRUCK,4,4593,PC3863F6A,F6A,PTP V
5614,2021-08-09 07:12:03,4042194,CAR,2,4039,PC73BE1E2,1E2,PTP V
5615,2021-08-19 14:52:18,2449632,CAR,2,4235,PCFB11406,406,PTE V
5616,2021-08-14 11:55:49,8832616,CAR,2,4451,PCF95BF53,F53,PTC V
5617,2021-08-12 15:57:46,5211066,TRUCK,4,4736,PC6A65941,941,PTP V
5618,2021-08-06 23:29:25,1652497,TRUCK,4,4806,PC8A8EA51,A51,PTE V
5619,2021-08-14 12:53:19,7444017,CAR,2,4391,PCCFD9AB6,AB6,PTE V
5620,2021-08-09 02:24:17,2757121,CAR,2,4368,PC909A324,324,PTP V
5621,2021-08-19 11:28:28,666222,TRUCK,4,4120,PC6700C62,C62,PTP V
5622,2021-08-20 03:30:11,7647644,TRUCK,4,4181,PC4457F74,F74,PTC V
5623,2021-08-19 18:50:05,6558267,CAR,2,4923,PC8A7A22A,22A,PTP V
5624,2021-08-01 06:43:33,5339029,TRUCK,4,4201,PC0E22DEA,DEA,PTC V
5625,2021-08-21 14:14:35,3207156,CAR,2,4679,PC88494D0,4D0,PTC V
5626,2021-08-01 14:51:15,8589603,VAN,2,4202,PC65AA714,714,PTP V
5627,2021-08-09 03:02:25,2659194,CAR,2,4880,PC5A27CDE,CDE,PTE V
5628,2021-08-07 12:38:09,9910344,CAR,2,4373,PC8806694,694,PTE V
5629,2021-08-09 12:59:28,2308648,CAR,2,4656,PC63844BC,4BC,PTP V
5630,2021-07-30 06:51:16,875759,CAR,2,4935,PC327D635,635,PTC V
5631,2021-08-20 05:31:25,6283770,TRUCK,4,4431,PC3A23C14,C14,PTC V
5632,2021-08-02 20:28:33,7256108,CAR,2,4286,PC12BE494,494,PTP V
5633,2021-08-13 18:31:18,7358441,CAR,2,4174,PC041D874,874,PTE V
5634,2021-08-06 00:53:16,7431007,CAR,2,4719,PCBD66B01,B01,PTP V
5635,2021-07-29 12:28:36,7174566,VAN,2,4669,PC36675CE,5CE,PTP V
5636,2021-08-15 02:38:37,9452861,CAR,2,4771,PC71FE98A,98A,PTE V
5637,2021-08-11 13:06:49,8330150,CAR,2,4221,PC90AAFDA,FDA,PTP V
5638,2021-08-16 19:04:14,9084361,TRUCK,4,4869,PCF775FA6,FA6,PTP V
5639,2021-08-18 03:38:00,2968816,TRUCK,4,4941,PCA6403C1,3C1,PTP V
5640,2021-08-20 19:38:16,436365,TRUCK,4,4975,PC818101A,01A,PTE V
5641,2021-08-03 22:26:49,1167275,CAR,2,4127,PCA2D76A5,6A5,PTE V
5642,2021-08-05 11:38:55,7907735,TRUCK,4,4977,PCB077F18,F18,PTE V
5643,2021-08-19 00:21:58,7202841,CAR,2,4782,PC6802C08,C08,PTC V
5644,2021-08-19 07:43:08,5876575,CAR,2,4172,PC1A43FB7,FB7,PTE V
5645,2021-08-20 08:04:50,1285237,CAR,2,4747,PC5E524A1,4A1,PTE V
5646,2021-08-14 10:14:54,4168856,CAR,2,4057,PC4B0DCD2,CD2,PTE V
5647,2021-07-31 22:50:27,2367749,CAR,2,4554,PC23BA77A,77A,PTE V
5648,2021-08-07 13:21:33,5116803,CAR,2,4534,PCAD9E1F9,1F9,PTC V
5649,2021-08-20 21:02:51,6036463,VAN,2,4581,PCC347465,465,PTP V
5650,2021-08-16 15:48:16,2872131,TRUCK,4,4644,PC411FDC0,DC0,PTE V
5651,2021-08-16 08:18:22,5466852,CAR,2,4646,PC3F8C42B,42B,PTE V
5652,2021-08-05 15:23:25,4020498,CAR,2,4754,PC99AE725,725,PTE V
5653,2021-08-10 01:44:19,6990601,CAR,2,4144,PCAC7E4C1,4C1,PTP V
5654,2021-08-11 19:13:30,5975342,CAR,2,4137,PC4FA703F,03F,PTC V
5655,2021-08-21 16:03:35,4926564,CAR,2,4361,PC2E0C888,888,PTE V
5656,2021-08-15 02:51:21,9772170,CAR,2,4900,PCFE8B604,604,PTC V
5657,2021-08-12 20:29:27,5396493,VAN,2,4755,PC628DCED,CED,PTP V
5658,2021-08-01 16:25:02,6919347,CAR,2,4173,PC0EB640E,40E,PTC V
5659,2021-08-10 15:04:40,5768565,CAR,2,4775,PCA50FB36,B36,PTC V
5660,2021-08-02 05:19:05,168444,CAR,2,4404,PCE03E8B1,8B1,PTE V
5661,2021-08-19 08:31:56,7914242,CAR,2,4884,PC3FB1BB6,BB6,PTC V
5662,2021-08-20 12:09:30,5460939,VAN,2,4786,PCB7F1F8A,F8A,PTP V
5663,2021-08-22 15:16:19,2687182,CAR,2,4086,PC23E470D,70D,PTC V
5664,2021-08-01 06:57:05,4313438,CAR,2,4206,PCAC34A40,A40,PTC V
5665,2021-08-07 20:43:39,2088008,CAR,2,4575,PC84D9FC1,FC1,PTP V
5666,2021-08-17 09:43:56,9163696,CAR,2,4481,PC30AAE76,E76,PTP V
5667,2021-08-14 07:41:36,7620891,TRUCK,4,4645,PC14FBE4A,E4A,PTC V
5668,2021-08-06 08:02:58,5103231,VAN,2,4417,PC208F9BB,9BB,PTC V
5669,2021-08-20 08:51:17,2667558,CAR,2,4576,PC394C979,979,PTE V
5670,2021-08-19 14:21:24,4507389,CAR,2,4718,PC81E83B9,3B9,PTE V
5671,2021-08-14 20:16:56,9570193,CAR,2,4800,PCA4DF48A,48A,PTP V
5672,2021-08-22 06:56:29,4287454,CAR,2,4710,PCE17C964,964,PTE V
5673,2021-08-10 21:39:10,6745669,CAR,2,4344,PC417B8DF,8DF,PTE V
5674,2021-07-30 13:17:05,2834998,VAN,2,4793,PCD8E3CCB,CCB,PTE V
5675,2021-07-29 15:54:39,6297152,CAR,2,4074,PCCAFD014,014,PTC V
5676,2021-08-20 03:06:12,7280660,CAR,2,4062,PCDA37101,101,PTE V
5677,2021-08-05 21:55:31,1960275,CAR,2,4180,PC250A90D,90D,PTC V
5678,2021-08-16 10:11:58,5559931,VAN,2,4201,PC0E22DEA,DEA,PTE V
5679,2021-08-07 05:06:56,1454898,TRUCK,4,4616,PCE6675F9,5F9,PTP V
5680,2021-08-04 16:22:48,7689267,VAN,2,4838,PCEECD973,973,PTE V
5681,2021-08-15 23:14:22,6118277,VAN,2,4404,PCE03E8B1,8B1,PTC V
5682,2021-08-06 22:13:22,6138445,CAR,2,4553,PC1D57D7F,D7F,PTP V
5683,2021-07-31 18:22:40,41393,TRUCK,4,4018,PCCB2657A,57A,PTE V
5684,2021-08-18 02:37:04,7414155,VAN,2,4430,PC52EA95D,95D,PTP V
5685,2021-08-08 02:59:10,1451534,CAR,2,4961,PC92C5115,115,PTP V
5686,2021-08-20 14:19:53,9342020,CAR,2,4218,PC8DF4919,919,PTE V
5687,2021-07-31 22:19:37,2816284,CAR,2,4821,PC67D349A,49A,PTP V
5688,2021-08-13 14:50:57,4472339,CAR,2,4686,PCD6E5E77,E77,PTC V
5689,2021-07-31 08:08:10,3138121,CAR,2,4415,PC5E202FC,2FC,PTP V
5690,2021-08-14 20:28:54,6144482,CAR,2,4463,PCAB21FC5,FC5,PTC V
5691,2021-08-16 16:19:45,8378835,TRUCK,4,4312,PC8D40B22,B22,PTC V
5692,2021-08-09 18:13:28,3355463,CAR,2,4189,PC7655FC1,FC1,PTE V
5693,2021-07-30 06:29:07,3731290,CAR,2,4842,PC16F5A24,A24,PTP V
5694,2021-08-12 14:10:53,3286144,TRUCK,4,4197,PCE32ED40,D40,PTP V
5695,2021-08-01 21:39:07,9983528,TRUCK,4,4962,PCF858E11,E11,PTP V
5696,2021-08-11 07:58:11,200962,VAN,2,4166,PCE450C55,C55,PTE V
5697,2021-07-30 23:20:18,4061243,CAR,2,4552,PC05BD3DF,3DF,PTC V
5698,2021-07-30 23:28:25,7524570,TRUCK,4,4313,PC6D0FC31,C31,PTC V
5699,2021-08-18 21:50:26,3085768,CAR,2,4255,PCB7E7138,138,PTC V
5700,2021-08-09 22:51:17,2489642,TRUCK,4,4745,PC6397888,888,PTE V
5701,2021-07-31 10:13:48,2201229,CAR,2,4349,PC5AB6779,779,PTP V
5702,2021-08-12 13:57:30,6491678,CAR,2,4426,PCC0E943C,43C,PTP V
5703,2021-08-22 18:31:48,9380211,CAR,2,4141,PC13CB69B,69B,PTE V
5704,2021-08-10 16:05:11,2605315,CAR,2,4932,PC46C4A27,A27,PTE V
5705,2021-08-07 13:24:27,1559561,CAR,2,4255,PCB7E7138,138,PTP V
5706,2021-08-05 18:08:42,1056457,CAR,2,4327,PC16F59EC,9EC,PTC V
5707,2021-08-07 01:29:41,3132407,CAR,2,4304,PC89FB76E,76E,PTE V
5708,2021-08-19 06:43:08,8304522,CAR,2,4452,PC8C7C5D7,5D7,PTC V
5709,2021-08-04 23:23:18,7493771,TRUCK,4,4032,PC578F087,087,PTP V
5710,2021-08-21 18:48:44,8568383,TRUCK,4,4631,PCFFF6463,463,PTC V
5711,2021-08-13 02:01:13,2132099,TRUCK,4,4099,PC97F19B1,9B1,PTP V
5712,2021-08-05 12:48:14,9910448,CAR,2,4199,PC7CCC47B,47B,PTC V
5713,2021-08-15 03:44:09,6604315,CAR,2,4604,PC0553E32,E32,PTC V
5714,2021-08-07 03:23:32,8274515,CAR,2,4841,PCE45DE8D,E8D,PTE V
5715,2021-08-22 12:44:37,6881242,CAR,2,4880,PC5A27CDE,CDE,PTC V
5716,2021-08-04 11:57:36,6793335,TRUCK,4,4082,PCF86214E,14E,PTE V
5717,2021-08-14 03:38:12,4746746,CAR,2,4437,PCBE6CB59,B59,PTE V
5718,2021-08-18 11:47:26,1389505,TRUCK,4,4670,PC2BE6D87,D87,PTE V
5719,2021-08-06 20:10:40,9778062,CAR,2,4119,PC9EBEDB5,DB5,PTC V
5720,2021-08-08 06:30:42,3794611,VAN,2,4758,PCCE12794,794,PTE V
5721,2021-07-31 02:23:48,9138525,CAR,2,4914,PC2F353E1,3E1,PTP V
5722,2021-08-01 21:13:43,6088359,CAR,2,4510,PC652EEF2,EF2,PTP V
5723,2021-08-07 06:14:17,6575817,CAR,2,4276,PC4E15B39,B39,PTC V
5724,2021-08-20 12:46:11,1401509,CAR,2,4817,PCFF02057,057,PTE V
5725,2021-08-15 18:33:08,2707952,CAR,2,4698,PC8BCEB19,B19,PTP V
5726,2021-08-08 22:39:41,287249,CAR,2,4568,PCA8A783A,83A,PTC V
5727,2021-07-30 00:37:47,4440060,CAR,2,4039,PC73BE1E2,1E2,PTC V
5728,2021-08-19 11:25:05,9676943,CAR,2,4212,PC422A6D1,6D1,PTC V
5729,2021-08-14 13:13:21,6337685,CAR,2,4533,PC8DA1D3B,D3B,PTC V
5730,2021-08-01 15:05:40,678267,TRUCK,4,4726,PCF6540C0,0C0,PTE V
5731,2021-08-05 02:05:54,2264319,TRUCK,4,4261,PC84FFC9D,C9D,PTC V
5732,2021-08-18 05:20:24,5371818,CAR,2,4941,PCA6403C1,3C1,PTC V
5733,2021-07-31 03:41:55,5463755,TRUCK,4,4334,PCCB383F8,3F8,PTE V
5734,2021-08-14 16:43:11,9431339,TRUCK,4,4142,PC7ACFF7C,F7C,PTP V
5735,2021-08-17 11:50:08,2255440,VAN,2,4716,PCFCB0018,018,PTP V
5736,2021-08-08 06:28:55,2633165,CAR,2,4036,PCE6CC50C,50C,PTP V
5737,2021-08-08 07:14:19,2139623,VAN,2,4097,PCB1B5BEC,BEC,PTE V
5738,2021-08-05 18:17:26,4094470,CAR,2,4598,PC5526A36,A36,PTE V
5739,2021-08-09 00:56:56,6981296,VAN,2,4335,PC76935F9,5F9,PTC V
5740,2021-08-21 01:39:54,2249517,TRUCK,4,4918,PC8F8E598,598,PTE V
5741,2021-08-11 00:19:35,9653901,TRUCK,4,4314,PC7E9E8F3,8F3,PTC V
5742,2021-08-02 02:22:21,4130964,TRUCK,4,4085,PC6150735,735,PTC V
5743,2021-08-11 22:05:01,2536228,CAR,2,4562,PC4C95CA2,CA2,PTC V
5744,2021-08-07 02:43:53,3836730,TRUCK,4,4178,PC8417B09,B09,PTE V
5745,2021-08-17 18:24:22,6275128,CAR,2,4484,PCEF56843,843,PTE V
5746,2021-08-09 21:59:24,3035742,VAN,2,4213,PCDD316EB,6EB,PTP V
5747,2021-08-14 08:19:30,4399571,CAR,2,4828,PCF712D1A,D1A,PTC V
5748,2021-08-12 05:13:59,5450376,VAN,2,4073,PCA3797CA,7CA,PTP V
5749,2021-08-11 22:54:00,6230811,CAR,2,5003,PCAC9371E,71E,PTP V
5750,2021-08-02 17:28:27,7518976,CAR,2,4285,PCB524A9F,A9F,PTP V
5751,2021-08-04 16:34:41,7890197,CAR,2,4514,PC374C341,341,PTE V
5752,2021-08-16 09:38:27,3282674,TRUCK,4,4179,PC5738A82,A82,PTC V
5753,2021-08-04 19:41:49,638539,CAR,2,4812,PC22D9C6D,C6D,PTC V
5754,2021-08-07 13:07:27,6659348,TRUCK,4,4251,PCB30E45F,45F,PTC V
5755,2021-08-06 08:39:56,9617913,CAR,2,4191,PCCC28F87,F87,PTP V
5756,2021-08-01 10:20:51,4548944,CAR,2,4766,PCE36658B,58B,PTE V
5757,2021-08-06 15:55:45,6277654,CAR,2,4764,PCF6B0D12,D12,PTE V
5758,2021-08-15 21:36:52,6809416,CAR,2,4538,PCDE5402C,02C,PTC V
5759,2021-08-10 00:32:20,8038891,CAR,2,4063,PC7667A3E,A3E,PTP V
5760,2021-08-02 05:13:43,4368029,CAR,2,4961,PC92C5115,115,PTE V
5761,2021-08-09 02:02:41,2570619,CAR,2,4993,PC0F0AB4E,B4E,PTP V
5762,2021-08-09 15:44:16,8095485,CAR,2,4470,PCB4FF8FA,8FA,PTC V
5763,2021-08-16 22:47:11,8803360,TRUCK,4,4416,PC546F252,252,PTP V
5764,2021-08-13 00:30:00,462422,VAN,2,4070,PCEECA8B2,8B2,PTC V
5765,2021-07-31 02:49:31,6541243,CAR,2,4844,PCC48E3A8,3A8,PTC V
5766,2021-08-04 11:10:28,9622998,CAR,2,4060,PC481C9F9,9F9,PTP V
5767,2021-08-01 18:48:12,3290308,CAR,2,4215,PC4C76F48,F48,PTC V
5768,2021-08-19 05:44:09,7589629,TRUCK,4,4023,PC77793DF,3DF,PTE V
5769,2021-08-03 19:29:32,7892086,CAR,2,4703,PC395ADCB,DCB,PTC V
5770,2021-08-16 02:39:30,9519595,VAN,2,4577,PC8FE0901,901,PTC V
5771,2021-08-20 00:48:52,8922611,TRUCK,4,4388,PC803F0F2,0F2,PTP V
5772,2021-08-05 19:06:21,4143221,VAN,2,4938,PC6C57ED3,ED3,PTP V
5773,2021-08-12 05:51:58,2198198,VAN,2,4132,PC8E2A7E0,7E0,PTP V
5774,2021-08-17 10:50:06,9033545,VAN,2,4239,PCA185B1A,B1A,PTP V
5775,2021-08-22 04:29:08,5345165,VAN,2,4984,PCBABF130,130,PTC V
5776,2021-08-02 09:20:37,4171817,VAN,2,4798,PC17F8052,052,PTE V
5777,2021-08-19 13:06:28,1983709,CAR,2,4730,PC7DC0964,964,PTP V
5778,2021-08-17 16:28:34,8847288,CAR,2,4857,PC59F4E22,E22,PTP V
5779,2021-08-22 07:53:53,7779534,VAN,2,4735,PC2294422,422,PTC V
5780,2021-08-16 16:39:55,5542637,VAN,2,4933,PC419F41D,41D,PTE V
5781,2021-08-04 15:09:12,7143440,VAN,2,4128,PCC0E7E2A,E2A,PTE V
5782,2021-08-06 19:08:22,1885041,VAN,2,4397,PCB070250,250,PTE V
5783,2021-08-21 22:12:42,132233,TRUCK,4,4586,PC4A40D50,D50,PTE V
5784,2021-08-19 09:48:44,8953200,CAR,2,4260,PC1A4796C,96C,PTE V
5785,2021-08-04 14:29:46,9531585,CAR,2,4092,PC40C2E00,E00,PTC V
5786,2021-08-09 05:42:32,2429442,CAR,2,4747,PC5E524A1,4A1,PTE V
5787,2021-08-11 14:30:55,3512234,CAR,2,4160,PC6DC0ACF,ACF,PTP V
5788,2021-08-03 01:59:53,6753468,CAR,2,4514,PC374C341,341,PTE V
5789,2021-08-05 07:35:43,3022962,CAR,2,4860,PCF4A2DA9,DA9,PTE V
5790,2021-08-13 07:36:50,8740173,CAR,2,4137,PC4FA703F,03F,PTC V
5791,2021-08-18 01:51:45,6361318,TRUCK,4,4661,PC1585DF2,DF2,PTC V
5792,2021-08-14 06:59:15,2583089,CAR,2,4918,PC8F8E598,598,PTP V
5793,2021-08-05 18:20:19,5248241,CAR,2,4061,PC3A63A79,A79,PTP V
5794,2021-08-03 16:20:19,1586810,CAR,2,4980,PCBD5C822,822,PTP V
5795,2021-08-17 11:30:47,6021276,CAR,2,4371,PC7E22FD8,FD8,PTE V
5796,2021-08-20 15:02:01,2042932,CAR,2,4894,PCDADB8C6,8C6,PTP V
5797,2021-08-17 22:31:43,1833489,TRUCK,4,4250,PCC695DB0,DB0,PTP V
5798,2021-08-03 15:29:38,7314052,CAR,2,4728,PC07BF95F,95F,PTE V
5799,2021-08-20 20:30:34,470908,VAN,2,4715,PCFA0E4C0,4C0,PTE V
5800,2021-08-16 05:12:00,391477,CAR,2,4551,PCCA5979C,79C,PTC V
5801,2021-07-31 16:37:07,2240227,CAR,2,4459,PCD9CAD56,D56,PTE V
5802,2021-08-12 01:21:45,9566329,CAR,2,4499,PC1EEDA04,A04,PTC V
5803,2021-08-18 11:10:26,8218745,CAR,2,4368,PC909A324,324,PTP V
5804,2021-08-17 14:57:56,7307021,TRUCK,4,4670,PC2BE6D87,D87,PTC V
5805,2021-08-15 13:43:38,2251865,TRUCK,4,4360,PC084F676,676,PTE V
5806,2021-08-05 06:57:50,8874240,CAR,2,4672,PC03AE86F,86F,PTP V
5807,2021-08-03 15:24:40,6272157,CAR,2,4160,PC6DC0ACF,ACF,PTC V
5808,2021-08-12 22:04:37,5501083,TRUCK,4,4987,PCF4A9637,637,PTE V
5809,2021-08-09 18:05:46,4803475,CAR,2,4373,PC8806694,694,PTE V
5810,2021-08-06 02:51:02,330797,TRUCK,4,4082,PCF86214E,14E,PTP V
5811,2021-08-07 02:18:55,5319869,CAR,2,4846,PCBABD060,060,PTC V
5812,2021-08-09 11:23:06,8580866,VAN,2,4790,PC2387B02,B02,PTP V
5813,2021-08-16 19:02:57,4781400,TRUCK,4,4198,PCB0994D1,4D1,PTP V
5814,2021-08-17 18:38:39,2888284,VAN,2,4025,PC5ABB8E4,8E4,PTP V
5815,2021-08-01 07:44:41,2857529,CAR,2,4122,PC8ED616E,16E,PTP V
5816,2021-07-30 10:11:09,5203172,CAR,2,4381,PC9DD9DCD,DCD,PTE V
5817,2021-08-10 09:20:38,5652940,CAR,2,4802,PCBDD55F1,5F1,PTE V
5818,2021-08-03 07:16:17,124045,TRUCK,4,4277,PC010D2A9,2A9,PTC V
5819,2021-08-03 18:51:18,8335570,CAR,2,4202,PC65AA714,714,PTE V
5820,2021-08-08 13:33:55,6477596,TRUCK,4,4758,PCCE12794,794,PTP V
5821,2021-08-03 00:55:54,8004123,CAR,2,4611,PC2EBEAB9,AB9,PTC V
5822,2021-08-04 06:01:38,7955580,VAN,2,4354,PC0671DD4,DD4,PTP V
5823,2021-08-15 01:26:10,8569253,VAN,2,4372,PC1E0F3B6,3B6,PTP V
5824,2021-08-20 13:31:41,577541,CAR,2,4993,PC0F0AB4E,B4E,PTP V
5825,2021-08-04 13:13:14,660171,VAN,2,4840,PC49BFB36,B36,PTP V
5826,2021-07-30 20:22:47,7483733,CAR,2,4783,PC9889263,263,PTC V
5827,2021-08-09 18:59:45,4256733,CAR,2,4726,PCF6540C0,0C0,PTC V
5828,2021-08-11 01:21:40,3162563,CAR,2,4080,PCBE7E15B,15B,PTE V
5829,2021-08-21 10:59:26,9438596,CAR,2,4414,PC40BD0F3,0F3,PTP V
5830,2021-08-06 00:54:57,461962,CAR,2,4122,PC8ED616E,16E,PTP V
5831,2021-07-30 04:29:12,9103923,CAR,2,4868,PC647292C,92C,PTC V
5832,2021-08-14 17:52:15,3203679,TRUCK,4,4117,PCEB6517A,17A,PTE V
5833,2021-08-11 22:55:21,5235885,CAR,2,4753,PC6AA246E,46E,PTE V
5834,2021-08-15 10:08:20,5097958,CAR,2,4784,PCDB42B34,B34,PTP V
5835,2021-08-07 03:27:50,7316755,CAR,2,4570,PCAE45EC0,EC0,PTC V
5836,2021-08-13 04:10:36,4419013,CAR,2,4229,PCD0DDD3D,D3D,PTC V
5837,2021-08-10 19:04:36,2120752,CAR,2,4456,PC8DFF744,744,PTP V
5838,2021-08-19 20:14:35,4759684,CAR,2,4639,PC879E7AB,7AB,PTE V
5839,2021-07-29 13:17:08,6304600,CAR,2,4882,PC8616CD8,CD8,PTP V
5840,2021-08-13 18:12:04,7093479,CAR,2,4891,PC57036DA,6DA,PTE V
5841,2021-07-29 12:47:27,4939611,TRUCK,4,4091,PC2E099B4,9B4,PTE V
5842,2021-08-05 05:29:56,7563617,CAR,2,4225,PCC1ED0C5,0C5,PTC V
5843,2021-08-01 06:24:20,9269769,CAR,2,4033,PC783B5FC,5FC,PTE V
5844,2021-08-17 00:16:12,8016304,VAN,2,4903,PCC3BCE65,E65,PTC V
5845,2021-08-12 07:02:58,7032727,CAR,2,4806,PC8A8EA51,A51,PTE V
5846,2021-08-11 11:46:52,7312965,CAR,2,4370,PC70B7987,987,PTP V
5847,2021-08-02 16:22:27,6205577,VAN,2,4785,PC787D664,664,PTC V
5848,2021-08-22 15:30:49,2193044,CAR,2,4291,PCD411AEF,AEF,PTP V
5849,2021-08-15 15:05:54,9942125,CAR,2,4859,PC685B3B1,3B1,PTP V
5850,2021-07-31 07:01:25,682481,CAR,2,4243,PCC4F7DCE,DCE,PTE V
5851,2021-08-16 03:28:10,1009820,CAR,2,4761,PCB206182,182,PTE V
5852,2021-08-19 02:11:22,2891101,CAR,2,4341,PC1E10EC3,EC3,PTC V
5853,2021-08-10 01:01:19,6182711,CAR,2,4928,PC16E79D4,9D4,PTE V
5854,2021-08-21 07:28:29,8825276,CAR,2,4645,PC14FBE4A,E4A,PTC V
5855,2021-08-10 08:11:18,8740684,CAR,2,4267,PCE51C5C7,5C7,PTC V
5856,2021-08-01 00:17:32,8247059,CAR,2,4346,PCA35B156,156,PTC V
5857,2021-08-13 13:51:25,2524523,CAR,2,4374,PCC321538,538,PTE V
5858,2021-08-11 14:34:20,2947533,CAR,2,5008,PC48D61BB,1BB,PTC V
5859,2021-08-13 06:44:25,9730075,TRUCK,4,4166,PCE450C55,C55,PTE V
5860,2021-08-12 12:04:22,3941549,CAR,2,4503,PC69DE15C,15C,PTE V
5861,2021-08-03 10:00:25,9178225,CAR,2,5003,PCAC9371E,71E,PTP V
5862,2021-08-15 19:36:36,685266,CAR,2,4523,PC0005AC7,AC7,PTE V
5863,2021-08-22 07:51:44,4405798,VAN,2,4290,PC84E8CEF,CEF,PTC V
5864,2021-08-20 13:12:14,3267525,CAR,2,4160,PC6DC0ACF,ACF,PTC V
5865,2021-08-18 06:06:15,6783722,CAR,2,4789,PCBE8B2AB,2AB,PTE V
5866,2021-07-30 01:19:44,3966360,TRUCK,4,4342,PCE7F2748,748,PTC V
5867,2021-08-22 17:26:49,4376919,CAR,2,4860,PCF4A2DA9,DA9,PTC V
5868,2021-08-16 10:45:12,7585536,TRUCK,4,4001,PC58105BF,5BF,PTP V
5869,2021-08-05 16:28:46,1702675,CAR,2,4760,PC161AC8D,C8D,PTC V
5870,2021-08-08 17:55:19,3334896,CAR,2,4975,PC818101A,01A,PTC V
5871,2021-08-15 13:55:58,2118082,TRUCK,4,4027,PCE7A4F34,F34,PTE V
5872,2021-08-06 17:51:39,6332848,TRUCK,4,4131,PC4C9B108,108,PTP V
5873,2021-08-02 09:47:36,8480642,TRUCK,4,4684,PCA76178F,78F,PTP V
5874,2021-08-04 00:07:16,622837,CAR,2,4382,PCB7341F4,1F4,PTC V
5875,2021-08-10 17:30:16,1871104,TRUCK,4,4771,PC71FE98A,98A,PTE V
5876,2021-08-03 07:41:04,245404,TRUCK,4,4029,PCE319335,335,PTP V
5877,2021-08-16 06:23:05,9209550,VAN,2,4770,PC9082A17,A17,PTP V
5878,2021-08-01 03:26:49,2733497,TRUCK,4,4781,PC0D83A1E,A1E,PTC V
5879,2021-08-19 08:13:18,791991,CAR,2,4167,PC8453073,073,PTE V
5880,2021-07-29 23:45:01,5593794,TRUCK,4,4384,PC59A33DE,3DE,PTC V
5881,2021-07-30 20:34:02,609994,TRUCK,4,4216,PC53B475D,75D,PTC V
5882,2021-08-16 10:54:12,4155880,CAR,2,4766,PCE36658B,58B,PTC V
5883,2021-08-15 04:22:02,5020403,VAN,2,4578,PC90D44D0,4D0,PTE V
5884,2021-07-30 08:41:10,6682026,CAR,2,4924,PCE3427C5,7C5,PTE V
5885,2021-08-20 06:33:36,2157469,VAN,2,4720,PCDD23528,528,PTE V
5886,2021-08-21 06:06:12,7300982,CAR,2,4110,PCF891CEB,CEB,PTE V
5887,2021-08-18 15:49:47,8029176,CAR,2,4441,PC472C08E,08E,PTP V
5888,2021-08-17 22:23:48,6049726,CAR,2,4903,PCC3BCE65,E65,PTE V
5889,2021-08-04 10:52:01,7315120,CAR,2,4876,PCDFCFF53,F53,PTC V
5890,2021-08-18 23:10:15,785701,CAR,2,4313,PC6D0FC31,C31,PTP V
5891,2021-08-08 12:28:24,5219238,VAN,2,4155,PC9042B3F,B3F,PTE V
5892,2021-08-15 02:36:59,327171,TRUCK,4,4932,PC46C4A27,A27,PTE V
5893,2021-08-14 22:34:36,4145196,CAR,2,4505,PCEF64195,195,PTC V
5894,2021-08-05 04:15:38,1582984,TRUCK,4,4015,PC524833E,33E,PTE V
5895,2021-08-16 04:56:08,7757973,CAR,2,4128,PCC0E7E2A,E2A,PTP V
5896,2021-08-10 08:34:39,8882351,CAR,2,4514,PC374C341,341,PTC V
5897,2021-08-12 08:08:54,4960138,CAR,2,4984,PCBABF130,130,PTC V
5898,2021-08-18 08:32:15,4008834,CAR,2,4304,PC89FB76E,76E,PTE V
5899,2021-08-04 06:17:28,8720320,CAR,2,4075,PC2125618,618,PTC V
5900,2021-08-09 09:08:51,622149,CAR,2,4377,PC4AC8EAD,EAD,PTC V
5901,2021-08-16 10:42:45,1678052,CAR,2,4786,PCB7F1F8A,F8A,PTE V
5902,2021-08-05 19:08:00,3271576,VAN,2,4671,PCCAAFB48,B48,PTC V
5903,2021-07-31 14:07:56,8341934,CAR,2,4286,PC12BE494,494,PTP V
5904,2021-08-21 11:52:05,4409380,TRUCK,4,4748,PCF2ECD29,D29,PTC V
5905,2021-08-04 05:56:54,7681166,CAR,2,4665,PCF63C15F,15F,PTP V
5906,2021-07-31 12:07:28,84689,CAR,2,4252,PCA32686D,86D,PTP V
5907,2021-08-16 11:26:59,4693087,TRUCK,4,4333,PCCCAD2AC,2AC,PTE V
5908,2021-08-01 10:19:02,1687485,TRUCK,4,4757,PC126524C,24C,PTC V
5909,2021-08-06 05:03:05,8032454,TRUCK,4,4587,PC576A3BA,3BA,PTP V
5910,2021-08-02 01:38:17,7994643,TRUCK,4,4074,PCCAFD014,014,PTC V
5911,2021-08-21 16:45:12,8455595,TRUCK,4,4573,PC4D8469D,69D,PTP V
5912,2021-08-10 20:15:05,6572335,TRUCK,4,4886,PC4D892D7,2D7,PTC V
5913,2021-08-11 14:34:17,3571399,TRUCK,4,4695,PC4A5D62F,62F,PTP V
5914,2021-08-01 21:39:05,5796031,CAR,2,4988,PC46BE0B2,0B2,PTC V
5915,2021-08-03 09:08:37,2269174,VAN,2,4360,PC084F676,676,PTE V
5916,2021-08-13 06:10:41,5858922,CAR,2,4714,PC9B747F8,7F8,PTC V
5917,2021-08-17 04:07:37,5621421,CAR,2,4955,PCE36723C,23C,PTC V
5918,2021-08-20 18:35:48,2137592,CAR,2,4184,PC43A5E42,E42,PTC V
5919,2021-08-11 14:33:34,1090734,CAR,2,4406,PC7A54E18,E18,PTC V
5920,2021-07-31 05:23:30,5150630,TRUCK,4,4312,PC8D40B22,B22,PTE V
5921,2021-08-04 09:55:39,3781296,TRUCK,4,4606,PC0C535B6,5B6,PTC V
5922,2021-08-11 17:56:20,4597516,CAR,2,4695,PC4A5D62F,62F,PTC V
5923,2021-08-17 08:54:35,2101536,CAR,2,4080,PCBE7E15B,15B,PTC V
5924,2021-08-03 09:37:39,3786840,CAR,2,4209,PC494D54E,54E,PTP V
5925,2021-08-17 12:12:03,1077720,CAR,2,4595,PC64281F6,1F6,PTC V
5926,2021-08-12 10:35:01,6742213,CAR,2,4160,PC6DC0ACF,ACF,PTP V
5927,2021-08-10 16:39:28,2565855,TRUCK,4,4105,PC43919D1,9D1,PTC V
5928,2021-08-10 04:21:11,4620541,CAR,2,4125,PC8AAEF51,F51,PTP V
5929,2021-08-11 03:16:18,6494935,CAR,2,4527,PC59A0CB2,CB2,PTP V
5930,2021-08-07 18:39:02,8628067,TRUCK,4,4568,PCA8A783A,83A,PTE V
5931,2021-08-13 02:28:43,2302123,TRUCK,4,4593,PC3863F6A,F6A,PTE V
5932,2021-08-05 05:27:24,8078617,TRUCK,4,4380,PC905B5D4,5D4,PTE V
5933,2021-08-22 14:29:48,477533,CAR,2,4331,PC47300D9,0D9,PTC V
5934,2021-08-06 16:07:13,6477493,VAN,2,4687,PC52E7369,369,PTE V
5935,2021-08-16 10:14:43,7360399,CAR,2,4203,PC5295A46,A46,PTC V
5936,2021-08-20 02:58:46,86880,CAR,2,4765,PC795A0A3,0A3,PTE V
5937,2021-08-06 14:49:10,2529667,VAN,2,4391,PCCFD9AB6,AB6,PTE V
5938,2021-08-20 09:39:14,514741,CAR,2,4110,PCF891CEB,CEB,PTC V
5939,2021-08-01 14:57:07,1620807,CAR,2,4314,PC7E9E8F3,8F3,PTE V
5940,2021-07-29 23:10:46,4709305,VAN,2,4175,PC08EA270,270,PTC V
5941,2021-08-21 22:37:27,2533587,TRUCK,4,4291,PCD411AEF,AEF,PTC V
5942,2021-08-10 07:31:20,4874164,CAR,2,4478,PCB02917E,17E,PTE V
5943,2021-08-10 15:08:08,4491041,VAN,2,4126,PC74CE451,451,PTE V
5944,2021-08-02 06:01:13,751441,CAR,2,4324,PC9C3D708,708,PTE V
5945,2021-07-30 08:51:59,3293647,TRUCK,4,4941,PCA6403C1,3C1,PTC V
5946,2021-08-18 13:06:43,921492,CAR,2,4020,PC2265FB3,FB3,PTC V
5947,2021-08-11 17:11:00,838687,TRUCK,4,4983,PCC3E4ADA,ADA,PTC V
5948,2021-08-07 00:33:10,1765185,CAR,2,4196,PC4B8A835,835,PTP V
5949,2021-08-06 15:30:33,5216740,CAR,2,4734,PCE4C5D8E,D8E,PTE V
5950,2021-08-12 08:21:40,3839435,CAR,2,4449,PCAACD453,453,PTC V
5951,2021-08-06 13:51:25,4163183,CAR,2,4280,PC03A5F23,F23,PTE V
5952,2021-07-30 17:59:44,1543578,TRUCK,4,4450,PC0B2B03E,03E,PTE V
5953,2021-08-05 01:38:08,5051759,CAR,2,4201,PC0E22DEA,DEA,PTE V
5954,2021-08-11 20:16:49,3190249,CAR,2,4982,PC384779E,79E,PTC V
5955,2021-08-09 02:46:24,3994398,CAR,2,4747,PC5E524A1,4A1,PTC V
5956,2021-08-17 13:27:53,5393760,CAR,2,4369,PCD5CBB82,B82,PTC V
5957,2021-08-03 05:17:10,2128695,CAR,2,4730,PC7DC0964,964,PTC V
5958,2021-07-31 12:45:29,4857692,TRUCK,4,4263,PCD6DBA1D,A1D,PTP V
5959,2021-08-20 18:10:04,9485989,CAR,2,4088,PC14008D5,8D5,PTE V
5960,2021-08-11 16:19:39,6604819,VAN,2,4197,PCE32ED40,D40,PTE V
5961,2021-07-31 21:57:04,4514683,TRUCK,4,4326,PC356AE8F,E8F,PTP V
5962,2021-08-18 19:47:43,2913339,TRUCK,4,4368,PC909A324,324,PTP V
5963,2021-08-18 02:06:14,8212212,TRUCK,4,4881,PCDE20E6F,E6F,PTC V
5964,2021-08-06 21:44:58,6019007,VAN,2,4013,PCE5BA2CE,2CE,PTE V
5965,2021-08-14 14:32:58,3123728,CAR,2,4732,PCD83DE25,E25,PTP V
5966,2021-08-01 10:50:24,5006481,TRUCK,4,4055,PCA06B2F1,2F1,PTE V
5967,2021-08-18 00:02:51,6805646,CAR,2,4440,PCBE1B45D,45D,PTC V
5968,2021-08-15 06:32:56,9878829,CAR,2,4088,PC14008D5,8D5,PTP V
5969,2021-08-02 05:06:36,2988099,CAR,2,4333,PCCCAD2AC,2AC,PTP V
5970,2021-08-07 16:42:04,6308632,VAN,2,4228,PC4F78F1B,F1B,PTE V
5971,2021-08-05 04:18:21,5210646,CAR,2,4969,PCBBB9730,730,PTE V
5972,2021-08-18 23:38:47,5940387,CAR,2,4858,PC94DC1E6,1E6,PTC V
5973,2021-08-07 15:54:05,2979070,CAR,2,4894,PCDADB8C6,8C6,PTE V
5974,2021-08-14 16:13:05,9300422,CAR,2,4580,PC48664B7,4B7,PTC V
5975,2021-08-05 01:38:19,7425116,CAR,2,4077,PCF40C389,389,PTE V
5976,2021-08-14 11:17:25,4497978,CAR,2,4788,PC00AE965,965,PTC V
5977,2021-08-20 11:37:13,6592729,CAR,2,4228,PC4F78F1B,F1B,PTP V
5978,2021-08-11 02:05:22,316816,VAN,2,4021,PC851E565,565,PTE V
5979,2021-08-02 02:27:24,1545973,CAR,2,4021,PC851E565,565,PTP V
5980,2021-08-09 17:31:45,5215856,VAN,2,4171,PC36C9AE8,AE8,PTC V
5981,2021-08-09 17:45:27,3310074,CAR,2,4976,PC5149039,039,PTC V
5982,2021-08-15 23:43:20,4528694,CAR,2,4163,PC95B4E03,E03,PTC V
5983,2021-08-22 18:03:45,2487000,CAR,2,4388,PC803F0F2,0F2,PTE V
5984,2021-07-31 03:47:06,6915357,CAR,2,4754,PC99AE725,725,PTE V
5985,2021-08-02 07:10:45,2904412,CAR,2,4174,PC041D874,874,PTP V
5986,2021-08-19 23:02:30,7107187,CAR,2,4799,PCC3A370A,70A,PTP V
5987,2021-08-14 03:58:03,3684906,CAR,2,4107,PC7607A5D,A5D,PTE V
5988,2021-08-19 13:36:17,8722043,CAR,2,4238,PCE0A2A2F,A2F,PTC V
5989,2021-07-30 18:44:05,6263885,CAR,2,4541,PCC6A4CD8,CD8,PTP V
5990,2021-08-10 00:44:30,9246705,CAR,2,4422,PCF514246,246,PTP V
5991,2021-08-14 05:33:16,6389742,TRUCK,4,4339,PCDE1D204,204,PTC V
5992,2021-08-14 12:51:58,8984820,TRUCK,4,4076,PC47B8825,825,PTC V
5993,2021-07-31 02:50:31,3973158,CAR,2,4708,PC82D2552,552,PTP V
5994,2021-08-05 13:42:48,1926502,CAR,2,4251,PCB30E45F,45F,PTP V
5995,2021-08-05 04:02:35,359330,CAR,2,4168,PCBC064F8,4F8,PTP V
5996,2021-07-29 18:30:00,751524,VAN,2,4057,PC4B0DCD2,CD2,PTP V
5997,2021-08-13 01:58:14,9756984,CAR,2,4959,PC4A7B00C,00C,PTE V
5998,2021-08-17 02:13:33,4225678,TRUCK,4,4271,PC28E44E2,4E2,PTP V
5999,2021-08-10 01:22:15,7440601,CAR,2,4297,PCDE89544,544,PTE V
6000,2021-08-17 01:42:50,4654218,CAR,2,4300,PC666483B,83B,PTE V
6001,2021-08-05 05:59:28,5780010,CAR,2,4242,PCECC4DE2,DE2,PTE V
6002,2021-08-16 12:34:26,3462151,CAR,2,4659,PC5549650,650,PTP V
6003,2021-08-06 15:10:50,6939650,TRUCK,4,5009,PC70886EC,6EC,PTP V
6004,2021-08-06 20:39:17,8368608,CAR,2,4870,PC65485BB,5BB,PTE V
6005,2021-08-08 21:34:00,4211520,CAR,2,4974,PCDEB8E32,E32,PTE V
6006,2021-08-16 07:31:55,3292179,CAR,2,4756,PC8AEC6E8,6E8,PTC V
6007,2021-08-22 04:44:21,7122258,TRUCK,4,4350,PCEDD7E85,E85,PTP V
6008,2021-08-10 08:48:06,5366950,CAR,2,4900,PCFE8B604,604,PTP V
6009,2021-08-08 03:55:15,6974142,VAN,2,4784,PCDB42B34,B34,PTP V
6010,2021-08-14 04:50:09,2050329,CAR,2,4815,PC19C02F1,2F1,PTP V
6011,2021-08-09 15:38:37,7541460,CAR,2,4947,PCE4A44BE,4BE,PTP V
6012,2021-08-12 07:05:46,432452,VAN,2,4803,PC2BBEEDC,EDC,PTE V
6013,2021-08-20 04:59:34,9243130,CAR,2,4992,PCFF0FEB0,EB0,PTE V
6014,2021-08-17 09:36:57,822914,CAR,2,4207,PC76EDF79,F79,PTP V
6015,2021-08-22 04:44:13,9613657,VAN,2,4477,PCA857A23,A23,PTP V
6016,2021-08-07 10:06:42,6824462,CAR,2,4587,PC576A3BA,3BA,PTP V
6017,2021-07-30 17:41:26,7632875,TRUCK,4,4160,PC6DC0ACF,ACF,PTE V
6018,2021-08-15 22:33:37,5404429,VAN,2,4788,PC00AE965,965,PTE V
6019,2021-08-15 14:38:33,2015043,VAN,2,4657,PCC591410,410,PTP V
6020,2021-07-31 04:21:58,6565048,CAR,2,4844,PCC48E3A8,3A8,PTC V
6021,2021-08-14 21:08:30,4003339,CAR,2,4183,PCF5E7754,754,PTE V
6022,2021-08-03 19:51:38,5495796,CAR,2,4369,PCD5CBB82,B82,PTC V
6023,2021-08-16 06:33:41,9056213,CAR,2,4876,PCDFCFF53,F53,PTE V
6024,2021-08-17 16:42:26,3853157,CAR,2,4757,PC126524C,24C,PTC V
6025,2021-07-31 01:56:16,816572,TRUCK,4,4340,PC3A6DBC9,BC9,PTC V
6026,2021-08-20 03:45:26,1543003,CAR,2,4558,PC575F591,591,PTC V
6027,2021-08-18 15:33:09,8500820,CAR,2,4078,PC8473A64,A64,PTE V
6028,2021-08-17 22:09:45,4369460,TRUCK,4,4095,PC3E1512A,12A,PTC V
6029,2021-08-05 10:39:34,1296429,CAR,2,4662,PCB2463CF,3CF,PTP V
6030,2021-08-02 01:07:25,6776338,CAR,2,4946,PCCF18BAF,BAF,PTC V
6031,2021-08-04 08:16:55,889851,VAN,2,4984,PCBABF130,130,PTP V
6032,2021-08-22 18:42:11,3783615,VAN,2,4197,PCE32ED40,D40,PTC V
6033,2021-08-03 05:59:19,6924838,CAR,2,4834,PCB228987,987,PTC V
6034,2021-08-19 18:18:02,4219171,TRUCK,4,4418,PCF6EECB2,CB2,PTE V
6035,2021-08-21 11:01:36,217253,CAR,2,4906,PC3D58C5E,C5E,PTP V
6036,2021-08-03 17:26:24,8386199,CAR,2,4998,PCD9C5406,406,PTE V
6037,2021-08-16 20:00:57,2608171,TRUCK,4,4171,PC36C9AE8,AE8,PTC V
6038,2021-08-14 11:36:34,9844286,CAR,2,4130,PC9F22103,103,PTE V
6039,2021-08-08 22:42:55,1257187,CAR,2,4494,PC1592ACA,ACA,PTC V
6040,2021-08-17 11:02:07,2252044,CAR,2,4863,PCA8F9E50,E50,PTC V
6041,2021-08-18 12:59:25,5486972,CAR,2,4978,PCF0B5E85,E85,PTC V
6042,2021-08-11 15:07:18,3993327,CAR,2,4144,PCAC7E4C1,4C1,PTE V
6043,2021-08-02 03:45:00,3595645,CAR,2,4929,PC9E503B6,3B6,PTC V
6044,2021-08-01 22:11:57,3131291,CAR,2,4177,PC9194382,382,PTE V
6045,2021-08-17 18:05:10,7421119,VAN,2,4459,PCD9CAD56,D56,PTP V
6046,2021-08-07 17:15:10,5923851,CAR,2,4472,PC303DD56,D56,PTP V
6047,2021-08-09 16:18:29,1536084,CAR,2,4701,PCD5F2808,808,PTP V
6048,2021-08-06 02:35:11,7423774,TRUCK,4,4435,PC3E78C17,C17,PTE V
6049,2021-08-21 18:52:18,6298074,TRUCK,4,4985,PCCA71D2C,D2C,PTC V
6050,2021-07-31 18:49:24,4586120,CAR,2,4454,PC94C0945,945,PTE V
6051,2021-08-06 01:34:09,6989397,CAR,2,4098,PC89C0554,554,PTP V
6052,2021-07-30 07:06:19,7612122,CAR,2,4511,PCFBEFA9E,A9E,PTP V
6053,2021-08-10 12:10:39,9211207,CAR,2,4828,PCF712D1A,D1A,PTE V
6054,2021-08-22 02:24:14,3901152,CAR,2,4376,PCA283923,923,PTC V
6055,2021-08-16 02:58:14,2477977,CAR,2,4661,PC1585DF2,DF2,PTP V
6056,2021-08-15 08:38:53,6806988,CAR,2,4045,PCE952492,492,PTP V
6057,2021-08-15 19:26:44,6130826,CAR,2,4863,PCA8F9E50,E50,PTC V
6058,2021-08-01 04:10:16,1393572,CAR,2,4667,PCD540B2F,B2F,PTE V
6059,2021-08-18 03:13:34,5604081,CAR,2,4860,PCF4A2DA9,DA9,PTP V
6060,2021-08-20 07:39:19,2910601,CAR,2,4517,PC9AF321D,21D,PTC V
6061,2021-08-03 18:57:05,6817195,VAN,2,4977,PCB077F18,F18,PTC V
6062,2021-08-06 08:30:19,5268094,VAN,2,4994,PC09C5F59,F59,PTE V
6063,2021-08-20 10:53:21,6273700,CAR,2,4264,PC9DFEBB0,BB0,PTC V
6064,2021-08-15 10:18:56,2861974,VAN,2,4171,PC36C9AE8,AE8,PTC V
6065,2021-08-13 16:54:53,2284913,CAR,2,4319,PCAD79413,413,PTP V
6066,2021-08-21 13:14:58,1119115,TRUCK,4,4213,PCDD316EB,6EB,PTC V
6067,2021-08-21 00:21:43,6539218,VAN,2,4437,PCBE6CB59,B59,PTC V
6068,2021-08-09 12:18:16,4900727,CAR,2,4057,PC4B0DCD2,CD2,PTC V
6069,2021-07-29 23:05:03,3262246,CAR,2,4079,PCF1366ED,6ED,PTP V
6070,2021-08-04 22:15:30,3085342,VAN,2,4603,PC485BE5B,E5B,PTC V
6071,2021-07-31 14:38:41,4772864,CAR,2,4539,PC684859B,59B,PTP V
6072,2021-08-03 12:26:02,7449750,CAR,2,4214,PC538125F,25F,PTP V
6073,2021-08-18 18:09:16,1900910,TRUCK,4,4926,PCCBCFEDE,EDE,PTP V
6074,2021-08-15 09:23:50,3112887,CAR,2,4768,PC7BEFC3B,C3B,PTC V
6075,2021-08-01 14:42:19,97520,TRUCK,4,4146,PCF91266E,66E,PTE V
6076,2021-08-05 10:29:04,7982823,CAR,2,4925,PCE5E04A2,4A2,PTC V
6077,2021-08-17 10:31:39,2514597,CAR,2,4633,PC974552B,52B,PTE V
6078,2021-08-07 12:26:48,8239378,TRUCK,4,4771,PC71FE98A,98A,PTC V
6079,2021-08-09 17:22:06,2072565,VAN,2,4097,PCB1B5BEC,BEC,PTC V
6080,2021-08-03 19:52:35,6962790,CAR,2,4328,PC3777B8E,B8E,PTC V
6081,2021-08-07 17:42:12,3212303,CAR,2,4114,PC4CD2B81,B81,PTC V
6082,2021-08-16 11:56:21,4855453,CAR,2,4572,PCC9756B2,6B2,PTP V
6083,2021-08-02 08:57:30,2827646,TRUCK,4,4763,PCC62D342,342,PTC V
6084,2021-08-04 07:36:42,2908184,CAR,2,4834,PCB228987,987,PTC V
6085,2021-08-02 10:10:54,6267876,CAR,2,4914,PC2F353E1,3E1,PTE V
6086,2021-08-09 12:50:38,8629265,CAR,2,4731,PCFFC2992,992,PTP V
6087,2021-08-03 13:44:22,3899252,TRUCK,4,4389,PC7688C61,C61,PTC V
6088,2021-07-31 17:09:39,6440793,CAR,2,4462,PCE29AA1A,A1A,PTP V
6089,2021-08-18 06:52:41,3607176,TRUCK,4,4127,PCA2D76A5,6A5,PTP V
6090,2021-08-22 08:13:56,9406164,CAR,2,4549,PC2F1A066,066,PTP V
6091,2021-08-07 23:53:15,4195093,VAN,2,4803,PC2BBEEDC,EDC,PTC V
6092,2021-08-13 16:38:22,1554419,CAR,2,4094,PC53A52CB,2CB,PTP V
6093,2021-08-02 09:11:44,7595061,CAR,2,4886,PC4D892D7,2D7,PTC V
6094,2021-07-31 06:42:00,4566898,TRUCK,4,4961,PC92C5115,115,PTP V
6095,2021-07-31 20:19:31,8474663,TRUCK,4,4448,PC19F3DBB,DBB,PTC V
6096,2021-08-11 00:28:57,8838928,CAR,2,4861,PC670F1AC,1AC,PTE V
6097,2021-08-03 14:38:48,618958,CAR,2,4630,PCA26D872,872,PTP V
6098,2021-08-06 15:07:04,6380265,TRUCK,4,4096,PCFA4F864,864,PTE V
6099,2021-08-20 07:58:02,5294457,CAR,2,4747,PC5E524A1,4A1,PTP V
6100,2021-08-07 15:09:17,8412969,CAR,2,4995,PCBE6ABE5,BE5,PTC V
6101,2021-08-18 14:35:15,1021720,CAR,2,4057,PC4B0DCD2,CD2,PTE V
6102,2021-08-12 19:15:39,1166293,TRUCK,4,4726,PCF6540C0,0C0,PTE V
6103,2021-08-19 08:51:47,7821143,CAR,2,4640,PCC993FB3,FB3,PTC V
6104,2021-08-05 08:20:32,6158553,TRUCK,4,4230,PC19CE0DB,0DB,PTP V
6105,2021-08-19 08:19:51,5597049,CAR,2,4592,PC627AA14,A14,PTP V
6106,2021-08-04 18:12:17,141980,CAR,2,4171,PC36C9AE8,AE8,PTP V
6107,2021-08-11 21:57:50,8480410,CAR,2,4519,PC92A6471,471,PTE V
6108,2021-07-30 18:30:37,3662329,TRUCK,4,4943,PC0A5DC1F,C1F,PTC V
6109,2021-07-31 13:51:27,9100177,VAN,2,4604,PC0553E32,E32,PTP V
6110,2021-08-11 18:42:03,1738728,CAR,2,4447,PC6B030C6,0C6,PTE V
6111,2021-08-21 00:42:31,3007769,CAR,2,4817,PCFF02057,057,PTE V
6112,2021-08-08 18:06:49,60878,VAN,2,4491,PCA52F720,720,PTP V
6113,2021-08-11 16:54:26,1422794,CAR,2,4849,PCF764517,517,PTP V
6114,2021-08-10 21:58:07,2140887,CAR,2,4825,PC8B8C482,482,PTP V
6115,2021-08-17 11:44:24,4560507,CAR,2,4559,PC93AAEC9,EC9,PTP V
6116,2021-07-29 16:15:57,2287361,CAR,2,4800,PCA4DF48A,48A,PTE V
6117,2021-08-18 02:36:19,5302308,CAR,2,4201,PC0E22DEA,DEA,PTP V
6118,2021-07-29 20:30:36,1490219,CAR,2,4923,PC8A7A22A,22A,PTE V
6119,2021-08-12 04:57:59,2314784,TRUCK,4,4127,PCA2D76A5,6A5,PTP V
6120,2021-08-04 06:22:57,4363043,CAR,2,4585,PCF3AE602,602,PTP V
6121,2021-08-13 05:09:02,1255712,CAR,2,4758,PCCE12794,794,PTE V
6122,2021-08-19 07:43:54,9790326,CAR,2,4015,PC524833E,33E,PTP V
6123,2021-08-15 05:31:49,2338995,CAR,2,4859,PC685B3B1,3B1,PTP V
6124,2021-08-07 09:00:33,7644672,TRUCK,4,4200,PCBA86754,754,PTP V
6125,2021-08-22 03:02:11,2568249,CAR,2,4063,PC7667A3E,A3E,PTP V
6126,2021-08-17 11:48:08,29896,CAR,2,4832,PC34ECAB5,AB5,PTE V
6127,2021-08-22 17:23:34,5995749,VAN,2,4176,PC11E9595,595,PTC V
6128,2021-08-05 12:45:50,6501186,CAR,2,4169,PC2890582,582,PTC V
6129,2021-08-08 19:34:05,4296383,CAR,2,4162,PC51A39A7,9A7,PTE V
6130,2021-07-29 18:39:27,8014982,VAN,2,4594,PC59414DA,4DA,PTE V
6131,2021-08-14 18:38:01,843641,CAR,2,4491,PCA52F720,720,PTC V
6132,2021-08-03 09:00:49,1861758,CAR,2,4632,PCC1FFE5B,E5B,PTP V
6133,2021-08-01 00:04:36,2308749,CAR,2,4049,PC4779D38,D38,PTP V
6134,2021-08-04 04:48:46,6593300,CAR,2,4669,PC36675CE,5CE,PTC V
6135,2021-08-19 04:59:23,8210088,CAR,2,4870,PC65485BB,5BB,PTC V
6136,2021-08-16 00:04:05,2618082,CAR,2,4415,PC5E202FC,2FC,PTE V
6137,2021-08-13 18:47:21,4901571,TRUCK,4,4456,PC8DFF744,744,PTE V
6138,2021-08-02 12:00:31,2758267,CAR,2,4888,PC46C55B4,5B4,PTE V
6139,2021-07-31 01:39:25,7689792,TRUCK,4,4116,PCCA836C9,6C9,PTE V
6140,2021-08-09 15:44:10,7327060,CAR,2,4786,PCB7F1F8A,F8A,PTP V
6141,2021-08-15 19:38:52,3520254,CAR,2,4907,PCCEEF65A,65A,PTE V
6142,2021-08-21 21:28:11,513821,CAR,2,4667,PCD540B2F,B2F,PTP V
6143,2021-07-30 14:04:33,8408693,CAR,2,4329,PCF9CCB5A,B5A,PTC V
6144,2021-07-29 19:42:32,166208,CAR,2,4797,PCE2D63A7,3A7,PTC V
6145,2021-08-16 01:06:40,8346480,TRUCK,4,4962,PCF858E11,E11,PTC V
6146,2021-08-20 19:08:36,5499073,CAR,2,4254,PC0C0EE22,E22,PTC V
6147,2021-08-10 08:40:04,2958137,CAR,2,4909,PCDED6F20,F20,PTP V
6148,2021-08-17 04:56:04,2919708,CAR,2,4465,PCA227C6B,C6B,PTE V
6149,2021-08-14 05:03:47,7393062,CAR,2,4966,PC4E6422C,22C,PTE V
6150,2021-08-21 03:41:29,8575479,CAR,2,4166,PCE450C55,C55,PTC V
6151,2021-07-30 14:57:34,5190940,TRUCK,4,4926,PCCBCFEDE,EDE,PTE V
6152,2021-08-05 22:53:20,2443845,CAR,2,4160,PC6DC0ACF,ACF,PTC V
6153,2021-08-04 09:38:51,6719584,CAR,2,4891,PC57036DA,6DA,PTP V
6154,2021-08-03 16:28:00,7121881,TRUCK,4,4890,PCAFC8A56,A56,PTE V
6155,2021-08-02 13:02:20,9259801,TRUCK,4,4884,PC3FB1BB6,BB6,PTC V
6156,2021-08-01 13:20:31,4165136,CAR,2,4516,PCF7F25B7,5B7,PTC V
6157,2021-08-15 17:54:26,3116865,VAN,2,4533,PC8DA1D3B,D3B,PTP V
6158,2021-08-13 13:29:52,7354010,TRUCK,4,4277,PC010D2A9,2A9,PTE V
6159,2021-08-03 12:23:46,6919642,CAR,2,4160,PC6DC0ACF,ACF,PTP V
6160,2021-07-31 14:53:24,8721556,CAR,2,4903,PCC3BCE65,E65,PTP V
6161,2021-08-19 23:49:01,4927270,CAR,2,4319,PCAD79413,413,PTC V
6162,2021-08-12 11:22:31,9413440,CAR,2,4230,PC19CE0DB,0DB,PTP V
6163,2021-08-12 12:07:05,6673806,TRUCK,4,4748,PCF2ECD29,D29,PTE V
6164,2021-08-13 19:30:45,1543542,CAR,2,4898,PC0AE9E1B,E1B,PTC V
6165,2021-08-07 13:38:53,8543678,CAR,2,4637,PCE9C770E,70E,PTC V
6166,2021-08-17 21:25:08,8339200,CAR,2,4137,PC4FA703F,03F,PTP V
6167,2021-08-08 12:23:24,9888402,VAN,2,4237,PC51D1059,059,PTE V
6168,2021-08-21 16:51:35,4895787,CAR,2,4331,PC47300D9,0D9,PTE V
6169,2021-08-13 22:40:59,6550602,CAR,2,4507,PC11DCA73,A73,PTE V
6170,2021-08-12 11:13:47,3752956,CAR,2,4215,PC4C76F48,F48,PTC V
6171,2021-08-17 11:51:06,5665463,CAR,2,4226,PCDC5C9E2,9E2,PTE V
6172,2021-08-10 09:25:42,9351862,CAR,2,4271,PC28E44E2,4E2,PTC V
6173,2021-07-29 13:23:44,5515218,TRUCK,4,4530,PCA33A9A8,9A8,PTP V
6174,2021-08-22 01:43:43,9567046,CAR,2,4010,PC3A7AACB,ACB,PTC V
6175,2021-08-13 07:00:49,1652645,TRUCK,4,4079,PCF1366ED,6ED,PTP V
6176,2021-08-03 04:14:42,8601332,TRUCK,4,4154,PC2C2EF9E,F9E,PTE V
6177,2021-08-02 05:11:59,801406,CAR,2,4241,PC7241796,796,PTP V
6178,2021-07-30 07:25:33,7095860,CAR,2,4339,PCDE1D204,204,PTC V
6179,2021-08-06 23:36:38,178705,CAR,2,4121,PCEC57A8E,A8E,PTC V
6180,2021-08-16 19:55:39,9049473,TRUCK,4,4559,PC93AAEC9,EC9,PTC V
6181,2021-08-18 14:36:29,3785849,CAR,2,4421,PCED2DB6F,B6F,PTP V
6182,2021-08-04 17:09:17,5569548,CAR,2,4043,PC134F258,258,PTP V
6183,2021-08-18 17:44:41,4681914,CAR,2,4456,PC8DFF744,744,PTP V
6184,2021-08-01 08:58:00,1771202,CAR,2,4528,PC1269226,226,PTE V
6185,2021-08-11 19:53:36,1256221,CAR,2,4522,PC0A326BE,6BE,PTC V
6186,2021-08-14 16:33:17,3320060,TRUCK,4,4871,PC397AFA3,FA3,PTE V
6187,2021-08-11 12:50:15,9378511,CAR,2,4983,PCC3E4ADA,ADA,PTC V
6188,2021-08-09 19:58:15,8445696,CAR,2,4731,PCFFC2992,992,PTP V
6189,2021-07-30 09:15:11,170189,CAR,2,4110,PCF891CEB,CEB,PTE V
6190,2021-08-03 08:28:08,1645209,CAR,2,4314,PC7E9E8F3,8F3,PTE V
6191,2021-08-14 08:27:23,7226078,TRUCK,4,4730,PC7DC0964,964,PTC V
6192,2021-08-06 04:45:32,2926167,TRUCK,4,4131,PC4C9B108,108,PTE V
6193,2021-08-10 07:49:27,2300290,VAN,2,4711,PC340B4DE,4DE,PTC V
6194,2021-08-16 20:53:14,3585516,CAR,2,4682,PCBB02F92,F92,PTE V
6195,2021-08-02 12:04:46,2759058,CAR,2,4338,PC6203962,962,PTE V
6196,2021-08-13 22:51:05,9951011,TRUCK,4,4126,PC74CE451,451,PTE V
6197,2021-08-20 07:21:29,3131494,TRUCK,4,4256,PC9DD0BBD,BBD,PTE V
6198,2021-08-14 12:33:39,5423456,CAR,2,4644,PC411FDC0,DC0,PTP V
6199,2021-08-14 21:37:14,8496463,CAR,2,4729,PC5170BF4,BF4,PTC V
6200,2021-08-04 17:40:14,1486800,CAR,2,4633,PC974552B,52B,PTC V
6201,2021-08-19 13:15:27,7679427,CAR,2,4680,PCC422F4D,F4D,PTC V
6202,2021-08-18 18:56:57,6679017,CAR,2,4815,PC19C02F1,2F1,PTP V
6203,2021-08-13 04:43:51,1370073,CAR,2,4855,PC03C5C15,C15,PTP V
6204,2021-08-02 01:17:11,9720785,CAR,2,4625,PC186BCA8,CA8,PTP V
6205,2021-08-20 01:23:44,3571822,CAR,2,4329,PCF9CCB5A,B5A,PTP V
6206,2021-08-02 06:56:58,2731933,CAR,2,4801,PC119E3A6,3A6,PTC V
6207,2021-08-20 19:15:53,2837696,CAR,2,4509,PCA2E8463,463,PTC V
6208,2021-08-14 14:44:48,1264138,VAN,2,4404,PCE03E8B1,8B1,PTC V
6209,2021-08-06 05:31:16,3086638,CAR,2,4890,PCAFC8A56,A56,PTC V
6210,2021-08-18 08:04:31,1583174,CAR,2,4512,PC4B1BAF3,AF3,PTE V
6211,2021-07-30 08:49:23,6685658,CAR,2,4112,PCEA652A8,2A8,PTP V
6212,2021-08-15 11:35:29,2949354,CAR,2,4982,PC384779E,79E,PTP V
6213,2021-08-13 16:27:27,689552,TRUCK,4,4689,PC89C35AD,5AD,PTC V
6214,2021-08-21 02:06:53,3791411,VAN,2,4104,PC0A63844,844,PTC V
6215,2021-08-15 01:18:40,1748684,VAN,2,4216,PC53B475D,75D,PTE V
6216,2021-08-21 05:35:32,5525065,CAR,2,4603,PC485BE5B,E5B,PTP V
6217,2021-08-07 21:19:24,5672220,CAR,2,4971,PC0BD172F,72F,PTE V
6218,2021-08-16 13:58:32,3678323,CAR,2,4398,PCE60D320,320,PTC V
6219,2021-08-08 02:41:45,7679602,CAR,2,4278,PC4847214,214,PTE V
6220,2021-08-10 14:34:46,709376,TRUCK,4,4184,PC43A5E42,E42,PTE V
6221,2021-08-20 11:34:14,9114881,CAR,2,4398,PCE60D320,320,PTC V
6222,2021-08-22 17:48:10,9685574,TRUCK,4,4522,PC0A326BE,6BE,PTE V
6223,2021-08-09 08:22:49,8232430,VAN,2,4939,PCF263A5E,A5E,PTC V
6224,2021-08-13 13:18:53,8106546,CAR,2,4194,PC96AD1EB,1EB,PTE V
6225,2021-08-06 12:01:32,5818976,TRUCK,4,4481,PC30AAE76,E76,PTP V
6226,2021-08-11 08:34:25,5939321,CAR,2,4350,PCEDD7E85,E85,PTE V
6227,2021-08-16 23:41:29,1194405,CAR,2,4079,PCF1366ED,6ED,PTC V
6228,2021-08-07 02:46:21,227413,CAR,2,4656,PC63844BC,4BC,PTP V
6229,2021-08-02 22:24:30,8134969,CAR,2,4072,PC69F3F14,F14,PTC V
6230,2021-08-13 23:53:27,3949138,CAR,2,4203,PC5295A46,A46,PTP V
6231,2021-08-09 23:31:51,2260793,CAR,2,4520,PC8140983,983,PTE V
6232,2021-08-15 23:46:50,3462403,TRUCK,4,4687,PC52E7369,369,PTP V
6233,2021-08-10 12:25:08,2760394,TRUCK,4,4546,PCEF3EBBC,BBC,PTP V
6234,2021-08-12 07:30:44,4421397,CAR,2,4961,PC92C5115,115,PTC V
6235,2021-08-15 06:07:23,290890,CAR,2,4291,PCD411AEF,AEF,PTC V
6236,2021-08-12 09:35:18,7468447,CAR,2,4977,PCB077F18,F18,PTC V
6237,2021-08-01 20:45:28,1800404,VAN,2,4330,PCBD023A3,3A3,PTC V
6238,2021-08-04 00:43:47,748101,CAR,2,4172,PC1A43FB7,FB7,PTP V
6239,2021-08-22 00:33:44,1983568,TRUCK,4,4623,PCAA67227,227,PTC V
6240,2021-08-01 03:16:08,3613014,CAR,2,4192,PC74F6341,341,PTC V
6241,2021-08-17 14:40:54,5055885,CAR,2,4846,PCBABD060,060,PTC V
6242,2021-08-18 11:39:01,4444663,CAR,2,4644,PC411FDC0,DC0,PTE V
6243,2021-08-07 23:06:40,8150855,CAR,2,4609,PC1551C8E,C8E,PTP V
6244,2021-08-14 01:09:10,6829590,CAR,2,4429,PC65E7991,991,PTP V
6245,2021-08-16 03:56:29,5187763,CAR,2,4225,PCC1ED0C5,0C5,PTE V
6246,2021-08-08 04:46:30,3204048,CAR,2,4938,PC6C57ED3,ED3,PTC V
6247,2021-08-09 07:36:41,9013600,CAR,2,4073,PCA3797CA,7CA,PTC V
6248,2021-08-07 06:22:31,5866251,CAR,2,4865,PCCACA741,741,PTC V
6249,2021-08-03 22:16:19,7655221,CAR,2,4827,PC7D68CD9,CD9,PTP V
6250,2021-08-21 19:05:53,1353632,CAR,2,4561,PCCE9B069,069,PTE V
6251,2021-08-07 08:32:29,2552406,CAR,2,4086,PC23E470D,70D,PTE V
6252,2021-08-12 00:27:33,7820793,CAR,2,4468,PC040ADB3,DB3,PTP V
6253,2021-08-19 03:36:56,6412248,TRUCK,4,4221,PC90AAFDA,FDA,PTE V
6254,2021-08-19 16:54:19,1181036,CAR,2,4471,PC7E4F42A,42A,PTP V
6255,2021-08-17 07:55:04,6092132,TRUCK,4,5004,PC2111CF9,CF9,PTE V
6256,2021-07-30 16:17:13,6367173,CAR,2,4450,PC0B2B03E,03E,PTC V
6257,2021-08-06 04:52:34,8669740,CAR,2,4176,PC11E9595,595,PTP V
6258,2021-08-13 14:45:13,6759111,TRUCK,4,4321,PC591BDF7,DF7,PTE V
6259,2021-08-15 07:35:03,439846,TRUCK,4,4135,PCC943ECD,ECD,PTE V
6260,2021-08-14 22:24:53,1082448,TRUCK,4,4337,PCCF6A454,454,PTP V
6261,2021-08-02 16:14:23,4371089,CAR,2,4618,PC8F4AF85,F85,PTC V
6262,2021-08-20 21:47:41,4779555,TRUCK,4,4680,PCC422F4D,F4D,PTC V
6263,2021-08-09 17:02:06,4649682,CAR,2,4527,PC59A0CB2,CB2,PTE V
6264,2021-08-18 00:59:32,4368970,TRUCK,4,4348,PCD66314D,14D,PTP V
6265,2021-08-08 17:56:23,8612204,TRUCK,4,4007,PCDF9F773,773,PTP V
6266,2021-08-07 18:57:42,8943176,CAR,2,4739,PC07289CF,9CF,PTE V
6267,2021-08-03 10:53:49,2524499,CAR,2,4259,PCBB65EF4,EF4,PTP V
6268,2021-08-14 01:14:49,2318343,CAR,2,4142,PC7ACFF7C,F7C,PTC V
6269,2021-07-31 15:40:38,6602425,CAR,2,4161,PCF8F6133,133,PTE V
6270,2021-08-12 23:21:23,9483786,VAN,2,4730,PC7DC0964,964,PTC V
6271,2021-08-19 15:10:40,8277092,CAR,2,4146,PCF91266E,66E,PTC V
6272,2021-08-14 01:39:10,8978591,TRUCK,4,4044,PC3546931,931,PTC V
6273,2021-07-31 19:41:58,2877479,VAN,2,4630,PCA26D872,872,PTC V
6274,2021-08-05 05:31:09,6878583,CAR,2,4341,PC1E10EC3,EC3,PTE V
6275,2021-08-19 03:37:22,8562677,TRUCK,4,4471,PC7E4F42A,42A,PTE V
6276,2021-08-12 18:33:33,8778322,TRUCK,4,4571,PC2308E9E,E9E,PTC V
6277,2021-08-16 08:28:13,3342450,TRUCK,4,4730,PC7DC0964,964,PTP V
6278,2021-08-18 15:05:20,8199681,VAN,2,4545,PC419B1CB,1CB,PTC V
6279,2021-08-10 17:48:06,3311866,CAR,2,4232,PC4156AD5,AD5,PTP V
6280,2021-08-20 08:28:34,1732804,CAR,2,4675,PCE49911B,11B,PTE V
6281,2021-08-08 01:51:41,3917993,CAR,2,4336,PCD30AB50,B50,PTC V
6282,2021-08-04 14:32:42,2293847,CAR,2,4224,PCD83983A,83A,PTE V
6283,2021-08-07 20:05:42,3476903,CAR,2,4957,PC8DFFE65,E65,PTP V
6284,2021-08-14 07:09:14,386627,CAR,2,4245,PC6594AD4,AD4,PTE V
6285,2021-08-11 16:49:41,6808328,VAN,2,4579,PC926F0A9,0A9,PTC V
6286,2021-08-01 00:14:00,9824658,VAN,2,4554,PC23BA77A,77A,PTC V
6287,2021-08-12 03:23:43,3180711,CAR,2,4420,PCFDB2950,950,PTP V
6288,2021-08-15 00:15:23,7437434,CAR,2,4511,PCFBEFA9E,A9E,PTP V
6289,2021-08-18 13:45:10,1469487,CAR,2,4687,PC52E7369,369,PTP V
6290,2021-08-03 06:55:34,3668673,CAR,2,5008,PC48D61BB,1BB,PTC V
6291,2021-07-30 17:37:14,5474426,CAR,2,4251,PCB30E45F,45F,PTE V
6292,2021-08-09 16:11:54,5400949,CAR,2,4773,PCE62BBA9,BA9,PTC V
6293,2021-08-21 06:14:06,8795230,CAR,2,4301,PC540E129,129,PTC V
6294,2021-07-31 00:20:47,6680965,CAR,2,4061,PC3A63A79,A79,PTP V
6295,2021-08-16 20:21:20,6739424,CAR,2,4212,PC422A6D1,6D1,PTC V
6296,2021-07-30 03:23:39,662648,VAN,2,4004,PCB278A8B,A8B,PTC V
6297,2021-08-10 14:50:16,6519970,CAR,2,4563,PCA214501,501,PTP V
6298,2021-08-19 10:15:12,868376,TRUCK,4,4045,PCE952492,492,PTE V
6299,2021-08-22 00:19:35,7832177,TRUCK,4,4282,PCCE002E5,2E5,PTC V
6300,2021-08-07 08:07:17,4606228,CAR,2,4064,PC0B32B5B,B5B,PTE V
6301,2021-08-04 05:56:40,6597438,CAR,2,4136,PCA579A65,A65,PTP V
6302,2021-08-12 01:31:31,3984410,VAN,2,4909,PCDED6F20,F20,PTE V
6303,2021-08-09 11:19:39,9790701,CAR,2,4697,PCFDB2BA6,BA6,PTC V
6304,2021-08-04 20:31:18,7512393,CAR,2,4884,PC3FB1BB6,BB6,PTE V
6305,2021-08-09 18:20:50,4948238,CAR,2,4401,PC0606D6A,D6A,PTP V
6306,2021-08-07 15:31:27,6676021,TRUCK,4,4955,PCE36723C,23C,PTE V
6307,2021-07-30 21:26:07,7213806,CAR,2,4876,PCDFCFF53,F53,PTE V
6308,2021-08-04 05:35:44,8299805,CAR,2,4401,PC0606D6A,D6A,PTE V
6309,2021-08-15 14:28:09,6689696,CAR,2,4397,PCB070250,250,PTP V
6310,2021-08-12 15:07:58,7152734,CAR,2,4246,PC95F5F6B,F6B,PTP V
6311,2021-08-22 01:41:22,5508033,CAR,2,4020,PC2265FB3,FB3,PTP V
6312,2021-08-12 11:01:12,8802704,CAR,2,4668,PCBB055C6,5C6,PTP V
6313,2021-08-10 14:23:39,2856749,VAN,2,4636,PCDECFC74,C74,PTC V
6314,2021-07-30 10:12:36,269760,CAR,2,4243,PCC4F7DCE,DCE,PTC V
6315,2021-08-03 09:16:47,7872952,CAR,2,4737,PCED7EAFE,AFE,PTE V
6316,2021-08-10 09:41:04,5982825,VAN,2,4012,PCEF5C190,190,PTC V
6317,2021-08-13 19:30:58,4825459,VAN,2,4062,PCDA37101,101,PTP V
6318,2021-08-12 21:06:25,8125961,CAR,2,4378,PC074E6A8,6A8,PTP V
6319,2021-08-14 07:28:24,4498648,TRUCK,4,4552,PC05BD3DF,3DF,PTP V
6320,2021-08-06 06:33:37,8852436,VAN,2,4251,PCB30E45F,45F,PTP V
6321,2021-08-05 22:03:30,9270521,TRUCK,4,4935,PC327D635,635,PTC V
6322,2021-08-03 00:55:12,8952634,CAR,2,4253,PC82A16E6,6E6,PTP V
6323,2021-08-12 21:34:36,3183507,CAR,2,4119,PC9EBEDB5,DB5,PTP V
6324,2021-08-18 10:51:42,6491266,TRUCK,4,4510,PC652EEF2,EF2,PTC V
6325,2021-08-07 03:25:47,6908880,CAR,2,4218,PC8DF4919,919,PTE V
6326,2021-07-30 00:10:25,3550884,CAR,2,4834,PCB228987,987,PTC V
6327,2021-08-20 12:33:56,6896089,TRUCK,4,4969,PCBBB9730,730,PTC V
6328,2021-08-11 17:38:02,1499548,CAR,2,4066,PC883FCA9,CA9,PTE V
6329,2021-08-04 08:39:05,5011948,CAR,2,4864,PC259547F,47F,PTC V
6330,2021-08-06 03:31:29,2338045,CAR,2,4823,PC89A3BCF,BCF,PTC V
6331,2021-08-02 19:37:07,4024440,CAR,2,4091,PC2E099B4,9B4,PTE V
6332,2021-07-30 15:12:23,6533851,CAR,2,4553,PC1D57D7F,D7F,PTE V
6333,2021-08-16 02:17:18,2672203,CAR,2,4274,PC88EA64E,64E,PTP V
6334,2021-08-20 06:15:10,1689183,TRUCK,4,4630,PCA26D872,872,PTE V
6335,2021-08-06 04:03:27,4595859,VAN,2,4070,PCEECA8B2,8B2,PTE V
6336,2021-08-20 14:26:17,3620106,CAR,2,4510,PC652EEF2,EF2,PTE V
6337,2021-08-04 16:33:33,1077009,TRUCK,4,4869,PCF775FA6,FA6,PTC V
6338,2021-08-13 20:15:38,4155777,TRUCK,4,4844,PCC48E3A8,3A8,PTP V
6339,2021-08-08 19:55:54,6082049,CAR,2,4883,PCB325DCD,DCD,PTC V
6340,2021-07-30 15:46:44,7766208,TRUCK,4,4628,PC34C1DCB,DCB,PTP V
6341,2021-08-17 06:52:18,981676,VAN,2,4410,PC6EFC03B,03B,PTE V
6342,2021-08-10 12:31:36,1754960,CAR,2,4907,PCCEEF65A,65A,PTC V
6343,2021-08-10 18:36:58,7084278,CAR,2,4348,PCD66314D,14D,PTE V
6344,2021-08-12 12:41:35,8466564,CAR,2,4642,PC17D596F,96F,PTC V
6345,2021-08-19 16:08:28,6955075,CAR,2,4960,PC6A1BCA4,CA4,PTE V
6346,2021-08-07 07:28:45,9851495,CAR,2,4822,PCD1EB220,220,PTC V
6347,2021-07-30 19:00:53,4131854,TRUCK,4,4694,PCBCF42C2,2C2,PTC V
6348,2021-08-18 04:09:50,1101311,TRUCK,4,4854,PCB6F1968,968,PTC V
6349,2021-07-31 00:01:09,5691870,TRUCK,4,4863,PCA8F9E50,E50,PTP V
6350,2021-08-01 17:23:05,6178042,CAR,2,4514,PC374C341,341,PTP V
6351,2021-08-21 19:38:44,4012602,VAN,2,4079,PCF1366ED,6ED,PTE V
6352,2021-08-21 02:34:45,6280147,TRUCK,4,4392,PCAF6E464,464,PTC V
6353,2021-08-02 05:26:02,3253652,CAR,2,4919,PC7A3A5CF,5CF,PTP V
6354,2021-07-30 20:20:32,1862380,CAR,2,4393,PC93CE517,517,PTE V
6355,2021-07-31 11:04:18,9152509,CAR,2,4694,PCBCF42C2,2C2,PTP V
6356,2021-08-18 14:12:57,8350599,CAR,2,4006,PCD8D05D7,5D7,PTC V
6357,2021-08-21 21:15:31,1060290,CAR,2,4801,PC119E3A6,3A6,PTE V
6358,2021-08-19 13:00:57,5669004,CAR,2,4320,PC40C93B0,3B0,PTE V
6359,2021-08-19 09:44:41,2327952,CAR,2,4721,PCE937423,423,PTE V
6360,2021-08-09 07:45:17,6573880,CAR,2,4056,PC9FBBA67,A67,PTE V
6361,2021-08-02 18:09:10,9780148,TRUCK,4,4355,PC0EF761B,61B,PTP V
6362,2021-08-05 02:34:03,2456908,CAR,2,4292,PCF733A7C,A7C,PTC V
6363,2021-08-06 12:13:22,5951141,CAR,2,4133,PC30FC453,453,PTC V
6364,2021-08-03 04:34:56,1847689,CAR,2,4998,PCD9C5406,406,PTP V
6365,2021-08-03 05:11:24,5169408,CAR,2,4321,PC591BDF7,DF7,PTP V
6366,2021-08-17 14:40:31,3806221,CAR,2,4499,PC1EEDA04,A04,PTE V
6367,2021-08-14 04:49:41,5270025,VAN,2,4058,PC3415EA4,EA4,PTC V
6368,2021-08-02 05:27:18,1180657,CAR,2,4073,PCA3797CA,7CA,PTP V
6369,2021-08-20 14:52:05,9988102,CAR,2,4744,PC78EF0B5,0B5,PTP V
6370,2021-08-13 14:55:48,5281925,CAR,2,4078,PC8473A64,A64,PTP V
6371,2021-08-03 05:38:01,3779119,CAR,2,4670,PC2BE6D87,D87,PTP V
6372,2021-08-09 03:53:11,6546677,VAN,2,4512,PC4B1BAF3,AF3,PTE V
6373,2021-08-15 14:38:46,8148581,CAR,2,4454,PC94C0945,945,PTC V
6374,2021-08-13 07:45:40,7518451,TRUCK,4,4088,PC14008D5,8D5,PTC V
6375,2021-08-21 02:04:52,5458544,CAR,2,4099,PC97F19B1,9B1,PTP V
6376,2021-08-02 17:30:37,7674226,CAR,2,4086,PC23E470D,70D,PTP V
6377,2021-08-05 09:47:44,6420742,CAR,2,4631,PCFFF6463,463,PTP V
6378,2021-08-19 05:44:04,8800861,CAR,2,4222,PC15EC378,378,PTP V
6379,2021-08-20 17:56:41,8397189,CAR,2,4960,PC6A1BCA4,CA4,PTC V
6380,2021-07-30 00:00:10,9429242,CAR,2,5008,PC48D61BB,1BB,PTE V
6381,2021-08-20 10:29:04,7313035,CAR,2,4110,PCF891CEB,CEB,PTC V
6382,2021-08-01 20:54:37,1938796,CAR,2,4245,PC6594AD4,AD4,PTE V
6383,2021-08-13 09:18:57,8751262,CAR,2,4476,PC439FA2D,A2D,PTP V
6384,2021-07-30 08:09:36,6881568,CAR,2,4439,PC845CEA6,EA6,PTP V
6385,2021-08-04 00:55:24,6637560,CAR,2,4012,PCEF5C190,190,PTC V
6386,2021-08-19 04:58:51,6225032,CAR,2,4880,PC5A27CDE,CDE,PTP V
6387,2021-08-11 20:54:41,5794212,TRUCK,4,4585,PCF3AE602,602,PTP V
6388,2021-08-04 15:39:13,8280628,CAR,2,4722,PC035B71E,71E,PTC V
6389,2021-08-13 16:45:38,1210591,TRUCK,4,4912,PC526B1EC,1EC,PTE V
6390,2021-07-31 11:13:31,6670191,VAN,2,4454,PC94C0945,945,PTP V
6391,2021-08-03 21:24:23,3278407,CAR,2,4930,PC22F748B,48B,PTP V
6392,2021-08-08 05:53:46,3831656,CAR,2,4463,PCAB21FC5,FC5,PTP V
6393,2021-08-01 19:50:36,9943724,CAR,2,4043,PC134F258,258,PTC V
6394,2021-08-01 06:49:50,2744116,VAN,2,4368,PC909A324,324,PTE V
6395,2021-07-31 07:17:11,7758875,CAR,2,4019,PC63FF017,017,PTP V
6396,2021-08-21 03:28:55,200220,VAN,2,4466,PC6E93A05,A05,PTC V
6397,2021-08-19 10:57:23,6532873,VAN,2,4584,PC1085B78,B78,PTP V
6398,2021-08-11 08:26:10,4511754,CAR,2,5010,PC028872C,72C,PTP V
6399,2021-08-07 09:23:00,1441848,TRUCK,4,4765,PC795A0A3,0A3,PTP V
6400,2021-08-20 03:37:58,1738779,CAR,2,4883,PCB325DCD,DCD,PTC V
6401,2021-08-19 12:17:02,3142496,TRUCK,4,4436,PC0CF9451,451,PTC V
6402,2021-07-29 12:33:00,6333894,CAR,2,4414,PC40BD0F3,0F3,PTC V
6403,2021-08-05 00:47:19,3030422,TRUCK,4,4629,PCC5E1C04,C04,PTP V
6404,2021-07-30 09:28:04,4148300,TRUCK,4,4169,PC2890582,582,PTC V
6405,2021-07-30 03:43:03,8228076,CAR,2,4664,PC52D063A,63A,PTP V
6406,2021-08-22 00:49:37,6492950,VAN,2,4009,PCF984421,421,PTE V
6407,2021-08-05 09:15:54,9304035,CAR,2,4780,PC0A717C4,7C4,PTC V
6408,2021-08-12 14:04:14,7246327,CAR,2,4622,PCF31BD97,D97,PTC V
6409,2021-08-13 21:00:40,4443437,VAN,2,4344,PC417B8DF,8DF,PTC V
6410,2021-07-30 03:09:06,6078657,CAR,2,4927,PC2D22627,627,PTP V
6411,2021-08-08 12:05:24,1453497,CAR,2,4353,PC79BCF60,F60,PTP V
6412,2021-08-13 17:04:49,4092119,VAN,2,4622,PCF31BD97,D97,PTE V
6413,2021-08-12 06:06:06,6635703,TRUCK,4,4435,PC3E78C17,C17,PTE V
6414,2021-08-03 00:59:52,3276114,CAR,2,4818,PCF243BF3,BF3,PTP V
6415,2021-08-07 17:43:15,6293458,CAR,2,4974,PCDEB8E32,E32,PTE V
6416,2021-08-11 23:39:48,3454969,TRUCK,4,4028,PCE75C5C8,5C8,PTE V
6417,2021-08-05 11:38:10,140764,VAN,2,4036,PCE6CC50C,50C,PTE V
6418,2021-08-19 00:27:53,2073541,CAR,2,4755,PC628DCED,CED,PTP V
6419,2021-08-19 14:12:36,1316700,CAR,2,4974,PCDEB8E32,E32,PTC V
6420,2021-08-09 19:31:32,5487108,CAR,2,5004,PC2111CF9,CF9,PTE V
6421,2021-08-20 06:23:54,4496704,CAR,2,4906,PC3D58C5E,C5E,PTP V
6422,2021-08-08 03:53:51,9304884,CAR,2,4944,PC41EEC34,C34,PTE V
6423,2021-08-15 02:19:29,9158547,CAR,2,4141,PC13CB69B,69B,PTE V
6424,2021-08-15 15:20:53,4628822,CAR,2,4371,PC7E22FD8,FD8,PTC V
6425,2021-08-21 19:36:45,4820710,CAR,2,4352,PC99B9343,343,PTE V
6426,2021-08-20 13:26:06,2878976,CAR,2,4505,PCEF64195,195,PTE V
6427,2021-08-18 06:19:34,1602865,VAN,2,4948,PCBA2D075,075,PTP V
6428,2021-08-16 02:55:45,6263132,TRUCK,4,4781,PC0D83A1E,A1E,PTP V
6429,2021-08-01 22:34:58,3221240,VAN,2,4952,PC64CF233,233,PTE V
6430,2021-08-21 07:36:35,1585664,TRUCK,4,4709,PCC8C7059,059,PTP V
6431,2021-08-09 13:22:09,9616334,CAR,2,4110,PCF891CEB,CEB,PTC V
6432,2021-08-21 01:34:37,8239197,VAN,2,4851,PC0954183,183,PTE V
6433,2021-08-09 17:59:03,4371762,CAR,2,4926,PCCBCFEDE,EDE,PTP V
6434,2021-08-20 08:23:33,9622181,CAR,2,4293,PC2A27502,502,PTP V
6435,2021-08-22 16:27:29,6981270,CAR,2,4128,PCC0E7E2A,E2A,PTP V
6436,2021-08-22 18:01:32,7718772,TRUCK,4,4644,PC411FDC0,DC0,PTP V
6437,2021-08-07 18:33:47,1327352,VAN,2,4005,PCB3DF742,742,PTE V
6438,2021-07-30 01:10:06,490266,CAR,2,4436,PC0CF9451,451,PTP V
6439,2021-08-14 09:48:09,6845904,TRUCK,4,4816,PCB500A9F,A9F,PTE V
6440,2021-08-22 12:54:11,2186514,CAR,2,4452,PC8C7C5D7,5D7,PTC V
6441,2021-08-14 11:19:46,4906181,CAR,2,4007,PCDF9F773,773,PTE V
6442,2021-07-30 14:20:04,3151974,TRUCK,4,4933,PC419F41D,41D,PTE V
6443,2021-08-12 09:58:50,8151541,CAR,2,4916,PC62AF885,885,PTE V
6444,2021-08-06 14:27:03,8756483,VAN,2,4170,PC8CA1B15,B15,PTE V
6445,2021-08-05 15:19:59,4933652,CAR,2,4845,PCEEC0DB3,DB3,PTP V
6446,2021-08-16 12:41:47,1951855,CAR,2,4816,PCB500A9F,A9F,PTC V
6447,2021-08-10 08:21:22,4045401,CAR,2,4668,PCBB055C6,5C6,PTP V
6448,2021-08-13 14:17:32,2410258,TRUCK,4,4260,PC1A4796C,96C,PTE V
6449,2021-08-08 14:30:48,9352232,CAR,2,4265,PC5B2AFFA,FFA,PTC V
6450,2021-08-18 16:29:04,143791,CAR,2,4648,PC576AD85,D85,PTP V
6451,2021-08-12 21:27:29,4132867,CAR,2,4394,PCD3A817A,17A,PTP V
6452,2021-08-03 02:29:19,8033144,CAR,2,4230,PC19CE0DB,0DB,PTC V
6453,2021-08-04 23:48:58,6162143,CAR,2,4926,PCCBCFEDE,EDE,PTE V
6454,2021-08-07 00:11:41,9867199,CAR,2,4908,PC3D16FC5,FC5,PTP V
6455,2021-08-15 14:49:48,66722,VAN,2,4377,PC4AC8EAD,EAD,PTP V
6456,2021-08-07 14:08:56,1853314,CAR,2,4525,PCF64B519,519,PTE V
6457,2021-07-31 15:36:54,566891,TRUCK,4,4794,PC4E1366E,66E,PTC V
6458,2021-07-30 00:45:31,1104200,CAR,2,4687,PC52E7369,369,PTP V
6459,2021-08-09 20:16:59,5356292,CAR,2,4168,PCBC064F8,4F8,PTC V
6460,2021-07-30 22:05:59,5555440,CAR,2,4126,PC74CE451,451,PTE V
6461,2021-08-05 00:59:35,9795514,CAR,2,4174,PC041D874,874,PTC V
6462,2021-08-20 02:37:33,5697800,VAN,2,4505,PCEF64195,195,PTP V
6463,2021-08-21 21:01:35,4797792,CAR,2,4194,PC96AD1EB,1EB,PTE V
6464,2021-07-29 22:34:16,1005796,VAN,2,4113,PC78D4122,122,PTP V
6465,2021-08-11 07:50:37,5311506,VAN,2,4493,PC124B4C0,4C0,PTP V
6466,2021-08-12 10:53:52,8213402,TRUCK,4,4162,PC51A39A7,9A7,PTE V
6467,2021-08-13 20:01:00,6090266,CAR,2,4527,PC59A0CB2,CB2,PTE V
6468,2021-08-22 16:25:01,4754453,CAR,2,4161,PCF8F6133,133,PTP V
6469,2021-08-22 00:12:36,5336460,CAR,2,4813,PCACF7982,982,PTP V
6470,2021-08-17 16:30:38,546709,CAR,2,4907,PCCEEF65A,65A,PTP V
6471,2021-08-17 06:33:31,7970885,CAR,2,4996,PC6A4F55F,55F,PTP V
6472,2021-08-12 08:10:57,7772020,CAR,2,4481,PC30AAE76,E76,PTP V
6473,2021-08-14 19:25:59,6447244,TRUCK,4,4617,PC7758F89,F89,PTP V
6474,2021-08-14 03:58:33,7837464,TRUCK,4,4508,PC385C6E7,6E7,PTC V
6475,2021-08-14 19:57:39,9138169,TRUCK,4,4255,PCB7E7138,138,PTE V
6476,2021-08-11 00:57:12,571773,CAR,2,4577,PC8FE0901,901,PTP V
6477,2021-08-04 23:39:53,7623253,CAR,2,4077,PCF40C389,389,PTP V
6478,2021-08-09 13:57:26,5160997,TRUCK,4,4680,PCC422F4D,F4D,PTC V
6479,2021-08-02 13:28:30,9826011,TRUCK,4,4925,PCE5E04A2,4A2,PTE V
6480,2021-08-05 04:22:13,2245750,TRUCK,4,4841,PCE45DE8D,E8D,PTC V
6481,2021-08-06 10:57:38,9105296,TRUCK,4,4414,PC40BD0F3,0F3,PTP V
6482,2021-08-20 16:13:03,9677518,CAR,2,4118,PCC1A733C,33C,PTP V
6483,2021-07-29 22:49:02,9447576,CAR,2,4730,PC7DC0964,964,PTE V
6484,2021-08-20 04:34:51,277881,CAR,2,4011,PC680DEC6,EC6,PTE V
6485,2021-08-03 05:05:02,8494068,CAR,2,4951,PCE9CE23F,23F,PTE V
6486,2021-08-03 14:30:25,6126414,CAR,2,4506,PCB24B68E,68E,PTE V
6487,2021-08-04 18:43:25,9792878,CAR,2,5007,PC869BDE8,DE8,PTC V
6488,2021-08-18 02:50:30,3341046,TRUCK,4,4991,PC5B5C16D,16D,PTE V
6489,2021-08-11 22:33:20,3683038,CAR,2,4854,PCB6F1968,968,PTC V
6490,2021-08-04 07:08:26,8975642,CAR,2,4022,PCF135377,377,PTE V
6491,2021-08-03 14:30:57,4613591,TRUCK,4,4005,PCB3DF742,742,PTP V
6492,2021-08-06 06:49:44,5016879,VAN,2,4230,PC19CE0DB,0DB,PTP V
6493,2021-08-08 18:15:47,9789287,TRUCK,4,4646,PC3F8C42B,42B,PTE V
6494,2021-08-07 23:14:05,983226,CAR,2,4799,PCC3A370A,70A,PTC V
6495,2021-08-06 05:31:54,2407875,CAR,2,4784,PCDB42B34,B34,PTP V
6496,2021-08-22 14:57:12,9378703,TRUCK,4,4806,PC8A8EA51,A51,PTP V
6497,2021-08-12 06:00:31,3909229,CAR,2,4459,PCD9CAD56,D56,PTC V
6498,2021-08-04 11:19:52,3687166,CAR,2,4899,PC4967767,767,PTC V
6499,2021-07-29 20:26:27,1425121,CAR,2,4955,PCE36723C,23C,PTP V
6500,2021-08-16 19:49:42,9857474,CAR,2,4048,PC1FE6483,483,PTC V
6501,2021-08-14 12:56:42,360909,TRUCK,4,4621,PC9FB4E82,E82,PTE V
6502,2021-08-13 17:30:22,1595750,CAR,2,4056,PC9FBBA67,A67,PTE V
6503,2021-08-11 05:40:22,8956321,CAR,2,4617,PC7758F89,F89,PTP V
6504,2021-08-14 21:31:05,2711750,CAR,2,4319,PCAD79413,413,PTP V
6505,2021-08-03 20:34:03,8208577,CAR,2,4831,PC0EC3E54,E54,PTC V
6506,2021-08-16 02:32:20,7169495,CAR,2,4301,PC540E129,129,PTE V
6507,2021-08-13 05:16:27,4754281,CAR,2,4834,PCB228987,987,PTE V
6508,2021-07-31 03:55:32,1468073,CAR,2,4593,PC3863F6A,F6A,PTC V
6509,2021-08-01 07:35:32,1523638,VAN,2,4879,PCC90A061,061,PTC V
6510,2021-08-22 10:07:43,1528855,CAR,2,4730,PC7DC0964,964,PTC V
6511,2021-08-08 05:52:47,9322598,CAR,2,4949,PC86E9EB7,EB7,PTP V
6512,2021-08-05 04:36:56,6739096,CAR,2,4981,PC6B14C5D,C5D,PTP V
6513,2021-08-20 09:42:48,1732352,CAR,2,4456,PC8DFF744,744,PTP V
6514,2021-08-17 00:49:24,2591459,CAR,2,4529,PC3FAA264,264,PTC V
6515,2021-08-14 01:57:50,4361893,CAR,2,4923,PC8A7A22A,22A,PTC V
6516,2021-08-08 17:17:27,1543050,CAR,2,4781,PC0D83A1E,A1E,PTP V
6517,2021-08-06 22:24:49,2135574,CAR,2,4488,PC19D06B0,6B0,PTE V
6518,2021-08-04 13:11:35,1898613,VAN,2,4827,PC7D68CD9,CD9,PTP V
6519,2021-08-08 03:46:46,6543966,VAN,2,4843,PC400DFFE,FFE,PTC V
6520,2021-08-22 08:44:03,9966239,TRUCK,4,4926,PCCBCFEDE,EDE,PTC V
6521,2021-08-15 06:54:04,7951199,TRUCK,4,4962,PCF858E11,E11,PTP V
6522,2021-08-09 08:35:37,8058038,TRUCK,4,4033,PC783B5FC,5FC,PTP V
6523,2021-07-30 02:32:16,2008469,CAR,2,4696,PC35509AB,9AB,PTP V
6524,2021-08-10 17:38:16,6570614,TRUCK,4,4852,PC68969FB,9FB,PTC V
6525,2021-07-29 15:04:33,6470485,CAR,2,4842,PC16F5A24,A24,PTE V
6526,2021-08-10 18:15:25,1278066,CAR,2,4340,PC3A6DBC9,BC9,PTE V
6527,2021-08-11 05:46:06,1108006,CAR,2,4454,PC94C0945,945,PTC V
6528,2021-08-03 14:02:13,3298398,TRUCK,4,4220,PC02FEF7D,F7D,PTP V
6529,2021-08-22 09:48:01,8217502,CAR,2,4651,PC12D9486,486,PTP V
6530,2021-08-20 19:56:05,8910811,CAR,2,4781,PC0D83A1E,A1E,PTE V
6531,2021-08-01 21:43:29,3893900,CAR,2,4418,PCF6EECB2,CB2,PTP V
6532,2021-08-01 01:11:34,1946295,CAR,2,4645,PC14FBE4A,E4A,PTC V
6533,2021-08-01 02:10:00,5570653,VAN,2,4217,PC6E8D0F9,0F9,PTE V
6534,2021-08-16 18:10:54,8522385,CAR,2,4625,PC186BCA8,CA8,PTP V
6535,2021-07-29 23:39:42,7830038,CAR,2,4452,PC8C7C5D7,5D7,PTP V
6536,2021-08-08 13:34:10,7815048,CAR,2,4282,PCCE002E5,2E5,PTE V
6537,2021-08-12 02:37:08,5843916,CAR,2,4636,PCDECFC74,C74,PTC V
6538,2021-08-10 16:44:21,4012948,VAN,2,4351,PC4E572D8,2D8,PTP V
6539,2021-08-02 22:43:12,367244,TRUCK,4,4517,PC9AF321D,21D,PTC V
6540,2021-08-19 14:33:57,6362765,CAR,2,4283,PC953B572,572,PTC V
6541,2021-08-16 08:09:34,9893489,CAR,2,4068,PC55432DA,2DA,PTC V
6542,2021-08-15 18:03:20,1981161,VAN,2,4981,PC6B14C5D,C5D,PTP V
6543,2021-08-19 05:05:01,7299518,CAR,2,4475,PCCC0D001,001,PTE V
6544,2021-08-09 19:34:34,8133131,VAN,2,4538,PCDE5402C,02C,PTP V
6545,2021-08-07 03:59:01,5277939,CAR,2,4487,PCA92F2BD,2BD,PTE V
6546,2021-08-14 13:34:32,4952253,TRUCK,4,4935,PC327D635,635,PTE V
6547,2021-08-19 18:23:05,1184258,CAR,2,4368,PC909A324,324,PTC V
6548,2021-08-16 00:42:19,617969,CAR,2,4073,PCA3797CA,7CA,PTC V
6549,2021-08-16 23:20:18,2123627,VAN,2,4785,PC787D664,664,PTP V
6550,2021-08-16 09:23:11,1129931,CAR,2,4966,PC4E6422C,22C,PTC V
6551,2021-08-21 02:57:49,9169455,CAR,2,4520,PC8140983,983,PTC V
6552,2021-07-29 18:53:40,7452123,CAR,2,4583,PC0567192,192,PTP V
6553,2021-08-03 00:16:44,5578585,TRUCK,4,4166,PCE450C55,C55,PTC V
6554,2021-08-01 12:39:27,7175956,CAR,2,4732,PCD83DE25,E25,PTC V
6555,2021-08-13 00:08:52,367667,TRUCK,4,4666,PCE8CBA37,A37,PTP V
6556,2021-08-19 06:53:17,9914664,TRUCK,4,4891,PC57036DA,6DA,PTC V
6557,2021-08-16 17:08:30,9878421,VAN,2,4289,PCF621E92,E92,PTP V
6558,2021-08-11 15:36:39,5792978,TRUCK,4,4745,PC6397888,888,PTE V
6559,2021-08-13 01:58:13,2685223,TRUCK,4,4340,PC3A6DBC9,BC9,PTE V
6560,2021-08-01 07:04:36,668503,TRUCK,4,4190,PCDFC1E11,E11,PTE V
6561,2021-08-03 05:45:38,7946319,TRUCK,4,4546,PCEF3EBBC,BBC,PTC V
6562,2021-08-17 16:24:07,572476,CAR,2,4264,PC9DFEBB0,BB0,PTP V
6563,2021-08-11 21:57:19,8194454,TRUCK,4,4380,PC905B5D4,5D4,PTP V
6564,2021-08-08 08:59:59,1392444,CAR,2,4509,PCA2E8463,463,PTC V
6565,2021-08-01 17:33:27,5020797,TRUCK,4,4694,PCBCF42C2,2C2,PTP V
6566,2021-08-13 16:45:17,313904,TRUCK,4,4556,PC18C31F6,1F6,PTC V
6567,2021-08-06 16:00:26,8040965,CAR,2,4775,PCA50FB36,B36,PTC V
6568,2021-08-11 22:50:53,1803952,CAR,2,4876,PCDFCFF53,F53,PTE V
6569,2021-08-19 13:53:43,1853614,VAN,2,4348,PCD66314D,14D,PTE V
6570,2021-08-21 01:13:47,4210083,CAR,2,4052,PC25E70B7,0B7,PTC V
6571,2021-08-03 07:52:26,9586781,VAN,2,4926,PCCBCFEDE,EDE,PTE V
6572,2021-08-02 08:48:05,8013527,TRUCK,4,4090,PC1EE951B,51B,PTP V
6573,2021-08-03 22:11:25,3358128,CAR,2,4679,PC88494D0,4D0,PTC V
6574,2021-08-12 18:58:38,8033887,VAN,2,5000,PCFE7F7FE,7FE,PTC V
6575,2021-08-15 22:39:47,9800715,CAR,2,4028,PCE75C5C8,5C8,PTC V
6576,2021-08-10 13:02:32,8787462,TRUCK,4,4931,PC3D30AD0,AD0,PTE V
6577,2021-08-09 01:59:18,3003188,CAR,2,4195,PC308070B,70B,PTP V
6578,2021-07-31 01:34:18,3190303,CAR,2,4376,PCA283923,923,PTE V
6579,2021-08-20 10:05:11,9131620,TRUCK,4,4446,PC7F1A5B9,5B9,PTP V
6580,2021-07-31 22:04:21,7365963,TRUCK,4,4156,PC6BCA05F,05F,PTC V
6581,2021-07-29 13:22:07,9338540,CAR,2,4146,PCF91266E,66E,PTE V
6582,2021-08-01 06:18:51,4392682,TRUCK,4,4853,PC214FB8E,B8E,PTC V
6583,2021-08-16 22:08:44,9357096,CAR,2,4171,PC36C9AE8,AE8,PTC V
6584,2021-08-02 09:51:23,4775175,CAR,2,4734,PCE4C5D8E,D8E,PTE V
6585,2021-08-09 18:20:01,485029,CAR,2,4914,PC2F353E1,3E1,PTC V
6586,2021-08-18 23:30:24,1597629,TRUCK,4,4523,PC0005AC7,AC7,PTE V
6587,2021-08-19 00:44:30,2040214,CAR,2,4089,PC3CCA187,187,PTC V
6588,2021-08-02 02:34:04,5901469,CAR,2,4431,PC3A23C14,C14,PTE V
6589,2021-08-18 16:16:03,5025180,CAR,2,4218,PC8DF4919,919,PTC V
6590,2021-07-31 15:47:12,474452,TRUCK,4,4389,PC7688C61,C61,PTP V
6591,2021-08-06 12:57:10,8370992,CAR,2,4918,PC8F8E598,598,PTE V
6592,2021-08-11 02:13:15,5519114,TRUCK,4,4891,PC57036DA,6DA,PTC V
6593,2021-08-21 19:47:26,7150667,CAR,2,4761,PCB206182,182,PTC V
6594,2021-08-08 13:44:53,7909411,CAR,2,4485,PC99A12E9,2E9,PTP V
6595,2021-08-05 08:02:04,4945875,CAR,2,4033,PC783B5FC,5FC,PTP V
6596,2021-08-19 19:25:29,2948148,CAR,2,4833,PC71A1452,452,PTC V
6597,2021-08-04 15:20:27,2074636,CAR,2,4875,PC40FC710,710,PTC V
6598,2021-08-22 14:56:36,3785083,CAR,2,4359,PCB27CFF1,FF1,PTE V
6599,2021-08-08 09:49:50,7271234,CAR,2,4200,PCBA86754,754,PTC V
6600,2021-08-04 10:12:49,8088215,VAN,2,4294,PC867796D,96D,PTC V
6601,2021-08-20 01:52:01,4436532,CAR,2,4883,PCB325DCD,DCD,PTE V
6602,2021-08-02 14:40:59,9652796,VAN,2,4166,PCE450C55,C55,PTP V
6603,2021-08-10 15:22:18,2253490,VAN,2,4241,PC7241796,796,PTC V
6604,2021-08-17 23:44:36,5072481,TRUCK,4,4893,PC3743587,587,PTP V
6605,2021-08-14 10:05:40,2238626,CAR,2,4160,PC6DC0ACF,ACF,PTE V
6606,2021-08-20 18:50:30,1687180,VAN,2,4832,PC34ECAB5,AB5,PTC V
6607,2021-08-07 11:29:04,1790621,CAR,2,4823,PC89A3BCF,BCF,PTE V
6608,2021-08-10 16:08:06,1906164,VAN,2,4592,PC627AA14,A14,PTE V
6609,2021-07-30 15:40:17,8945362,VAN,2,4603,PC485BE5B,E5B,PTE V
6610,2021-08-15 22:22:24,5744254,CAR,2,4512,PC4B1BAF3,AF3,PTP V
6611,2021-07-31 12:41:53,8064573,TRUCK,4,4813,PCACF7982,982,PTE V
6612,2021-08-13 06:46:47,8756016,CAR,2,4518,PCC7B407A,07A,PTC V
6613,2021-07-29 22:59:46,7528434,CAR,2,4504,PC461DCD3,CD3,PTE V
6614,2021-08-15 13:01:31,7143640,CAR,2,4944,PC41EEC34,C34,PTE V
6615,2021-08-20 01:00:32,9184553,CAR,2,4342,PCE7F2748,748,PTP V
6616,2021-08-07 06:25:05,4811102,CAR,2,4872,PC5B45CE7,CE7,PTP V
6617,2021-08-02 06:41:50,9232978,CAR,2,4001,PC58105BF,5BF,PTE V
6618,2021-08-19 18:49:37,8913787,CAR,2,4620,PC43973F9,3F9,PTP V
6619,2021-08-13 07:40:50,7447233,CAR,2,4456,PC8DFF744,744,PTP V
6620,2021-08-08 07:44:34,4355637,TRUCK,4,4721,PCE937423,423,PTC V
6621,2021-07-29 19:55:56,5594430,CAR,2,4195,PC308070B,70B,PTC V
6622,2021-08-13 02:22:12,8501187,TRUCK,4,4669,PC36675CE,5CE,PTP V
6623,2021-08-14 16:37:42,998658,TRUCK,4,4705,PC174C464,464,PTE V
6624,2021-08-12 21:11:32,4271488,CAR,2,4638,PCB7AC8AA,8AA,PTC V
6625,2021-08-05 14:22:06,6480661,VAN,2,4204,PC5881E06,E06,PTE V
6626,2021-08-08 14:53:43,1168435,CAR,2,4956,PCB7040B7,0B7,PTP V
6627,2021-08-14 13:01:30,4445543,CAR,2,4107,PC7607A5D,A5D,PTE V
6628,2021-08-02 15:57:39,9435214,CAR,2,4366,PC09D71DF,1DF,PTP V
6629,2021-08-01 23:15:17,2745374,TRUCK,4,4728,PC07BF95F,95F,PTE V
6630,2021-08-08 01:37:06,3827285,TRUCK,4,4063,PC7667A3E,A3E,PTC V
6631,2021-08-22 08:01:57,8679891,CAR,2,4984,PCBABF130,130,PTE V
6632,2021-08-03 00:06:47,2834528,CAR,2,4210,PC5613FC5,FC5,PTE V
6633,2021-08-15 20:51:06,5996271,VAN,2,4179,PC5738A82,A82,PTC V
6634,2021-08-20 23:16:40,9645673,CAR,2,4101,PCCC8F243,243,PTC V
6635,2021-08-09 05:31:00,490523,CAR,2,5009,PC70886EC,6EC,PTE V
6636,2021-08-12 11:13:19,3752647,CAR,2,4664,PC52D063A,63A,PTC V
6637,2021-08-09 09:39:43,147985,CAR,2,4049,PC4779D38,D38,PTE V
6638,2021-08-08 21:59:55,736217,CAR,2,4596,PC6558A56,A56,PTP V
6639,2021-08-13 08:05:46,9890446,TRUCK,4,4878,PC08F56A1,6A1,PTP V
6640,2021-08-10 09:40:31,4509224,CAR,2,4478,PCB02917E,17E,PTP V
6641,2021-08-10 10:28:19,4646853,CAR,2,4127,PCA2D76A5,6A5,PTE V
6642,2021-08-19 04:51:24,4974881,CAR,2,4447,PC6B030C6,0C6,PTE V
6643,2021-08-09 19:33:19,388965,CAR,2,4066,PC883FCA9,CA9,PTE V
6644,2021-08-02 00:28:00,7014537,CAR,2,4009,PCF984421,421,PTP V
6645,2021-08-04 02:04:05,14785,TRUCK,4,4649,PCC3608EC,8EC,PTC V
6646,2021-08-12 19:40:34,8283894,TRUCK,4,4429,PC65E7991,991,PTC V
6647,2021-07-31 00:40:28,5507098,CAR,2,4245,PC6594AD4,AD4,PTE V
6648,2021-08-02 13:04:06,1823242,CAR,2,4438,PC665A28E,28E,PTC V
6649,2021-08-01 10:07:34,2926550,TRUCK,4,4244,PC9F3C86B,86B,PTC V
6650,2021-08-15 01:50:46,1356961,TRUCK,4,4211,PC0AB9251,251,PTP V
6651,2021-08-09 02:21:00,5982296,CAR,2,4802,PCBDD55F1,5F1,PTP V
6652,2021-08-14 12:27:49,1948011,CAR,2,4624,PCDF73A3C,A3C,PTP V
6653,2021-08-08 14:05:12,9579032,CAR,2,4755,PC628DCED,CED,PTP V
6654,2021-08-01 09:00:47,6636801,CAR,2,4895,PC37F171A,71A,PTP V
6655,2021-08-20 10:09:04,5591121,CAR,2,4186,PC922BA3E,A3E,PTE V
6656,2021-08-02 04:01:43,4924788,CAR,2,4210,PC5613FC5,FC5,PTP V
6657,2021-08-02 16:01:35,8390314,VAN,2,4469,PC120EEFD,EFD,PTP V
6658,2021-08-19 03:05:07,9329771,CAR,2,4890,PCAFC8A56,A56,PTC V
6659,2021-08-12 19:52:24,7589746,CAR,2,4406,PC7A54E18,E18,PTP V
6660,2021-08-07 11:15:49,1088514,CAR,2,4358,PC32FB72C,72C,PTE V
6661,2021-08-09 07:27:15,7265695,CAR,2,4635,PC3C8B99E,99E,PTC V
6662,2021-08-21 22:09:26,6228888,TRUCK,4,4712,PC94168A2,8A2,PTP V
6663,2021-08-15 17:12:05,682247,VAN,2,4205,PC85DD257,257,PTE V
6664,2021-08-08 05:04:17,5179514,VAN,2,4826,PCE1DDBB4,BB4,PTP V
6665,2021-08-01 03:21:35,8924597,CAR,2,4742,PC05B8749,749,PTC V
6666,2021-08-10 08:52:44,6197965,CAR,2,4399,PCCA288FE,8FE,PTP V
6667,2021-08-01 03:44:44,103239,VAN,2,4589,PC1477DC9,DC9,PTC V
6668,2021-08-14 18:54:20,2546390,CAR,2,4870,PC65485BB,5BB,PTP V
6669,2021-08-09 09:16:07,3868700,CAR,2,4225,PCC1ED0C5,0C5,PTP V
6670,2021-08-21 07:42:27,7010426,CAR,2,4968,PC251D4C1,4C1,PTE V
6671,2021-08-05 10:28:12,5361657,CAR,2,4874,PC9F481D4,1D4,PTC V
6672,2021-08-06 04:34:50,8235838,CAR,2,4855,PC03C5C15,C15,PTC V
6673,2021-07-30 04:48:36,2723522,CAR,2,4740,PC04EDDB4,DB4,PTP V
6674,2021-08-19 23:32:09,2482739,CAR,2,4064,PC0B32B5B,B5B,PTE V
6675,2021-08-08 23:10:02,4807539,VAN,2,4618,PC8F4AF85,F85,PTP V
6676,2021-08-02 09:43:57,1346376,CAR,2,4489,PCEFF6088,088,PTP V
6677,2021-07-31 07:42:36,8271541,CAR,2,4131,PC4C9B108,108,PTE V
6678,2021-08-16 11:11:18,7291605,CAR,2,4012,PCEF5C190,190,PTP V
6679,2021-08-10 16:03:03,504247,TRUCK,4,4779,PCC8FE9C6,9C6,PTP V
6680,2021-07-29 16:21:55,3931209,CAR,2,4675,PCE49911B,11B,PTC V
6681,2021-08-01 12:54:01,2640920,TRUCK,4,4875,PC40FC710,710,PTE V
6682,2021-08-07 03:50:59,5127807,TRUCK,4,4250,PCC695DB0,DB0,PTP V
6683,2021-08-01 21:48:57,3290670,TRUCK,4,4900,PCFE8B604,604,PTC V
6684,2021-07-31 01:56:27,7474768,CAR,2,4941,PCA6403C1,3C1,PTE V
6685,2021-08-11 15:47:55,1155463,CAR,2,4056,PC9FBBA67,A67,PTE V
6686,2021-08-12 23:21:19,1941667,VAN,2,4843,PC400DFFE,FFE,PTC V
6687,2021-08-04 02:56:38,7699919,TRUCK,4,4296,PCA24C1E1,1E1,PTE V
6688,2021-08-11 08:55:20,30663,VAN,2,4806,PC8A8EA51,A51,PTE V
6689,2021-08-05 19:10:58,3508179,CAR,2,4789,PCBE8B2AB,2AB,PTP V
6690,2021-08-03 21:10:51,2996533,TRUCK,4,4139,PC924C594,594,PTP V
6691,2021-08-19 01:10:41,710266,CAR,2,4743,PCE6EEF2E,F2E,PTC V
6692,2021-08-05 19:47:41,3625487,CAR,2,4857,PC59F4E22,E22,PTC V
6693,2021-08-09 01:46:33,3804289,VAN,2,4966,PC4E6422C,22C,PTE V
6694,2021-08-15 01:29:46,3633222,TRUCK,4,4788,PC00AE965,965,PTP V
6695,2021-08-20 08:34:58,7234994,CAR,2,4911,PCBEF8EE1,EE1,PTC V
6696,2021-08-19 21:07:32,8537102,TRUCK,4,4594,PC59414DA,4DA,PTP V
6697,2021-08-10 19:41:15,5636293,CAR,2,4168,PCBC064F8,4F8,PTE V
6698,2021-08-06 21:21:13,6318531,CAR,2,4514,PC374C341,341,PTE V
6699,2021-08-12 19:44:56,1813661,TRUCK,4,4642,PC17D596F,96F,PTC V
6700,2021-08-22 08:14:44,8311174,CAR,2,4303,PC2E2E0C0,0C0,PTE V
6701,2021-08-10 05:33:26,9695983,CAR,2,4157,PC7305E43,E43,PTE V
6702,2021-08-20 07:10:12,3661251,CAR,2,4728,PC07BF95F,95F,PTC V
6703,2021-08-03 13:58:29,8284384,VAN,2,4370,PC70B7987,987,PTE V
6704,2021-08-22 06:01:51,1527216,CAR,2,4642,PC17D596F,96F,PTC V
6705,2021-08-06 00:11:27,63803,TRUCK,4,4241,PC7241796,796,PTE V
6706,2021-08-04 14:54:13,1699956,CAR,2,4840,PC49BFB36,B36,PTP V
6707,2021-08-14 10:04:10,1326692,CAR,2,4723,PC20BD6E6,6E6,PTE V
6708,2021-08-21 23:10:31,7114063,CAR,2,4559,PC93AAEC9,EC9,PTC V
6709,2021-08-03 20:06:22,9648481,TRUCK,4,4596,PC6558A56,A56,PTE V
6710,2021-08-11 22:35:04,3060365,CAR,2,4720,PCDD23528,528,PTP V
6711,2021-08-04 05:00:09,4573127,CAR,2,4964,PC52C0F45,F45,PTP V
6712,2021-08-18 20:39:25,5306644,CAR,2,4070,PCEECA8B2,8B2,PTC V
6713,2021-08-11 04:59:08,1148277,CAR,2,4746,PC0514825,825,PTP V
6714,2021-07-30 23:03:59,640775,VAN,2,4999,PCE976BA1,BA1,PTE V
6715,2021-07-30 06:31:56,168191,CAR,2,4945,PC95BD14B,14B,PTC V
6716,2021-08-10 00:09:27,8841223,CAR,2,4529,PC3FAA264,264,PTP V
6717,2021-08-19 10:30:41,12232,CAR,2,4044,PC3546931,931,PTE V
6718,2021-08-07 11:31:06,4836654,CAR,2,4314,PC7E9E8F3,8F3,PTC V
6719,2021-08-21 00:03:05,3435608,CAR,2,4874,PC9F481D4,1D4,PTP V
6720,2021-08-20 17:53:14,8122285,CAR,2,4148,PCDFBBEBB,EBB,PTP V
6721,2021-08-03 10:53:08,5252826,CAR,2,4555,PC06A0237,237,PTP V
6722,2021-08-11 07:50:34,8852409,CAR,2,4312,PC8D40B22,B22,PTE V
6723,2021-08-20 04:48:16,4177009,TRUCK,4,4819,PC454F09B,09B,PTP V
6724,2021-08-12 17:01:57,4742987,CAR,2,4482,PCB6A16D7,6D7,PTE V
6725,2021-08-07 04:10:26,2697545,TRUCK,4,4473,PC51FDD60,D60,PTC V
6726,2021-07-30 05:16:11,4864525,VAN,2,4886,PC4D892D7,2D7,PTP V
6727,2021-08-06 00:45:18,781473,CAR,2,4223,PCA37D114,114,PTC V
6728,2021-08-10 17:36:52,3659825,CAR,2,4685,PC5D33C18,C18,PTC V
6729,2021-08-06 22:59:08,9177267,VAN,2,4699,PC2C1B987,987,PTP V
6730,2021-08-17 08:44:32,4304060,CAR,2,4474,PCFEAE55E,55E,PTE V
6731,2021-08-12 15:11:28,7507437,CAR,2,4348,PCD66314D,14D,PTC V
6732,2021-08-13 15:57:28,824080,CAR,2,4722,PC035B71E,71E,PTC V
6733,2021-08-01 12:15:35,4402574,TRUCK,4,4318,PCAD89FE3,FE3,PTC V
6734,2021-08-21 07:03:50,4777388,CAR,2,4102,PC8C9B099,099,PTP V
6735,2021-08-13 17:01:06,7034558,CAR,2,4666,PCE8CBA37,A37,PTP V
6736,2021-08-17 17:48:17,7468158,VAN,2,4630,PCA26D872,872,PTC V
6737,2021-08-19 20:15:40,5037030,TRUCK,4,4167,PC8453073,073,PTP V
6738,2021-08-09 13:10:35,3553647,TRUCK,4,4317,PC0DC6CAB,CAB,PTC V
6739,2021-07-31 17:49:22,2969300,TRUCK,4,4995,PCBE6ABE5,BE5,PTP V
6740,2021-08-18 19:17:56,8848240,CAR,2,4390,PC983A913,913,PTE V
6741,2021-08-05 20:29:39,9299841,CAR,2,4335,PC76935F9,5F9,PTC V
6742,2021-08-08 02:48:07,3083270,VAN,2,4413,PC6C88C27,C27,PTE V
6743,2021-08-15 00:36:20,312168,CAR,2,4143,PC5F47DCF,DCF,PTP V
6744,2021-08-13 10:54:59,5262503,CAR,2,4045,PCE952492,492,PTC V
6745,2021-08-07 10:09:18,9592823,CAR,2,4021,PC851E565,565,PTP V
6746,2021-08-01 14:35:08,9226397,CAR,2,4239,PCA185B1A,B1A,PTP V
6747,2021-08-16 19:36:06,9342836,CAR,2,4853,PC214FB8E,B8E,PTP V
6748,2021-08-10 00:32:28,7945787,CAR,2,4994,PC09C5F59,F59,PTP V
6749,2021-08-01 04:47:09,2117317,TRUCK,4,4770,PC9082A17,A17,PTC V
6750,2021-08-14 07:51:48,4366092,CAR,2,4550,PC21A1833,833,PTP V
6751,2021-07-30 06:20:04,2458366,TRUCK,4,4807,PCAFC45DA,5DA,PTE V
6752,2021-07-30 13:57:19,748254,CAR,2,4515,PC6A1B37B,37B,PTP V
6753,2021-08-19 20:59:26,9604965,TRUCK,4,4556,PC18C31F6,1F6,PTE V
6754,2021-08-04 01:31:14,6749342,VAN,2,4736,PC6A65941,941,PTP V
6755,2021-08-17 02:37:13,4354076,TRUCK,4,4808,PC2729737,737,PTC V
6756,2021-08-05 07:15:39,2685363,CAR,2,4703,PC395ADCB,DCB,PTP V
6757,2021-08-16 23:20:15,3665885,TRUCK,4,4995,PCBE6ABE5,BE5,PTE V
6758,2021-08-02 03:41:41,411656,CAR,2,4593,PC3863F6A,F6A,PTC V
6759,2021-08-06 11:58:08,7141939,TRUCK,4,4178,PC8417B09,B09,PTE V
6760,2021-08-06 15:37:10,2436279,TRUCK,4,4705,PC174C464,464,PTP V
6761,2021-08-02 14:20:19,2603545,TRUCK,4,4311,PC7F02ED3,ED3,PTC V
6762,2021-08-06 14:41:17,4191313,CAR,2,4715,PCFA0E4C0,4C0,PTC V
6763,2021-08-20 16:13:05,1930006,TRUCK,4,4179,PC5738A82,A82,PTC V
6764,2021-08-11 22:45:29,1903722,TRUCK,4,4285,PCB524A9F,A9F,PTP V
6765,2021-08-12 02:58:41,1672932,CAR,2,4423,PCF9F4940,940,PTE V
6766,2021-08-17 00:36:28,8159470,CAR,2,4800,PCA4DF48A,48A,PTP V
6767,2021-08-03 18:39:41,3414314,CAR,2,4968,PC251D4C1,4C1,PTE V
6768,2021-08-09 22:39:56,9791955,CAR,2,4121,PCEC57A8E,A8E,PTP V
6769,2021-08-15 01:55:47,4810234,CAR,2,4586,PC4A40D50,D50,PTP V
6770,2021-08-15 05:42:48,8160937,CAR,2,4072,PC69F3F14,F14,PTP V
6771,2021-08-16 18:50:37,5796760,CAR,2,4369,PCD5CBB82,B82,PTE V
6772,2021-08-06 11:38:25,8317427,CAR,2,4568,PCA8A783A,83A,PTE V
6773,2021-08-13 04:17:14,1645359,CAR,2,4849,PCF764517,517,PTP V
6774,2021-08-13 09:48:21,8985790,CAR,2,4590,PC912F5CB,5CB,PTE V
6775,2021-08-02 12:10:37,3167933,CAR,2,4170,PC8CA1B15,B15,PTC V
6776,2021-08-18 03:45:41,9362304,CAR,2,4064,PC0B32B5B,B5B,PTE V
6777,2021-08-04 18:37:01,2888854,CAR,2,4370,PC70B7987,987,PTE V
6778,2021-08-18 04:36:40,5588176,CAR,2,4064,PC0B32B5B,B5B,PTP V
6779,2021-08-19 15:57:50,4641181,CAR,2,4064,PC0B32B5B,B5B,PTP V
6780,2021-08-02 22:59:42,3734630,CAR,2,4121,PCEC57A8E,A8E,PTC V
6781,2021-08-16 16:20:31,9417795,TRUCK,4,4323,PC1D9ADA9,DA9,PTC V
6782,2021-08-04 11:03:55,582786,VAN,2,4408,PC3B3BE8F,E8F,PTE V
6783,2021-08-03 09:18:38,606997,TRUCK,4,4714,PC9B747F8,7F8,PTE V
6784,2021-08-02 12:58:14,4216405,TRUCK,4,4112,PCEA652A8,2A8,PTC V
6785,2021-08-04 18:23:29,9117427,CAR,2,4249,PC6D2FAD0,AD0,PTP V
6786,2021-08-12 07:52:28,3488938,CAR,2,4393,PC93CE517,517,PTP V
6787,2021-08-21 18:09:33,1118353,CAR,2,4115,PCF5D4B0A,B0A,PTP V
6788,2021-08-07 16:09:38,6622258,TRUCK,4,4419,PC99BB7A3,7A3,PTC V
6789,2021-08-19 03:10:23,7666487,CAR,2,4981,PC6B14C5D,C5D,PTE V
6790,2021-08-08 17:44:06,6733383,VAN,2,4134,PC767BBB2,BB2,PTP V
6791,2021-08-15 00:33:05,2455797,CAR,2,4789,PCBE8B2AB,2AB,PTE V
6792,2021-08-20 05:35:01,79083,CAR,2,4592,PC627AA14,A14,PTP V
6793,2021-07-31 13:42:29,1690102,TRUCK,4,4986,PC9787B8A,B8A,PTE V
6794,2021-07-31 07:00:51,2091012,CAR,2,4914,PC2F353E1,3E1,PTP V
6795,2021-08-11 23:36:37,9018407,CAR,2,4433,PC1DEB043,043,PTE V
6796,2021-08-05 05:27:32,2481299,TRUCK,4,4142,PC7ACFF7C,F7C,PTP V
6797,2021-08-10 06:52:17,5000871,TRUCK,4,4319,PCAD79413,413,PTP V
6798,2021-08-02 02:58:33,9924365,CAR,2,4415,PC5E202FC,2FC,PTP V
6799,2021-08-18 19:56:18,7747691,TRUCK,4,4726,PCF6540C0,0C0,PTE V
6800,2021-08-13 09:58:34,6848367,CAR,2,4109,PC7057B6A,B6A,PTP V
6801,2021-08-04 03:00:03,8540973,CAR,2,4149,PC99F9ABD,ABD,PTC V
6802,2021-08-04 08:51:06,3986034,CAR,2,4467,PCF5E0389,389,PTC V
6803,2021-08-12 22:59:36,8414000,CAR,2,4017,PCC090C3A,C3A,PTP V
6804,2021-08-04 12:29:31,2549259,CAR,2,4830,PC12EEFE0,FE0,PTP V
6805,2021-08-13 22:36:36,2059759,VAN,2,4478,PCB02917E,17E,PTE V
6806,2021-08-01 19:47:53,3561667,CAR,2,4119,PC9EBEDB5,DB5,PTP V
6807,2021-08-06 20:31:16,6082300,TRUCK,4,4895,PC37F171A,71A,PTC V
6808,2021-08-04 13:01:20,9034370,CAR,2,4342,PCE7F2748,748,PTC V
6809,2021-08-03 05:42:47,2336325,CAR,2,4990,PCFE28E92,E92,PTC V
6810,2021-08-08 18:29:57,9240631,VAN,2,4480,PC9A343F9,3F9,PTC V
6811,2021-08-11 20:23:08,3108168,TRUCK,4,4169,PC2890582,582,PTC V
6812,2021-08-10 16:10:36,9162939,TRUCK,4,4617,PC7758F89,F89,PTE V
6813,2021-08-07 12:54:13,8526644,TRUCK,4,4943,PC0A5DC1F,C1F,PTC V
6814,2021-08-14 02:16:08,5308046,CAR,2,4342,PCE7F2748,748,PTE V
6815,2021-08-03 04:46:00,1280026,CAR,2,4621,PC9FB4E82,E82,PTE V
6816,2021-08-06 07:56:57,3033558,CAR,2,4030,PCA8A9AA8,AA8,PTE V
6817,2021-08-10 00:17:47,9944408,VAN,2,4283,PC953B572,572,PTC V
6818,2021-08-02 01:50:09,6927231,CAR,2,4487,PCA92F2BD,2BD,PTC V
6819,2021-08-05 12:58:41,9799267,CAR,2,4921,PCA70760B,60B,PTP V
6820,2021-08-02 07:44:19,697544,CAR,2,4441,PC472C08E,08E,PTP V
6821,2021-07-30 02:51:24,1711193,TRUCK,4,4028,PCE75C5C8,5C8,PTC V
6822,2021-08-11 21:07:39,1263218,TRUCK,4,4470,PCB4FF8FA,8FA,PTP V
6823,2021-08-02 21:26:37,8089759,CAR,2,4923,PC8A7A22A,22A,PTP V
6824,2021-08-13 18:13:30,272840,CAR,2,4872,PC5B45CE7,CE7,PTE V
6825,2021-08-01 20:08:06,9732634,VAN,2,4842,PC16F5A24,A24,PTE V
6826,2021-08-19 13:32:37,2134615,CAR,2,4906,PC3D58C5E,C5E,PTE V
6827,2021-08-18 03:35:16,8538797,CAR,2,4047,PC6D105CF,5CF,PTC V
6828,2021-08-11 19:48:12,7425018,TRUCK,4,4989,PC7D7AE48,E48,PTC V
6829,2021-08-02 03:24:30,7048516,CAR,2,4075,PC2125618,618,PTE V
6830,2021-08-22 03:42:56,7762491,TRUCK,4,4054,PC7E79FA0,FA0,PTC V
6831,2021-08-05 08:07:43,2134784,CAR,2,4299,PCAD3B9BC,9BC,PTC V
6832,2021-08-15 18:25:58,2919527,CAR,2,4153,PC88C655C,55C,PTP V
6833,2021-08-19 14:20:32,9371216,CAR,2,4933,PC419F41D,41D,PTP V
6834,2021-08-10 21:48:38,8392318,VAN,2,4718,PC81E83B9,3B9,PTE V
6835,2021-08-05 17:02:00,40825,VAN,2,4284,PC0DB49FD,9FD,PTP V
6836,2021-08-01 16:03:24,9464209,CAR,2,4059,PC06E8A1C,A1C,PTP V
6837,2021-08-13 21:04:11,9751026,VAN,2,4637,PCE9C770E,70E,PTP V
6838,2021-08-16 20:58:09,6545838,VAN,2,4015,PC524833E,33E,PTE V
6839,2021-08-15 05:43:07,549385,CAR,2,4078,PC8473A64,A64,PTP V
6840,2021-07-31 01:22:03,5335181,CAR,2,4894,PCDADB8C6,8C6,PTE V
6841,2021-08-02 10:17:41,4446524,CAR,2,4475,PCCC0D001,001,PTE V
6842,2021-08-08 09:53:04,9266793,TRUCK,4,4748,PCF2ECD29,D29,PTC V
6843,2021-08-22 13:23:19,1686340,TRUCK,4,4057,PC4B0DCD2,CD2,PTP V
6844,2021-08-04 04:41:10,43974,CAR,2,4956,PCB7040B7,0B7,PTC V
6845,2021-08-03 20:33:10,5816446,CAR,2,4543,PC74F5EBA,EBA,PTE V
6846,2021-08-11 09:46:45,1773380,TRUCK,4,4320,PC40C93B0,3B0,PTC V
6847,2021-08-18 01:06:18,4697284,CAR,2,4671,PCCAAFB48,B48,PTC V
6848,2021-08-18 16:11:39,1237320,CAR,2,4382,PCB7341F4,1F4,PTE V
6849,2021-07-29 16:16:32,2368172,CAR,2,4436,PC0CF9451,451,PTE V
6850,2021-08-03 16:01:00,5020996,TRUCK,4,4048,PC1FE6483,483,PTC V
6851,2021-08-14 13:05:09,9665259,CAR,2,4752,PC99A4177,177,PTP V
6852,2021-08-05 10:10:25,1507104,TRUCK,4,4541,PCC6A4CD8,CD8,PTC V
6853,2021-07-31 17:14:59,4700492,VAN,2,4085,PC6150735,735,PTC V
6854,2021-08-16 15:01:29,7964441,CAR,2,4005,PCB3DF742,742,PTP V
6855,2021-08-05 09:22:03,1589749,CAR,2,5001,PC264C595,595,PTP V
6856,2021-08-09 11:57:00,3228226,CAR,2,4630,PCA26D872,872,PTC V
6857,2021-08-15 07:22:33,3970804,VAN,2,4080,PCBE7E15B,15B,PTP V
6858,2021-08-20 09:20:53,804025,TRUCK,4,4832,PC34ECAB5,AB5,PTC V
6859,2021-08-05 19:25:56,9128744,CAR,2,4253,PC82A16E6,6E6,PTE V
6860,2021-08-17 02:51:09,4573515,VAN,2,4626,PC93E7766,766,PTP V
6861,2021-08-08 20:10:22,1135068,CAR,2,4270,PC8F72158,158,PTC V
6862,2021-08-13 14:48:26,8120061,CAR,2,4675,PCE49911B,11B,PTP V
6863,2021-08-18 07:19:20,2996135,TRUCK,4,4627,PCA965149,149,PTE V
6864,2021-08-17 03:24:05,9668892,CAR,2,4306,PC5D6563A,63A,PTP V
6865,2021-08-07 05:28:12,3909382,CAR,2,4123,PCDE850D8,0D8,PTC V
6866,2021-07-31 09:28:22,2992957,VAN,2,4303,PC2E2E0C0,0C0,PTE V
6867,2021-08-20 17:32:11,7805499,CAR,2,4450,PC0B2B03E,03E,PTC V
6868,2021-08-13 01:31:21,1370339,TRUCK,4,4563,PCA214501,501,PTP V
6869,2021-08-08 06:23:26,9404211,TRUCK,4,4855,PC03C5C15,C15,PTP V
6870,2021-08-21 18:23:28,9608239,CAR,2,4166,PCE450C55,C55,PTP V
6871,2021-08-03 20:20:19,9631725,CAR,2,4913,PC685427C,27C,PTC V
6872,2021-08-18 05:56:06,7883950,CAR,2,4585,PCF3AE602,602,PTP V
6873,2021-08-04 09:49:48,1874391,CAR,2,4177,PC9194382,382,PTP V
6874,2021-08-06 03:33:17,4930113,TRUCK,4,4562,PC4C95CA2,CA2,PTC V
6875,2021-08-15 08:52:49,6337095,CAR,2,4364,PCB33ACE8,CE8,PTC V
6876,2021-08-09 07:52:38,9984804,TRUCK,4,4743,PCE6EEF2E,F2E,PTE V
6877,2021-08-07 18:41:19,9195174,TRUCK,4,4332,PC3B258E9,8E9,PTE V
6878,2021-08-19 15:15:13,9847385,TRUCK,4,4038,PC77889B3,9B3,PTE V
6879,2021-08-04 13:56:54,341386,CAR,2,4269,PCC7106FF,6FF,PTE V
6880,2021-08-03 23:16:36,3474953,TRUCK,4,4533,PC8DA1D3B,D3B,PTP V
6881,2021-08-08 23:29:31,3202586,CAR,2,4390,PC983A913,913,PTC V
6882,2021-08-17 13:00:51,5556570,CAR,2,4397,PCB070250,250,PTC V
6883,2021-08-15 03:10:47,571529,CAR,2,4445,PC796A888,888,PTC V
6884,2021-08-19 10:03:45,7660033,CAR,2,4554,PC23BA77A,77A,PTP V
6885,2021-08-15 12:11:42,5670123,CAR,2,4566,PC637A425,425,PTE V
6886,2021-07-30 21:01:12,7300493,CAR,2,4934,PC3ED26A2,6A2,PTE V
6887,2021-08-12 20:16:30,7698042,CAR,2,4624,PCDF73A3C,A3C,PTP V
6888,2021-08-01 22:45:14,4633261,TRUCK,4,4112,PCEA652A8,2A8,PTE V
6889,2021-08-22 06:53:09,9443170,CAR,2,4926,PCCBCFEDE,EDE,PTP V
6890,2021-08-18 02:46:29,5587584,CAR,2,4970,PCA154C84,C84,PTE V
6891,2021-08-19 00:09:42,9614371,CAR,2,4670,PC2BE6D87,D87,PTE V
6892,2021-08-19 11:22:48,7606756,TRUCK,4,4927,PC2D22627,627,PTC V
6893,2021-08-14 06:57:30,2177353,CAR,2,4839,PCA0290AD,0AD,PTC V
6894,2021-08-08 02:06:23,1646137,CAR,2,4985,PCCA71D2C,D2C,PTE V
6895,2021-08-01 07:57:33,2004404,TRUCK,4,4168,PCBC064F8,4F8,PTP V
6896,2021-08-12 13:23:55,3876148,CAR,2,4221,PC90AAFDA,FDA,PTE V
6897,2021-08-03 18:51:32,7787410,CAR,2,4102,PC8C9B099,099,PTC V
6898,2021-08-18 09:47:03,9671274,CAR,2,4049,PC4779D38,D38,PTE V
6899,2021-08-11 17:22:57,9952289,CAR,2,4811,PCBF83C7A,C7A,PTP V
6900,2021-08-09 08:21:50,700763,CAR,2,4509,PCA2E8463,463,PTE V
6901,2021-08-14 22:17:09,1389849,CAR,2,4745,PC6397888,888,PTE V
6902,2021-08-19 22:32:11,6354950,CAR,2,4012,PCEF5C190,190,PTP V
6903,2021-08-05 08:50:50,2366739,TRUCK,4,4198,PCB0994D1,4D1,PTP V
6904,2021-08-12 02:03:07,3678243,TRUCK,4,4931,PC3D30AD0,AD0,PTE V
6905,2021-08-07 21:58:40,3888948,TRUCK,4,4841,PCE45DE8D,E8D,PTE V
6906,2021-08-05 12:44:58,3922240,VAN,2,4133,PC30FC453,453,PTE V
6907,2021-08-11 10:53:59,2227560,TRUCK,4,4745,PC6397888,888,PTC V
6908,2021-08-14 03:42:18,2075230,CAR,2,4828,PCF712D1A,D1A,PTE V
6909,2021-08-06 17:59:55,6372683,CAR,2,4407,PC7FEC2CE,2CE,PTC V
6910,2021-08-19 23:32:01,7768371,CAR,2,4624,PCDF73A3C,A3C,PTE V
6911,2021-08-08 05:08:35,2945721,CAR,2,4751,PCD33B3C9,3C9,PTC V
6912,2021-08-20 07:00:23,1027747,TRUCK,4,4322,PC262D624,624,PTE V
6913,2021-08-18 10:04:39,270667,CAR,2,4184,PC43A5E42,E42,PTC V
6914,2021-08-12 09:08:33,2319453,TRUCK,4,4847,PCD546332,332,PTP V
6915,2021-07-30 15:42:11,4972942,CAR,2,4848,PCF0FC9B2,9B2,PTC V
6916,2021-08-12 23:48:19,9160000,CAR,2,4145,PC5FBE4B8,4B8,PTE V
6917,2021-08-11 19:05:41,2877036,CAR,2,4312,PC8D40B22,B22,PTC V
6918,2021-08-06 15:39:18,7098269,TRUCK,4,4607,PC0885606,606,PTC V
6919,2021-08-01 21:18:07,176324,VAN,2,4978,PCF0B5E85,E85,PTE V
6920,2021-07-31 23:11:33,7540628,CAR,2,4503,PC69DE15C,15C,PTC V
6921,2021-08-15 06:16:49,608204,CAR,2,4242,PCECC4DE2,DE2,PTC V
6922,2021-08-09 07:54:02,3020203,VAN,2,4632,PCC1FFE5B,E5B,PTE V
6923,2021-08-04 09:18:32,6256915,CAR,2,4191,PCCC28F87,F87,PTP V
6924,2021-08-15 10:07:39,8189785,CAR,2,4087,PC2C1DA2A,A2A,PTP V
6925,2021-08-11 19:35:42,3008646,CAR,2,4560,PC5030572,572,PTP V
6926,2021-08-02 22:38:50,9971713,CAR,2,4623,PCAA67227,227,PTE V
6927,2021-08-03 23:51:47,7075618,CAR,2,4495,PC210A754,754,PTP V
6928,2021-08-20 21:15:06,4254466,TRUCK,4,4959,PC4A7B00C,00C,PTC V
6929,2021-08-07 00:44:56,6355154,TRUCK,4,4901,PCE32D2F9,2F9,PTP V
6930,2021-08-20 14:39:28,4354724,CAR,2,4720,PCDD23528,528,PTC V
6931,2021-08-21 04:05:43,3801504,CAR,2,4444,PC4D84BFC,BFC,PTE V
6932,2021-08-17 03:20:12,3926467,CAR,2,4273,PC0EF5BA6,BA6,PTP V
6933,2021-07-30 14:52:16,7733200,CAR,2,4361,PC2E0C888,888,PTE V
6934,2021-08-14 11:31:03,279892,CAR,2,4167,PC8453073,073,PTC V
6935,2021-08-14 12:32:47,2584377,TRUCK,4,4093,PC951FE7E,E7E,PTP V
6936,2021-08-09 00:27:32,8668529,TRUCK,4,4869,PCF775FA6,FA6,PTP V
6937,2021-08-08 03:55:40,7514841,CAR,2,4987,PCF4A9637,637,PTC V
6938,2021-08-06 18:27:10,7655492,CAR,2,4952,PC64CF233,233,PTC V
6939,2021-08-20 06:44:35,6960526,CAR,2,4083,PC90346C9,6C9,PTE V
6940,2021-07-31 23:36:58,1598025,CAR,2,4071,PCDBBCB68,B68,PTC V
6941,2021-08-15 20:01:02,5736842,TRUCK,4,4879,PCC90A061,061,PTE V
6942,2021-08-14 19:56:02,8264075,CAR,2,5007,PC869BDE8,DE8,PTC V
6943,2021-08-20 00:29:04,4497416,CAR,2,4027,PCE7A4F34,F34,PTE V
6944,2021-08-12 03:35:08,3564102,CAR,2,4199,PC7CCC47B,47B,PTP V
6945,2021-08-03 22:44:45,4829077,CAR,2,4091,PC2E099B4,9B4,PTC V
6946,2021-08-03 22:00:29,3843870,CAR,2,4247,PCEE69498,498,PTC V
6947,2021-08-02 17:27:37,2995415,CAR,2,4265,PC5B2AFFA,FFA,PTE V
6948,2021-08-22 07:24:13,3041518,VAN,2,4571,PC2308E9E,E9E,PTP V
6949,2021-08-13 15:29:58,517733,CAR,2,4851,PC0954183,183,PTP V
6950,2021-08-22 18:21:09,5409280,CAR,2,4293,PC2A27502,502,PTE V
6951,2021-08-12 03:01:44,4328528,CAR,2,5008,PC48D61BB,1BB,PTE V
6952,2021-08-17 00:56:25,9173555,TRUCK,4,4510,PC652EEF2,EF2,PTC V
6953,2021-08-08 16:53:47,9698488,CAR,2,4545,PC419B1CB,1CB,PTP V
6954,2021-08-03 07:35:21,5148295,VAN,2,4330,PCBD023A3,3A3,PTP V
6955,2021-08-11 10:45:51,2899557,TRUCK,4,4610,PCA4D3E9B,E9B,PTP V
6956,2021-08-14 01:18:10,5743419,CAR,2,4849,PCF764517,517,PTE V
6957,2021-07-30 20:28:35,292240,CAR,2,4348,PCD66314D,14D,PTP V
6958,2021-08-13 19:20:50,6583771,CAR,2,4356,PCF1979AE,9AE,PTP V
6959,2021-07-31 22:28:45,8690944,VAN,2,4198,PCB0994D1,4D1,PTE V
6960,2021-08-20 11:38:33,4502646,CAR,2,4010,PC3A7AACB,ACB,PTC V
6961,2021-07-30 23:17:47,5413374,VAN,2,4108,PC7C55512,512,PTP V
6962,2021-08-13 15:54:52,6798467,CAR,2,4290,PC84E8CEF,CEF,PTC V
6963,2021-07-30 15:18:34,5195832,CAR,2,4382,PCB7341F4,1F4,PTE V
6964,2021-08-06 06:18:22,4327979,CAR,2,4410,PC6EFC03B,03B,PTE V
6965,2021-08-19 09:52:16,7779569,CAR,2,4920,PC42A3AB0,AB0,PTP V
6966,2021-08-19 12:23:57,2322660,CAR,2,4925,PCE5E04A2,4A2,PTE V
6967,2021-08-01 06:25:25,3618907,CAR,2,4371,PC7E22FD8,FD8,PTP V
6968,2021-08-17 00:05:37,4488225,CAR,2,4352,PC99B9343,343,PTC V
6969,2021-08-09 12:59:21,3345109,CAR,2,4407,PC7FEC2CE,2CE,PTE V
6970,2021-08-11 11:26:38,3602190,TRUCK,4,4408,PC3B3BE8F,E8F,PTP V
6971,2021-08-16 10:50:09,7386578,CAR,2,4459,PCD9CAD56,D56,PTE V
6972,2021-08-22 09:06:17,5984294,CAR,2,4114,PC4CD2B81,B81,PTE V
6973,2021-08-08 04:14:44,4048166,TRUCK,4,4847,PCD546332,332,PTE V
6974,2021-08-03 23:30:31,8168940,VAN,2,4644,PC411FDC0,DC0,PTP V
6975,2021-08-02 01:04:29,6014573,TRUCK,4,4731,PCFFC2992,992,PTP V
6976,2021-08-17 19:57:12,296190,CAR,2,4415,PC5E202FC,2FC,PTE V
6977,2021-08-05 20:40:09,3735856,CAR,2,4903,PCC3BCE65,E65,PTE V
6978,2021-08-06 13:14:45,9772546,TRUCK,4,4863,PCA8F9E50,E50,PTE V
6979,2021-08-22 04:02:43,2997310,CAR,2,4604,PC0553E32,E32,PTP V
6980,2021-08-11 14:58:37,5532290,TRUCK,4,4499,PC1EEDA04,A04,PTE V
6981,2021-08-11 23:29:26,1667596,TRUCK,4,4561,PCCE9B069,069,PTP V
6982,2021-08-19 13:03:07,9414861,CAR,2,4337,PCCF6A454,454,PTC V
6983,2021-08-14 10:03:44,6770153,CAR,2,4714,PC9B747F8,7F8,PTE V
6984,2021-08-04 03:08:32,9811274,CAR,2,4882,PC8616CD8,CD8,PTP V
6985,2021-08-17 23:42:20,2468403,CAR,2,4051,PC3B970F2,0F2,PTC V
6986,2021-08-11 04:47:10,8517173,CAR,2,4645,PC14FBE4A,E4A,PTC V
6987,2021-08-20 23:24:07,988745,CAR,2,4079,PCF1366ED,6ED,PTC V
6988,2021-08-07 13:10:46,4201408,CAR,2,4900,PCFE8B604,604,PTP V
6989,2021-08-21 17:34:51,9094621,TRUCK,4,4519,PC92A6471,471,PTC V
6990,2021-08-08 21:29:19,5163311,CAR,2,4367,PC8D90EF0,EF0,PTP V
6991,2021-08-14 19:12:49,6268431,TRUCK,4,4501,PC5D41947,947,PTE V
6992,2021-08-06 20:40:29,418387,CAR,2,4058,PC3415EA4,EA4,PTE V
6993,2021-08-07 22:42:23,19075,CAR,2,4851,PC0954183,183,PTE V
6994,2021-08-18 14:08:37,2857048,CAR,2,4028,PCE75C5C8,5C8,PTP V
6995,2021-08-10 22:12:33,2757237,TRUCK,4,4159,PC5631507,507,PTC V
6996,2021-08-18 18:46:12,5876148,TRUCK,4,4181,PC4457F74,F74,PTE V
6997,2021-08-13 14:29:37,9969540,CAR,2,4591,PCC9875AC,5AC,PTC V
6998,2021-08-16 03:30:55,5387359,CAR,2,5005,PC408264D,64D,PTE V
6999,2021-08-12 12:26:55,249440,TRUCK,4,4278,PC4847214,214,PTE V
7000,2021-07-30 03:16:21,1796752,VAN,2,4808,PC2729737,737,PTP V
7001,2021-08-07 13:38:38,8189017,CAR,2,4468,PC040ADB3,DB3,PTC V
7002,2021-07-29 21:53:33,3724928,TRUCK,4,4414,PC40BD0F3,0F3,PTE V
7003,2021-08-16 22:44:17,214800,TRUCK,4,4770,PC9082A17,A17,PTE V
7004,2021-08-16 04:01:43,5720789,CAR,2,4021,PC851E565,565,PTP V
7005,2021-08-21 19:36:16,2233954,CAR,2,4558,PC575F591,591,PTE V
7006,2021-08-19 09:45:02,6324239,VAN,2,4877,PC155D90A,90A,PTE V
7007,2021-08-22 10:43:35,1565746,CAR,2,4561,PCCE9B069,069,PTE V
7008,2021-08-14 07:53:18,8187556,CAR,2,4583,PC0567192,192,PTE V
7009,2021-08-16 10:06:52,5968079,TRUCK,4,4432,PC4CBEFF5,FF5,PTC V
7010,2021-08-17 13:24:19,3141662,TRUCK,4,4350,PCEDD7E85,E85,PTC V
7011,2021-08-09 19:51:50,1933849,CAR,2,4407,PC7FEC2CE,2CE,PTE V
7012,2021-08-15 06:07:21,4469228,TRUCK,4,4280,PC03A5F23,F23,PTC V
7013,2021-08-16 10:11:45,6864126,CAR,2,4286,PC12BE494,494,PTE V
7014,2021-08-07 04:15:00,2809871,CAR,2,4230,PC19CE0DB,0DB,PTE V
7015,2021-08-19 14:01:51,2362338,CAR,2,4142,PC7ACFF7C,F7C,PTE V
7016,2021-08-04 03:56:13,4271460,CAR,2,4451,PCF95BF53,F53,PTP V
7017,2021-08-14 11:15:34,4012897,VAN,2,4952,PC64CF233,233,PTP V
7018,2021-08-06 19:41:31,4858124,TRUCK,4,4393,PC93CE517,517,PTE V
7019,2021-08-06 15:08:59,9746324,CAR,2,4255,PCB7E7138,138,PTE V
7020,2021-08-13 07:44:35,3514219,CAR,2,4498,PCA770E5A,E5A,PTE V
7021,2021-08-12 12:25:11,4715073,CAR,2,4597,PCBDB8BB6,BB6,PTC V
7022,2021-08-19 20:47:47,6076372,TRUCK,4,4399,PCCA288FE,8FE,PTE V
7023,2021-08-15 15:40:45,7487765,TRUCK,4,4952,PC64CF233,233,PTE V
7024,2021-08-15 15:39:40,8783798,TRUCK,4,4524,PCF8BB245,245,PTP V
7025,2021-08-07 11:12:13,5795504,TRUCK,4,4072,PC69F3F14,F14,PTE V
7026,2021-08-10 11:12:55,644964,TRUCK,4,4419,PC99BB7A3,7A3,PTE V
7027,2021-08-14 05:33:20,9000301,CAR,2,4677,PCA9D6EEE,EEE,PTP V
7028,2021-08-14 06:33:52,2121915,CAR,2,4546,PCEF3EBBC,BBC,PTP V
7029,2021-08-01 13:13:41,825510,CAR,2,4514,PC374C341,341,PTP V
7030,2021-08-08 10:18:27,8757177,CAR,2,4115,PCF5D4B0A,B0A,PTE V
7031,2021-07-30 22:38:44,1419437,CAR,2,4493,PC124B4C0,4C0,PTE V
7032,2021-08-01 18:51:50,8222107,TRUCK,4,4421,PCED2DB6F,B6F,PTC V
7033,2021-08-18 10:53:06,6016741,CAR,2,4796,PCEBEEE05,E05,PTC V
7034,2021-08-17 16:38:18,3893041,CAR,2,4759,PC4A6C6D9,6D9,PTE V
7035,2021-08-06 18:17:49,112187,CAR,2,4025,PC5ABB8E4,8E4,PTP V
7036,2021-08-10 01:12:08,1793000,TRUCK,4,4490,PC89C1789,789,PTE V
7037,2021-08-21 10:44:24,5782884,VAN,2,4074,PCCAFD014,014,PTP V
7038,2021-08-11 17:42:16,3283337,CAR,2,4116,PCCA836C9,6C9,PTC V
7039,2021-07-31 02:14:12,1421988,CAR,2,4281,PC2804C85,C85,PTP V
7040,2021-07-30 15:23:14,7633094,CAR,2,4227,PCD8346A6,6A6,PTE V
7041,2021-08-02 17:35:53,9617704,CAR,2,4220,PC02FEF7D,F7D,PTP V
7042,2021-08-06 23:21:21,5486761,CAR,2,4015,PC524833E,33E,PTP V
7043,2021-08-03 03:11:56,6772147,CAR,2,4842,PC16F5A24,A24,PTC V
7044,2021-08-11 05:45:14,275720,CAR,2,4267,PCE51C5C7,5C7,PTP V
7045,2021-08-02 01:28:40,4836752,CAR,2,4327,PC16F59EC,9EC,PTE V
7046,2021-08-21 17:34:03,6825087,CAR,2,4422,PCF514246,246,PTC V
7047,2021-08-13 12:29:02,1910520,CAR,2,4464,PC7C8FDDB,DDB,PTE V
7048,2021-08-10 03:44:07,1048256,VAN,2,4596,PC6558A56,A56,PTP V
7049,2021-08-14 06:50:40,3530327,CAR,2,4454,PC94C0945,945,PTP V
7050,2021-08-03 20:26:54,5462580,CAR,2,4598,PC5526A36,A36,PTE V
7051,2021-08-14 20:09:40,5792807,CAR,2,4222,PC15EC378,378,PTP V
7052,2021-08-05 07:27:13,1805951,VAN,2,4133,PC30FC453,453,PTE V
7053,2021-08-09 22:53:02,3919031,CAR,2,4454,PC94C0945,945,PTC V
7054,2021-08-17 01:02:24,8312259,CAR,2,4747,PC5E524A1,4A1,PTC V
7055,2021-08-15 07:47:39,2462490,CAR,2,4001,PC58105BF,5BF,PTP V
7056,2021-08-02 07:09:14,9222869,CAR,2,4785,PC787D664,664,PTP V
7057,2021-08-13 08:53:58,7018716,TRUCK,4,4269,PCC7106FF,6FF,PTC V
7058,2021-08-14 14:16:48,2800520,CAR,2,4564,PC29D136F,36F,PTE V
7059,2021-07-31 14:02:16,6939539,TRUCK,4,4285,PCB524A9F,A9F,PTE V
7060,2021-08-20 11:34:26,8251117,TRUCK,4,4386,PC948D5B2,5B2,PTE V
7061,2021-08-22 12:52:38,1881572,CAR,2,4644,PC411FDC0,DC0,PTE V
7062,2021-08-18 15:31:36,6545275,CAR,2,4894,PCDADB8C6,8C6,PTC V
7063,2021-08-13 11:01:34,1077750,CAR,2,4814,PCAFD913A,13A,PTE V
7064,2021-08-20 00:53:41,3946940,TRUCK,4,4937,PCD30D908,908,PTC V
7065,2021-08-11 14:10:59,1753896,CAR,2,4513,PC52F533C,33C,PTC V
7066,2021-07-30 21:50:41,5552569,CAR,2,4562,PC4C95CA2,CA2,PTC V
7067,2021-08-20 04:05:14,5977726,TRUCK,4,4424,PC51E7EF8,EF8,PTE V
7068,2021-08-09 03:02:17,2440441,CAR,2,4183,PCF5E7754,754,PTP V
7069,2021-08-11 06:19:34,6973520,VAN,2,4113,PC78D4122,122,PTC V
7070,2021-08-18 00:53:32,258281,CAR,2,4065,PC3B514E2,4E2,PTE V
7071,2021-08-10 06:45:04,6954019,TRUCK,4,4304,PC89FB76E,76E,PTE V
7072,2021-08-09 05:51:32,2503602,CAR,2,4497,PC76FDDEA,DEA,PTP V
7073,2021-08-13 21:49:37,9102175,TRUCK,4,4700,PC14E538A,38A,PTC V
7074,2021-07-30 10:33:11,1725485,CAR,2,4354,PC0671DD4,DD4,PTP V
7075,2021-08-04 17:49:43,8693285,TRUCK,4,4168,PCBC064F8,4F8,PTP V
7076,2021-08-10 03:55:40,7733439,CAR,2,4975,PC818101A,01A,PTC V
7077,2021-08-02 12:07:37,5186288,CAR,2,4321,PC591BDF7,DF7,PTC V
7078,2021-08-10 01:37:35,3379522,CAR,2,4705,PC174C464,464,PTC V
7079,2021-08-21 23:07:00,2675303,CAR,2,4889,PC3547FAD,FAD,PTE V
7080,2021-08-16 11:12:42,6713135,VAN,2,4917,PCD8C66B1,6B1,PTC V
7081,2021-08-04 17:04:47,3395505,CAR,2,4254,PC0C0EE22,E22,PTC V
7082,2021-08-05 23:08:44,4250255,CAR,2,4556,PC18C31F6,1F6,PTC V
7083,2021-08-03 20:28:08,4413087,CAR,2,4280,PC03A5F23,F23,PTE V
7084,2021-08-13 19:57:32,3396981,TRUCK,4,4186,PC922BA3E,A3E,PTC V
7085,2021-08-21 17:37:03,4884423,CAR,2,4030,PCA8A9AA8,AA8,PTP V
7086,2021-08-18 19:40:33,2751525,CAR,2,4368,PC909A324,324,PTC V
7087,2021-08-04 21:59:29,7896256,CAR,2,4266,PC39B17A9,7A9,PTE V
7088,2021-08-20 18:32:17,7831665,VAN,2,4894,PCDADB8C6,8C6,PTE V
7089,2021-08-09 10:07:20,8166010,VAN,2,4556,PC18C31F6,1F6,PTE V
7090,2021-08-15 21:31:55,6302952,CAR,2,4096,PCFA4F864,864,PTC V
7091,2021-08-05 19:56:49,4448353,TRUCK,4,4647,PCDD56814,814,PTC V
7092,2021-08-02 18:28:43,7670268,CAR,2,4130,PC9F22103,103,PTE V
7093,2021-08-01 08:02:46,9952318,CAR,2,4803,PC2BBEEDC,EDC,PTP V
7094,2021-08-02 18:40:48,8068184,CAR,2,4929,PC9E503B6,3B6,PTE V
7095,2021-08-21 08:58:43,3711578,CAR,2,4926,PCCBCFEDE,EDE,PTP V
7096,2021-08-21 16:41:10,8532382,VAN,2,4807,PCAFC45DA,5DA,PTE V
7097,2021-08-03 19:07:55,7850103,CAR,2,4602,PC0D3474E,74E,PTC V
7098,2021-08-20 17:50:19,9603069,CAR,2,4733,PC797AEBF,EBF,PTP V
7099,2021-08-04 06:54:42,5328477,CAR,2,4613,PCEBBFFB5,FB5,PTP V
7100,2021-08-06 10:49:09,2222719,VAN,2,4464,PC7C8FDDB,DDB,PTC V
7101,2021-07-31 12:39:12,4862441,TRUCK,4,4422,PCF514246,246,PTE V
7102,2021-08-01 07:24:53,9939262,CAR,2,4452,PC8C7C5D7,5D7,PTP V
7103,2021-08-17 20:27:11,3089942,VAN,2,4194,PC96AD1EB,1EB,PTP V
7104,2021-08-10 18:34:07,7352530,TRUCK,4,4720,PCDD23528,528,PTP V
7105,2021-08-05 07:23:20,6377584,CAR,2,4060,PC481C9F9,9F9,PTE V
7106,2021-08-13 05:35:12,9430063,CAR,2,4774,PCEBE834B,34B,PTP V
7107,2021-08-04 08:36:49,4211153,TRUCK,4,4599,PC800C92D,92D,PTC V
7108,2021-08-15 07:26:10,3586734,TRUCK,4,4462,PCE29AA1A,A1A,PTC V
7109,2021-08-18 00:33:26,2590479,CAR,2,4607,PC0885606,606,PTE V
7110,2021-08-10 08:18:11,3988548,TRUCK,4,4486,PC3AF69A3,9A3,PTP V
7111,2021-08-18 14:15:34,3873822,TRUCK,4,4272,PC09BDC08,C08,PTP V
7112,2021-08-01 02:56:29,1875089,TRUCK,4,4147,PC4D2C5A7,5A7,PTC V
7113,2021-08-21 10:01:51,8977750,TRUCK,4,4999,PCE976BA1,BA1,PTP V
7114,2021-08-19 06:38:57,1791874,CAR,2,4888,PC46C55B4,5B4,PTC V
7115,2021-08-14 21:03:15,5702937,VAN,2,4562,PC4C95CA2,CA2,PTE V
7116,2021-08-22 14:33:31,7809591,CAR,2,4605,PCEB27C63,C63,PTC V
7117,2021-07-30 21:56:54,1654517,TRUCK,4,4751,PCD33B3C9,3C9,PTC V
7118,2021-07-31 04:30:43,3040078,CAR,2,4671,PCCAAFB48,B48,PTE V
7119,2021-08-08 21:09:47,6188580,TRUCK,4,4024,PC91E3A87,A87,PTP V
7120,2021-08-21 16:45:32,6150462,CAR,2,4744,PC78EF0B5,0B5,PTP V
7121,2021-07-31 21:33:08,392890,CAR,2,4366,PC09D71DF,1DF,PTE V
7122,2021-08-19 01:59:05,7025235,CAR,2,4130,PC9F22103,103,PTP V
7123,2021-08-10 13:50:58,3711651,CAR,2,4523,PC0005AC7,AC7,PTE V
7124,2021-08-04 11:48:15,7414779,CAR,2,4090,PC1EE951B,51B,PTC V
7125,2021-08-09 19:41:13,2791701,CAR,2,4416,PC546F252,252,PTC V
7126,2021-08-18 05:45:07,9597627,CAR,2,4775,PCA50FB36,B36,PTC V
7127,2021-07-30 07:24:10,1401377,VAN,2,4349,PC5AB6779,779,PTP V
7128,2021-08-04 14:55:05,2694569,CAR,2,4479,PCCA36E4D,E4D,PTP V
7129,2021-08-09 15:44:39,8347059,CAR,2,4256,PC9DD0BBD,BBD,PTE V
7130,2021-08-11 22:52:09,4504551,CAR,2,4002,PCED7D2DE,2DE,PTC V
7131,2021-08-12 21:43:42,3840540,CAR,2,4375,PCAE085FE,5FE,PTP V
7132,2021-08-22 14:13:08,5361998,CAR,2,4273,PC0EF5BA6,BA6,PTC V
7133,2021-08-18 19:54:00,4444048,TRUCK,4,4221,PC90AAFDA,FDA,PTC V
7134,2021-08-17 02:04:07,7209303,CAR,2,4079,PCF1366ED,6ED,PTE V
7135,2021-08-02 06:46:58,1658335,CAR,2,4114,PC4CD2B81,B81,PTE V
7136,2021-08-20 06:48:26,7165031,CAR,2,4382,PCB7341F4,1F4,PTE V
7137,2021-07-31 07:59:46,6338734,CAR,2,4941,PCA6403C1,3C1,PTC V
7138,2021-08-22 10:07:01,9198537,CAR,2,4041,PCB566359,359,PTE V
7139,2021-08-19 03:36:43,4611003,TRUCK,4,4459,PCD9CAD56,D56,PTP V
7140,2021-08-01 01:56:33,7129803,CAR,2,4119,PC9EBEDB5,DB5,PTP V
7141,2021-07-30 21:05:07,7058276,CAR,2,4304,PC89FB76E,76E,PTE V
7142,2021-08-05 22:21:57,4667299,CAR,2,4854,PCB6F1968,968,PTC V
7143,2021-07-31 15:32:18,8484812,CAR,2,5001,PC264C595,595,PTC V
7144,2021-08-07 15:47:01,4046868,TRUCK,4,4250,PCC695DB0,DB0,PTC V
7145,2021-08-11 03:25:02,308888,TRUCK,4,4188,PCDB12C82,C82,PTC V
7146,2021-08-06 14:08:41,6586760,CAR,2,4836,PCE78024A,24A,PTC V
7147,2021-08-05 02:48:25,3217556,CAR,2,4796,PCEBEEE05,E05,PTE V
7148,2021-08-12 10:01:54,71285,TRUCK,4,4019,PC63FF017,017,PTC V
7149,2021-08-15 02:37:49,5881866,CAR,2,4679,PC88494D0,4D0,PTC V
7150,2021-08-06 02:42:44,8868593,CAR,2,4710,PCE17C964,964,PTC V
7151,2021-08-04 12:58:02,1528265,CAR,2,4669,PC36675CE,5CE,PTE V
7152,2021-08-08 16:11:58,11356,CAR,2,4568,PCA8A783A,83A,PTC V
7153,2021-08-13 07:01:07,7932970,VAN,2,4967,PC2AFCB31,B31,PTE V
7154,2021-08-17 21:12:37,6320552,CAR,2,4276,PC4E15B39,B39,PTP V
7155,2021-08-12 23:28:57,3195984,CAR,2,4021,PC851E565,565,PTP V
7156,2021-08-03 04:31:58,6923493,VAN,2,4356,PCF1979AE,9AE,PTC V
7157,2021-08-14 23:49:22,8526274,TRUCK,4,4378,PC074E6A8,6A8,PTE V
7158,2021-08-05 18:58:07,6450365,CAR,2,4328,PC3777B8E,B8E,PTC V
7159,2021-08-13 14:41:44,1636428,CAR,2,4828,PCF712D1A,D1A,PTC V
7160,2021-08-03 12:27:34,531867,CAR,2,4758,PCCE12794,794,PTE V
7161,2021-08-21 23:31:08,1578923,CAR,2,4523,PC0005AC7,AC7,PTC V
7162,2021-08-01 20:25:54,8628401,CAR,2,4266,PC39B17A9,7A9,PTE V
7163,2021-08-21 01:33:32,5705022,TRUCK,4,4505,PCEF64195,195,PTP V
7164,2021-08-01 06:51:46,985058,CAR,2,4216,PC53B475D,75D,PTC V
7165,2021-08-10 10:17:33,6494607,TRUCK,4,4814,PCAFD913A,13A,PTP V
7166,2021-08-06 00:52:51,3964123,VAN,2,4010,PC3A7AACB,ACB,PTE V
7167,2021-08-10 15:15:12,1888458,CAR,2,4223,PCA37D114,114,PTE V
7168,2021-07-30 10:05:28,7270059,CAR,2,4334,PCCB383F8,3F8,PTP V
7169,2021-08-10 07:59:41,1637846,CAR,2,4127,PCA2D76A5,6A5,PTP V
7170,2021-08-10 11:35:57,4584198,TRUCK,4,4024,PC91E3A87,A87,PTC V
7171,2021-08-21 06:31:55,3823140,TRUCK,4,4134,PC767BBB2,BB2,PTP V
7172,2021-08-06 14:40:31,7242254,CAR,2,4111,PC07F012A,12A,PTE V
7173,2021-08-03 13:57:16,9256734,TRUCK,4,4337,PCCF6A454,454,PTE V
7174,2021-08-13 04:49:10,8461026,CAR,2,4689,PC89C35AD,5AD,PTC V
7175,2021-08-01 20:08:54,6537746,CAR,2,4211,PC0AB9251,251,PTC V
7176,2021-08-08 21:11:48,5355624,CAR,2,4236,PC5212DD0,DD0,PTC V
7177,2021-08-12 00:18:38,7980827,CAR,2,4355,PC0EF761B,61B,PTP V
7178,2021-08-01 06:32:58,4464623,CAR,2,4707,PC98F856D,56D,PTC V
7179,2021-08-10 00:49:58,9478786,CAR,2,4095,PC3E1512A,12A,PTP V
7180,2021-08-03 07:18:25,8680167,CAR,2,4566,PC637A425,425,PTC V
7181,2021-08-05 11:48:29,2873420,TRUCK,4,4775,PCA50FB36,B36,PTP V
7182,2021-08-11 13:30:54,9848907,TRUCK,4,4036,PCE6CC50C,50C,PTC V
7183,2021-08-02 14:25:13,8047166,CAR,2,4727,PC52E71B8,1B8,PTP V
7184,2021-08-13 22:26:35,8186674,VAN,2,4002,PCED7D2DE,2DE,PTE V
7185,2021-08-18 08:31:40,7605217,CAR,2,4513,PC52F533C,33C,PTE V
7186,2021-08-05 01:23:09,1676162,TRUCK,4,4610,PCA4D3E9B,E9B,PTE V
7187,2021-08-02 16:48:32,2877850,TRUCK,4,4823,PC89A3BCF,BCF,PTP V
7188,2021-08-12 04:29:45,3192928,TRUCK,4,4258,PCAC64E67,E67,PTC V
7189,2021-08-04 02:14:24,5785744,VAN,2,4461,PCACD9839,839,PTE V
7190,2021-08-07 20:49:00,762087,CAR,2,4774,PCEBE834B,34B,PTE V
7191,2021-08-06 22:54:41,2468628,CAR,2,4370,PC70B7987,987,PTP V
7192,2021-08-17 03:53:44,2974896,TRUCK,4,4531,PC857F4A0,4A0,PTP V
7193,2021-08-09 13:36:18,2967780,CAR,2,4445,PC796A888,888,PTE V
7194,2021-08-10 23:14:04,8843623,CAR,2,4081,PCC825DB2,DB2,PTC V
7195,2021-08-16 19:51:41,4193558,CAR,2,4090,PC1EE951B,51B,PTE V
7196,2021-08-18 11:55:50,2804429,TRUCK,4,4647,PCDD56814,814,PTP V
7197,2021-07-30 12:18:57,8918752,CAR,2,4790,PC2387B02,B02,PTC V
7198,2021-08-05 17:23:02,9233363,TRUCK,4,4847,PCD546332,332,PTE V
7199,2021-08-06 01:49:34,4112741,CAR,2,4858,PC94DC1E6,1E6,PTC V
7200,2021-08-20 02:22:48,7305240,CAR,2,4238,PCE0A2A2F,A2F,PTE V
7201,2021-07-30 06:01:05,2635763,TRUCK,4,4322,PC262D624,624,PTC V
7202,2021-07-30 20:47:55,7173773,CAR,2,4135,PCC943ECD,ECD,PTC V
7203,2021-08-10 19:15:26,1642270,VAN,2,4212,PC422A6D1,6D1,PTE V
7204,2021-08-09 20:08:04,4719904,CAR,2,4624,PCDF73A3C,A3C,PTC V
7205,2021-08-13 08:33:25,5667407,VAN,2,4970,PCA154C84,C84,PTP V
7206,2021-08-13 02:20:30,4164453,VAN,2,4162,PC51A39A7,9A7,PTP V
7207,2021-08-17 02:32:32,2957515,TRUCK,4,4091,PC2E099B4,9B4,PTP V
7208,2021-08-03 12:57:05,4514043,CAR,2,4853,PC214FB8E,B8E,PTC V
7209,2021-08-19 18:12:11,4267928,CAR,2,4931,PC3D30AD0,AD0,PTC V
7210,2021-08-21 09:31:01,4209390,CAR,2,4528,PC1269226,226,PTC V
7211,2021-08-21 02:07:52,8461378,CAR,2,4750,PCD987A9D,A9D,PTC V
7212,2021-08-04 13:40:27,8876413,TRUCK,4,4574,PCC1F6F13,F13,PTP V
7213,2021-08-21 23:02:15,7941867,VAN,2,4097,PCB1B5BEC,BEC,PTC V
7214,2021-08-21 05:58:20,2860601,TRUCK,4,4782,PC6802C08,C08,PTP V
7215,2021-08-19 02:36:11,4288911,TRUCK,4,4017,PCC090C3A,C3A,PTP V
7216,2021-08-14 00:25:29,3210350,CAR,2,4359,PCB27CFF1,FF1,PTC V
7217,2021-08-05 10:15:50,8439531,CAR,2,4700,PC14E538A,38A,PTP V
7218,2021-08-15 20:22:41,7478395,CAR,2,4043,PC134F258,258,PTC V
7219,2021-07-29 19:31:02,1118614,CAR,2,4240,PC72FE04B,04B,PTE V
7220,2021-08-12 04:06:16,8135421,CAR,2,4460,PCDF04952,952,PTP V
7221,2021-08-22 05:22:13,8506504,TRUCK,4,4062,PCDA37101,101,PTC V
7222,2021-08-06 18:03:25,3207282,CAR,2,4485,PC99A12E9,2E9,PTE V
7223,2021-08-15 19:49:38,9022626,VAN,2,4224,PCD83983A,83A,PTE V
7224,2021-08-12 13:46:09,6640181,CAR,2,4063,PC7667A3E,A3E,PTC V
7225,2021-08-21 15:07:23,1006590,CAR,2,4446,PC7F1A5B9,5B9,PTP V
7226,2021-07-31 07:42:50,8624455,CAR,2,4212,PC422A6D1,6D1,PTE V
7227,2021-08-18 03:29:15,4709169,CAR,2,4333,PCCCAD2AC,2AC,PTC V
7228,2021-08-05 20:56:32,3569129,TRUCK,4,4386,PC948D5B2,5B2,PTC V
7229,2021-08-20 18:36:39,6120475,CAR,2,4217,PC6E8D0F9,0F9,PTP V
7230,2021-08-02 22:35:24,1203326,CAR,2,4849,PCF764517,517,PTP V
7231,2021-07-31 13:57:22,7737097,CAR,2,4955,PCE36723C,23C,PTE V
7232,2021-08-03 14:12:59,7612759,CAR,2,4122,PC8ED616E,16E,PTE V
7233,2021-08-03 01:13:15,801688,TRUCK,4,4875,PC40FC710,710,PTP V
7234,2021-08-15 06:52:38,756036,CAR,2,4429,PC65E7991,991,PTP V
7235,2021-08-16 07:30:10,4106817,TRUCK,4,4682,PCBB02F92,F92,PTP V
7236,2021-08-18 21:12:24,6855831,TRUCK,4,4619,PC2EFBBE0,BE0,PTE V
7237,2021-08-18 22:13:27,7031721,CAR,2,4045,PCE952492,492,PTE V
7238,2021-08-04 17:58:03,9897906,CAR,2,4334,PCCB383F8,3F8,PTP V
7239,2021-08-05 16:21:40,6910488,CAR,2,4692,PC1CDFCF6,CF6,PTC V
7240,2021-08-02 20:43:26,2802080,TRUCK,4,4007,PCDF9F773,773,PTC V
7241,2021-08-14 08:44:06,1640898,CAR,2,4268,PC6CC51DA,1DA,PTP V
7242,2021-07-30 06:34:19,3632230,CAR,2,4079,PCF1366ED,6ED,PTC V
7243,2021-08-22 05:40:45,3022626,TRUCK,4,4525,PCF64B519,519,PTE V
7244,2021-08-04 00:51:46,6430933,CAR,2,4176,PC11E9595,595,PTP V
7245,2021-08-18 00:22:30,2881960,TRUCK,4,4852,PC68969FB,9FB,PTE V
7246,2021-08-11 23:43:58,5271455,CAR,2,4352,PC99B9343,343,PTC V
7247,2021-08-07 04:19:37,9006045,TRUCK,4,4866,PC3137434,434,PTE V
7248,2021-08-11 13:15:50,7292815,VAN,2,4094,PC53A52CB,2CB,PTC V
7249,2021-07-31 05:28:06,432573,TRUCK,4,4103,PC2B868A9,8A9,PTE V
7250,2021-08-12 08:44:33,5862574,CAR,2,4780,PC0A717C4,7C4,PTE V
7251,2021-08-01 11:14:51,4651816,CAR,2,4294,PC867796D,96D,PTP V
7252,2021-08-02 11:45:52,5970721,CAR,2,4277,PC010D2A9,2A9,PTP V
7253,2021-08-19 07:52:12,7654651,CAR,2,4622,PCF31BD97,D97,PTC V
7254,2021-08-19 17:30:31,4391553,CAR,2,4125,PC8AAEF51,F51,PTC V
7255,2021-08-12 01:08:33,6291654,CAR,2,4946,PCCF18BAF,BAF,PTE V
7256,2021-08-12 22:44:26,3750860,TRUCK,4,5000,PCFE7F7FE,7FE,PTE V
7257,2021-08-17 17:13:32,9368516,CAR,2,4784,PCDB42B34,B34,PTE V
7258,2021-08-22 05:23:29,7778402,VAN,2,4587,PC576A3BA,3BA,PTP V
7259,2021-08-20 06:44:02,8114125,CAR,2,4320,PC40C93B0,3B0,PTE V
7260,2021-08-14 02:18:36,3693464,CAR,2,4081,PCC825DB2,DB2,PTC V
7261,2021-08-12 23:03:56,7766565,CAR,2,4420,PCFDB2950,950,PTP V
7262,2021-08-09 11:28:59,1755074,CAR,2,4561,PCCE9B069,069,PTP V
7263,2021-08-05 22:50:41,6379943,TRUCK,4,4450,PC0B2B03E,03E,PTP V
7264,2021-08-19 00:16:20,6505063,CAR,2,4410,PC6EFC03B,03B,PTE V
7265,2021-08-10 05:22:19,6432473,CAR,2,4589,PC1477DC9,DC9,PTC V
7266,2021-08-07 09:31:17,7454217,CAR,2,4894,PCDADB8C6,8C6,PTC V
7267,2021-08-18 12:32:13,3063172,TRUCK,4,4906,PC3D58C5E,C5E,PTC V
7268,2021-08-10 05:40:26,1140416,CAR,2,4138,PC79E328A,28A,PTP V
7269,2021-07-31 05:47:02,7818922,CAR,2,4233,PC57279D0,9D0,PTP V
7270,2021-08-14 19:02:48,5392274,VAN,2,4584,PC1085B78,B78,PTE V
7271,2021-08-19 04:08:14,4317437,CAR,2,4584,PC1085B78,B78,PTP V
7272,2021-08-01 18:13:22,1803159,CAR,2,4613,PCEBBFFB5,FB5,PTP V
7273,2021-08-08 00:29:14,1168242,CAR,2,4686,PCD6E5E77,E77,PTC V
7274,2021-08-06 10:41:00,9488428,TRUCK,4,4750,PCD987A9D,A9D,PTP V
7275,2021-07-30 02:22:13,3792126,VAN,2,4257,PC1AB9C93,C93,PTC V
7276,2021-08-09 04:43:24,1240188,CAR,2,4464,PC7C8FDDB,DDB,PTE V
7277,2021-08-10 16:21:45,3419055,CAR,2,4914,PC2F353E1,3E1,PTP V
7278,2021-07-29 17:31:04,5272421,CAR,2,4878,PC08F56A1,6A1,PTE V
7279,2021-08-20 12:29:26,3977087,CAR,2,4671,PCCAAFB48,B48,PTE V
7280,2021-07-31 16:55:20,6217656,CAR,2,4072,PC69F3F14,F14,PTC V
7281,2021-07-31 11:30:43,9330978,CAR,2,4479,PCCA36E4D,E4D,PTC V
7282,2021-08-20 14:26:40,4837613,CAR,2,4664,PC52D063A,63A,PTE V
7283,2021-08-05 02:19:41,7169227,VAN,2,4162,PC51A39A7,9A7,PTC V
7284,2021-08-22 17:17:07,1308958,CAR,2,4362,PC670999C,99C,PTE V
7285,2021-08-01 04:44:18,1148440,CAR,2,4442,PC05C2F86,F86,PTP V
7286,2021-08-08 16:47:22,5726075,TRUCK,4,4268,PC6CC51DA,1DA,PTC V
7287,2021-08-20 11:03:58,434592,TRUCK,4,4211,PC0AB9251,251,PTE V
7288,2021-08-03 01:42:16,4182140,CAR,2,4602,PC0D3474E,74E,PTP V
7289,2021-08-02 16:22:54,72354,CAR,2,4811,PCBF83C7A,C7A,PTE V
7290,2021-08-21 05:02:25,7722699,VAN,2,4396,PCA00BC1C,C1C,PTE V
7291,2021-08-10 02:30:54,4420042,CAR,2,4837,PCA10FFA0,FA0,PTC V
7292,2021-08-02 00:50:51,7614968,CAR,2,4120,PC6700C62,C62,PTP V
7293,2021-08-17 08:07:30,2132847,VAN,2,4457,PCFBF2259,259,PTE V
7294,2021-08-05 22:19:09,96759,CAR,2,4579,PC926F0A9,0A9,PTE V
7295,2021-08-14 13:36:34,8783437,CAR,2,4878,PC08F56A1,6A1,PTP V
7296,2021-08-08 05:03:06,3340918,VAN,2,4760,PC161AC8D,C8D,PTE V
7297,2021-08-22 02:50:25,4021012,VAN,2,4466,PC6E93A05,A05,PTC V
7298,2021-07-30 22:25:24,7013369,CAR,2,4554,PC23BA77A,77A,PTC V
7299,2021-08-11 10:54:59,6659539,CAR,2,4314,PC7E9E8F3,8F3,PTE V
7300,2021-08-14 04:06:14,4489783,CAR,2,4943,PC0A5DC1F,C1F,PTE V
7301,2021-08-19 08:53:30,3101830,TRUCK,4,4029,PCE319335,335,PTC V
7302,2021-08-10 00:14:15,5680076,CAR,2,4726,PCF6540C0,0C0,PTP V
7303,2021-08-18 16:15:31,801049,VAN,2,4187,PCF8D98DC,8DC,PTP V
7304,2021-08-06 14:29:25,3803995,TRUCK,4,4155,PC9042B3F,B3F,PTP V
7305,2021-08-12 14:20:36,295668,VAN,2,4453,PC5EC8DF5,DF5,PTE V
7306,2021-08-08 02:06:05,8907100,CAR,2,5005,PC408264D,64D,PTC V
7307,2021-08-04 15:37:45,7503478,VAN,2,4594,PC59414DA,4DA,PTE V
7308,2021-08-19 04:07:46,809143,CAR,2,4400,PC3BD7D63,D63,PTP V
7309,2021-08-18 08:50:45,4138839,TRUCK,4,4601,PCC932802,802,PTE V
7310,2021-08-03 22:37:10,8935573,TRUCK,4,4285,PCB524A9F,A9F,PTE V
7311,2021-08-06 07:28:32,1270504,CAR,2,4224,PCD83983A,83A,PTP V
7312,2021-08-02 00:41:52,8795744,TRUCK,4,4153,PC88C655C,55C,PTP V
7313,2021-08-15 00:46:24,1469001,CAR,2,4856,PC7C042B7,2B7,PTC V
7314,2021-08-18 05:19:32,4543689,TRUCK,4,4155,PC9042B3F,B3F,PTC V
7315,2021-08-19 09:34:30,6842928,TRUCK,4,4492,PC0BF2899,899,PTC V
7316,2021-08-02 19:08:12,3467996,CAR,2,4624,PCDF73A3C,A3C,PTC V
7317,2021-08-17 07:31:41,8346012,CAR,2,4046,PCAC345FD,5FD,PTE V
7318,2021-08-12 15:00:21,5895590,CAR,2,4408,PC3B3BE8F,E8F,PTP V
7319,2021-07-31 23:40:41,6786826,CAR,2,4134,PC767BBB2,BB2,PTP V
7320,2021-08-13 10:53:00,1370599,CAR,2,4508,PC385C6E7,6E7,PTE V
7321,2021-08-05 13:51:10,659156,CAR,2,4223,PCA37D114,114,PTP V
7322,2021-07-30 01:48:23,9598940,CAR,2,4254,PC0C0EE22,E22,PTE V
7323,2021-07-31 23:04:04,1255033,CAR,2,4144,PCAC7E4C1,4C1,PTP V
7324,2021-08-02 13:26:21,3116152,CAR,2,4105,PC43919D1,9D1,PTP V
7325,2021-08-13 14:27:20,7242535,CAR,2,4081,PCC825DB2,DB2,PTP V
7326,2021-08-09 10:09:09,97464,VAN,2,4796,PCEBEEE05,E05,PTP V
7327,2021-08-09 03:28:53,7096686,CAR,2,4820,PCC30C735,735,PTP V
7328,2021-08-19 05:29:25,315177,TRUCK,4,4791,PC517992F,92F,PTE V
7329,2021-08-22 09:51:38,6233193,CAR,2,4720,PCDD23528,528,PTC V
7330,2021-08-08 13:09:47,9488110,CAR,2,4355,PC0EF761B,61B,PTC V
7331,2021-08-11 13:05:49,3694035,CAR,2,4952,PC64CF233,233,PTP V
7332,2021-08-20 22:00:15,9626701,CAR,2,4340,PC3A6DBC9,BC9,PTC V
7333,2021-07-30 17:43:35,8248112,CAR,2,4507,PC11DCA73,A73,PTE V
7334,2021-08-21 09:15:14,7616556,CAR,2,4256,PC9DD0BBD,BBD,PTP V
7335,2021-08-16 02:10:08,9887429,TRUCK,4,4507,PC11DCA73,A73,PTE V
7336,2021-08-12 19:01:08,8110344,TRUCK,4,4515,PC6A1B37B,37B,PTE V
7337,2021-08-15 16:06:54,8981206,TRUCK,4,4554,PC23BA77A,77A,PTE V
7338,2021-08-08 18:55:48,9345058,VAN,2,4888,PC46C55B4,5B4,PTE V
7339,2021-08-20 02:49:37,888294,TRUCK,4,4855,PC03C5C15,C15,PTP V
7340,2021-08-18 18:51:36,3964472,CAR,2,4345,PCAC01231,231,PTC V
7341,2021-08-07 23:18:57,7304651,VAN,2,4674,PC795E7B9,7B9,PTP V
7342,2021-08-06 21:39:24,8238680,CAR,2,4935,PC327D635,635,PTP V
7343,2021-08-15 12:00:44,104055,TRUCK,4,4257,PC1AB9C93,C93,PTP V
7344,2021-08-17 03:45:09,6467751,TRUCK,4,4636,PCDECFC74,C74,PTP V
7345,2021-08-08 03:36:53,8553165,TRUCK,4,4333,PCCCAD2AC,2AC,PTC V
7346,2021-08-21 00:14:30,991062,CAR,2,4140,PC5D4821F,21F,PTE V
7347,2021-08-22 00:58:39,8976338,CAR,2,4122,PC8ED616E,16E,PTE V
7348,2021-08-12 00:24:17,4072251,CAR,2,4285,PCB524A9F,A9F,PTE V
7349,2021-08-08 20:03:52,5024897,VAN,2,4980,PCBD5C822,822,PTE V
7350,2021-08-08 08:46:37,4100895,CAR,2,4526,PCCB07C68,C68,PTE V
7351,2021-08-01 07:39:20,7246216,CAR,2,4741,PC85A4D4B,D4B,PTP V
7352,2021-08-07 07:47:17,7257949,CAR,2,4924,PCE3427C5,7C5,PTC V
7353,2021-08-07 05:14:35,6803312,CAR,2,4797,PCE2D63A7,3A7,PTE V
7354,2021-08-01 09:56:03,1915730,CAR,2,4607,PC0885606,606,PTP V
7355,2021-08-08 00:20:15,8456005,CAR,2,4239,PCA185B1A,B1A,PTE V
7356,2021-07-30 12:25:29,7049379,TRUCK,4,4255,PCB7E7138,138,PTC V
7357,2021-07-30 15:58:31,5730650,CAR,2,4636,PCDECFC74,C74,PTP V
7358,2021-08-19 18:53:27,7157967,TRUCK,4,4289,PCF621E92,E92,PTE V
7359,2021-08-01 18:01:51,294126,CAR,2,4426,PCC0E943C,43C,PTE V
7360,2021-08-14 14:14:36,1355998,CAR,2,4992,PCFF0FEB0,EB0,PTP V
7361,2021-08-10 04:14:08,800537,CAR,2,4379,PC87C8BC4,BC4,PTC V
7362,2021-08-15 17:27:01,812123,TRUCK,4,4801,PC119E3A6,3A6,PTC V
7363,2021-07-29 18:44:32,5490524,CAR,2,4696,PC35509AB,9AB,PTC V
7364,2021-08-01 22:39:55,2504838,CAR,2,4158,PCAA68777,777,PTE V
7365,2021-08-07 13:34:30,8569220,CAR,2,4053,PC5F1CD83,D83,PTP V
7366,2021-08-11 13:45:44,6871833,CAR,2,4709,PCC8C7059,059,PTE V
7367,2021-08-13 10:51:40,5108693,CAR,2,4878,PC08F56A1,6A1,PTC V
7368,2021-08-05 17:40:36,259067,TRUCK,4,4095,PC3E1512A,12A,PTC V
7369,2021-08-03 02:02:26,825649,CAR,2,4424,PC51E7EF8,EF8,PTC V
7370,2021-08-02 22:14:11,3625450,CAR,2,4804,PC68484C6,4C6,PTE V
7371,2021-07-29 20:40:37,674265,VAN,2,4373,PC8806694,694,PTP V
7372,2021-08-17 08:12:59,8926159,TRUCK,4,4904,PC36C6441,441,PTC V
7373,2021-08-01 06:46:07,4544397,CAR,2,4835,PC4645718,718,PTC V
7374,2021-07-31 10:59:15,9220840,TRUCK,4,4776,PC6906524,524,PTC V
7375,2021-08-21 22:56:45,8345287,VAN,2,4047,PC6D105CF,5CF,PTE V
7376,2021-07-30 10:37:25,8769009,CAR,2,4943,PC0A5DC1F,C1F,PTC V
7377,2021-08-22 15:14:23,1446613,TRUCK,4,4876,PCDFCFF53,F53,PTC V
7378,2021-08-21 15:28:26,3358014,CAR,2,4059,PC06E8A1C,A1C,PTP V
7379,2021-07-31 03:22:33,8462299,CAR,2,4117,PCEB6517A,17A,PTP V
7380,2021-08-05 07:14:37,6770868,CAR,2,4048,PC1FE6483,483,PTC V
7381,2021-08-21 00:16:26,589967,CAR,2,4696,PC35509AB,9AB,PTP V
7382,2021-08-04 11:17:21,6618332,CAR,2,4978,PCF0B5E85,E85,PTE V
7383,2021-08-07 15:56:17,5064867,CAR,2,4327,PC16F59EC,9EC,PTC V
7384,2021-08-05 18:51:20,7989151,CAR,2,4857,PC59F4E22,E22,PTC V
7385,2021-08-04 08:27:05,5434221,CAR,2,4182,PC5EBB0FA,0FA,PTE V
7386,2021-08-05 07:17:46,6102059,VAN,2,4191,PCCC28F87,F87,PTP V
7387,2021-08-19 12:57:29,4616928,CAR,2,4304,PC89FB76E,76E,PTP V
7388,2021-08-20 12:39:32,4039181,CAR,2,4075,PC2125618,618,PTE V
7389,2021-08-07 20:44:22,8033144,CAR,2,4585,PCF3AE602,602,PTE V
7390,2021-08-08 05:09:01,952579,TRUCK,4,4099,PC97F19B1,9B1,PTC V
7391,2021-08-18 07:03:32,4430740,VAN,2,4015,PC524833E,33E,PTE V
7392,2021-08-18 19:12:53,7735955,CAR,2,4750,PCD987A9D,A9D,PTC V
7393,2021-08-03 14:01:34,9061262,CAR,2,4568,PCA8A783A,83A,PTE V
7394,2021-08-08 06:51:44,7629123,CAR,2,4092,PC40C2E00,E00,PTE V
7395,2021-08-13 19:50:11,2764399,VAN,2,4407,PC7FEC2CE,2CE,PTE V
7396,2021-08-11 16:54:49,4756011,CAR,2,4725,PCB905D54,D54,PTE V
7397,2021-08-01 03:31:50,45623,CAR,2,4757,PC126524C,24C,PTC V
7398,2021-08-06 19:41:14,2374376,VAN,2,4355,PC0EF761B,61B,PTE V
7399,2021-08-04 14:11:29,6949823,CAR,2,4613,PCEBBFFB5,FB5,PTP V
7400,2021-08-13 01:03:27,8323458,VAN,2,4183,PCF5E7754,754,PTE V
7401,2021-08-07 12:02:58,8255952,CAR,2,4776,PC6906524,524,PTC V
7402,2021-08-17 03:00:13,5769834,CAR,2,4895,PC37F171A,71A,PTP V
7403,2021-08-08 10:41:35,2198483,TRUCK,4,4070,PCEECA8B2,8B2,PTC V
7404,2021-08-14 10:37:26,2452517,CAR,2,4043,PC134F258,258,PTC V
7405,2021-08-01 03:37:09,7880390,CAR,2,4040,PCB335328,328,PTP V
7406,2021-08-18 16:26:39,7109333,TRUCK,4,4131,PC4C9B108,108,PTP V
7407,2021-08-13 15:41:29,512580,VAN,2,4669,PC36675CE,5CE,PTP V
7408,2021-08-19 12:44:20,8552656,TRUCK,4,4075,PC2125618,618,PTE V
7409,2021-08-20 12:35:24,1289420,TRUCK,4,4630,PCA26D872,872,PTC V
7410,2021-08-10 13:39:59,6168234,TRUCK,4,4992,PCFF0FEB0,EB0,PTP V
7411,2021-07-29 13:17:44,7197444,CAR,2,4189,PC7655FC1,FC1,PTC V
7412,2021-08-18 23:37:12,2041034,VAN,2,4644,PC411FDC0,DC0,PTC V
7413,2021-08-01 16:01:29,5166136,TRUCK,4,4336,PCD30AB50,B50,PTE V
7414,2021-08-15 04:12:44,4541542,TRUCK,4,4297,PCDE89544,544,PTE V
7415,2021-08-03 03:19:18,5902170,CAR,2,4185,PC7F5C566,566,PTP V
7416,2021-08-13 16:44:17,2220745,CAR,2,4392,PCAF6E464,464,PTP V
7417,2021-08-20 21:32:41,4219311,TRUCK,4,4332,PC3B258E9,8E9,PTE V
7418,2021-08-01 16:29:44,490955,TRUCK,4,4369,PCD5CBB82,B82,PTE V
7419,2021-08-13 11:54:18,8818164,TRUCK,4,4035,PC1B1D964,964,PTC V
7420,2021-08-18 05:56:26,379233,VAN,2,4290,PC84E8CEF,CEF,PTE V
7421,2021-08-08 10:00:50,2992343,CAR,2,4413,PC6C88C27,C27,PTC V
7422,2021-08-17 11:46:00,9841923,TRUCK,4,4208,PC1E49F6B,F6B,PTC V
7423,2021-08-18 07:11:42,964657,TRUCK,4,4645,PC14FBE4A,E4A,PTP V
7424,2021-08-03 06:15:42,4029113,CAR,2,4069,PCC48608C,08C,PTC V
7425,2021-08-11 03:29:05,4783665,CAR,2,4629,PCC5E1C04,C04,PTC V
7426,2021-08-03 01:55:10,8346607,CAR,2,4277,PC010D2A9,2A9,PTE V
7427,2021-08-07 01:16:02,1848717,CAR,2,4282,PCCE002E5,2E5,PTC V
7428,2021-08-10 23:56:21,8905734,CAR,2,4910,PC75BC2DF,2DF,PTE V
7429,2021-08-14 17:47:32,4648211,CAR,2,4185,PC7F5C566,566,PTP V
7430,2021-08-09 00:07:40,3455217,CAR,2,4854,PCB6F1968,968,PTC V
7431,2021-08-06 18:23:24,6780969,CAR,2,4112,PCEA652A8,2A8,PTC V
7432,2021-08-10 17:02:02,4311346,CAR,2,4342,PCE7F2748,748,PTP V
7433,2021-08-16 11:17:18,6633247,CAR,2,4606,PC0C535B6,5B6,PTP V
7434,2021-08-19 22:26:44,674703,CAR,2,4929,PC9E503B6,3B6,PTE V
7435,2021-08-09 02:13:28,1494760,CAR,2,4032,PC578F087,087,PTP V
7436,2021-08-10 17:17:49,6390843,CAR,2,4332,PC3B258E9,8E9,PTE V
7437,2021-08-01 05:14:28,3305657,CAR,2,4539,PC684859B,59B,PTE V
7438,2021-08-21 20:01:17,3613530,CAR,2,4549,PC2F1A066,066,PTP V
7439,2021-08-11 00:51:16,9529224,VAN,2,4219,PC40E6113,113,PTP V
7440,2021-08-10 20:01:01,7234460,CAR,2,4008,PC5680D80,D80,PTP V
7441,2021-08-15 04:28:09,9929633,CAR,2,4322,PC262D624,624,PTC V
7442,2021-08-13 23:46:44,9001607,VAN,2,4941,PCA6403C1,3C1,PTP V
7443,2021-08-20 13:00:13,6477654,CAR,2,4015,PC524833E,33E,PTE V
7444,2021-08-20 13:28:25,9667759,CAR,2,4641,PCAA9F518,518,PTE V
7445,2021-08-19 19:47:29,1032802,CAR,2,4282,PCCE002E5,2E5,PTE V
7446,2021-08-20 20:13:09,9391216,VAN,2,5007,PC869BDE8,DE8,PTE V
7447,2021-08-07 20:41:28,3227757,TRUCK,4,4912,PC526B1EC,1EC,PTC V
7448,2021-08-11 18:52:04,966997,CAR,2,4825,PC8B8C482,482,PTP V
7449,2021-08-18 12:44:15,6068700,CAR,2,4665,PCF63C15F,15F,PTE V
7450,2021-08-16 23:19:51,7234287,TRUCK,4,4846,PCBABD060,060,PTP V
7451,2021-08-02 09:43:12,9014426,CAR,2,4935,PC327D635,635,PTP V
7452,2021-08-02 19:45:45,9703019,TRUCK,4,4835,PC4645718,718,PTE V
7453,2021-08-09 03:55:50,8348284,CAR,2,4771,PC71FE98A,98A,PTP V
7454,2021-08-08 18:08:29,6982317,CAR,2,4528,PC1269226,226,PTP V
7455,2021-08-01 19:23:36,2646415,CAR,2,4650,PC544AE70,E70,PTP V
7456,2021-08-16 02:02:08,8780611,CAR,2,4304,PC89FB76E,76E,PTE V
7457,2021-08-01 08:40:06,8587375,VAN,2,4778,PCCCADDBD,DBD,PTE V
7458,2021-08-10 16:43:45,7246447,CAR,2,4959,PC4A7B00C,00C,PTP V
7459,2021-08-14 15:57:10,8451281,CAR,2,4004,PCB278A8B,A8B,PTP V
7460,2021-08-04 23:44:24,9036090,CAR,2,4780,PC0A717C4,7C4,PTC V
7461,2021-08-14 00:48:10,9093330,TRUCK,4,4937,PCD30D908,908,PTC V
7462,2021-07-30 08:37:56,862362,TRUCK,4,4541,PCC6A4CD8,CD8,PTP V
7463,2021-08-22 17:49:22,9702665,CAR,2,4612,PC871C1FC,1FC,PTP V
7464,2021-08-06 09:56:49,410145,TRUCK,4,4558,PC575F591,591,PTC V
7465,2021-08-10 01:49:29,5645452,CAR,2,4168,PCBC064F8,4F8,PTP V
7466,2021-08-21 10:30:33,1612198,CAR,2,4678,PCD175301,301,PTP V
7467,2021-08-14 12:24:05,5901280,CAR,2,4863,PCA8F9E50,E50,PTE V
7468,2021-08-05 13:52:50,6796054,TRUCK,4,4125,PC8AAEF51,F51,PTP V
7469,2021-07-31 09:32:41,1992959,CAR,2,4457,PCFBF2259,259,PTP V
7470,2021-08-09 18:29:36,7209387,TRUCK,4,4870,PC65485BB,5BB,PTP V
7471,2021-08-13 19:03:52,5296234,TRUCK,4,4037,PC0A50259,259,PTE V
7472,2021-07-30 11:24:26,7335844,CAR,2,4485,PC99A12E9,2E9,PTE V
7473,2021-08-22 16:22:08,6792681,CAR,2,4345,PCAC01231,231,PTE V
7474,2021-08-12 06:23:36,9104372,TRUCK,4,4359,PCB27CFF1,FF1,PTE V
7475,2021-08-03 13:07:59,5618047,TRUCK,4,4785,PC787D664,664,PTP V
7476,2021-08-14 20:46:37,4152765,CAR,2,4303,PC2E2E0C0,0C0,PTC V
7477,2021-08-14 07:54:38,4053477,CAR,2,4398,PCE60D320,320,PTC V
7478,2021-07-29 19:43:49,5389815,TRUCK,4,4426,PCC0E943C,43C,PTC V
7479,2021-08-11 13:29:39,4349516,TRUCK,4,4700,PC14E538A,38A,PTP V
7480,2021-08-11 09:04:13,4800837,CAR,2,4732,PCD83DE25,E25,PTE V
7481,2021-08-16 05:51:42,5881803,CAR,2,4988,PC46BE0B2,0B2,PTC V
7482,2021-08-02 22:45:20,9860862,TRUCK,4,4795,PC7EE2DCF,DCF,PTP V
7483,2021-07-30 22:08:42,1692651,CAR,2,4524,PCF8BB245,245,PTC V
7484,2021-08-08 10:37:34,5621410,TRUCK,4,4735,PC2294422,422,PTP V
7485,2021-08-04 13:55:14,4870051,VAN,2,4449,PCAACD453,453,PTE V
7486,2021-08-10 01:33:47,9498827,TRUCK,4,4236,PC5212DD0,DD0,PTE V
7487,2021-07-31 12:47:26,6760071,TRUCK,4,4325,PC8FC83B3,3B3,PTC V
7488,2021-08-10 19:57:49,5141987,VAN,2,4606,PC0C535B6,5B6,PTP V
7489,2021-08-12 00:53:50,7947604,CAR,2,4167,PC8453073,073,PTP V
7490,2021-08-11 07:32:11,1413444,CAR,2,4680,PCC422F4D,F4D,PTC V
7491,2021-08-05 16:43:57,5716021,CAR,2,4423,PCF9F4940,940,PTP V
7492,2021-08-11 08:47:39,5841590,CAR,2,4714,PC9B747F8,7F8,PTE V
7493,2021-08-20 18:11:07,9024498,CAR,2,4227,PCD8346A6,6A6,PTP V
7494,2021-08-13 13:00:07,6133315,CAR,2,4131,PC4C9B108,108,PTP V
7495,2021-08-15 15:37:07,6515917,CAR,2,4781,PC0D83A1E,A1E,PTP V
7496,2021-08-04 05:13:07,6347155,CAR,2,4109,PC7057B6A,B6A,PTE V
7497,2021-08-09 07:45:41,4969561,CAR,2,4376,PCA283923,923,PTE V
7498,2021-08-20 01:59:03,58199,CAR,2,4967,PC2AFCB31,B31,PTC V
7499,2021-08-14 18:26:09,6346468,VAN,2,4848,PCF0FC9B2,9B2,PTE V
7500,2021-08-07 05:54:10,2324397,TRUCK,4,4221,PC90AAFDA,FDA,PTE V
7501,2021-08-02 09:50:29,816490,TRUCK,4,4182,PC5EBB0FA,0FA,PTC V
7502,2021-08-21 09:54:25,3772652,TRUCK,4,4047,PC6D105CF,5CF,PTE V
7503,2021-08-14 19:48:49,5888244,CAR,2,4793,PCD8E3CCB,CCB,PTC V
7504,2021-08-16 20:44:54,3406255,TRUCK,4,4754,PC99AE725,725,PTE V
7505,2021-07-30 06:12:01,7082052,CAR,2,4387,PCE2B9376,376,PTE V
7506,2021-08-11 23:33:47,3879644,CAR,2,4817,PCFF02057,057,PTP V
7507,2021-08-15 04:42:06,8429940,TRUCK,4,4224,PCD83983A,83A,PTC V
7508,2021-08-09 16:34:33,2967575,TRUCK,4,5003,PCAC9371E,71E,PTC V
7509,2021-08-07 16:14:31,9870647,CAR,2,4401,PC0606D6A,D6A,PTE V
7510,2021-08-08 04:34:00,9265512,CAR,2,4562,PC4C95CA2,CA2,PTC V
7511,2021-08-07 01:11:01,1596969,CAR,2,4346,PCA35B156,156,PTE V
7512,2021-08-15 17:27:22,93487,CAR,2,4194,PC96AD1EB,1EB,PTP V
7513,2021-08-06 08:57:20,9792648,CAR,2,4316,PC6D531E1,1E1,PTP V
7514,2021-08-11 00:14:07,2201161,CAR,2,4336,PCD30AB50,B50,PTP V
7515,2021-08-20 23:38:54,568730,CAR,2,4820,PCC30C735,735,PTP V
7516,2021-08-15 22:16:08,9183023,TRUCK,4,4453,PC5EC8DF5,DF5,PTE V
7517,2021-08-14 22:20:41,7833192,CAR,2,4999,PCE976BA1,BA1,PTC V
7518,2021-08-12 03:16:26,8807069,CAR,2,4388,PC803F0F2,0F2,PTC V
7519,2021-07-30 21:40:54,6371442,CAR,2,4104,PC0A63844,844,PTP V
7520,2021-08-20 19:57:29,3128917,CAR,2,4846,PCBABD060,060,PTE V
7521,2021-08-20 13:07:36,3668632,VAN,2,4945,PC95BD14B,14B,PTE V
7522,2021-08-03 16:27:56,208234,VAN,2,4369,PCD5CBB82,B82,PTP V
7523,2021-08-03 09:58:40,9173387,CAR,2,4186,PC922BA3E,A3E,PTE V
7524,2021-08-09 02:00:47,5640081,CAR,2,4663,PCA7178EC,8EC,PTE V
7525,2021-08-01 04:30:40,2764435,TRUCK,4,4222,PC15EC378,378,PTP V
7526,2021-07-31 09:10:59,6452737,TRUCK,4,4752,PC99A4177,177,PTE V
7527,2021-08-16 23:18:51,5757073,VAN,2,4448,PC19F3DBB,DBB,PTE V
7528,2021-08-04 07:59:43,1178900,TRUCK,4,4095,PC3E1512A,12A,PTP V
7529,2021-08-21 09:43:19,899324,TRUCK,4,4812,PC22D9C6D,C6D,PTE V
7530,2021-08-17 16:13:54,9574603,TRUCK,4,4694,PCBCF42C2,2C2,PTE V
7531,2021-08-07 01:44:03,2081108,VAN,2,5006,PC7A260F1,0F1,PTE V
7532,2021-08-06 14:55:45,4740662,CAR,2,4991,PC5B5C16D,16D,PTE V
7533,2021-08-21 09:03:36,3618781,CAR,2,4707,PC98F856D,56D,PTC V
7534,2021-08-07 12:40:24,6185491,CAR,2,4108,PC7C55512,512,PTP V
7535,2021-08-03 23:11:13,4338100,CAR,2,4359,PCB27CFF1,FF1,PTE V
7536,2021-08-03 11:04:59,8424797,CAR,2,4849,PCF764517,517,PTC V
7537,2021-08-05 03:51:14,165359,CAR,2,4543,PC74F5EBA,EBA,PTC V
7538,2021-08-21 00:24:30,9058629,CAR,2,4634,PCC72D8B8,8B8,PTE V
7539,2021-08-18 14:04:45,9958604,CAR,2,4583,PC0567192,192,PTP V
7540,2021-08-18 11:00:13,3479197,CAR,2,4027,PCE7A4F34,F34,PTP V
7541,2021-08-14 23:39:05,2778975,CAR,2,4840,PC49BFB36,B36,PTP V
7542,2021-08-13 04:50:34,2047308,VAN,2,4269,PCC7106FF,6FF,PTE V
7543,2021-08-04 00:29:30,4815094,CAR,2,4917,PCD8C66B1,6B1,PTP V
7544,2021-08-14 02:36:15,4194215,CAR,2,4324,PC9C3D708,708,PTE V
7545,2021-08-01 20:48:55,5449441,TRUCK,4,4577,PC8FE0901,901,PTE V
7546,2021-08-09 14:31:42,1433563,TRUCK,4,4899,PC4967767,767,PTC V
7547,2021-08-05 23:03:44,4724577,CAR,2,4961,PC92C5115,115,PTE V
7548,2021-08-21 02:59:56,1135297,CAR,2,4239,PCA185B1A,B1A,PTP V
7549,2021-08-02 19:14:54,4118323,CAR,2,4557,PC6C80A46,A46,PTC V
7550,2021-08-02 23:56:41,1759098,CAR,2,4802,PCBDD55F1,5F1,PTE V
7551,2021-08-10 20:55:24,4394805,TRUCK,4,4311,PC7F02ED3,ED3,PTE V
7552,2021-08-01 05:21:00,3335462,CAR,2,4631,PCFFF6463,463,PTC V
7553,2021-08-19 12:10:37,8466858,CAR,2,4634,PCC72D8B8,8B8,PTP V
7554,2021-08-01 12:25:34,2709049,CAR,2,4447,PC6B030C6,0C6,PTE V
7555,2021-08-21 04:00:10,6374057,VAN,2,4232,PC4156AD5,AD5,PTP V
7556,2021-08-17 00:45:49,3417476,TRUCK,4,4788,PC00AE965,965,PTE V
7557,2021-08-03 03:09:04,3470409,CAR,2,4229,PCD0DDD3D,D3D,PTP V
7558,2021-08-16 08:22:22,2940095,CAR,2,4662,PCB2463CF,3CF,PTC V
7559,2021-08-15 01:39:04,8969452,VAN,2,4447,PC6B030C6,0C6,PTP V
7560,2021-08-08 18:19:46,4816177,VAN,2,4262,PCCB12F8C,F8C,PTP V
7561,2021-07-30 12:52:19,2113519,CAR,2,4905,PCE1EA438,438,PTC V
7562,2021-08-04 13:12:12,9932709,CAR,2,4328,PC3777B8E,B8E,PTP V
7563,2021-08-13 06:10:03,3317671,CAR,2,4568,PCA8A783A,83A,PTP V
7564,2021-08-04 15:02:34,74724,VAN,2,4771,PC71FE98A,98A,PTC V
7565,2021-08-03 18:51:05,7688729,CAR,2,4165,PC0D2B95C,95C,PTE V
7566,2021-08-14 16:43:04,3773933,CAR,2,4745,PC6397888,888,PTE V
7567,2021-08-12 04:59:45,9622885,CAR,2,4741,PC85A4D4B,D4B,PTC V
7568,2021-08-05 02:35:11,9441642,CAR,2,4303,PC2E2E0C0,0C0,PTP V
7569,2021-07-31 18:42:48,4976965,VAN,2,4696,PC35509AB,9AB,PTE V
7570,2021-08-03 21:35:42,2414647,CAR,2,4082,PCF86214E,14E,PTC V
7571,2021-08-08 09:19:33,9302092,CAR,2,4404,PCE03E8B1,8B1,PTE V
7572,2021-07-31 06:52:52,3641613,VAN,2,4290,PC84E8CEF,CEF,PTE V
7573,2021-08-10 09:43:31,6201049,VAN,2,4115,PCF5D4B0A,B0A,PTE V
7574,2021-07-31 20:47:48,1335290,VAN,2,4981,PC6B14C5D,C5D,PTC V
7575,2021-07-30 05:01:39,4451873,CAR,2,4397,PCB070250,250,PTE V
7576,2021-08-15 23:41:33,9009426,TRUCK,4,4308,PC94E7A96,A96,PTC V
7577,2021-08-12 21:40:26,3287081,TRUCK,4,4908,PC3D16FC5,FC5,PTC V
7578,2021-08-04 05:46:38,2944991,VAN,2,4106,PC9764C98,C98,PTE V
7579,2021-08-14 09:48:58,413297,TRUCK,4,4508,PC385C6E7,6E7,PTP V
7580,2021-08-16 20:26:01,5347923,VAN,2,4394,PCD3A817A,17A,PTP V
7581,2021-08-04 15:36:12,5798273,CAR,2,4617,PC7758F89,F89,PTE V
7582,2021-08-06 18:13:12,6630874,TRUCK,4,4054,PC7E79FA0,FA0,PTC V
7583,2021-08-17 14:44:54,3159247,VAN,2,4571,PC2308E9E,E9E,PTC V
7584,2021-08-18 04:16:55,2089708,CAR,2,4205,PC85DD257,257,PTC V
7585,2021-08-21 02:23:42,2959754,TRUCK,4,4122,PC8ED616E,16E,PTE V
7586,2021-08-16 04:27:49,2236368,TRUCK,4,4623,PCAA67227,227,PTP V
7587,2021-07-30 22:54:47,5857808,TRUCK,4,4228,PC4F78F1B,F1B,PTP V
7588,2021-08-13 21:56:06,9971291,CAR,2,4903,PCC3BCE65,E65,PTE V
7589,2021-08-19 12:06:03,288889,VAN,2,4677,PCA9D6EEE,EEE,PTP V
7590,2021-08-05 16:50:09,3970118,TRUCK,4,4540,PC5CAF0A7,0A7,PTC V
7591,2021-08-15 18:28:50,5924323,CAR,2,4785,PC787D664,664,PTP V
7592,2021-08-07 00:20:57,2286964,CAR,2,4657,PCC591410,410,PTP V
7593,2021-08-19 22:25:18,2560687,CAR,2,4538,PCDE5402C,02C,PTC V
7594,2021-07-30 22:42:04,8489484,TRUCK,4,4146,PCF91266E,66E,PTP V
7595,2021-08-05 11:28:59,5693581,TRUCK,4,4042,PC5D4DE09,E09,PTE V
7596,2021-08-11 07:57:44,2558396,CAR,2,4481,PC30AAE76,E76,PTP V
7597,2021-07-29 19:34:47,5713776,TRUCK,4,4889,PC3547FAD,FAD,PTE V
7598,2021-08-09 21:47:12,8079496,CAR,2,4796,PCEBEEE05,E05,PTC V
7599,2021-08-06 04:30:35,5156402,CAR,2,4186,PC922BA3E,A3E,PTE V
7600,2021-08-07 16:49:49,8426006,TRUCK,4,4311,PC7F02ED3,ED3,PTE V
7601,2021-08-11 23:12:55,8115928,CAR,2,4015,PC524833E,33E,PTC V
7602,2021-08-13 06:27:47,4388771,CAR,2,4666,PCE8CBA37,A37,PTE V
7603,2021-08-11 23:19:50,4825245,TRUCK,4,4300,PC666483B,83B,PTP V
7604,2021-08-09 06:11:23,4274407,CAR,2,4003,PC83F544D,44D,PTC V
7605,2021-08-22 10:50:58,3034204,VAN,2,4668,PCBB055C6,5C6,PTP V
7606,2021-08-21 07:08:46,5993276,CAR,2,4611,PC2EBEAB9,AB9,PTP V
7607,2021-08-11 00:02:48,6802820,TRUCK,4,4602,PC0D3474E,74E,PTP V
7608,2021-08-16 22:01:43,3240699,CAR,2,4977,PCB077F18,F18,PTP V
7609,2021-08-03 22:33:25,1589877,CAR,2,4952,PC64CF233,233,PTC V
7610,2021-08-15 02:38:40,3273059,VAN,2,4897,PCAB2FA02,A02,PTP V
7611,2021-08-09 19:59:35,9573243,CAR,2,4001,PC58105BF,5BF,PTP V
7612,2021-08-20 11:40:54,4608773,CAR,2,4860,PCF4A2DA9,DA9,PTE V
7613,2021-08-14 17:51:09,9689611,CAR,2,4001,PC58105BF,5BF,PTP V
7614,2021-08-01 09:38:28,1657894,CAR,2,4453,PC5EC8DF5,DF5,PTE V
7615,2021-08-21 20:17:22,5148112,TRUCK,4,4048,PC1FE6483,483,PTP V
7616,2021-08-17 05:53:39,4719776,CAR,2,4663,PCA7178EC,8EC,PTE V
7617,2021-08-15 21:24:58,222550,VAN,2,4942,PCD51A740,740,PTE V
7618,2021-08-16 04:37:51,1398298,CAR,2,4802,PCBDD55F1,5F1,PTP V
7619,2021-08-14 22:21:17,4414791,CAR,2,4699,PC2C1B987,987,PTP V
7620,2021-08-01 06:07:11,3970197,VAN,2,4488,PC19D06B0,6B0,PTC V
7621,2021-08-06 09:19:53,651627,CAR,2,4638,PCB7AC8AA,8AA,PTP V
7622,2021-07-30 14:16:26,1506338,TRUCK,4,4589,PC1477DC9,DC9,PTP V
7623,2021-07-29 22:40:02,3919803,VAN,2,4130,PC9F22103,103,PTP V
7624,2021-08-02 23:58:13,272280,CAR,2,4046,PCAC345FD,5FD,PTP V
7625,2021-08-18 12:02:16,7774983,CAR,2,4635,PC3C8B99E,99E,PTP V
7626,2021-08-06 05:53:20,4474490,TRUCK,4,4630,PCA26D872,872,PTP V
7627,2021-08-16 14:53:11,7657397,CAR,2,4217,PC6E8D0F9,0F9,PTP V
7628,2021-08-08 04:14:07,7266983,VAN,2,4342,PCE7F2748,748,PTC V
7629,2021-08-22 17:34:13,3660800,CAR,2,4408,PC3B3BE8F,E8F,PTE V
7630,2021-08-10 05:43:34,2513964,CAR,2,4457,PCFBF2259,259,PTP V
7631,2021-08-01 14:01:44,8707477,CAR,2,4410,PC6EFC03B,03B,PTC V
7632,2021-08-17 16:46:38,326999,CAR,2,4393,PC93CE517,517,PTE V
7633,2021-08-12 23:44:31,3531096,CAR,2,4789,PCBE8B2AB,2AB,PTC V
7634,2021-08-02 16:41:41,5425914,CAR,2,4713,PCD4A1214,214,PTC V
7635,2021-08-03 10:37:10,9457018,CAR,2,4201,PC0E22DEA,DEA,PTP V
7636,2021-08-09 01:56:56,5275678,TRUCK,4,4479,PCCA36E4D,E4D,PTE V
7637,2021-08-15 23:35:37,1505533,TRUCK,4,4526,PCCB07C68,C68,PTC V
7638,2021-08-14 03:46:23,1587977,VAN,2,4139,PC924C594,594,PTP V
7639,2021-08-02 14:10:30,1805802,CAR,2,4092,PC40C2E00,E00,PTC V
7640,2021-07-31 07:33:35,5747626,VAN,2,4350,PCEDD7E85,E85,PTE V
7641,2021-08-06 11:26:38,4801660,CAR,2,4456,PC8DFF744,744,PTE V
7642,2021-08-12 09:36:59,8014921,TRUCK,4,4726,PCF6540C0,0C0,PTC V
7643,2021-08-21 01:18:40,7228081,CAR,2,4141,PC13CB69B,69B,PTP V
7644,2021-08-19 22:15:13,5872678,CAR,2,4856,PC7C042B7,2B7,PTE V
7645,2021-08-22 02:12:21,3243364,CAR,2,4394,PCD3A817A,17A,PTE V
7646,2021-07-30 02:31:53,453696,CAR,2,4602,PC0D3474E,74E,PTE V
7647,2021-08-12 21:35:29,1595146,CAR,2,4161,PCF8F6133,133,PTC V
7648,2021-07-29 18:44:01,6399483,CAR,2,4163,PC95B4E03,E03,PTE V
7649,2021-08-13 12:28:08,2533308,CAR,2,4170,PC8CA1B15,B15,PTP V
7650,2021-07-31 07:32:46,5901857,VAN,2,4054,PC7E79FA0,FA0,PTE V
7651,2021-08-16 15:45:07,799844,CAR,2,4213,PCDD316EB,6EB,PTP V
7652,2021-08-11 01:55:38,6075034,TRUCK,4,5004,PC2111CF9,CF9,PTC V
7653,2021-08-20 10:16:59,1959769,CAR,2,4148,PCDFBBEBB,EBB,PTP V
7654,2021-07-29 17:58:13,9307517,VAN,2,4927,PC2D22627,627,PTC V
7655,2021-08-17 15:30:18,6034027,CAR,2,4944,PC41EEC34,C34,PTP V
7656,2021-08-06 14:29:41,9183111,CAR,2,4384,PC59A33DE,3DE,PTC V
7657,2021-08-12 15:02:07,4130918,CAR,2,4111,PC07F012A,12A,PTE V
7658,2021-08-18 18:07:06,6965737,CAR,2,5009,PC70886EC,6EC,PTP V
7659,2021-08-03 18:18:57,7477951,CAR,2,4654,PCBA5D8AB,8AB,PTP V
7660,2021-08-13 17:19:02,6075575,CAR,2,4942,PCD51A740,740,PTP V
7661,2021-08-10 04:50:29,2435174,CAR,2,4046,PCAC345FD,5FD,PTP V
7662,2021-08-18 05:30:20,395407,CAR,2,4493,PC124B4C0,4C0,PTC V
7663,2021-08-15 11:25:15,898913,CAR,2,4652,PC74A3585,585,PTP V
7664,2021-08-04 12:05:39,371432,CAR,2,4658,PC1A58039,039,PTP V
7665,2021-08-16 14:42:18,7398235,CAR,2,4741,PC85A4D4B,D4B,PTC V
7666,2021-08-10 18:36:54,2966024,CAR,2,4239,PCA185B1A,B1A,PTC V
7667,2021-08-08 01:18:20,6898449,CAR,2,4674,PC795E7B9,7B9,PTE V
7668,2021-08-12 12:07:18,1092379,CAR,2,4216,PC53B475D,75D,PTC V
7669,2021-08-14 15:57:35,6906934,TRUCK,4,4030,PCA8A9AA8,AA8,PTC V
7670,2021-08-14 22:26:11,1957260,CAR,2,4905,PCE1EA438,438,PTE V
7671,2021-08-22 14:09:43,1291329,CAR,2,4039,PC73BE1E2,1E2,PTC V
7672,2021-08-20 23:23:56,3235714,VAN,2,4055,PCA06B2F1,2F1,PTC V
7673,2021-08-08 15:10:29,3737460,TRUCK,4,4389,PC7688C61,C61,PTP V
7674,2021-08-21 21:42:11,3012583,CAR,2,4345,PCAC01231,231,PTP V
7675,2021-08-16 02:07:10,5673854,CAR,2,4644,PC411FDC0,DC0,PTC V
7676,2021-08-13 23:23:08,3668420,CAR,2,4921,PCA70760B,60B,PTC V
7677,2021-08-08 01:31:19,2989266,CAR,2,4456,PC8DFF744,744,PTE V
7678,2021-08-11 19:42:14,4656676,CAR,2,4222,PC15EC378,378,PTP V
7679,2021-07-31 23:37:14,6899405,TRUCK,4,4698,PC8BCEB19,B19,PTP V
7680,2021-08-03 07:14:46,1054248,TRUCK,4,4558,PC575F591,591,PTE V
7681,2021-08-10 08:08:01,9824896,CAR,2,4454,PC94C0945,945,PTP V
7682,2021-08-07 08:03:13,5019344,TRUCK,4,4849,PCF764517,517,PTP V
7683,2021-08-14 17:34:23,3480218,VAN,2,4573,PC4D8469D,69D,PTC V
7684,2021-08-09 12:37:49,8122358,CAR,2,4397,PCB070250,250,PTP V
7685,2021-08-09 23:32:05,1876106,TRUCK,4,4449,PCAACD453,453,PTE V
7686,2021-08-09 05:01:19,6905876,CAR,2,4677,PCA9D6EEE,EEE,PTC V
7687,2021-08-02 04:53:27,9137619,TRUCK,4,4559,PC93AAEC9,EC9,PTC V
7688,2021-08-15 02:20:17,2291085,CAR,2,4880,PC5A27CDE,CDE,PTP V
7689,2021-08-22 00:59:12,5314961,CAR,2,4197,PCE32ED40,D40,PTE V
7690,2021-08-16 14:19:38,1937069,CAR,2,4028,PCE75C5C8,5C8,PTP V
7691,2021-08-17 08:03:41,367838,CAR,2,4841,PCE45DE8D,E8D,PTP V
7692,2021-08-17 15:01:19,9906248,VAN,2,4148,PCDFBBEBB,EBB,PTC V
7693,2021-08-01 18:44:44,1037071,TRUCK,4,4073,PCA3797CA,7CA,PTP V
7694,2021-08-15 10:07:45,2415525,CAR,2,4508,PC385C6E7,6E7,PTE V
7695,2021-08-21 07:45:05,2292281,CAR,2,4125,PC8AAEF51,F51,PTE V
7696,2021-08-18 00:15:19,155831,TRUCK,4,4952,PC64CF233,233,PTP V
7697,2021-08-12 20:42:49,1363903,CAR,2,4835,PC4645718,718,PTE V
7698,2021-08-14 10:27:11,9452493,VAN,2,4693,PCB4CDDA5,DA5,PTP V
7699,2021-08-05 01:29:52,5494192,CAR,2,4632,PCC1FFE5B,E5B,PTP V
7700,2021-08-16 05:32:51,1142804,CAR,2,4707,PC98F856D,56D,PTC V
7701,2021-08-19 11:45:18,8202025,VAN,2,4290,PC84E8CEF,CEF,PTP V
7702,2021-08-11 06:45:00,6941002,CAR,2,4736,PC6A65941,941,PTC V
7703,2021-08-08 16:01:23,6122794,CAR,2,4595,PC64281F6,1F6,PTP V
7704,2021-08-10 22:06:55,8833966,CAR,2,4215,PC4C76F48,F48,PTE V
7705,2021-08-19 16:38:42,1425830,TRUCK,4,4303,PC2E2E0C0,0C0,PTC V
7706,2021-08-13 12:12:08,6423319,TRUCK,4,4065,PC3B514E2,4E2,PTE V
7707,2021-08-01 02:33:20,7331025,CAR,2,4701,PCD5F2808,808,PTP V
7708,2021-08-11 04:05:26,1126576,TRUCK,4,4613,PCEBBFFB5,FB5,PTE V
7709,2021-08-12 05:07:19,4932187,TRUCK,4,4737,PCED7EAFE,AFE,PTP V
7710,2021-08-06 07:45:17,2737632,TRUCK,4,4708,PC82D2552,552,PTE V
7711,2021-08-04 12:03:21,9128975,CAR,2,4921,PCA70760B,60B,PTE V
7712,2021-08-01 13:30:19,3809237,CAR,2,4495,PC210A754,754,PTE V
7713,2021-08-13 09:17:09,8558751,CAR,2,4656,PC63844BC,4BC,PTE V
7714,2021-08-09 20:21:51,3305738,CAR,2,5004,PC2111CF9,CF9,PTP V
7715,2021-08-19 15:47:49,3902021,TRUCK,4,4669,PC36675CE,5CE,PTE V
7716,2021-08-21 17:16:58,1783201,VAN,2,4213,PCDD316EB,6EB,PTP V
7717,2021-08-05 17:25:34,1923804,VAN,2,4011,PC680DEC6,EC6,PTE V
7718,2021-08-12 17:12:26,3429569,CAR,2,4350,PCEDD7E85,E85,PTE V
7719,2021-08-19 12:50:45,7847002,VAN,2,4526,PCCB07C68,C68,PTP V
7720,2021-08-11 19:30:28,1115981,VAN,2,4426,PCC0E943C,43C,PTE V
7721,2021-07-31 03:21:15,1446586,CAR,2,4809,PCAD363FC,3FC,PTE V
7722,2021-08-07 05:02:32,3924916,CAR,2,4569,PC20129F9,9F9,PTE V
7723,2021-08-22 17:19:15,1289777,VAN,2,4569,PC20129F9,9F9,PTE V
7724,2021-07-30 23:15:34,7503567,VAN,2,4306,PC5D6563A,63A,PTP V
7725,2021-08-12 20:33:11,9497120,TRUCK,4,4358,PC32FB72C,72C,PTE V
7726,2021-08-12 19:59:40,9064936,CAR,2,4685,PC5D33C18,C18,PTC V
7727,2021-08-09 20:01:11,2424277,TRUCK,4,4022,PCF135377,377,PTP V
7728,2021-08-03 03:15:59,5638516,TRUCK,4,4822,PCD1EB220,220,PTE V
7729,2021-08-06 20:40:44,4041316,CAR,2,4802,PCBDD55F1,5F1,PTP V
7730,2021-08-05 01:27:52,2560021,CAR,2,4804,PC68484C6,4C6,PTE V
7731,2021-08-12 07:06:22,7741898,CAR,2,4466,PC6E93A05,A05,PTP V
7732,2021-08-14 05:20:01,1011203,CAR,2,4180,PC250A90D,90D,PTC V
7733,2021-08-11 04:23:46,6353123,CAR,2,4457,PCFBF2259,259,PTC V
7734,2021-08-09 04:34:35,7864611,CAR,2,4589,PC1477DC9,DC9,PTP V
7735,2021-07-30 14:30:38,1964748,CAR,2,4718,PC81E83B9,3B9,PTE V
7736,2021-08-17 06:58:31,31334,TRUCK,4,4033,PC783B5FC,5FC,PTC V
7737,2021-08-10 01:17:55,281570,TRUCK,4,4976,PC5149039,039,PTC V
7738,2021-08-07 19:04:56,1880686,CAR,2,4343,PC0F6325D,25D,PTE V
7739,2021-08-12 13:53:10,4145419,TRUCK,4,4288,PC12AA919,919,PTC V
7740,2021-08-06 09:32:21,2832453,CAR,2,5010,PC028872C,72C,PTE V
7741,2021-08-22 04:34:35,6252020,CAR,2,4572,PCC9756B2,6B2,PTE V
7742,2021-08-21 04:52:55,2141521,CAR,2,4453,PC5EC8DF5,DF5,PTE V
7743,2021-08-09 02:53:42,1992282,VAN,2,4659,PC5549650,650,PTP V
7744,2021-08-07 09:29:02,8005909,CAR,2,4267,PCE51C5C7,5C7,PTE V
7745,2021-08-06 03:58:17,9582423,CAR,2,4721,PCE937423,423,PTC V
7746,2021-08-09 13:59:04,2659310,CAR,2,4755,PC628DCED,CED,PTP V
7747,2021-08-17 03:13:11,1211762,CAR,2,4701,PCD5F2808,808,PTP V
7748,2021-08-02 01:02:51,3888175,TRUCK,4,4993,PC0F0AB4E,B4E,PTC V
7749,2021-08-13 04:56:19,7922192,TRUCK,4,5006,PC7A260F1,0F1,PTE V
7750,2021-08-11 15:48:15,1970163,CAR,2,4146,PCF91266E,66E,PTC V
7751,2021-08-05 11:53:40,5971486,CAR,2,4278,PC4847214,214,PTP V
7752,2021-08-08 23:45:07,5386277,TRUCK,4,4455,PC15C75C0,5C0,PTC V
7753,2021-07-29 22:14:40,7313715,CAR,2,4210,PC5613FC5,FC5,PTE V
7754,2021-08-20 21:25:26,9503798,TRUCK,4,4875,PC40FC710,710,PTP V
7755,2021-08-05 01:30:57,5634772,CAR,2,4576,PC394C979,979,PTP V
7756,2021-08-03 20:04:48,5751770,CAR,2,4105,PC43919D1,9D1,PTC V
7757,2021-08-07 14:37:40,2664763,TRUCK,4,4163,PC95B4E03,E03,PTC V
7758,2021-08-07 02:13:01,3557151,CAR,2,4832,PC34ECAB5,AB5,PTC V
7759,2021-08-15 16:28:10,1609590,CAR,2,4186,PC922BA3E,A3E,PTP V
7760,2021-07-30 10:06:19,1980965,TRUCK,4,4711,PC340B4DE,4DE,PTE V
7761,2021-07-30 18:15:39,3876776,TRUCK,4,4255,PCB7E7138,138,PTP V
7762,2021-08-08 05:36:32,3640101,CAR,2,4969,PCBBB9730,730,PTC V
7763,2021-08-14 14:10:54,361670,CAR,2,4769,PC10C50DC,0DC,PTP V
7764,2021-08-11 23:47:24,9788209,TRUCK,4,4858,PC94DC1E6,1E6,PTE V
7765,2021-08-17 20:58:46,6890380,CAR,2,4936,PC7157CF3,CF3,PTC V
7766,2021-08-02 05:55:48,6998838,CAR,2,4632,PCC1FFE5B,E5B,PTC V
7767,2021-08-16 04:10:15,3327941,CAR,2,4699,PC2C1B987,987,PTC V
7768,2021-08-19 18:44:57,5885862,TRUCK,4,4387,PCE2B9376,376,PTP V
7769,2021-08-11 08:09:12,2493008,CAR,2,4991,PC5B5C16D,16D,PTC V
7770,2021-07-30 16:15:44,3523447,VAN,2,4581,PCC347465,465,PTC V
7771,2021-07-29 13:01:17,6304380,CAR,2,4311,PC7F02ED3,ED3,PTP V
7772,2021-08-16 03:30:48,210388,CAR,2,4603,PC485BE5B,E5B,PTE V
7773,2021-08-11 23:38:53,591160,CAR,2,4469,PC120EEFD,EFD,PTP V
7774,2021-08-02 04:46:19,3267965,VAN,2,4921,PCA70760B,60B,PTP V
7775,2021-07-30 15:51:33,7896726,CAR,2,4829,PCEC030F2,0F2,PTE V
7776,2021-08-02 12:30:17,3082018,TRUCK,4,4261,PC84FFC9D,C9D,PTC V
7777,2021-08-08 04:31:54,634742,TRUCK,4,4134,PC767BBB2,BB2,PTC V
7778,2021-08-10 20:47:11,4669729,CAR,2,4889,PC3547FAD,FAD,PTE V
7779,2021-07-29 13:18:20,8353645,TRUCK,4,4374,PCC321538,538,PTP V
7780,2021-08-05 04:56:07,5914845,CAR,2,4541,PCC6A4CD8,CD8,PTC V
7781,2021-07-30 23:48:42,6752034,CAR,2,4373,PC8806694,694,PTP V
7782,2021-08-05 05:46:51,5920747,CAR,2,4271,PC28E44E2,4E2,PTE V
7783,2021-08-14 01:09:21,3244696,CAR,2,4208,PC1E49F6B,F6B,PTP V
7784,2021-08-16 20:08:15,6409585,CAR,2,4473,PC51FDD60,D60,PTP V
7785,2021-08-15 02:09:10,8395702,CAR,2,4243,PCC4F7DCE,DCE,PTE V
7786,2021-08-05 00:55:37,3521209,CAR,2,4699,PC2C1B987,987,PTE V
7787,2021-08-07 10:07:06,6091596,CAR,2,4656,PC63844BC,4BC,PTP V
7788,2021-08-02 12:57:57,1606861,TRUCK,4,5001,PC264C595,595,PTE V
7789,2021-07-30 00:35:05,4230824,TRUCK,4,4730,PC7DC0964,964,PTC V
7790,2021-07-31 14:46:55,5724714,TRUCK,4,4172,PC1A43FB7,FB7,PTP V
7791,2021-08-16 07:00:38,5332568,TRUCK,4,4856,PC7C042B7,2B7,PTP V
7792,2021-08-20 14:21:25,6012009,VAN,2,4985,PCCA71D2C,D2C,PTE V
7793,2021-08-11 04:16:48,1358656,TRUCK,4,4853,PC214FB8E,B8E,PTC V
7794,2021-08-14 15:51:51,2003600,CAR,2,4772,PC7368097,097,PTC V
7795,2021-08-04 17:29:13,2266624,TRUCK,4,4364,PCB33ACE8,CE8,PTC V
7796,2021-07-31 17:44:10,2843626,CAR,2,4689,PC89C35AD,5AD,PTE V
7797,2021-08-14 23:11:03,585517,TRUCK,4,4638,PCB7AC8AA,8AA,PTE V
7798,2021-08-08 10:28:58,9580088,CAR,2,4953,PC1E2B07E,07E,PTE V
7799,2021-08-03 22:04:19,7924239,CAR,2,4819,PC454F09B,09B,PTC V
7800,2021-08-14 00:17:08,6017546,TRUCK,4,4297,PCDE89544,544,PTP V
7801,2021-08-16 13:57:58,9439085,TRUCK,4,4373,PC8806694,694,PTE V
7802,2021-08-12 07:48:15,2310333,CAR,2,4442,PC05C2F86,F86,PTP V
7803,2021-08-07 15:33:53,8954375,TRUCK,4,4109,PC7057B6A,B6A,PTC V
7804,2021-08-01 02:57:39,1087005,CAR,2,4546,PCEF3EBBC,BBC,PTC V
7805,2021-08-05 02:16:42,606152,TRUCK,4,4002,PCED7D2DE,2DE,PTE V
7806,2021-08-07 20:18:25,410859,VAN,2,4399,PCCA288FE,8FE,PTE V
7807,2021-08-01 07:09:25,6323656,VAN,2,4105,PC43919D1,9D1,PTP V
7808,2021-08-02 03:43:54,927225,CAR,2,4194,PC96AD1EB,1EB,PTC V
7809,2021-08-04 12:41:20,4132281,CAR,2,4728,PC07BF95F,95F,PTE V
7810,2021-08-18 17:41:30,46521,CAR,2,4863,PCA8F9E50,E50,PTE V
7811,2021-08-02 23:34:46,5109250,CAR,2,4061,PC3A63A79,A79,PTC V
7812,2021-08-21 11:46:35,8359183,CAR,2,4636,PCDECFC74,C74,PTC V
7813,2021-08-12 02:54:10,8421623,TRUCK,4,4701,PCD5F2808,808,PTC V
7814,2021-07-30 21:15:59,8276423,TRUCK,4,4098,PC89C0554,554,PTP V
7815,2021-08-13 20:58:58,9201415,TRUCK,4,4797,PCE2D63A7,3A7,PTP V
7816,2021-08-19 18:52:07,2033457,TRUCK,4,4767,PC61F3A80,A80,PTE V
7817,2021-08-01 07:36:36,6584702,VAN,2,4977,PCB077F18,F18,PTP V
7818,2021-08-22 05:05:21,6528806,TRUCK,4,4480,PC9A343F9,3F9,PTE V
7819,2021-08-02 10:06:31,1448667,CAR,2,4922,PC785D63F,63F,PTP V
7820,2021-08-05 12:53:12,8603979,CAR,2,4258,PCAC64E67,E67,PTC V
7821,2021-07-30 09:57:11,8620089,CAR,2,4204,PC5881E06,E06,PTE V
7822,2021-08-15 05:29:57,2411859,TRUCK,4,4024,PC91E3A87,A87,PTP V
7823,2021-08-06 12:37:34,93963,TRUCK,4,4360,PC084F676,676,PTP V
7824,2021-08-18 22:32:50,1729123,CAR,2,4245,PC6594AD4,AD4,PTC V
7825,2021-08-17 15:40:28,2256659,CAR,2,4518,PCC7B407A,07A,PTE V
7826,2021-08-02 00:42:19,7417174,CAR,2,4781,PC0D83A1E,A1E,PTE V
7827,2021-08-16 12:53:59,2381445,TRUCK,4,4506,PCB24B68E,68E,PTE V
7828,2021-07-31 23:49:36,1370095,CAR,2,4094,PC53A52CB,2CB,PTE V
7829,2021-08-16 09:42:30,352003,TRUCK,4,4945,PC95BD14B,14B,PTE V
7830,2021-07-30 10:02:55,4768818,CAR,2,4361,PC2E0C888,888,PTP V
7831,2021-07-30 18:19:18,8763918,VAN,2,4911,PCBEF8EE1,EE1,PTC V
7832,2021-08-22 04:47:34,6510825,TRUCK,4,4085,PC6150735,735,PTP V
7833,2021-08-19 22:55:39,314813,CAR,2,4157,PC7305E43,E43,PTP V
7834,2021-08-01 08:56:38,7263962,CAR,2,4867,PC5A6D86E,86E,PTP V
7835,2021-08-16 12:08:40,5946738,CAR,2,4194,PC96AD1EB,1EB,PTC V
7836,2021-08-15 19:53:23,6996603,CAR,2,4642,PC17D596F,96F,PTE V
7837,2021-08-22 17:28:06,4266637,CAR,2,4998,PCD9C5406,406,PTE V
7838,2021-08-20 21:41:29,6715637,CAR,2,4559,PC93AAEC9,EC9,PTC V
7839,2021-08-20 07:24:53,3600501,VAN,2,4406,PC7A54E18,E18,PTC V
7840,2021-08-15 01:53:21,8485342,VAN,2,4727,PC52E71B8,1B8,PTC V
7841,2021-08-19 08:27:33,5072928,CAR,2,4957,PC8DFFE65,E65,PTP V
7842,2021-08-12 10:00:43,5089115,CAR,2,4143,PC5F47DCF,DCF,PTC V
7843,2021-08-20 13:03:50,3748738,CAR,2,4841,PCE45DE8D,E8D,PTE V
7844,2021-08-08 16:17:39,3810415,CAR,2,4614,PC08910B7,0B7,PTC V
7845,2021-08-03 04:18:16,4956756,VAN,2,5006,PC7A260F1,0F1,PTC V
7846,2021-08-15 01:13:05,2294923,CAR,2,4757,PC126524C,24C,PTC V
7847,2021-08-04 12:40:29,8176759,TRUCK,4,4531,PC857F4A0,4A0,PTP V
7848,2021-07-29 11:46:20,9142101,CAR,2,4966,PC4E6422C,22C,PTE V
7849,2021-08-10 18:33:36,8245292,CAR,2,4884,PC3FB1BB6,BB6,PTE V
7850,2021-08-08 05:23:38,8654951,CAR,2,4148,PCDFBBEBB,EBB,PTP V
7851,2021-08-21 09:13:02,4288128,TRUCK,4,4116,PCCA836C9,6C9,PTC V
7852,2021-08-13 00:28:05,8169247,VAN,2,4904,PC36C6441,441,PTC V
7853,2021-08-12 01:02:11,4848640,TRUCK,4,4500,PC548BDC0,DC0,PTC V
7854,2021-08-20 03:54:29,7404478,CAR,2,4901,PCE32D2F9,2F9,PTC V
7855,2021-08-17 15:49:06,5020008,TRUCK,4,4743,PCE6EEF2E,F2E,PTP V
7856,2021-07-31 10:38:39,217788,CAR,2,4593,PC3863F6A,F6A,PTC V
7857,2021-08-04 19:00:22,6683356,TRUCK,4,4915,PC86B0D7B,D7B,PTC V
7858,2021-08-13 14:34:21,5114429,CAR,2,4870,PC65485BB,5BB,PTP V
7859,2021-07-31 09:42:50,5705268,CAR,2,4369,PCD5CBB82,B82,PTC V
7860,2021-08-06 02:05:34,3278641,TRUCK,4,4472,PC303DD56,D56,PTE V
7861,2021-08-03 01:50:49,8170612,TRUCK,4,4996,PC6A4F55F,55F,PTE V
7862,2021-08-15 15:07:32,3809650,CAR,2,4709,PCC8C7059,059,PTC V
7863,2021-08-01 01:26:15,8750433,CAR,2,4903,PCC3BCE65,E65,PTE V
7864,2021-08-04 15:12:24,6324802,VAN,2,4007,PCDF9F773,773,PTP V
7865,2021-08-18 12:21:31,4372120,CAR,2,4958,PC8A8976A,76A,PTC V
7866,2021-08-11 14:34:11,1098853,TRUCK,4,4849,PCF764517,517,PTP V
7867,2021-08-07 16:21:15,4560509,TRUCK,4,4151,PC0AB2B55,B55,PTE V
7868,2021-08-05 15:22:13,2215730,CAR,2,4050,PC822E359,359,PTE V
7869,2021-08-06 17:16:17,2749770,CAR,2,4586,PC4A40D50,D50,PTP V
7870,2021-08-10 10:19:55,3545826,CAR,2,4834,PCB228987,987,PTC V
7871,2021-08-14 07:45:17,2497910,TRUCK,4,4268,PC6CC51DA,1DA,PTE V
7872,2021-08-14 17:47:37,6141852,CAR,2,4818,PCF243BF3,BF3,PTC V
7873,2021-08-16 10:27:56,7450959,CAR,2,4307,PC87D90FE,0FE,PTC V
7874,2021-08-02 22:42:43,6186942,CAR,2,4359,PCB27CFF1,FF1,PTC V
7875,2021-08-09 03:48:47,5107897,VAN,2,4972,PCC51AD39,D39,PTE V
7876,2021-08-14 14:15:36,3227609,CAR,2,4522,PC0A326BE,6BE,PTC V
7877,2021-08-17 12:02:53,171674,CAR,2,4056,PC9FBBA67,A67,PTP V
7878,2021-08-12 01:03:35,901299,CAR,2,4771,PC71FE98A,98A,PTC V
7879,2021-07-30 20:29:08,2250293,TRUCK,4,4111,PC07F012A,12A,PTE V
7880,2021-08-05 10:26:20,3398884,CAR,2,4142,PC7ACFF7C,F7C,PTP V
7881,2021-08-15 22:03:44,1975451,CAR,2,4362,PC670999C,99C,PTC V
7882,2021-08-05 19:36:43,808933,TRUCK,4,4007,PCDF9F773,773,PTP V
7883,2021-08-11 14:31:56,8467359,CAR,2,4569,PC20129F9,9F9,PTE V
7884,2021-08-10 02:18:42,1070452,VAN,2,4317,PC0DC6CAB,CAB,PTC V
7885,2021-08-19 07:22:16,626375,TRUCK,4,4294,PC867796D,96D,PTC V
7886,2021-08-04 03:22:46,5787154,CAR,2,4503,PC69DE15C,15C,PTP V
7887,2021-08-10 15:45:09,9361101,VAN,2,4591,PCC9875AC,5AC,PTP V
7888,2021-08-06 22:08:28,5036976,TRUCK,4,4661,PC1585DF2,DF2,PTC V
7889,2021-08-14 15:58:50,505175,CAR,2,4176,PC11E9595,595,PTC V
7890,2021-08-18 05:39:22,1402410,CAR,2,4699,PC2C1B987,987,PTC V
7891,2021-08-20 08:15:01,349489,CAR,2,4818,PCF243BF3,BF3,PTE V
7892,2021-08-12 07:37:32,1279891,VAN,2,4161,PCF8F6133,133,PTC V
7893,2021-08-10 22:07:53,6418470,VAN,2,4848,PCF0FC9B2,9B2,PTC V
7894,2021-08-19 10:10:26,2441775,TRUCK,4,4458,PCECEBBFA,BFA,PTC V
7895,2021-08-10 00:08:34,7504773,CAR,2,4973,PC9C7C18E,18E,PTC V
7896,2021-08-21 21:48:32,3638570,TRUCK,4,4165,PC0D2B95C,95C,PTE V
7897,2021-07-29 20:19:38,1182569,TRUCK,4,4078,PC8473A64,A64,PTC V
7898,2021-08-03 13:03:58,3129706,CAR,2,4702,PCDBC3AC9,AC9,PTC V
7899,2021-08-12 21:44:02,4513305,VAN,2,4482,PCB6A16D7,6D7,PTP V
7900,2021-08-01 10:47:41,9266205,CAR,2,4230,PC19CE0DB,0DB,PTC V
7901,2021-08-07 05:47:28,4875404,CAR,2,4296,PCA24C1E1,1E1,PTE V
7902,2021-08-20 20:10:34,1977397,CAR,2,4248,PC45EBEBC,EBC,PTC V
7903,2021-08-18 12:46:14,9398106,CAR,2,4634,PCC72D8B8,8B8,PTP V
7904,2021-08-10 07:40:57,4585608,TRUCK,4,4622,PCF31BD97,D97,PTP V
7905,2021-07-29 19:34:50,9526444,CAR,2,4093,PC951FE7E,E7E,PTE V
7906,2021-08-14 08:46:05,3768034,VAN,2,4060,PC481C9F9,9F9,PTC V
7907,2021-08-07 09:10:54,8976458,CAR,2,4807,PCAFC45DA,5DA,PTE V
7908,2021-08-14 13:38:10,7187468,VAN,2,4783,PC9889263,263,PTC V
7909,2021-08-17 18:14:26,2542786,TRUCK,4,4732,PCD83DE25,E25,PTP V
7910,2021-08-18 21:12:08,4556794,CAR,2,4550,PC21A1833,833,PTP V
7911,2021-08-14 12:22:44,5238283,CAR,2,4450,PC0B2B03E,03E,PTP V
7912,2021-08-21 20:06:00,855883,VAN,2,4136,PCA579A65,A65,PTE V
7913,2021-07-30 08:28:38,3820686,CAR,2,4069,PCC48608C,08C,PTP V
7914,2021-08-08 13:13:35,3693553,TRUCK,4,4654,PCBA5D8AB,8AB,PTC V
7915,2021-08-21 08:10:01,4890311,CAR,2,4536,PCC6C5CFB,CFB,PTP V
7916,2021-08-17 05:55:28,8765356,VAN,2,4731,PCFFC2992,992,PTP V
7917,2021-08-06 20:20:26,5388161,CAR,2,4920,PC42A3AB0,AB0,PTP V
7918,2021-08-09 19:58:02,3891802,CAR,2,4126,PC74CE451,451,PTP V
7919,2021-08-05 11:56:28,5365149,CAR,2,4418,PCF6EECB2,CB2,PTE V
7920,2021-08-06 05:29:18,7348680,TRUCK,4,4010,PC3A7AACB,ACB,PTC V
7921,2021-08-15 11:52:41,3377692,CAR,2,4232,PC4156AD5,AD5,PTP V
7922,2021-08-19 01:49:12,4965262,CAR,2,4273,PC0EF5BA6,BA6,PTP V
7923,2021-07-30 19:03:10,2476064,TRUCK,4,4362,PC670999C,99C,PTE V
7924,2021-08-15 17:03:34,4628297,CAR,2,4406,PC7A54E18,E18,PTP V
7925,2021-08-13 06:06:05,931785,CAR,2,4075,PC2125618,618,PTE V
7926,2021-08-07 10:47:08,413779,CAR,2,4075,PC2125618,618,PTP V
7927,2021-08-12 11:55:11,8457633,VAN,2,4278,PC4847214,214,PTE V
7928,2021-08-20 16:50:12,9679050,TRUCK,4,4031,PC0214185,185,PTC V
7929,2021-08-02 03:20:31,6146959,CAR,2,4550,PC21A1833,833,PTE V
7930,2021-08-16 22:14:58,9228681,CAR,2,4014,PCF14D1E3,1E3,PTE V
7931,2021-08-08 10:05:28,3267230,CAR,2,4294,PC867796D,96D,PTE V
7932,2021-08-02 07:00:11,7651983,CAR,2,4407,PC7FEC2CE,2CE,PTC V
7933,2021-08-07 16:14:42,130151,CAR,2,4875,PC40FC710,710,PTC V
7934,2021-08-15 00:59:55,7452820,CAR,2,4041,PCB566359,359,PTE V
7935,2021-08-16 09:42:02,5576025,CAR,2,4833,PC71A1452,452,PTE V
7936,2021-08-04 13:41:53,5860265,CAR,2,4922,PC785D63F,63F,PTC V
7937,2021-08-09 14:06:32,309448,TRUCK,4,4313,PC6D0FC31,C31,PTP V
7938,2021-08-18 22:52:56,9292153,CAR,2,4304,PC89FB76E,76E,PTC V
7939,2021-08-12 13:58:44,3199063,CAR,2,4384,PC59A33DE,3DE,PTE V
7940,2021-08-11 15:46:48,7937445,TRUCK,4,4725,PCB905D54,D54,PTP V
7941,2021-08-22 12:53:39,5988353,TRUCK,4,4913,PC685427C,27C,PTP V
7942,2021-08-18 23:12:49,6005205,VAN,2,4920,PC42A3AB0,AB0,PTP V
7943,2021-08-05 05:51:04,1410520,CAR,2,4159,PC5631507,507,PTE V
7944,2021-08-15 15:09:52,9019602,TRUCK,4,4461,PCACD9839,839,PTP V
7945,2021-08-11 11:34:54,5462098,TRUCK,4,4083,PC90346C9,6C9,PTP V
7946,2021-08-18 23:19:19,8867592,TRUCK,4,4529,PC3FAA264,264,PTC V
7947,2021-08-03 23:19:30,3214640,CAR,2,4078,PC8473A64,A64,PTP V
7948,2021-08-11 07:14:15,308723,CAR,2,4937,PCD30D908,908,PTC V
7949,2021-07-31 21:00:03,5186193,CAR,2,4073,PCA3797CA,7CA,PTP V
7950,2021-08-20 18:07:20,4795616,CAR,2,4343,PC0F6325D,25D,PTC V
7951,2021-08-22 10:23:34,7032551,VAN,2,4282,PCCE002E5,2E5,PTP V
7952,2021-08-07 01:20:53,770925,VAN,2,4094,PC53A52CB,2CB,PTC V
7953,2021-08-12 02:25:30,2639964,CAR,2,4532,PC8DD921E,21E,PTP V
7954,2021-07-30 21:35:06,5754138,CAR,2,4889,PC3547FAD,FAD,PTE V
7955,2021-08-16 00:26:51,7334710,VAN,2,4499,PC1EEDA04,A04,PTC V
7956,2021-08-21 12:09:43,5143005,TRUCK,4,4793,PCD8E3CCB,CCB,PTC V
7957,2021-08-15 22:12:33,8364390,CAR,2,4514,PC374C341,341,PTE V
7958,2021-08-07 19:49:09,4986272,CAR,2,4216,PC53B475D,75D,PTE V
7959,2021-08-21 10:05:51,9768554,CAR,2,4154,PC2C2EF9E,F9E,PTC V
7960,2021-08-13 14:18:19,6712631,CAR,2,4523,PC0005AC7,AC7,PTP V
7961,2021-08-09 08:24:43,5773630,VAN,2,4938,PC6C57ED3,ED3,PTE V
7962,2021-08-21 17:19:09,3410656,TRUCK,4,4671,PCCAAFB48,B48,PTE V
7963,2021-08-09 11:29:04,1166785,CAR,2,4345,PCAC01231,231,PTC V
7964,2021-08-12 13:00:47,8283876,TRUCK,4,5008,PC48D61BB,1BB,PTC V
7965,2021-08-11 14:45:05,738334,CAR,2,4538,PCDE5402C,02C,PTC V
7966,2021-08-18 20:19:12,9060519,TRUCK,4,4494,PC1592ACA,ACA,PTP V
7967,2021-08-21 11:52:40,2713838,CAR,2,4104,PC0A63844,844,PTP V
7968,2021-08-11 17:37:19,2629555,CAR,2,4944,PC41EEC34,C34,PTE V
7969,2021-08-09 14:58:43,385544,TRUCK,4,4935,PC327D635,635,PTC V
7970,2021-07-29 21:44:14,1652111,CAR,2,4366,PC09D71DF,1DF,PTE V
7971,2021-08-06 04:02:29,9240149,CAR,2,4222,PC15EC378,378,PTE V
7972,2021-08-18 17:51:48,7984027,TRUCK,4,4344,PC417B8DF,8DF,PTP V
7973,2021-08-20 15:47:19,7477542,CAR,2,4203,PC5295A46,A46,PTE V
7974,2021-08-21 05:09:49,1972381,CAR,2,4524,PCF8BB245,245,PTE V
7975,2021-08-14 16:50:26,1427799,CAR,2,4527,PC59A0CB2,CB2,PTC V
7976,2021-08-18 22:55:39,2134270,CAR,2,4889,PC3547FAD,FAD,PTE V
7977,2021-08-10 00:08:48,5539719,CAR,2,4622,PCF31BD97,D97,PTP V
7978,2021-08-18 16:11:11,9982542,CAR,2,4152,PCF6F4CA1,CA1,PTP V
7979,2021-08-06 08:15:12,5769531,CAR,2,4852,PC68969FB,9FB,PTC V
7980,2021-08-08 15:38:45,8931718,CAR,2,4539,PC684859B,59B,PTE V
7981,2021-08-05 09:30:32,6780922,TRUCK,4,4150,PCC8441A8,1A8,PTC V
7982,2021-08-20 01:35:36,4171823,CAR,2,4949,PC86E9EB7,EB7,PTE V
7983,2021-08-18 05:05:04,2667387,CAR,2,4772,PC7368097,097,PTE V
7984,2021-08-01 15:47:54,9293032,VAN,2,4608,PCACD1BEE,BEE,PTC V
7985,2021-08-21 09:00:18,793322,CAR,2,4215,PC4C76F48,F48,PTC V
7986,2021-07-31 14:11:33,3436962,CAR,2,4810,PC2CA4087,087,PTP V
7987,2021-08-10 06:23:15,8172584,CAR,2,4815,PC19C02F1,2F1,PTE V
7988,2021-08-21 11:57:23,6682316,VAN,2,4498,PCA770E5A,E5A,PTE V
7989,2021-08-20 23:04:04,178571,TRUCK,4,4543,PC74F5EBA,EBA,PTP V
7990,2021-08-12 05:19:12,22028,CAR,2,4809,PCAD363FC,3FC,PTP V
7991,2021-08-08 04:05:58,4829742,CAR,2,4712,PC94168A2,8A2,PTP V
7992,2021-08-12 20:01:33,7736261,CAR,2,4447,PC6B030C6,0C6,PTC V
7993,2021-08-02 09:44:10,7101276,CAR,2,4743,PCE6EEF2E,F2E,PTE V
7994,2021-08-16 00:36:32,3900743,CAR,2,4081,PCC825DB2,DB2,PTE V
7995,2021-07-31 18:27:17,8018641,CAR,2,4123,PCDE850D8,0D8,PTC V
7996,2021-08-22 18:27:24,1215508,CAR,2,4474,PCFEAE55E,55E,PTE V
7997,2021-08-10 22:06:35,9185033,CAR,2,4680,PCC422F4D,F4D,PTE V
7998,2021-08-03 18:36:42,7972769,TRUCK,4,4457,PCFBF2259,259,PTP V
7999,2021-08-19 12:24:40,9731744,CAR,2,4079,PCF1366ED,6ED,PTP V
8000,2021-07-31 14:47:38,3697392,CAR,2,4824,PCFEADFE6,FE6,PTC V
8001,2021-08-08 16:48:37,1137230,CAR,2,4661,PC1585DF2,DF2,PTC V
8002,2021-08-21 22:22:25,9076209,CAR,2,4069,PCC48608C,08C,PTC V
8003,2021-08-05 17:56:27,9471109,CAR,2,4023,PC77793DF,3DF,PTC V
8004,2021-08-14 20:37:56,9743203,CAR,2,4712,PC94168A2,8A2,PTC V
8005,2021-08-05 03:46:52,5782771,CAR,2,4633,PC974552B,52B,PTC V
8006,2021-07-31 07:44:54,2370728,VAN,2,4633,PC974552B,52B,PTP V
8007,2021-08-04 16:13:08,4614512,TRUCK,4,4183,PCF5E7754,754,PTC V
8008,2021-08-11 20:39:17,9706786,CAR,2,4736,PC6A65941,941,PTC V
8009,2021-08-20 06:15:20,4068744,TRUCK,4,4265,PC5B2AFFA,FFA,PTE V
8010,2021-08-05 05:46:35,6788918,VAN,2,4577,PC8FE0901,901,PTE V
8011,2021-08-19 07:39:17,1344672,CAR,2,4606,PC0C535B6,5B6,PTP V
8012,2021-08-03 03:53:55,2820905,TRUCK,4,4530,PCA33A9A8,9A8,PTC V
8013,2021-08-19 09:34:22,4821926,CAR,2,4367,PC8D90EF0,EF0,PTC V
8014,2021-08-07 22:55:14,2372591,CAR,2,4653,PC1CE4935,935,PTC V
8015,2021-08-15 13:45:24,8347465,CAR,2,4405,PC70CA955,955,PTE V
8016,2021-08-02 13:54:37,6341055,CAR,2,4831,PC0EC3E54,E54,PTP V
8017,2021-08-08 06:44:41,8591057,VAN,2,4594,PC59414DA,4DA,PTP V
8018,2021-08-12 17:24:39,5748245,VAN,2,4183,PCF5E7754,754,PTC V
8019,2021-08-03 09:51:15,2426854,TRUCK,4,4702,PCDBC3AC9,AC9,PTE V
8020,2021-07-30 02:29:14,9176758,CAR,2,4066,PC883FCA9,CA9,PTC V
8021,2021-07-31 23:06:37,9560794,TRUCK,4,4092,PC40C2E00,E00,PTE V
8022,2021-08-03 22:08:18,4306812,CAR,2,4401,PC0606D6A,D6A,PTC V
8023,2021-08-16 05:09:39,6695198,CAR,2,4890,PCAFC8A56,A56,PTE V
8024,2021-08-05 18:31:47,9056945,CAR,2,4535,PC1BC7FA5,FA5,PTC V
8025,2021-08-18 01:21:41,8975102,CAR,2,4123,PCDE850D8,0D8,PTE V
8026,2021-08-12 18:58:08,2671345,CAR,2,4516,PCF7F25B7,5B7,PTP V
8027,2021-07-31 08:38:06,4428358,CAR,2,4871,PC397AFA3,FA3,PTP V
8028,2021-08-07 22:02:30,2136178,CAR,2,4198,PCB0994D1,4D1,PTP V
8029,2021-08-08 02:56:00,9192559,CAR,2,4403,PCCAFA3BB,3BB,PTE V
8030,2021-08-18 19:31:43,9139839,TRUCK,4,4197,PCE32ED40,D40,PTE V
8031,2021-08-08 18:34:04,794399,CAR,2,4297,PCDE89544,544,PTC V
8032,2021-08-12 10:19:51,3762149,CAR,2,4804,PC68484C6,4C6,PTP V
8033,2021-08-18 10:00:41,4098307,VAN,2,4708,PC82D2552,552,PTE V
8034,2021-08-20 08:19:52,9500697,TRUCK,4,4136,PCA579A65,A65,PTE V
8035,2021-08-12 18:29:08,675311,CAR,2,4548,PC4486317,317,PTC V
8036,2021-08-12 05:15:23,2269689,CAR,2,4247,PCEE69498,498,PTP V
8037,2021-08-13 18:47:58,4485663,CAR,2,4240,PC72FE04B,04B,PTP V
8038,2021-08-11 21:17:58,3237735,TRUCK,4,4531,PC857F4A0,4A0,PTP V
8039,2021-08-16 02:49:16,7579809,CAR,2,4497,PC76FDDEA,DEA,PTP V
8040,2021-08-16 01:25:17,5438002,CAR,2,4881,PCDE20E6F,E6F,PTC V
8041,2021-07-29 17:42:01,6881411,VAN,2,4535,PC1BC7FA5,FA5,PTE V
8042,2021-08-12 06:40:48,4273486,CAR,2,4046,PCAC345FD,5FD,PTE V
8043,2021-08-03 04:28:25,2758792,VAN,2,4154,PC2C2EF9E,F9E,PTC V
8044,2021-08-20 12:05:46,7396373,TRUCK,4,4453,PC5EC8DF5,DF5,PTP V
8045,2021-08-04 00:13:18,9067382,CAR,2,4761,PCB206182,182,PTC V
8046,2021-08-13 09:27:51,8490800,CAR,2,4152,PCF6F4CA1,CA1,PTC V
8047,2021-08-22 13:23:48,5725183,CAR,2,4888,PC46C55B4,5B4,PTP V
8048,2021-08-10 15:48:54,2692752,CAR,2,4500,PC548BDC0,DC0,PTE V
8049,2021-08-14 05:21:22,9588732,TRUCK,4,4594,PC59414DA,4DA,PTE V
8050,2021-08-07 19:00:20,425412,TRUCK,4,4255,PCB7E7138,138,PTP V
8051,2021-08-01 07:07:51,8843367,CAR,2,4409,PC44E2F09,F09,PTC V
8052,2021-08-03 12:51:04,8667329,CAR,2,4174,PC041D874,874,PTE V
8053,2021-08-15 13:04:39,9075489,CAR,2,4204,PC5881E06,E06,PTE V
8054,2021-08-17 17:15:09,6789029,CAR,2,4655,PCF9CAB22,B22,PTE V
8055,2021-08-19 05:52:49,7313312,CAR,2,4798,PC17F8052,052,PTP V
8056,2021-08-10 18:31:44,3274379,VAN,2,4033,PC783B5FC,5FC,PTC V
8057,2021-07-29 18:08:40,8236627,TRUCK,4,4709,PCC8C7059,059,PTP V
8058,2021-08-03 01:56:15,8223818,TRUCK,4,4699,PC2C1B987,987,PTP V
8059,2021-08-03 05:10:00,7618402,CAR,2,4141,PC13CB69B,69B,PTC V
8060,2021-08-01 05:25:08,6069599,TRUCK,4,4925,PCE5E04A2,4A2,PTE V
8061,2021-08-04 10:59:18,9414515,CAR,2,4829,PCEC030F2,0F2,PTE V
8062,2021-08-10 18:37:36,5623528,CAR,2,4983,PCC3E4ADA,ADA,PTC V
8063,2021-08-20 15:42:28,2485173,CAR,2,4809,PCAD363FC,3FC,PTE V
8064,2021-08-01 22:28:38,9876481,CAR,2,4864,PC259547F,47F,PTE V
8065,2021-08-13 13:49:44,1635396,TRUCK,4,4679,PC88494D0,4D0,PTP V
8066,2021-08-14 02:07:21,769053,CAR,2,4070,PCEECA8B2,8B2,PTP V
8067,2021-08-12 17:08:05,957949,CAR,2,4258,PCAC64E67,E67,PTE V
8068,2021-07-29 19:00:58,1514815,CAR,2,4315,PC6E0962A,62A,PTE V
8069,2021-08-19 05:45:06,3321941,TRUCK,4,4166,PCE450C55,C55,PTC V
8070,2021-08-12 10:36:39,3842168,CAR,2,4615,PC1ECBA39,A39,PTP V
8071,2021-08-21 17:33:51,5446005,CAR,2,4541,PCC6A4CD8,CD8,PTC V
8072,2021-08-02 01:03:25,1648969,TRUCK,4,4018,PCCB2657A,57A,PTP V
8073,2021-08-17 04:13:13,1190594,TRUCK,4,4188,PCDB12C82,C82,PTC V
8074,2021-08-18 15:11:27,1467655,TRUCK,4,4665,PCF63C15F,15F,PTC V
8075,2021-08-12 02:14:13,4507079,TRUCK,4,4469,PC120EEFD,EFD,PTC V
8076,2021-08-01 16:30:43,3267963,CAR,2,4090,PC1EE951B,51B,PTE V
8077,2021-08-13 03:14:41,1416260,TRUCK,4,4306,PC5D6563A,63A,PTE V
8078,2021-08-18 06:27:00,4169264,CAR,2,4874,PC9F481D4,1D4,PTP V
8079,2021-08-16 02:04:19,3035778,CAR,2,4065,PC3B514E2,4E2,PTC V
8080,2021-08-17 19:22:44,1234332,TRUCK,4,4439,PC845CEA6,EA6,PTC V
8081,2021-08-01 00:18:53,3659841,CAR,2,4537,PC10C700F,00F,PTC V
8082,2021-08-15 03:26:02,6878750,VAN,2,4127,PCA2D76A5,6A5,PTP V
8083,2021-08-06 01:00:24,7219602,CAR,2,4278,PC4847214,214,PTE V
8084,2021-08-17 03:54:59,2754998,VAN,2,4020,PC2265FB3,FB3,PTC V
8085,2021-08-17 07:01:54,635736,CAR,2,4669,PC36675CE,5CE,PTE V
8086,2021-08-04 20:04:33,674870,TRUCK,4,4327,PC16F59EC,9EC,PTE V
8087,2021-08-21 13:05:29,2202845,CAR,2,4414,PC40BD0F3,0F3,PTE V
8088,2021-08-08 11:45:47,941595,CAR,2,4254,PC0C0EE22,E22,PTP V
8089,2021-08-08 05:03:21,4892001,CAR,2,4296,PCA24C1E1,1E1,PTC V
8090,2021-08-12 05:21:46,1996276,TRUCK,4,4268,PC6CC51DA,1DA,PTC V
8091,2021-08-16 15:13:50,9248594,CAR,2,4342,PCE7F2748,748,PTE V
8092,2021-08-14 08:52:34,1014734,CAR,2,4226,PCDC5C9E2,9E2,PTC V
8093,2021-08-04 01:48:18,2286589,CAR,2,4633,PC974552B,52B,PTP V
8094,2021-08-09 02:17:24,4050257,VAN,2,4105,PC43919D1,9D1,PTC V
8095,2021-08-17 02:16:22,7032854,VAN,2,4434,PCA491459,459,PTP V
8096,2021-08-08 06:36:11,8420501,CAR,2,4491,PCA52F720,720,PTC V
8097,2021-08-15 19:33:55,4060699,CAR,2,4273,PC0EF5BA6,BA6,PTE V
8098,2021-07-29 18:46:15,1425073,CAR,2,4276,PC4E15B39,B39,PTE V
8099,2021-08-10 07:18:40,5111715,CAR,2,4196,PC4B8A835,835,PTP V
8100,2021-08-19 14:48:35,7116804,CAR,2,4515,PC6A1B37B,37B,PTP V
8101,2021-07-31 14:06:11,901669,CAR,2,4134,PC767BBB2,BB2,PTE V
8102,2021-08-07 21:39:46,6995160,CAR,2,4894,PCDADB8C6,8C6,PTE V
8103,2021-08-11 11:06:52,7113896,CAR,2,4529,PC3FAA264,264,PTC V
8104,2021-08-03 14:12:43,5462662,CAR,2,4958,PC8A8976A,76A,PTP V
8105,2021-08-15 09:46:43,4763732,TRUCK,4,4751,PCD33B3C9,3C9,PTE V
8106,2021-08-17 15:08:07,5301967,CAR,2,4609,PC1551C8E,C8E,PTP V
8107,2021-08-03 07:00:49,3831073,CAR,2,4683,PC96978C6,8C6,PTE V
8108,2021-08-18 00:21:30,2772633,TRUCK,4,4778,PCCCADDBD,DBD,PTP V
8109,2021-08-22 13:19:48,4827467,TRUCK,4,4514,PC374C341,341,PTE V
8110,2021-08-14 09:49:55,6370744,TRUCK,4,4372,PC1E0F3B6,3B6,PTE V
8111,2021-08-04 19:59:14,1551612,CAR,2,4329,PCF9CCB5A,B5A,PTE V
8112,2021-08-02 10:05:50,8625041,TRUCK,4,4918,PC8F8E598,598,PTC V
8113,2021-08-16 22:13:53,5507182,CAR,2,4519,PC92A6471,471,PTP V
8114,2021-07-30 03:03:21,3618484,TRUCK,4,4227,PCD8346A6,6A6,PTC V
8115,2021-08-18 08:56:37,1720345,CAR,2,4818,PCF243BF3,BF3,PTC V
8116,2021-08-18 21:41:58,4474527,CAR,2,4142,PC7ACFF7C,F7C,PTE V
8117,2021-07-30 09:06:38,8040294,CAR,2,4375,PCAE085FE,5FE,PTE V
8118,2021-08-11 16:58:21,2613000,CAR,2,4954,PCA276EBB,EBB,PTE V
8119,2021-08-08 23:00:52,7659236,CAR,2,4354,PC0671DD4,DD4,PTC V
8120,2021-08-05 04:52:15,274829,CAR,2,4229,PCD0DDD3D,D3D,PTP V
8121,2021-08-13 01:10:46,5157302,TRUCK,4,4133,PC30FC453,453,PTP V
8122,2021-08-16 02:17:52,3672888,VAN,2,4129,PCA6127FF,7FF,PTC V
8123,2021-08-21 11:31:16,6500970,TRUCK,4,4325,PC8FC83B3,3B3,PTP V
8124,2021-08-02 11:34:48,6586355,CAR,2,4478,PCB02917E,17E,PTE V
8125,2021-08-05 23:58:32,6413690,CAR,2,4599,PC800C92D,92D,PTP V
8126,2021-08-16 00:21:00,1397184,TRUCK,4,4905,PCE1EA438,438,PTC V
8127,2021-08-04 12:40:32,1622942,CAR,2,4682,PCBB02F92,F92,PTE V
8128,2021-08-17 15:57:47,1495567,CAR,2,5002,PC585BD38,D38,PTP V
8129,2021-08-13 04:09:57,6343077,CAR,2,4851,PC0954183,183,PTE V
8130,2021-08-17 20:53:00,431864,CAR,2,4768,PC7BEFC3B,C3B,PTC V
8131,2021-08-09 21:16:46,430105,CAR,2,4307,PC87D90FE,0FE,PTP V
8132,2021-08-21 05:51:43,7855215,CAR,2,4786,PCB7F1F8A,F8A,PTP V
8133,2021-08-06 03:58:21,2861935,VAN,2,4119,PC9EBEDB5,DB5,PTP V
8134,2021-08-22 02:23:21,739031,CAR,2,4909,PCDED6F20,F20,PTE V
8135,2021-07-31 03:03:00,8771884,CAR,2,4584,PC1085B78,B78,PTC V
8136,2021-08-18 22:00:54,248195,CAR,2,4037,PC0A50259,259,PTE V
8137,2021-08-02 17:55:13,3663037,CAR,2,4767,PC61F3A80,A80,PTC V
8138,2021-08-19 11:56:12,8437262,VAN,2,4105,PC43919D1,9D1,PTE V
8139,2021-08-20 09:38:29,334466,CAR,2,4262,PCCB12F8C,F8C,PTP V
8140,2021-08-11 15:02:19,9980546,CAR,2,4090,PC1EE951B,51B,PTE V
8141,2021-08-17 22:53:12,9436536,CAR,2,4115,PCF5D4B0A,B0A,PTP V
8142,2021-08-21 13:31:39,3070607,CAR,2,4147,PC4D2C5A7,5A7,PTP V
8143,2021-08-11 08:53:57,8321694,TRUCK,4,4003,PC83F544D,44D,PTE V
8144,2021-08-16 18:09:48,6575583,CAR,2,4517,PC9AF321D,21D,PTC V
8145,2021-08-04 21:40:40,4561219,TRUCK,4,4765,PC795A0A3,0A3,PTP V
8146,2021-08-10 04:16:05,5969255,CAR,2,4559,PC93AAEC9,EC9,PTE V
8147,2021-08-07 19:26:21,9362694,VAN,2,4608,PCACD1BEE,BEE,PTE V
8148,2021-08-05 23:50:34,4629983,VAN,2,4400,PC3BD7D63,D63,PTC V
8149,2021-08-09 16:32:35,695637,CAR,2,4641,PCAA9F518,518,PTP V
8150,2021-07-30 01:33:40,1812793,CAR,2,4523,PC0005AC7,AC7,PTE V
8151,2021-08-17 09:51:54,9954253,TRUCK,4,4831,PC0EC3E54,E54,PTP V
8152,2021-07-30 10:44:58,8258952,VAN,2,4925,PCE5E04A2,4A2,PTE V
8153,2021-08-06 15:34:58,2365594,CAR,2,4429,PC65E7991,991,PTE V
8154,2021-08-10 04:58:59,1630309,CAR,2,4276,PC4E15B39,B39,PTC V
8155,2021-08-18 07:22:20,3230007,CAR,2,4950,PC4F71E72,E72,PTP V
8156,2021-07-30 10:52:43,4989020,CAR,2,4363,PC62E1338,338,PTP V
8157,2021-08-19 12:45:58,9064209,CAR,2,4401,PC0606D6A,D6A,PTE V
8158,2021-08-11 10:12:47,3160462,CAR,2,4250,PCC695DB0,DB0,PTC V
8159,2021-08-06 14:12:07,5479413,CAR,2,4348,PCD66314D,14D,PTP V
8160,2021-08-06 20:49:26,8902464,VAN,2,4013,PCE5BA2CE,2CE,PTP V
8161,2021-08-15 03:07:49,8141321,CAR,2,4694,PCBCF42C2,2C2,PTP V
8162,2021-08-11 14:22:42,3727401,CAR,2,4237,PC51D1059,059,PTP V
8163,2021-07-29 13:17:21,3285156,VAN,2,4226,PCDC5C9E2,9E2,PTP V
8164,2021-08-08 12:19:11,3409071,CAR,2,4695,PC4A5D62F,62F,PTE V
8165,2021-08-02 23:52:17,7431106,CAR,2,4531,PC857F4A0,4A0,PTE V
8166,2021-08-19 11:40:40,6874812,CAR,2,4779,PCC8FE9C6,9C6,PTP V
8167,2021-08-10 00:56:58,1452415,CAR,2,4585,PCF3AE602,602,PTC V
8168,2021-08-17 07:17:37,4097697,CAR,2,4400,PC3BD7D63,D63,PTE V
8169,2021-08-12 07:46:39,5495608,TRUCK,4,4442,PC05C2F86,F86,PTE V
8170,2021-08-07 23:54:29,547443,CAR,2,4744,PC78EF0B5,0B5,PTC V
8171,2021-08-17 16:27:48,8499980,CAR,2,4483,PC7F7FFF0,FF0,PTE V
8172,2021-08-18 00:06:51,7517746,VAN,2,4748,PCF2ECD29,D29,PTC V
8173,2021-08-06 00:52:11,4229412,CAR,2,4955,PCE36723C,23C,PTE V
8174,2021-08-02 11:36:30,8958803,CAR,2,4271,PC28E44E2,4E2,PTC V
8175,2021-08-07 16:29:52,768529,CAR,2,4702,PCDBC3AC9,AC9,PTE V
8176,2021-08-07 23:55:59,7850255,TRUCK,4,4248,PC45EBEBC,EBC,PTE V
8177,2021-08-12 17:21:54,7597656,CAR,2,4760,PC161AC8D,C8D,PTE V
8178,2021-07-30 08:41:54,2197437,TRUCK,4,4095,PC3E1512A,12A,PTC V
8179,2021-08-14 08:33:42,7037736,CAR,2,4673,PC66E7418,418,PTP V
8180,2021-08-06 23:56:18,6641473,VAN,2,4174,PC041D874,874,PTC V
8181,2021-08-16 12:36:16,6491981,CAR,2,4955,PCE36723C,23C,PTE V
8182,2021-08-06 15:26:59,8834336,CAR,2,4499,PC1EEDA04,A04,PTC V
8183,2021-08-12 00:00:15,5549304,CAR,2,4309,PC5E92F61,F61,PTP V
8184,2021-08-01 07:07:53,7011179,VAN,2,4686,PCD6E5E77,E77,PTE V
8185,2021-08-09 20:26:42,541237,CAR,2,4045,PCE952492,492,PTC V
8186,2021-08-11 14:20:20,4645419,TRUCK,4,4934,PC3ED26A2,6A2,PTC V
8187,2021-08-20 20:17:55,5186182,CAR,2,4988,PC46BE0B2,0B2,PTP V
8188,2021-08-21 15:08:55,5222466,VAN,2,4815,PC19C02F1,2F1,PTC V
8189,2021-08-02 07:15:58,1146039,TRUCK,4,4359,PCB27CFF1,FF1,PTE V
8190,2021-08-08 03:11:50,7921448,CAR,2,4379,PC87C8BC4,BC4,PTC V
8191,2021-08-17 18:19:35,6311586,CAR,2,4503,PC69DE15C,15C,PTC V
8192,2021-08-18 10:53:01,6324534,CAR,2,4227,PCD8346A6,6A6,PTE V
8193,2021-07-30 07:51:28,3077932,CAR,2,4855,PC03C5C15,C15,PTC V
8194,2021-08-18 23:14:41,6205760,TRUCK,4,4635,PC3C8B99E,99E,PTE V
8195,2021-08-10 18:31:44,4912454,TRUCK,4,4262,PCCB12F8C,F8C,PTC V
8196,2021-08-05 20:24:40,7990205,CAR,2,4209,PC494D54E,54E,PTC V
8197,2021-08-10 14:02:13,2478774,CAR,2,4109,PC7057B6A,B6A,PTP V
8198,2021-08-21 00:55:16,3871666,CAR,2,4899,PC4967767,767,PTE V
8199,2021-08-11 13:00:52,2175169,CAR,2,4338,PC6203962,962,PTP V
8200,2021-07-30 14:47:54,2498085,CAR,2,4360,PC084F676,676,PTP V
8201,2021-08-21 23:21:28,9079200,VAN,2,4100,PCC6DD8D5,8D5,PTP V
8202,2021-08-09 02:39:22,7973552,CAR,2,4938,PC6C57ED3,ED3,PTE V
8203,2021-08-01 11:28:02,8556512,CAR,2,4325,PC8FC83B3,3B3,PTE V
8204,2021-08-02 10:15:07,7454092,TRUCK,4,4632,PCC1FFE5B,E5B,PTP V
8205,2021-08-20 16:29:20,1268106,CAR,2,4341,PC1E10EC3,EC3,PTC V
8206,2021-08-03 02:03:08,6439964,VAN,2,4768,PC7BEFC3B,C3B,PTP V
8207,2021-08-13 12:38:07,9170295,VAN,2,4540,PC5CAF0A7,0A7,PTC V
8208,2021-08-03 03:15:11,7620241,CAR,2,4222,PC15EC378,378,PTP V
8209,2021-08-18 13:26:34,7844259,VAN,2,4986,PC9787B8A,B8A,PTC V
8210,2021-08-11 22:35:37,9906172,CAR,2,4625,PC186BCA8,CA8,PTE V
8211,2021-08-02 21:16:04,9506960,VAN,2,4120,PC6700C62,C62,PTP V
8212,2021-07-30 19:26:39,5856972,CAR,2,4327,PC16F59EC,9EC,PTC V
8213,2021-08-16 00:45:41,6484714,CAR,2,4847,PCD546332,332,PTP V
8214,2021-08-01 12:57:17,3136346,CAR,2,4899,PC4967767,767,PTC V
8215,2021-07-29 13:27:48,2145409,CAR,2,4081,PCC825DB2,DB2,PTE V
8216,2021-08-09 06:05:38,9436636,CAR,2,4493,PC124B4C0,4C0,PTE V
8217,2021-08-08 22:14:28,6707512,VAN,2,4638,PCB7AC8AA,8AA,PTE V
8218,2021-08-02 17:40:28,3768394,TRUCK,4,4196,PC4B8A835,835,PTE V
8219,2021-08-16 10:47:00,553224,TRUCK,4,4940,PC8AB18BE,8BE,PTP V
8220,2021-08-05 15:51:30,5558325,VAN,2,4207,PC76EDF79,F79,PTE V
8221,2021-08-02 17:26:54,9990042,CAR,2,4507,PC11DCA73,A73,PTC V
8222,2021-08-14 18:09:24,9180206,TRUCK,4,4667,PCD540B2F,B2F,PTC V
8223,2021-08-16 02:09:39,2473889,TRUCK,4,4396,PCA00BC1C,C1C,PTE V
8224,2021-08-03 03:57:21,8212274,CAR,2,4394,PCD3A817A,17A,PTC V
8225,2021-08-20 20:57:35,5275562,VAN,2,4919,PC7A3A5CF,5CF,PTC V
8226,2021-08-13 09:23:52,9870307,CAR,2,4275,PC1DA31F7,1F7,PTE V
8227,2021-08-21 06:39:41,5285457,TRUCK,4,4245,PC6594AD4,AD4,PTE V
8228,2021-08-02 03:38:01,8498599,VAN,2,4860,PCF4A2DA9,DA9,PTC V
8229,2021-08-02 14:19:46,3564976,TRUCK,4,4147,PC4D2C5A7,5A7,PTE V
8230,2021-08-21 16:26:31,3984333,TRUCK,4,4034,PCFC754C7,4C7,PTE V
8231,2021-08-21 22:40:16,6715168,CAR,2,4631,PCFFF6463,463,PTC V
8232,2021-08-17 05:04:59,9749844,VAN,2,4948,PCBA2D075,075,PTP V
8233,2021-08-16 11:27:09,1739088,CAR,2,4721,PCE937423,423,PTP V
8234,2021-08-10 21:26:38,5291843,CAR,2,4005,PCB3DF742,742,PTE V
8235,2021-08-12 05:05:43,8615899,CAR,2,4061,PC3A63A79,A79,PTC V
8236,2021-08-08 06:45:44,3377464,CAR,2,4601,PCC932802,802,PTP V
8237,2021-08-20 09:56:25,1773772,CAR,2,4886,PC4D892D7,2D7,PTP V
8238,2021-08-17 14:45:43,9214180,TRUCK,4,4819,PC454F09B,09B,PTP V
8239,2021-08-11 04:08:41,9470339,CAR,2,4522,PC0A326BE,6BE,PTC V
8240,2021-08-01 18:59:35,3705633,CAR,2,4069,PCC48608C,08C,PTE V
8241,2021-08-17 06:08:12,8623977,TRUCK,4,4014,PCF14D1E3,1E3,PTE V
8242,2021-08-17 16:45:13,7523353,CAR,2,4706,PCD8D5094,094,PTP V
8243,2021-08-01 16:39:36,6491662,TRUCK,4,4287,PC421D5F3,5F3,PTP V
8244,2021-08-15 08:40:36,3088242,CAR,2,4150,PCC8441A8,1A8,PTC V
8245,2021-08-13 13:50:41,255446,CAR,2,4608,PCACD1BEE,BEE,PTC V
8246,2021-08-18 06:40:05,4927609,CAR,2,4670,PC2BE6D87,D87,PTC V
8247,2021-08-02 01:01:55,7034476,CAR,2,4354,PC0671DD4,DD4,PTE V
8248,2021-08-06 08:10:47,9079371,TRUCK,4,4263,PCD6DBA1D,A1D,PTC V
8249,2021-08-08 15:34:50,526333,CAR,2,4069,PCC48608C,08C,PTP V
8250,2021-08-21 06:21:57,8617285,CAR,2,4095,PC3E1512A,12A,PTE V
8251,2021-08-20 09:31:21,4464432,CAR,2,4862,PC3BDDA71,A71,PTC V
8252,2021-08-13 21:27:23,3651501,CAR,2,4155,PC9042B3F,B3F,PTC V
8253,2021-08-01 13:20:31,9898506,CAR,2,4803,PC2BBEEDC,EDC,PTC V
8254,2021-08-01 16:07:36,9271351,VAN,2,4376,PCA283923,923,PTP V
8255,2021-08-10 20:59:31,6043353,TRUCK,4,4854,PCB6F1968,968,PTC V
8256,2021-07-30 08:58:17,3741636,VAN,2,4605,PCEB27C63,C63,PTP V
8257,2021-08-17 11:59:32,8888611,CAR,2,4559,PC93AAEC9,EC9,PTE V
8258,2021-07-30 15:15:35,4050923,TRUCK,4,4775,PCA50FB36,B36,PTE V
8259,2021-08-19 21:38:13,5633078,CAR,2,4241,PC7241796,796,PTE V
8260,2021-08-14 17:55:00,2383237,TRUCK,4,4185,PC7F5C566,566,PTE V
8261,2021-07-29 13:48:24,3955694,CAR,2,4536,PCC6C5CFB,CFB,PTE V
8262,2021-07-31 14:06:35,3943448,TRUCK,4,4855,PC03C5C15,C15,PTE V
8263,2021-08-07 02:12:50,1759528,TRUCK,4,4937,PCD30D908,908,PTC V
8264,2021-08-04 14:10:41,4575151,CAR,2,4592,PC627AA14,A14,PTC V
8265,2021-07-31 12:09:29,4906201,CAR,2,4930,PC22F748B,48B,PTC V
8266,2021-08-21 09:41:51,4977122,CAR,2,4167,PC8453073,073,PTE V
8267,2021-08-18 05:40:46,210843,CAR,2,4363,PC62E1338,338,PTC V
8268,2021-08-13 07:28:43,5058068,CAR,2,4083,PC90346C9,6C9,PTE V
8269,2021-08-20 10:26:43,4602273,TRUCK,4,4685,PC5D33C18,C18,PTE V
8270,2021-08-10 04:20:00,5158614,CAR,2,4200,PCBA86754,754,PTE V
8271,2021-08-06 21:04:52,5393992,CAR,2,4253,PC82A16E6,6E6,PTP V
8272,2021-08-03 02:04:51,8991371,VAN,2,4712,PC94168A2,8A2,PTC V
8273,2021-08-07 14:32:32,8283919,CAR,2,4993,PC0F0AB4E,B4E,PTC V
8274,2021-08-17 16:37:09,9216679,CAR,2,4012,PCEF5C190,190,PTC V
8275,2021-08-04 23:39:57,8957085,CAR,2,4795,PC7EE2DCF,DCF,PTC V
8276,2021-08-09 23:48:22,5164511,TRUCK,4,4766,PCE36658B,58B,PTP V
8277,2021-07-30 20:01:48,5404322,VAN,2,4487,PCA92F2BD,2BD,PTC V
8278,2021-08-03 17:03:28,258906,TRUCK,4,4904,PC36C6441,441,PTP V
8279,2021-08-02 20:13:12,9300555,CAR,2,4827,PC7D68CD9,CD9,PTE V
8280,2021-08-09 17:19:11,6159910,TRUCK,4,4245,PC6594AD4,AD4,PTC V
8281,2021-08-21 03:48:09,1852075,CAR,2,4972,PCC51AD39,D39,PTE V
8282,2021-08-17 13:10:23,4970775,CAR,2,4885,PC5083F35,F35,PTP V
8283,2021-08-14 21:58:54,9691350,CAR,2,4101,PCCC8F243,243,PTC V
8284,2021-08-09 16:19:26,3151732,CAR,2,4975,PC818101A,01A,PTE V
8285,2021-08-09 11:37:48,4702072,TRUCK,4,4810,PC2CA4087,087,PTC V
8286,2021-08-05 09:17:30,8275824,CAR,2,4434,PCA491459,459,PTE V
8287,2021-08-10 13:11:06,2939967,CAR,2,4843,PC400DFFE,FFE,PTE V
8288,2021-08-13 01:06:14,6992376,CAR,2,4524,PCF8BB245,245,PTC V
8289,2021-08-16 08:27:30,5862558,CAR,2,4621,PC9FB4E82,E82,PTC V
8290,2021-08-10 09:16:47,7769093,CAR,2,4200,PCBA86754,754,PTP V
8291,2021-08-06 07:47:12,8379594,CAR,2,4662,PCB2463CF,3CF,PTC V
8292,2021-08-11 02:42:39,8720916,CAR,2,4767,PC61F3A80,A80,PTP V
8293,2021-07-30 01:17:30,6861283,CAR,2,4319,PCAD79413,413,PTE V
8294,2021-08-13 18:25:16,5842282,CAR,2,4081,PCC825DB2,DB2,PTC V
8295,2021-08-03 13:17:14,5725111,CAR,2,4118,PCC1A733C,33C,PTC V
8296,2021-08-01 01:13:21,4945696,CAR,2,4341,PC1E10EC3,EC3,PTC V
8297,2021-08-08 05:31:09,3125006,CAR,2,4066,PC883FCA9,CA9,PTC V
8298,2021-08-11 17:14:50,8300638,TRUCK,4,4884,PC3FB1BB6,BB6,PTC V
8299,2021-08-06 18:29:21,5511826,CAR,2,4341,PC1E10EC3,EC3,PTE V
8300,2021-08-17 08:32:27,4000670,CAR,2,4933,PC419F41D,41D,PTC V
8301,2021-08-15 00:06:23,4351368,CAR,2,4514,PC374C341,341,PTP V
8302,2021-08-08 06:51:19,1442783,VAN,2,4239,PCA185B1A,B1A,PTE V
8303,2021-08-08 21:18:27,5681925,CAR,2,4162,PC51A39A7,9A7,PTP V
8304,2021-07-29 22:32:06,5100954,CAR,2,4782,PC6802C08,C08,PTP V
8305,2021-08-21 02:35:10,7237674,CAR,2,4620,PC43973F9,3F9,PTC V
8306,2021-08-02 20:00:57,1492207,CAR,2,4392,PCAF6E464,464,PTP V
8307,2021-08-08 11:53:44,9221867,CAR,2,4595,PC64281F6,1F6,PTE V
8308,2021-08-19 00:03:56,9379753,CAR,2,4647,PCDD56814,814,PTP V
8309,2021-08-01 02:24:10,2102436,TRUCK,4,4200,PCBA86754,754,PTE V
8310,2021-08-03 21:50:24,5838388,CAR,2,4961,PC92C5115,115,PTP V
8311,2021-07-29 22:09:00,1648297,CAR,2,4573,PC4D8469D,69D,PTE V
8312,2021-08-12 06:09:26,978232,VAN,2,4551,PCCA5979C,79C,PTE V
8313,2021-08-12 12:22:38,953519,TRUCK,4,4299,PCAD3B9BC,9BC,PTP V
8314,2021-08-16 04:24:36,8337087,CAR,2,4812,PC22D9C6D,C6D,PTC V
8315,2021-08-22 12:22:41,6469284,CAR,2,5008,PC48D61BB,1BB,PTE V
8316,2021-08-11 10:19:49,614353,CAR,2,4085,PC6150735,735,PTP V
8317,2021-08-06 03:04:18,99513,CAR,2,4765,PC795A0A3,0A3,PTP V
8318,2021-08-18 23:25:51,2345027,CAR,2,4731,PCFFC2992,992,PTC V
8319,2021-08-08 00:07:39,3597618,CAR,2,4589,PC1477DC9,DC9,PTE V
8320,2021-08-07 09:24:37,7674498,VAN,2,4815,PC19C02F1,2F1,PTP V
8321,2021-08-21 18:32:14,645107,CAR,2,4681,PCBEB4D23,D23,PTE V
8322,2021-08-02 08:18:27,5521608,CAR,2,4993,PC0F0AB4E,B4E,PTP V
8323,2021-08-09 05:42:14,7648722,CAR,2,4146,PCF91266E,66E,PTP V
8324,2021-08-21 23:48:38,621218,VAN,2,4756,PC8AEC6E8,6E8,PTC V
8325,2021-08-03 12:51:45,4887321,TRUCK,4,4437,PCBE6CB59,B59,PTP V
8326,2021-08-13 23:08:36,8754723,CAR,2,4621,PC9FB4E82,E82,PTP V
8327,2021-08-04 17:46:50,7518545,CAR,2,4140,PC5D4821F,21F,PTC V
8328,2021-08-18 03:27:21,2396734,VAN,2,4234,PC5EBC1E1,1E1,PTC V
8329,2021-07-31 22:58:24,9085272,CAR,2,4679,PC88494D0,4D0,PTP V
8330,2021-07-30 12:42:27,9832884,CAR,2,4803,PC2BBEEDC,EDC,PTE V
8331,2021-08-07 23:22:29,1955025,CAR,2,5009,PC70886EC,6EC,PTP V
8332,2021-08-07 05:30:13,8266672,TRUCK,4,4769,PC10C50DC,0DC,PTC V
8333,2021-08-10 04:03:26,2104868,TRUCK,4,5009,PC70886EC,6EC,PTC V
8334,2021-08-12 14:32:23,8208577,VAN,2,4056,PC9FBBA67,A67,PTE V
8335,2021-08-17 22:54:15,2972082,CAR,2,4539,PC684859B,59B,PTE V
8336,2021-08-02 20:28:06,7713223,CAR,2,4117,PCEB6517A,17A,PTC V
8337,2021-08-01 15:02:59,797267,TRUCK,4,4530,PCA33A9A8,9A8,PTC V
8338,2021-08-20 21:27:55,1370623,CAR,2,4870,PC65485BB,5BB,PTE V
8339,2021-08-14 03:02:33,6064120,TRUCK,4,4698,PC8BCEB19,B19,PTE V
8340,2021-08-03 10:32:06,2105382,TRUCK,4,4362,PC670999C,99C,PTC V
8341,2021-08-02 08:09:50,4237519,CAR,2,4299,PCAD3B9BC,9BC,PTP V
8342,2021-08-12 01:55:24,1554584,CAR,2,4353,PC79BCF60,F60,PTC V
8343,2021-07-29 17:57:46,3787241,TRUCK,4,4587,PC576A3BA,3BA,PTC V
8344,2021-08-17 15:43:40,2652266,CAR,2,4755,PC628DCED,CED,PTP V
8345,2021-08-04 11:23:36,3635833,CAR,2,4698,PC8BCEB19,B19,PTE V
8346,2021-08-11 04:07:28,9005255,VAN,2,4100,PCC6DD8D5,8D5,PTE V
8347,2021-08-06 22:52:27,3823058,CAR,2,4619,PC2EFBBE0,BE0,PTE V
8348,2021-08-18 23:12:47,7492274,TRUCK,4,4599,PC800C92D,92D,PTP V
8349,2021-08-15 17:02:07,8747866,CAR,2,4352,PC99B9343,343,PTP V
8350,2021-08-09 06:24:56,3169560,CAR,2,4188,PCDB12C82,C82,PTP V
8351,2021-07-29 22:41:01,6529144,CAR,2,4516,PCF7F25B7,5B7,PTE V
8352,2021-08-15 07:48:13,1711124,CAR,2,4751,PCD33B3C9,3C9,PTP V
8353,2021-07-29 23:08:51,8795670,TRUCK,4,4692,PC1CDFCF6,CF6,PTC V
8354,2021-08-15 02:45:48,8397107,CAR,2,4130,PC9F22103,103,PTE V
8355,2021-08-07 13:23:00,5472256,CAR,2,4503,PC69DE15C,15C,PTE V
8356,2021-07-30 14:37:51,9016605,CAR,2,4344,PC417B8DF,8DF,PTC V
8357,2021-08-01 11:20:01,7326756,CAR,2,4518,PCC7B407A,07A,PTC V
8358,2021-08-12 08:08:34,348970,TRUCK,4,4405,PC70CA955,955,PTC V
8359,2021-08-04 23:51:24,7249116,CAR,2,4426,PCC0E943C,43C,PTP V
8360,2021-08-06 02:56:55,393761,CAR,2,4873,PCE01E4DF,4DF,PTE V
8361,2021-08-01 16:31:09,1303899,CAR,2,4388,PC803F0F2,0F2,PTC V
8362,2021-08-05 00:45:19,5590957,CAR,2,4287,PC421D5F3,5F3,PTP V
8363,2021-08-10 01:52:06,4635796,CAR,2,4828,PCF712D1A,D1A,PTP V
8364,2021-08-21 02:19:13,4435136,CAR,2,4368,PC909A324,324,PTP V
8365,2021-08-05 21:08:38,8655228,TRUCK,4,4821,PC67D349A,49A,PTE V
8366,2021-08-02 04:55:52,9600670,CAR,2,4034,PCFC754C7,4C7,PTC V
8367,2021-08-04 08:09:01,3416717,VAN,2,4109,PC7057B6A,B6A,PTP V
8368,2021-08-02 09:06:25,3094827,TRUCK,4,4116,PCCA836C9,6C9,PTE V
8369,2021-08-08 23:56:22,5189374,CAR,2,4439,PC845CEA6,EA6,PTE V
8370,2021-08-10 15:51:32,8127863,CAR,2,4231,PC016D687,687,PTE V
8371,2021-08-13 22:08:04,8558170,CAR,2,4128,PCC0E7E2A,E2A,PTE V
8372,2021-08-13 00:51:04,8834251,CAR,2,4233,PC57279D0,9D0,PTP V
8373,2021-08-01 15:30:54,6502525,CAR,2,4577,PC8FE0901,901,PTC V
8374,2021-08-03 15:56:43,4921770,CAR,2,4833,PC71A1452,452,PTC V
8375,2021-08-22 04:50:50,3624718,VAN,2,4663,PCA7178EC,8EC,PTE V
8376,2021-08-18 06:17:37,931001,TRUCK,4,4904,PC36C6441,441,PTC V
8377,2021-08-20 14:10:37,2837201,CAR,2,4175,PC08EA270,270,PTE V
8378,2021-08-13 20:01:42,2044018,CAR,2,4538,PCDE5402C,02C,PTE V
8379,2021-08-18 12:23:45,2112502,CAR,2,4521,PCD2C9ECF,ECF,PTC V
8380,2021-08-19 02:07:27,8672956,CAR,2,4274,PC88EA64E,64E,PTE V
8381,2021-08-22 06:14:57,9552553,CAR,2,4063,PC7667A3E,A3E,PTP V
8382,2021-08-09 22:04:19,4223646,TRUCK,4,4976,PC5149039,039,PTC V
8383,2021-08-15 07:26:30,593264,CAR,2,4020,PC2265FB3,FB3,PTP V
8384,2021-08-06 05:41:12,9835241,CAR,2,4133,PC30FC453,453,PTP V
8385,2021-07-29 22:29:59,7876529,TRUCK,4,4059,PC06E8A1C,A1C,PTP V
8386,2021-08-05 11:43:00,7544156,CAR,2,4908,PC3D16FC5,FC5,PTP V
8387,2021-08-21 06:39:25,2751912,CAR,2,4274,PC88EA64E,64E,PTE V
8388,2021-07-30 01:28:40,4637683,VAN,2,4600,PCB99E8F9,8F9,PTP V
8389,2021-08-01 10:53:23,2277951,CAR,2,4554,PC23BA77A,77A,PTP V
8390,2021-08-12 10:39:56,8170862,CAR,2,4681,PCBEB4D23,D23,PTP V
8391,2021-08-08 22:11:42,9986753,CAR,2,4176,PC11E9595,595,PTE V
8392,2021-08-02 12:02:32,274814,VAN,2,4147,PC4D2C5A7,5A7,PTE V
8393,2021-07-30 15:37:47,7303373,TRUCK,4,4265,PC5B2AFFA,FFA,PTE V
8394,2021-07-29 20:59:32,7749481,TRUCK,4,4737,PCED7EAFE,AFE,PTC V
8395,2021-08-04 01:26:43,2387036,TRUCK,4,4325,PC8FC83B3,3B3,PTP V
8396,2021-08-13 22:09:02,6127462,CAR,2,4943,PC0A5DC1F,C1F,PTP V
8397,2021-08-17 01:10:27,8231389,CAR,2,4143,PC5F47DCF,DCF,PTC V
8398,2021-08-21 08:01:56,6336470,TRUCK,4,4472,PC303DD56,D56,PTC V
8399,2021-08-08 03:17:48,6250184,CAR,2,4222,PC15EC378,378,PTE V
8400,2021-08-01 18:43:20,401574,CAR,2,4899,PC4967767,767,PTP V
8401,2021-08-18 07:49:45,6581814,CAR,2,4390,PC983A913,913,PTP V
8402,2021-08-08 06:00:04,2154383,CAR,2,4975,PC818101A,01A,PTP V
8403,2021-08-10 21:17:10,5071918,CAR,2,4085,PC6150735,735,PTE V
8404,2021-08-01 21:35:29,6400126,CAR,2,4151,PC0AB2B55,B55,PTE V
8405,2021-08-01 23:44:30,7868537,TRUCK,4,4101,PCCC8F243,243,PTE V
8406,2021-08-22 17:07:08,7372483,CAR,2,4932,PC46C4A27,A27,PTE V
8407,2021-08-14 07:29:37,5820590,CAR,2,4120,PC6700C62,C62,PTP V
8408,2021-08-05 06:27:01,4185310,CAR,2,4541,PCC6A4CD8,CD8,PTE V
8409,2021-08-17 08:58:31,5507905,CAR,2,4052,PC25E70B7,0B7,PTE V
8410,2021-08-06 23:20:56,2356221,CAR,2,4906,PC3D58C5E,C5E,PTC V
8411,2021-08-03 02:49:04,3924783,TRUCK,4,4207,PC76EDF79,F79,PTE V
8412,2021-08-21 13:16:17,6833234,TRUCK,4,4624,PCDF73A3C,A3C,PTP V
8413,2021-08-09 15:34:44,230476,VAN,2,4474,PCFEAE55E,55E,PTE V
8414,2021-07-31 02:47:18,4562644,TRUCK,4,4845,PCEEC0DB3,DB3,PTC V
8415,2021-08-11 11:26:50,4063284,TRUCK,4,4453,PC5EC8DF5,DF5,PTC V
8416,2021-07-31 06:43:54,8318845,CAR,2,4623,PCAA67227,227,PTE V
8417,2021-08-01 07:30:31,7797951,CAR,2,4656,PC63844BC,4BC,PTP V
8418,2021-08-03 20:07:45,2718597,CAR,2,4805,PC1A161AA,1AA,PTC V
8419,2021-08-14 12:51:12,8986329,CAR,2,4192,PC74F6341,341,PTE V
8420,2021-07-30 05:23:52,9640321,TRUCK,4,4047,PC6D105CF,5CF,PTC V
8421,2021-08-05 16:17:12,7963268,CAR,2,4903,PCC3BCE65,E65,PTP V
8422,2021-07-31 08:12:05,8352111,CAR,2,4321,PC591BDF7,DF7,PTE V
8423,2021-08-08 13:26:16,2219293,CAR,2,4567,PC2C5C1F3,1F3,PTP V
8424,2021-08-10 11:28:06,8346782,TRUCK,4,4624,PCDF73A3C,A3C,PTP V
8425,2021-08-08 06:39:31,2225982,TRUCK,4,4372,PC1E0F3B6,3B6,PTC V
8426,2021-08-18 12:36:02,9236522,VAN,2,4173,PC0EB640E,40E,PTE V
8427,2021-07-31 06:28:16,9191707,CAR,2,4155,PC9042B3F,B3F,PTC V
8428,2021-08-09 17:46:51,4044411,TRUCK,4,4221,PC90AAFDA,FDA,PTC V
8429,2021-08-08 20:58:07,7605886,CAR,2,4290,PC84E8CEF,CEF,PTP V
8430,2021-08-14 02:04:13,6517851,VAN,2,4559,PC93AAEC9,EC9,PTC V
8431,2021-08-16 18:00:32,2389461,CAR,2,4860,PCF4A2DA9,DA9,PTC V
8432,2021-07-30 13:22:47,1550317,TRUCK,4,4956,PCB7040B7,0B7,PTP V
8433,2021-08-10 22:15:49,9849990,TRUCK,4,4106,PC9764C98,C98,PTE V
8434,2021-08-14 01:36:45,4582806,CAR,2,4336,PCD30AB50,B50,PTP V
8435,2021-08-05 21:18:35,4135891,TRUCK,4,4958,PC8A8976A,76A,PTC V
8436,2021-08-14 14:21:34,2154997,CAR,2,4080,PCBE7E15B,15B,PTE V
8437,2021-08-16 17:58:21,4960975,CAR,2,4185,PC7F5C566,566,PTE V
8438,2021-08-16 12:29:52,230223,TRUCK,4,4023,PC77793DF,3DF,PTP V
8439,2021-08-12 20:53:14,9624930,VAN,2,4269,PCC7106FF,6FF,PTE V
8440,2021-08-14 22:44:10,3538985,CAR,2,4400,PC3BD7D63,D63,PTP V
8441,2021-08-12 09:38:38,950130,CAR,2,4687,PC52E7369,369,PTP V
8442,2021-08-22 02:51:44,1356196,CAR,2,4319,PCAD79413,413,PTE V
8443,2021-07-31 05:42:50,7376951,CAR,2,4516,PCF7F25B7,5B7,PTP V
8444,2021-08-13 03:03:31,6885677,TRUCK,4,4371,PC7E22FD8,FD8,PTE V
8445,2021-07-31 18:53:25,3142673,CAR,2,4143,PC5F47DCF,DCF,PTC V
8446,2021-08-12 16:00:07,2996023,CAR,2,4042,PC5D4DE09,E09,PTP V
8447,2021-08-19 04:06:00,960832,CAR,2,4318,PCAD89FE3,FE3,PTC V
8448,2021-08-08 16:47:19,3151565,CAR,2,4953,PC1E2B07E,07E,PTP V
8449,2021-08-16 22:52:55,296161,CAR,2,4821,PC67D349A,49A,PTP V
8450,2021-08-16 03:48:17,4251894,CAR,2,4675,PCE49911B,11B,PTE V
8451,2021-08-03 16:28:18,2357502,CAR,2,4559,PC93AAEC9,EC9,PTP V
8452,2021-08-11 01:27:47,6595185,CAR,2,4748,PCF2ECD29,D29,PTC V
8453,2021-07-30 17:55:47,3137683,CAR,2,4410,PC6EFC03B,03B,PTP V
8454,2021-08-19 13:24:31,7955597,CAR,2,4381,PC9DD9DCD,DCD,PTE V
8455,2021-08-09 05:23:30,9649067,CAR,2,4257,PC1AB9C93,C93,PTE V
8456,2021-08-02 20:53:33,9650170,TRUCK,4,4853,PC214FB8E,B8E,PTP V
8457,2021-08-05 04:56:56,2210444,CAR,2,4013,PCE5BA2CE,2CE,PTE V
8458,2021-08-10 03:00:39,871948,TRUCK,4,4668,PCBB055C6,5C6,PTC V
8459,2021-08-11 23:23:48,3072600,CAR,2,4857,PC59F4E22,E22,PTC V
8460,2021-08-05 21:08:04,151206,CAR,2,4282,PCCE002E5,2E5,PTE V
8461,2021-08-18 09:01:23,938735,TRUCK,4,4672,PC03AE86F,86F,PTE V
8462,2021-07-30 14:33:19,4054191,CAR,2,4694,PCBCF42C2,2C2,PTE V
8463,2021-08-21 02:05:45,7219687,TRUCK,4,4050,PC822E359,359,PTE V
8464,2021-07-31 11:20:58,2607963,TRUCK,4,4126,PC74CE451,451,PTC V
8465,2021-08-08 23:44:56,2130560,CAR,2,4024,PC91E3A87,A87,PTP V
8466,2021-08-09 04:25:10,8329033,TRUCK,4,4183,PCF5E7754,754,PTC V
8467,2021-08-01 06:39:54,1840148,CAR,2,4212,PC422A6D1,6D1,PTE V
8468,2021-08-12 03:34:15,7399926,CAR,2,4585,PCF3AE602,602,PTC V
8469,2021-08-16 10:30:25,7749812,VAN,2,4347,PC3EC1FDF,FDF,PTP V
8470,2021-08-22 04:41:42,5006132,VAN,2,4726,PCF6540C0,0C0,PTE V
8471,2021-08-17 15:31:20,8464535,CAR,2,4777,PCB1132AC,2AC,PTP V
8472,2021-08-09 07:25:16,2610238,CAR,2,4800,PCA4DF48A,48A,PTP V
8473,2021-08-09 21:01:40,6153649,CAR,2,4942,PCD51A740,740,PTE V
8474,2021-08-17 11:21:08,1543287,CAR,2,4737,PCED7EAFE,AFE,PTE V
8475,2021-08-01 21:24:11,2063253,CAR,2,4443,PCC139BD8,BD8,PTP V
8476,2021-08-01 10:44:59,1061295,CAR,2,4880,PC5A27CDE,CDE,PTC V
8477,2021-08-06 11:53:05,2527358,TRUCK,4,4255,PCB7E7138,138,PTP V
8478,2021-08-08 15:44:34,9185590,CAR,2,4757,PC126524C,24C,PTE V
8479,2021-08-02 00:57:48,9277316,VAN,2,4176,PC11E9595,595,PTE V
8480,2021-08-02 20:24:02,9142056,CAR,2,4828,PCF712D1A,D1A,PTE V
8481,2021-08-05 09:02:54,2476630,VAN,2,4377,PC4AC8EAD,EAD,PTC V
8482,2021-08-03 16:40:29,4799875,TRUCK,4,4018,PCCB2657A,57A,PTC V
8483,2021-08-08 11:12:22,5215838,CAR,2,4868,PC647292C,92C,PTC V
8484,2021-08-15 17:16:12,482573,CAR,2,4638,PCB7AC8AA,8AA,PTC V
8485,2021-08-20 23:07:15,5941477,CAR,2,4298,PC3E474F6,4F6,PTC V
8486,2021-08-02 00:13:39,8050522,TRUCK,4,4356,PCF1979AE,9AE,PTC V
8487,2021-08-18 18:55:16,9769488,VAN,2,4759,PC4A6C6D9,6D9,PTC V
8488,2021-07-31 10:36:02,9980303,CAR,2,4869,PCF775FA6,FA6,PTE V
8489,2021-08-13 22:41:17,830236,TRUCK,4,5000,PCFE7F7FE,7FE,PTP V
8490,2021-08-11 05:40:52,9411278,CAR,2,4926,PCCBCFEDE,EDE,PTP V
8491,2021-08-11 03:53:07,4341836,VAN,2,4893,PC3743587,587,PTP V
8492,2021-08-14 20:25:15,9581496,CAR,2,4150,PCC8441A8,1A8,PTP V
8493,2021-08-08 16:09:21,4171166,CAR,2,4297,PCDE89544,544,PTP V
8494,2021-08-09 21:05:12,1025866,CAR,2,4774,PCEBE834B,34B,PTC V
8495,2021-08-01 12:16:41,3053925,CAR,2,4966,PC4E6422C,22C,PTE V
8496,2021-08-10 17:18:12,9071474,CAR,2,4237,PC51D1059,059,PTC V
8497,2021-08-01 04:57:07,8536396,TRUCK,4,4648,PC576AD85,D85,PTE V
8498,2021-08-12 15:06:22,4424227,CAR,2,4417,PC208F9BB,9BB,PTC V
8499,2021-08-17 14:44:16,1510463,VAN,2,4632,PCC1FFE5B,E5B,PTP V
8500,2021-08-19 02:02:43,1597203,CAR,2,4612,PC871C1FC,1FC,PTP V
8501,2021-08-10 16:43:26,8541712,CAR,2,4533,PC8DA1D3B,D3B,PTE V
8502,2021-08-07 02:02:08,6461855,TRUCK,4,4591,PCC9875AC,5AC,PTE V
8503,2021-08-01 00:44:34,8177959,CAR,2,4343,PC0F6325D,25D,PTC V
8504,2021-08-20 11:09:54,1540962,CAR,2,4050,PC822E359,359,PTC V
8505,2021-08-09 11:02:13,4382548,CAR,2,4340,PC3A6DBC9,BC9,PTE V
8506,2021-08-22 13:13:15,5705632,TRUCK,4,4543,PC74F5EBA,EBA,PTP V
8507,2021-08-08 21:57:36,343809,CAR,2,4430,PC52EA95D,95D,PTP V
8508,2021-08-18 05:41:57,4951088,TRUCK,4,4526,PCCB07C68,C68,PTP V
8509,2021-08-18 03:14:03,1608282,VAN,2,4880,PC5A27CDE,CDE,PTE V
8510,2021-08-16 23:08:36,223180,TRUCK,4,4640,PCC993FB3,FB3,PTP V
8511,2021-08-11 06:30:22,5758325,CAR,2,4187,PCF8D98DC,8DC,PTP V
8512,2021-08-09 03:12:59,2909311,TRUCK,4,4602,PC0D3474E,74E,PTP V
8513,2021-08-17 09:46:24,8681880,CAR,2,4144,PCAC7E4C1,4C1,PTE V
8514,2021-07-30 13:59:28,9188062,VAN,2,4847,PCD546332,332,PTE V
8515,2021-08-17 10:55:12,9075719,CAR,2,4646,PC3F8C42B,42B,PTP V
8516,2021-08-12 21:50:29,4650221,CAR,2,4354,PC0671DD4,DD4,PTC V
8517,2021-08-22 02:36:07,9469552,CAR,2,4025,PC5ABB8E4,8E4,PTC V
8518,2021-08-13 12:29:13,4182862,CAR,2,4550,PC21A1833,833,PTE V
8519,2021-08-08 06:08:03,9521366,CAR,2,4779,PCC8FE9C6,9C6,PTP V
8520,2021-08-12 03:41:49,5779104,TRUCK,4,4543,PC74F5EBA,EBA,PTE V
8521,2021-08-01 17:05:13,7545697,CAR,2,4685,PC5D33C18,C18,PTC V
8522,2021-08-17 00:42:27,9872714,CAR,2,4900,PCFE8B604,604,PTP V
8523,2021-08-13 12:50:29,7635215,CAR,2,4736,PC6A65941,941,PTP V
8524,2021-08-08 18:55:48,8673351,VAN,2,4969,PCBBB9730,730,PTE V
8525,2021-08-17 02:09:29,1943194,TRUCK,4,4058,PC3415EA4,EA4,PTC V
8526,2021-08-06 16:15:55,1516019,CAR,2,4712,PC94168A2,8A2,PTE V
8527,2021-07-30 12:53:08,9356107,VAN,2,4765,PC795A0A3,0A3,PTE V
8528,2021-08-16 17:28:10,9166150,CAR,2,4078,PC8473A64,A64,PTC V
8529,2021-08-02 07:55:57,8233790,TRUCK,4,4035,PC1B1D964,964,PTE V
8530,2021-08-02 22:59:06,1546130,TRUCK,4,4359,PCB27CFF1,FF1,PTP V
8531,2021-08-09 16:59:12,9644904,CAR,2,4675,PCE49911B,11B,PTP V
8532,2021-08-13 02:41:15,733962,TRUCK,4,4485,PC99A12E9,2E9,PTE V
8533,2021-08-18 11:55:11,7437723,TRUCK,4,4776,PC6906524,524,PTP V
8534,2021-08-05 12:23:46,6139856,TRUCK,4,4336,PCD30AB50,B50,PTC V
8535,2021-08-09 11:27:44,8354816,CAR,2,4733,PC797AEBF,EBF,PTP V
8536,2021-08-19 13:05:55,3217203,VAN,2,4263,PCD6DBA1D,A1D,PTP V
8537,2021-08-02 14:30:59,2587163,TRUCK,4,4021,PC851E565,565,PTP V
8538,2021-08-19 23:16:32,8228837,CAR,2,4892,PC7AA5B2F,B2F,PTC V
8539,2021-08-01 23:00:02,4082579,CAR,2,4297,PCDE89544,544,PTC V
8540,2021-08-12 07:41:51,5998048,TRUCK,4,4881,PCDE20E6F,E6F,PTC V
8541,2021-08-14 03:12:25,2575618,CAR,2,5009,PC70886EC,6EC,PTP V
8542,2021-08-08 08:03:15,7955318,CAR,2,4513,PC52F533C,33C,PTP V
8543,2021-07-29 13:30:47,4716858,TRUCK,4,4719,PCBD66B01,B01,PTP V
8544,2021-08-16 07:10:35,5068531,TRUCK,4,4301,PC540E129,129,PTP V
8545,2021-08-21 06:59:57,5412124,TRUCK,4,4906,PC3D58C5E,C5E,PTE V
8546,2021-08-16 16:30:11,1481380,TRUCK,4,4878,PC08F56A1,6A1,PTE V
8547,2021-08-21 04:18:29,1958577,CAR,2,4129,PCA6127FF,7FF,PTP V
8548,2021-08-04 01:44:51,6388344,CAR,2,4700,PC14E538A,38A,PTE V
8549,2021-08-10 10:01:09,8882736,CAR,2,4573,PC4D8469D,69D,PTC V
8550,2021-08-15 18:56:51,6813790,CAR,2,4709,PCC8C7059,059,PTE V
8551,2021-08-02 23:10:09,8187469,VAN,2,4227,PCD8346A6,6A6,PTC V
8552,2021-08-17 00:48:07,2603976,CAR,2,4163,PC95B4E03,E03,PTC V
8553,2021-08-04 21:26:40,6370336,CAR,2,4394,PCD3A817A,17A,PTC V
8554,2021-08-20 20:01:17,2344517,CAR,2,4233,PC57279D0,9D0,PTC V
8555,2021-08-22 11:24:54,7016070,CAR,2,4921,PCA70760B,60B,PTP V
8556,2021-08-02 08:21:14,6353620,CAR,2,4553,PC1D57D7F,D7F,PTP V
8557,2021-08-16 07:58:53,9181059,TRUCK,4,4598,PC5526A36,A36,PTP V
8558,2021-08-05 16:41:26,6485957,CAR,2,4940,PC8AB18BE,8BE,PTP V
8559,2021-08-16 07:31:21,4203541,CAR,2,4046,PCAC345FD,5FD,PTC V
8560,2021-08-15 11:48:17,8194871,CAR,2,4772,PC7368097,097,PTE V
8561,2021-08-04 20:48:33,1405197,CAR,2,4889,PC3547FAD,FAD,PTP V
8562,2021-08-17 13:50:39,9756792,TRUCK,4,4242,PCECC4DE2,DE2,PTP V
8563,2021-08-18 01:08:20,89608,CAR,2,4704,PC47FBB07,B07,PTC V
8564,2021-08-03 23:41:16,517758,CAR,2,4196,PC4B8A835,835,PTC V
8565,2021-08-09 06:25:55,5739366,VAN,2,4357,PC434FA62,A62,PTC V
8566,2021-08-14 12:05:34,2461595,TRUCK,4,4030,PCA8A9AA8,AA8,PTC V
8567,2021-08-15 13:32:24,1358313,CAR,2,4516,PCF7F25B7,5B7,PTP V
8568,2021-08-10 18:15:30,3556803,CAR,2,4616,PCE6675F9,5F9,PTE V
8569,2021-08-22 06:32:55,5740225,CAR,2,4594,PC59414DA,4DA,PTP V
8570,2021-07-31 05:35:13,4696898,CAR,2,4529,PC3FAA264,264,PTE V
8571,2021-08-13 02:12:39,7090716,CAR,2,4426,PCC0E943C,43C,PTC V
8572,2021-08-03 07:06:58,7413479,TRUCK,4,4890,PCAFC8A56,A56,PTE V
8573,2021-08-22 14:02:33,6998240,CAR,2,4465,PCA227C6B,C6B,PTE V
8574,2021-08-05 02:52:39,8910631,CAR,2,4748,PCF2ECD29,D29,PTP V
8575,2021-08-01 06:32:09,8877743,CAR,2,4317,PC0DC6CAB,CAB,PTC V
8576,2021-08-08 07:29:06,7245885,VAN,2,4499,PC1EEDA04,A04,PTC V
8577,2021-08-06 19:40:18,1333698,CAR,2,4439,PC845CEA6,EA6,PTE V
8578,2021-08-05 03:10:16,7532593,CAR,2,4556,PC18C31F6,1F6,PTC V
8579,2021-08-18 05:10:26,8459938,CAR,2,4164,PC578D797,797,PTC V
8580,2021-08-06 03:52:01,5783272,CAR,2,4344,PC417B8DF,8DF,PTP V
8581,2021-08-13 23:13:37,5261889,TRUCK,4,4822,PCD1EB220,220,PTE V
8582,2021-08-14 10:06:23,695279,CAR,2,4435,PC3E78C17,C17,PTE V
8583,2021-08-21 00:57:11,2804715,CAR,2,4757,PC126524C,24C,PTC V
8584,2021-08-09 10:57:02,7858541,TRUCK,4,4658,PC1A58039,039,PTE V
8585,2021-08-15 07:55:34,529430,TRUCK,4,4403,PCCAFA3BB,3BB,PTE V
8586,2021-08-04 02:28:06,8034133,VAN,2,4885,PC5083F35,F35,PTE V
8587,2021-08-14 12:42:07,4738595,VAN,2,4904,PC36C6441,441,PTC V
8588,2021-08-21 10:27:16,326146,CAR,2,4160,PC6DC0ACF,ACF,PTC V
8589,2021-08-03 01:18:31,7125521,CAR,2,4883,PCB325DCD,DCD,PTP V
8590,2021-08-13 18:49:41,9735073,TRUCK,4,4656,PC63844BC,4BC,PTP V
8591,2021-08-11 07:58:47,2240976,TRUCK,4,4541,PCC6A4CD8,CD8,PTP V
8592,2021-08-05 13:51:01,8389189,CAR,2,4505,PCEF64195,195,PTC V
8593,2021-08-03 06:13:09,2497392,CAR,2,4130,PC9F22103,103,PTP V
8594,2021-07-30 18:19:03,9217376,CAR,2,4513,PC52F533C,33C,PTC V
8595,2021-08-04 14:43:10,5166854,CAR,2,4541,PCC6A4CD8,CD8,PTC V
8596,2021-08-12 00:27:31,3589109,TRUCK,4,4443,PCC139BD8,BD8,PTC V
8597,2021-08-15 01:31:18,2672490,TRUCK,4,4827,PC7D68CD9,CD9,PTP V
8598,2021-08-17 01:34:21,746416,CAR,2,4183,PCF5E7754,754,PTE V
8599,2021-08-19 14:20:58,5118799,CAR,2,4859,PC685B3B1,3B1,PTC V
8600,2021-08-02 22:53:06,4764871,TRUCK,4,4490,PC89C1789,789,PTP V
8601,2021-08-02 23:02:31,5184229,CAR,2,4502,PCB2CC82C,82C,PTC V
8602,2021-08-22 05:29:53,375626,VAN,2,4234,PC5EBC1E1,1E1,PTC V
8603,2021-07-29 14:07:42,8260595,CAR,2,4482,PCB6A16D7,6D7,PTC V
8604,2021-08-13 13:24:05,1320317,CAR,2,4047,PC6D105CF,5CF,PTC V
8605,2021-08-12 05:47:32,7799178,CAR,2,4380,PC905B5D4,5D4,PTC V
8606,2021-08-05 00:15:25,1941060,TRUCK,4,4596,PC6558A56,A56,PTP V
8607,2021-08-06 18:15:12,1375608,VAN,2,4421,PCED2DB6F,B6F,PTC V
8608,2021-08-20 10:41:07,5248927,TRUCK,4,4997,PC8111910,910,PTC V
8609,2021-08-01 10:16:15,8522490,TRUCK,4,4362,PC670999C,99C,PTP V
8610,2021-08-13 18:27:51,8149164,CAR,2,4759,PC4A6C6D9,6D9,PTE V
8611,2021-07-29 23:56:37,6810506,CAR,2,4349,PC5AB6779,779,PTC V
8612,2021-08-22 11:34:44,8572774,CAR,2,4796,PCEBEEE05,E05,PTC V
8613,2021-07-31 20:20:29,6909466,CAR,2,4444,PC4D84BFC,BFC,PTC V
8614,2021-08-10 21:19:55,394608,TRUCK,4,4548,PC4486317,317,PTP V
8615,2021-08-13 15:43:02,3681495,CAR,2,4602,PC0D3474E,74E,PTC V
8616,2021-08-10 22:17:17,1166100,CAR,2,4604,PC0553E32,E32,PTP V
8617,2021-08-01 08:40:13,305185,CAR,2,4969,PCBBB9730,730,PTC V
8618,2021-07-30 00:11:57,9253449,VAN,2,4656,PC63844BC,4BC,PTE V
8619,2021-08-13 00:08:12,9043086,CAR,2,4953,PC1E2B07E,07E,PTC V
8620,2021-08-16 03:05:09,3856647,CAR,2,4400,PC3BD7D63,D63,PTE V
8621,2021-08-18 02:07:34,9720589,CAR,2,4052,PC25E70B7,0B7,PTC V
8622,2021-07-30 23:53:23,3121390,VAN,2,4078,PC8473A64,A64,PTC V
8623,2021-07-31 12:47:00,7712166,TRUCK,4,4882,PC8616CD8,CD8,PTC V
8624,2021-08-04 14:52:45,9406695,CAR,2,4250,PCC695DB0,DB0,PTC V
8625,2021-08-06 12:47:56,8509476,CAR,2,4379,PC87C8BC4,BC4,PTP V
8626,2021-08-11 07:23:34,2834435,CAR,2,4818,PCF243BF3,BF3,PTP V
8627,2021-08-20 08:53:25,3833539,CAR,2,4982,PC384779E,79E,PTP V
8628,2021-08-16 22:34:15,5927895,TRUCK,4,4650,PC544AE70,E70,PTC V
8629,2021-07-30 22:55:30,7756946,CAR,2,4228,PC4F78F1B,F1B,PTC V
8630,2021-08-11 21:31:35,9820140,TRUCK,4,4088,PC14008D5,8D5,PTP V
8631,2021-08-05 18:01:55,4600511,TRUCK,4,4886,PC4D892D7,2D7,PTE V
8632,2021-08-13 23:00:52,6211488,CAR,2,4698,PC8BCEB19,B19,PTP V
8633,2021-08-09 06:19:05,1233609,TRUCK,4,4837,PCA10FFA0,FA0,PTP V
8634,2021-08-16 16:53:48,17385,VAN,2,4154,PC2C2EF9E,F9E,PTP V
8635,2021-08-09 23:31:24,2558367,CAR,2,4784,PCDB42B34,B34,PTP V
8636,2021-08-06 21:47:37,5120922,CAR,2,4947,PCE4A44BE,4BE,PTP V
8637,2021-07-29 14:44:17,4029806,VAN,2,4220,PC02FEF7D,F7D,PTP V
8638,2021-08-17 19:32:21,8053594,CAR,2,4398,PCE60D320,320,PTC V
8639,2021-08-14 19:46:26,1907405,CAR,2,4667,PCD540B2F,B2F,PTP V
8640,2021-08-04 23:25:09,8474334,TRUCK,4,4950,PC4F71E72,E72,PTE V
8641,2021-08-09 12:36:50,7756365,CAR,2,4009,PCF984421,421,PTE V
8642,2021-08-10 00:09:14,2170087,CAR,2,4680,PCC422F4D,F4D,PTC V
8643,2021-07-31 01:16:21,1970134,CAR,2,4527,PC59A0CB2,CB2,PTP V
8644,2021-08-02 16:37:54,6985399,TRUCK,4,4103,PC2B868A9,8A9,PTP V
8645,2021-07-30 18:00:43,13127,TRUCK,4,4651,PC12D9486,486,PTE V
8646,2021-08-04 22:15:47,5008713,CAR,2,4256,PC9DD0BBD,BBD,PTC V
8647,2021-08-21 17:56:11,7671827,CAR,2,4074,PCCAFD014,014,PTP V
8648,2021-08-02 22:39:10,8843086,VAN,2,4204,PC5881E06,E06,PTE V
8649,2021-08-12 09:24:56,423018,TRUCK,4,4637,PCE9C770E,70E,PTE V
8650,2021-08-16 16:59:23,7982360,VAN,2,4363,PC62E1338,338,PTC V
8651,2021-08-12 22:51:32,9216382,CAR,2,4359,PCB27CFF1,FF1,PTC V
8652,2021-08-15 05:55:33,5387350,CAR,2,4015,PC524833E,33E,PTC V
8653,2021-08-12 12:06:58,3460140,VAN,2,4207,PC76EDF79,F79,PTP V
8654,2021-08-09 01:45:08,7545538,CAR,2,5010,PC028872C,72C,PTP V
8655,2021-08-14 12:39:12,9865617,VAN,2,4943,PC0A5DC1F,C1F,PTP V
8656,2021-08-03 02:47:38,6158234,TRUCK,4,4271,PC28E44E2,4E2,PTE V
8657,2021-08-14 19:23:47,5793391,CAR,2,4186,PC922BA3E,A3E,PTP V
8658,2021-08-21 16:56:28,3528420,VAN,2,4413,PC6C88C27,C27,PTP V
8659,2021-08-21 22:23:18,7459428,CAR,2,4621,PC9FB4E82,E82,PTE V
8660,2021-08-20 03:31:40,2966968,CAR,2,4763,PCC62D342,342,PTE V
8661,2021-08-02 00:55:20,6451318,TRUCK,4,4352,PC99B9343,343,PTE V
8662,2021-08-10 13:54:35,9437553,CAR,2,4914,PC2F353E1,3E1,PTP V
8663,2021-08-14 07:53:07,1338646,CAR,2,4321,PC591BDF7,DF7,PTC V
8664,2021-08-11 04:08:24,4637408,CAR,2,4758,PCCE12794,794,PTP V
8665,2021-08-02 01:16:22,1534601,CAR,2,4307,PC87D90FE,0FE,PTP V
8666,2021-08-19 09:13:33,6054269,CAR,2,4218,PC8DF4919,919,PTC V
8667,2021-08-15 04:32:50,1431280,CAR,2,4379,PC87C8BC4,BC4,PTP V
8668,2021-08-08 04:34:47,159511,VAN,2,4106,PC9764C98,C98,PTP V
8669,2021-08-04 01:34:29,8623013,CAR,2,4868,PC647292C,92C,PTP V
8670,2021-08-18 14:15:24,7113925,CAR,2,4597,PCBDB8BB6,BB6,PTC V
8671,2021-08-03 00:39:08,2206412,TRUCK,4,4144,PCAC7E4C1,4C1,PTE V
8672,2021-08-06 14:01:24,4902687,CAR,2,4728,PC07BF95F,95F,PTP V
8673,2021-08-22 02:04:23,6851901,CAR,2,4022,PCF135377,377,PTE V
8674,2021-08-20 22:55:01,2453425,TRUCK,4,4657,PCC591410,410,PTC V
8675,2021-07-30 09:29:25,5947523,CAR,2,4332,PC3B258E9,8E9,PTE V
8676,2021-07-31 06:31:32,9479749,CAR,2,4443,PCC139BD8,BD8,PTP V
8677,2021-08-07 01:12:38,1609663,TRUCK,4,4715,PCFA0E4C0,4C0,PTP V
8678,2021-08-16 22:48:53,7265598,CAR,2,4591,PCC9875AC,5AC,PTP V
8679,2021-08-21 03:07:56,4411428,TRUCK,4,4410,PC6EFC03B,03B,PTP V
8680,2021-08-16 13:23:01,1593728,CAR,2,4086,PC23E470D,70D,PTP V
8681,2021-08-14 18:26:02,19770,TRUCK,4,4877,PC155D90A,90A,PTP V
8682,2021-08-12 02:47:56,32003,CAR,2,4281,PC2804C85,C85,PTE V
8683,2021-08-08 03:07:03,9117175,CAR,2,4489,PCEFF6088,088,PTP V
8684,2021-08-11 16:54:47,8904423,TRUCK,4,4286,PC12BE494,494,PTE V
8685,2021-08-11 08:46:59,4768419,CAR,2,4735,PC2294422,422,PTE V
8686,2021-08-19 23:04:26,199372,VAN,2,4813,PCACF7982,982,PTC V
8687,2021-08-20 22:57:13,9594606,CAR,2,4352,PC99B9343,343,PTC V
8688,2021-08-17 19:55:25,6305754,TRUCK,4,4375,PCAE085FE,5FE,PTC V
8689,2021-08-02 19:20:15,3534375,CAR,2,4435,PC3E78C17,C17,PTE V
8690,2021-08-22 04:26:34,5352839,CAR,2,4542,PC3E57E3D,E3D,PTC V
8691,2021-08-21 21:13:10,3900305,CAR,2,4270,PC8F72158,158,PTP V
8692,2021-08-02 11:17:17,4612923,CAR,2,4836,PCE78024A,24A,PTE V
8693,2021-08-11 22:30:18,4173084,CAR,2,4308,PC94E7A96,A96,PTP V
8694,2021-07-30 16:33:57,9713672,TRUCK,4,4866,PC3137434,434,PTP V
8695,2021-08-03 03:57:44,7363966,CAR,2,4503,PC69DE15C,15C,PTE V
8696,2021-08-11 06:16:31,5113640,TRUCK,4,4257,PC1AB9C93,C93,PTC V
8697,2021-08-01 14:02:15,4171183,TRUCK,4,4253,PC82A16E6,6E6,PTE V
8698,2021-08-13 02:10:58,4022812,TRUCK,4,4426,PCC0E943C,43C,PTC V
8699,2021-08-08 02:36:45,1930581,TRUCK,4,4685,PC5D33C18,C18,PTE V
8700,2021-08-18 15:31:31,4788719,CAR,2,4444,PC4D84BFC,BFC,PTP V
8701,2021-08-01 01:28:00,7664307,TRUCK,4,4130,PC9F22103,103,PTC V
8702,2021-08-12 08:00:49,6505247,CAR,2,4233,PC57279D0,9D0,PTP V
8703,2021-08-07 23:04:59,316405,VAN,2,4207,PC76EDF79,F79,PTC V
8704,2021-08-17 21:24:03,9101421,CAR,2,4627,PCA965149,149,PTP V
8705,2021-07-30 19:30:27,1108758,TRUCK,4,4592,PC627AA14,A14,PTE V
8706,2021-08-09 08:26:04,447165,CAR,2,5009,PC70886EC,6EC,PTE V
8707,2021-07-31 08:09:55,9924825,CAR,2,4837,PCA10FFA0,FA0,PTC V
8708,2021-08-07 20:30:21,6384575,VAN,2,4689,PC89C35AD,5AD,PTC V
8709,2021-08-01 02:38:34,2554818,CAR,2,4511,PCFBEFA9E,A9E,PTP V
8710,2021-08-09 14:03:29,6031441,CAR,2,4129,PCA6127FF,7FF,PTE V
8711,2021-08-01 22:53:16,2826580,TRUCK,4,4234,PC5EBC1E1,1E1,PTE V
8712,2021-08-16 14:01:30,9155404,CAR,2,4653,PC1CE4935,935,PTC V
8713,2021-08-19 04:11:34,2149612,TRUCK,4,4897,PCAB2FA02,A02,PTP V
8714,2021-08-01 23:48:30,7490652,CAR,2,4560,PC5030572,572,PTC V
8715,2021-08-04 09:25:14,3245550,CAR,2,4304,PC89FB76E,76E,PTP V
8716,2021-08-17 15:37:07,7912981,CAR,2,4976,PC5149039,039,PTC V
8717,2021-08-16 00:38:44,3178983,TRUCK,4,4357,PC434FA62,A62,PTE V
8718,2021-08-15 22:44:38,1551388,CAR,2,4242,PCECC4DE2,DE2,PTP V
8719,2021-08-02 09:51:03,9480798,CAR,2,4631,PCFFF6463,463,PTC V
8720,2021-08-22 14:49:54,3226225,VAN,2,4476,PC439FA2D,A2D,PTC V
8721,2021-08-22 03:21:17,804411,CAR,2,4474,PCFEAE55E,55E,PTE V
8722,2021-08-18 08:18:57,401598,CAR,2,4126,PC74CE451,451,PTP V
8723,2021-08-13 21:06:04,1637233,CAR,2,4039,PC73BE1E2,1E2,PTE V
8724,2021-08-19 00:47:53,8624755,CAR,2,4784,PCDB42B34,B34,PTE V
8725,2021-08-21 10:56:54,2993665,CAR,2,4223,PCA37D114,114,PTC V
8726,2021-08-22 00:53:14,4645559,TRUCK,4,4918,PC8F8E598,598,PTC V
8727,2021-08-06 10:15:13,4655658,TRUCK,4,4137,PC4FA703F,03F,PTC V
8728,2021-08-09 10:29:17,835986,CAR,2,4637,PCE9C770E,70E,PTP V
8729,2021-08-07 07:08:03,1536175,TRUCK,4,4008,PC5680D80,D80,PTC V
8730,2021-08-17 18:36:13,9962483,VAN,2,4987,PCF4A9637,637,PTP V
8731,2021-08-07 14:37:20,3568115,VAN,2,4681,PCBEB4D23,D23,PTE V
8732,2021-08-14 07:01:31,4304471,CAR,2,4294,PC867796D,96D,PTP V
8733,2021-07-29 14:42:58,9001622,TRUCK,4,4990,PCFE28E92,E92,PTE V
8734,2021-08-21 05:19:52,7534817,CAR,2,4386,PC948D5B2,5B2,PTC V
8735,2021-07-29 12:27:49,4490564,CAR,2,4704,PC47FBB07,B07,PTC V
8736,2021-07-29 20:44:03,8887618,VAN,2,4565,PC388BB83,B83,PTP V
8737,2021-08-22 10:37:51,1097839,CAR,2,4457,PCFBF2259,259,PTE V
8738,2021-07-31 21:42:16,6349665,CAR,2,4943,PC0A5DC1F,C1F,PTC V
8739,2021-08-09 02:50:04,9965775,TRUCK,4,4827,PC7D68CD9,CD9,PTC V
8740,2021-08-16 05:49:59,7609885,CAR,2,4685,PC5D33C18,C18,PTC V
8741,2021-08-04 12:58:19,782070,TRUCK,4,4688,PCCB4C86D,86D,PTP V
8742,2021-07-29 15:13:13,4048467,CAR,2,4836,PCE78024A,24A,PTE V
8743,2021-08-04 15:50:23,6847908,CAR,2,4688,PCCB4C86D,86D,PTE V
8744,2021-08-12 12:27:26,6299916,CAR,2,4129,PCA6127FF,7FF,PTP V
8745,2021-08-01 09:13:01,8950782,TRUCK,4,4321,PC591BDF7,DF7,PTP V
8746,2021-08-17 05:00:21,4857168,CAR,2,4026,PC2CE9851,851,PTC V
8747,2021-07-30 16:02:21,6653387,TRUCK,4,4472,PC303DD56,D56,PTP V
8748,2021-08-09 09:31:50,960165,CAR,2,4999,PCE976BA1,BA1,PTC V
8749,2021-08-05 02:40:54,6060231,CAR,2,4067,PC1CCD955,955,PTE V
8750,2021-08-05 09:20:58,8204287,CAR,2,4268,PC6CC51DA,1DA,PTE V
8751,2021-08-11 14:11:34,2584715,TRUCK,4,4898,PC0AE9E1B,E1B,PTE V
8752,2021-08-21 19:04:51,5485409,TRUCK,4,4419,PC99BB7A3,7A3,PTP V
8753,2021-08-06 00:32:53,4366609,TRUCK,4,4576,PC394C979,979,PTC V
8754,2021-08-11 15:55:23,7160715,CAR,2,4415,PC5E202FC,2FC,PTP V
8755,2021-07-29 22:15:58,6457771,CAR,2,4400,PC3BD7D63,D63,PTP V
8756,2021-08-10 12:55:37,2990790,CAR,2,4022,PCF135377,377,PTE V
8757,2021-08-22 01:10:16,2891827,CAR,2,4470,PCB4FF8FA,8FA,PTP V
8758,2021-07-31 16:56:47,2102039,TRUCK,4,4044,PC3546931,931,PTC V
8759,2021-08-18 02:49:23,2880908,CAR,2,4314,PC7E9E8F3,8F3,PTE V
8760,2021-08-02 15:00:15,8956647,CAR,2,4524,PCF8BB245,245,PTE V
8761,2021-08-15 14:20:40,698098,CAR,2,4544,PC1893678,678,PTE V
8762,2021-08-13 23:46:12,6991614,CAR,2,4343,PC0F6325D,25D,PTE V
8763,2021-07-30 10:14:02,9989311,CAR,2,4154,PC2C2EF9E,F9E,PTC V
8764,2021-08-20 22:39:58,5722696,CAR,2,4781,PC0D83A1E,A1E,PTE V
8765,2021-08-16 15:06:50,3104338,CAR,2,4703,PC395ADCB,DCB,PTE V
8766,2021-08-16 16:09:20,6815680,TRUCK,4,4131,PC4C9B108,108,PTC V
8767,2021-08-20 03:39:06,5990468,VAN,2,4945,PC95BD14B,14B,PTC V
8768,2021-08-20 17:22:21,4460015,CAR,2,4229,PCD0DDD3D,D3D,PTC V
8769,2021-08-04 06:13:59,1674939,VAN,2,4422,PCF514246,246,PTC V
8770,2021-08-19 11:18:43,2717588,TRUCK,4,4541,PCC6A4CD8,CD8,PTC V
8771,2021-08-06 15:54:55,8904811,CAR,2,4961,PC92C5115,115,PTP V
8772,2021-08-16 00:29:55,6053471,CAR,2,4549,PC2F1A066,066,PTC V
8773,2021-08-10 14:33:15,9588212,CAR,2,4666,PCE8CBA37,A37,PTE V
8774,2021-08-06 18:59:22,6213453,TRUCK,4,4102,PC8C9B099,099,PTP V
8775,2021-08-15 11:18:32,2109446,TRUCK,4,4250,PCC695DB0,DB0,PTP V
8776,2021-08-02 02:49:33,2657742,CAR,2,4278,PC4847214,214,PTE V
8777,2021-08-15 22:41:29,2661879,CAR,2,4457,PCFBF2259,259,PTE V
8778,2021-08-05 14:25:09,6766008,VAN,2,4847,PCD546332,332,PTC V
8779,2021-08-08 22:29:13,7399346,CAR,2,4086,PC23E470D,70D,PTP V
8780,2021-08-06 16:39:21,6028388,TRUCK,4,4026,PC2CE9851,851,PTC V
8781,2021-08-09 22:56:18,8465035,CAR,2,4766,PCE36658B,58B,PTC V
8782,2021-07-30 21:57:53,5684887,CAR,2,4600,PCB99E8F9,8F9,PTP V
8783,2021-08-02 01:00:50,5502304,TRUCK,4,4780,PC0A717C4,7C4,PTE V
8784,2021-08-14 09:05:45,823064,CAR,2,4767,PC61F3A80,A80,PTP V
8785,2021-08-10 16:07:22,6172774,TRUCK,4,4396,PCA00BC1C,C1C,PTP V
8786,2021-08-13 06:36:53,722796,CAR,2,4410,PC6EFC03B,03B,PTP V
8787,2021-08-21 05:17:38,9578106,CAR,2,4226,PCDC5C9E2,9E2,PTC V
8788,2021-08-10 20:01:04,3551078,TRUCK,4,4986,PC9787B8A,B8A,PTE V
8789,2021-08-11 21:24:52,560353,TRUCK,4,4875,PC40FC710,710,PTE V
8790,2021-08-16 21:32:10,3864651,CAR,2,4537,PC10C700F,00F,PTP V
8791,2021-08-20 06:24:35,2377193,CAR,2,4050,PC822E359,359,PTE V
8792,2021-08-17 15:11:20,6489840,CAR,2,4961,PC92C5115,115,PTC V
8793,2021-08-02 09:44:17,415453,CAR,2,4001,PC58105BF,5BF,PTE V
8794,2021-08-16 02:07:29,235190,TRUCK,4,4339,PCDE1D204,204,PTP V
8795,2021-08-02 02:14:43,8065696,TRUCK,4,4710,PCE17C964,964,PTP V
8796,2021-08-17 15:52:09,2304588,CAR,2,4527,PC59A0CB2,CB2,PTC V
8797,2021-07-29 16:54:50,8223239,TRUCK,4,4039,PC73BE1E2,1E2,PTE V
8798,2021-08-03 12:32:49,8157266,CAR,2,4561,PCCE9B069,069,PTP V
8799,2021-08-02 04:09:59,5424134,CAR,2,4692,PC1CDFCF6,CF6,PTE V
8800,2021-08-11 00:13:34,3260835,CAR,2,4076,PC47B8825,825,PTP V
8801,2021-08-13 06:06:42,4380778,CAR,2,4275,PC1DA31F7,1F7,PTP V
8802,2021-08-08 05:27:17,4449572,CAR,2,4132,PC8E2A7E0,7E0,PTC V
8803,2021-08-17 19:16:30,8170021,CAR,2,4839,PCA0290AD,0AD,PTP V
8804,2021-08-02 07:30:22,5923005,CAR,2,4879,PCC90A061,061,PTE V
8805,2021-08-06 04:14:11,9564664,CAR,2,4719,PCBD66B01,B01,PTE V
8806,2021-08-01 04:49:08,5306558,TRUCK,4,4981,PC6B14C5D,C5D,PTC V
8807,2021-08-07 04:54:11,5927132,CAR,2,4979,PC6F36B7A,B7A,PTC V
8808,2021-08-17 18:05:21,2802127,TRUCK,4,4995,PCBE6ABE5,BE5,PTE V
8809,2021-08-15 12:08:06,4783933,VAN,2,4627,PCA965149,149,PTP V
8810,2021-08-22 06:22:58,9137489,CAR,2,4819,PC454F09B,09B,PTE V
8811,2021-08-05 23:59:16,1613297,CAR,2,4707,PC98F856D,56D,PTC V
8812,2021-08-12 04:02:05,2357596,CAR,2,4734,PCE4C5D8E,D8E,PTE V
8813,2021-08-02 13:47:41,6279924,CAR,2,4708,PC82D2552,552,PTP V
8814,2021-07-31 18:45:02,8741918,TRUCK,4,4205,PC85DD257,257,PTC V
8815,2021-08-14 00:00:24,2786605,VAN,2,4563,PCA214501,501,PTC V
8816,2021-08-18 15:28:19,7577072,TRUCK,4,4795,PC7EE2DCF,DCF,PTP V
8817,2021-07-29 21:40:06,4865284,CAR,2,4011,PC680DEC6,EC6,PTE V
8818,2021-08-16 05:07:46,9209523,CAR,2,4151,PC0AB2B55,B55,PTC V
8819,2021-08-09 08:06:29,8230025,CAR,2,4230,PC19CE0DB,0DB,PTE V
8820,2021-08-22 14:53:02,488471,CAR,2,4177,PC9194382,382,PTC V
8821,2021-08-07 14:03:57,2612620,VAN,2,4272,PC09BDC08,C08,PTP V
8822,2021-08-13 07:55:25,7013203,CAR,2,4643,PC6713209,209,PTE V
8823,2021-08-09 01:38:53,5321997,CAR,2,4777,PCB1132AC,2AC,PTP V
8824,2021-08-03 06:32:41,8119427,CAR,2,4488,PC19D06B0,6B0,PTE V
8825,2021-08-12 16:08:33,6699026,TRUCK,4,4783,PC9889263,263,PTP V
8826,2021-07-30 18:52:08,7831774,TRUCK,4,4406,PC7A54E18,E18,PTE V
8827,2021-08-21 23:47:45,7036293,CAR,2,4260,PC1A4796C,96C,PTE V
8828,2021-08-18 08:57:20,6118661,CAR,2,4149,PC99F9ABD,ABD,PTC V
8829,2021-08-10 18:37:38,2577930,CAR,2,4922,PC785D63F,63F,PTP V
8830,2021-08-06 03:01:13,4895274,CAR,2,4657,PCC591410,410,PTC V
8831,2021-08-04 06:26:47,2204759,TRUCK,4,4781,PC0D83A1E,A1E,PTE V
8832,2021-08-22 18:05:14,8823761,CAR,2,4677,PCA9D6EEE,EEE,PTC V
8833,2021-08-01 05:51:32,3438676,CAR,2,4156,PC6BCA05F,05F,PTC V
8834,2021-08-22 12:21:22,4645548,TRUCK,4,4607,PC0885606,606,PTC V
8835,2021-08-09 21:11:55,6109554,CAR,2,4504,PC461DCD3,CD3,PTC V
8836,2021-07-30 08:43:16,5592313,CAR,2,4635,PC3C8B99E,99E,PTC V
8837,2021-08-07 08:27:51,797517,TRUCK,4,4688,PCCB4C86D,86D,PTP V
8838,2021-08-03 08:49:58,6902269,CAR,2,4086,PC23E470D,70D,PTP V
8839,2021-08-01 05:15:33,8679359,CAR,2,4205,PC85DD257,257,PTC V
8840,2021-07-29 15:50:00,9536087,CAR,2,4696,PC35509AB,9AB,PTE V
8841,2021-08-14 00:47:37,7140344,CAR,2,4884,PC3FB1BB6,BB6,PTP V
8842,2021-07-30 00:57:41,4773565,CAR,2,4034,PCFC754C7,4C7,PTP V
8843,2021-08-05 03:35:26,1615088,CAR,2,4131,PC4C9B108,108,PTP V
8844,2021-08-08 22:36:38,3248393,CAR,2,4125,PC8AAEF51,F51,PTP V
8845,2021-08-18 12:38:16,7100506,CAR,2,4924,PCE3427C5,7C5,PTP V
8846,2021-08-05 06:12:48,3093076,VAN,2,4628,PC34C1DCB,DCB,PTE V
8847,2021-08-03 16:47:55,9361137,TRUCK,4,4299,PCAD3B9BC,9BC,PTC V
8848,2021-08-02 04:56:08,9873316,CAR,2,4168,PCBC064F8,4F8,PTP V
8849,2021-08-12 13:56:54,1523642,CAR,2,4639,PC879E7AB,7AB,PTE V
8850,2021-08-13 10:46:28,3724430,TRUCK,4,4276,PC4E15B39,B39,PTP V
8851,2021-07-30 11:13:20,1595172,VAN,2,4411,PC3AA93E6,3E6,PTE V
8852,2021-08-15 11:19:54,4906038,CAR,2,4425,PC41B834E,34E,PTC V
8853,2021-08-10 08:59:27,9530390,CAR,2,4594,PC59414DA,4DA,PTE V
8854,2021-08-10 16:21:16,413217,TRUCK,4,4422,PCF514246,246,PTC V
8855,2021-08-19 15:51:00,9320395,CAR,2,4424,PC51E7EF8,EF8,PTE V
8856,2021-07-31 10:22:57,6423981,CAR,2,4678,PCD175301,301,PTE V
8857,2021-08-21 10:15:55,4724252,CAR,2,4251,PCB30E45F,45F,PTP V
8858,2021-08-17 17:36:06,7725321,CAR,2,4129,PCA6127FF,7FF,PTP V
8859,2021-08-20 14:12:06,3910083,CAR,2,4844,PCC48E3A8,3A8,PTC V
8860,2021-08-20 07:38:54,4578030,CAR,2,4115,PCF5D4B0A,B0A,PTC V
8861,2021-08-13 04:43:22,5528034,VAN,2,4334,PCCB383F8,3F8,PTP V
8862,2021-08-10 12:16:02,2488403,CAR,2,4245,PC6594AD4,AD4,PTE V
8863,2021-08-11 01:59:05,6905731,VAN,2,4488,PC19D06B0,6B0,PTP V
8864,2021-08-13 15:23:14,1429727,CAR,2,4632,PCC1FFE5B,E5B,PTP V
8865,2021-08-09 02:02:30,5449713,CAR,2,4833,PC71A1452,452,PTC V
8866,2021-07-30 06:02:24,2231846,TRUCK,4,4783,PC9889263,263,PTC V
8867,2021-08-15 05:43:56,8397013,CAR,2,4036,PCE6CC50C,50C,PTE V
8868,2021-08-03 05:55:40,6419884,CAR,2,4139,PC924C594,594,PTP V
8869,2021-08-11 02:47:56,2668801,CAR,2,4175,PC08EA270,270,PTC V
8870,2021-08-01 00:11:24,6453726,CAR,2,4996,PC6A4F55F,55F,PTE V
8871,2021-08-04 10:34:58,3906554,CAR,2,4434,PCA491459,459,PTC V
8872,2021-08-21 12:52:10,7577249,CAR,2,4607,PC0885606,606,PTP V
8873,2021-07-31 21:10:34,2582272,CAR,2,4208,PC1E49F6B,F6B,PTP V
8874,2021-08-01 18:38:32,3947903,CAR,2,4695,PC4A5D62F,62F,PTP V
8875,2021-08-10 09:54:20,863123,TRUCK,4,4357,PC434FA62,A62,PTC V
8876,2021-08-04 01:53:13,60271,CAR,2,4483,PC7F7FFF0,FF0,PTC V
8877,2021-08-16 22:44:13,1291788,TRUCK,4,4756,PC8AEC6E8,6E8,PTE V
8878,2021-08-12 04:33:53,7756178,CAR,2,4313,PC6D0FC31,C31,PTP V
8879,2021-08-19 06:31:25,3000212,VAN,2,4862,PC3BDDA71,A71,PTP V
8880,2021-08-07 13:41:59,125351,CAR,2,4497,PC76FDDEA,DEA,PTC V
8881,2021-08-05 16:42:07,4856689,TRUCK,4,4175,PC08EA270,270,PTC V
8882,2021-08-02 09:15:16,9462266,TRUCK,4,4997,PC8111910,910,PTE V
8883,2021-07-30 12:19:59,9560595,CAR,2,4674,PC795E7B9,7B9,PTE V
8884,2021-08-03 21:22:32,2987435,CAR,2,4287,PC421D5F3,5F3,PTE V
8885,2021-08-12 10:50:05,6340891,CAR,2,4109,PC7057B6A,B6A,PTP V
8886,2021-08-08 01:07:59,1286742,TRUCK,4,4853,PC214FB8E,B8E,PTE V
8887,2021-08-15 10:17:37,9539930,CAR,2,4440,PCBE1B45D,45D,PTE V
8888,2021-08-11 04:32:48,4873235,TRUCK,4,4153,PC88C655C,55C,PTP V
8889,2021-08-19 09:41:26,8409197,CAR,2,4722,PC035B71E,71E,PTE V
8890,2021-08-12 21:21:59,5320988,TRUCK,4,4434,PCA491459,459,PTE V
8891,2021-08-07 17:34:11,908405,CAR,2,4488,PC19D06B0,6B0,PTP V
8892,2021-07-30 08:17:33,4169052,CAR,2,4853,PC214FB8E,B8E,PTC V
8893,2021-08-06 11:17:06,3459114,VAN,2,4302,PCBA83119,119,PTE V
8894,2021-08-03 04:21:59,1337726,CAR,2,4737,PCED7EAFE,AFE,PTE V
8895,2021-07-30 06:22:13,7615695,CAR,2,4850,PC4061987,987,PTE V
8896,2021-08-09 23:55:24,8237812,CAR,2,4607,PC0885606,606,PTC V
8897,2021-08-07 19:29:55,9668474,VAN,2,4649,PCC3608EC,8EC,PTP V
8898,2021-08-02 07:12:35,5062028,CAR,2,4921,PCA70760B,60B,PTE V
8899,2021-08-01 13:06:40,3347618,TRUCK,4,4407,PC7FEC2CE,2CE,PTP V
8900,2021-08-05 17:26:18,7008963,CAR,2,4673,PC66E7418,418,PTP V
8901,2021-08-16 04:47:45,4528780,CAR,2,4750,PCD987A9D,A9D,PTC V
8902,2021-08-11 22:07:29,9683525,VAN,2,4118,PCC1A733C,33C,PTP V
8903,2021-08-08 21:29:09,8586002,VAN,2,4482,PCB6A16D7,6D7,PTP V
8904,2021-07-29 12:37:43,3011625,CAR,2,4425,PC41B834E,34E,PTE V
8905,2021-08-10 17:28:12,599917,CAR,2,4495,PC210A754,754,PTP V
8906,2021-08-12 07:09:03,1164184,CAR,2,4942,PCD51A740,740,PTP V
8907,2021-07-30 06:24:33,5057604,CAR,2,4285,PCB524A9F,A9F,PTP V
8908,2021-08-16 11:26:05,2167812,CAR,2,5003,PCAC9371E,71E,PTP V
8909,2021-08-16 01:21:17,2725774,VAN,2,4773,PCE62BBA9,BA9,PTP V
8910,2021-08-01 08:29:23,8412229,CAR,2,4612,PC871C1FC,1FC,PTP V
8911,2021-08-20 18:26:44,1001727,CAR,2,4141,PC13CB69B,69B,PTE V
8912,2021-08-18 04:16:00,4529136,CAR,2,4880,PC5A27CDE,CDE,PTP V
8913,2021-08-17 22:51:28,9544757,CAR,2,4661,PC1585DF2,DF2,PTC V
8914,2021-08-09 05:13:41,8933341,CAR,2,4391,PCCFD9AB6,AB6,PTE V
8915,2021-08-05 12:35:37,5116067,TRUCK,4,4813,PCACF7982,982,PTE V
8916,2021-08-04 05:40:18,9558728,CAR,2,4725,PCB905D54,D54,PTC V
8917,2021-08-02 09:39:37,1328045,TRUCK,4,4854,PCB6F1968,968,PTE V
8918,2021-08-02 22:42:05,5065267,CAR,2,4590,PC912F5CB,5CB,PTE V
8919,2021-08-02 13:44:38,7713955,CAR,2,4661,PC1585DF2,DF2,PTC V
8920,2021-08-11 17:14:24,1697477,CAR,2,4488,PC19D06B0,6B0,PTE V
8921,2021-08-15 12:41:34,4615223,CAR,2,4127,PCA2D76A5,6A5,PTP V
8922,2021-08-18 11:12:53,4240599,CAR,2,4947,PCE4A44BE,4BE,PTC V
8923,2021-08-07 01:50:21,4847593,CAR,2,4412,PC821BC98,C98,PTP V
8924,2021-08-14 18:23:28,9849271,CAR,2,4863,PCA8F9E50,E50,PTC V
8925,2021-08-22 04:42:45,8815758,CAR,2,4757,PC126524C,24C,PTC V
8926,2021-08-11 01:43:28,1514401,CAR,2,4737,PCED7EAFE,AFE,PTC V
8927,2021-08-16 23:57:42,8747304,TRUCK,4,4025,PC5ABB8E4,8E4,PTE V
8928,2021-08-14 09:54:49,6782114,VAN,2,4698,PC8BCEB19,B19,PTC V
8929,2021-08-15 20:00:09,1408902,VAN,2,4122,PC8ED616E,16E,PTE V
8930,2021-08-01 18:52:35,3485637,CAR,2,4320,PC40C93B0,3B0,PTP V
8931,2021-08-21 02:39:37,925055,CAR,2,4167,PC8453073,073,PTP V
8932,2021-08-22 08:03:27,5577792,CAR,2,4619,PC2EFBBE0,BE0,PTC V
8933,2021-08-19 06:27:08,1206278,TRUCK,4,4206,PCAC34A40,A40,PTP V
8934,2021-08-18 19:02:15,6850011,TRUCK,4,4386,PC948D5B2,5B2,PTP V
8935,2021-07-31 06:31:52,8615614,VAN,2,4447,PC6B030C6,0C6,PTC V
8936,2021-08-17 04:23:47,5379073,TRUCK,4,4001,PC58105BF,5BF,PTP V
8937,2021-08-08 20:48:03,2607070,VAN,2,4118,PCC1A733C,33C,PTE V
8938,2021-08-18 10:10:17,1175767,TRUCK,4,4349,PC5AB6779,779,PTP V
8939,2021-08-14 06:44:14,2547228,CAR,2,4174,PC041D874,874,PTC V
8940,2021-08-17 18:35:00,932487,CAR,2,4199,PC7CCC47B,47B,PTE V
8941,2021-08-03 01:09:25,1155817,TRUCK,4,4235,PCFB11406,406,PTE V
8942,2021-08-07 13:11:25,2794083,TRUCK,4,4811,PCBF83C7A,C7A,PTE V
8943,2021-08-05 21:31:27,3697527,CAR,2,4742,PC05B8749,749,PTP V
8944,2021-08-02 06:22:10,7239353,CAR,2,4936,PC7157CF3,CF3,PTE V
8945,2021-08-12 02:14:24,8250011,TRUCK,4,4124,PC3338D42,D42,PTE V
8946,2021-08-08 14:22:17,3916305,CAR,2,5003,PCAC9371E,71E,PTE V
8947,2021-08-11 01:19:30,564172,VAN,2,4622,PCF31BD97,D97,PTP V
8948,2021-08-08 22:46:53,2689477,CAR,2,4442,PC05C2F86,F86,PTC V
8949,2021-08-22 07:12:02,9792003,CAR,2,4378,PC074E6A8,6A8,PTP V
8950,2021-08-03 06:52:39,258071,CAR,2,4497,PC76FDDEA,DEA,PTC V
8951,2021-08-10 11:55:19,2790457,TRUCK,4,4409,PC44E2F09,F09,PTC V
8952,2021-08-20 21:24:17,2729023,CAR,2,4363,PC62E1338,338,PTC V
8953,2021-08-07 17:19:11,5898003,CAR,2,4571,PC2308E9E,E9E,PTC V
8954,2021-08-03 03:03:22,2178014,TRUCK,4,4360,PC084F676,676,PTP V
8955,2021-08-22 04:01:12,5062113,VAN,2,4587,PC576A3BA,3BA,PTC V
8956,2021-07-31 15:36:04,2580172,TRUCK,4,4827,PC7D68CD9,CD9,PTC V
8957,2021-08-21 07:21:54,3949285,CAR,2,4326,PC356AE8F,E8F,PTC V
8958,2021-08-14 19:56:08,9236087,TRUCK,4,4834,PCB228987,987,PTP V
8959,2021-08-18 08:34:14,7587380,CAR,2,5004,PC2111CF9,CF9,PTC V
8960,2021-08-14 02:28:50,4308676,CAR,2,4206,PCAC34A40,A40,PTE V
8961,2021-08-05 03:43:09,5532156,TRUCK,4,4216,PC53B475D,75D,PTE V
8962,2021-08-05 07:33:21,7330341,CAR,2,4641,PCAA9F518,518,PTE V
8963,2021-08-11 09:49:16,3121168,TRUCK,4,4062,PCDA37101,101,PTE V
8964,2021-08-19 05:24:40,9647786,CAR,2,4176,PC11E9595,595,PTP V
8965,2021-08-07 23:16:05,680794,CAR,2,4887,PC81776BA,6BA,PTE V
8966,2021-08-15 21:35:00,4366300,TRUCK,4,4985,PCCA71D2C,D2C,PTC V
8967,2021-08-03 21:40:07,949034,CAR,2,4859,PC685B3B1,3B1,PTC V
8968,2021-08-10 20:18:17,6586253,CAR,2,4976,PC5149039,039,PTC V
8969,2021-08-22 04:12:56,1602839,CAR,2,4626,PC93E7766,766,PTC V
8970,2021-08-01 13:12:50,6103034,CAR,2,4165,PC0D2B95C,95C,PTP V
8971,2021-08-15 21:21:22,9946567,CAR,2,4060,PC481C9F9,9F9,PTE V
8972,2021-08-22 07:34:00,324386,TRUCK,4,4426,PCC0E943C,43C,PTC V
8973,2021-08-04 19:38:25,3050632,CAR,2,4042,PC5D4DE09,E09,PTC V
8974,2021-08-07 20:12:39,5812437,CAR,2,4060,PC481C9F9,9F9,PTC V
8975,2021-08-01 18:23:49,5139631,CAR,2,4289,PCF621E92,E92,PTC V
8976,2021-08-22 17:36:02,7120039,TRUCK,4,4483,PC7F7FFF0,FF0,PTP V
8977,2021-08-04 00:33:56,359800,TRUCK,4,4132,PC8E2A7E0,7E0,PTP V
8978,2021-08-15 00:29:25,2435887,TRUCK,4,4693,PCB4CDDA5,DA5,PTE V
8979,2021-08-01 12:48:23,8106302,CAR,2,4227,PCD8346A6,6A6,PTP V
8980,2021-08-17 17:16:42,5922566,CAR,2,4725,PCB905D54,D54,PTC V
8981,2021-08-19 16:35:11,2194584,TRUCK,4,4017,PCC090C3A,C3A,PTC V
8982,2021-08-02 13:36:59,6116447,CAR,2,5007,PC869BDE8,DE8,PTE V
8983,2021-08-04 15:31:05,6816805,CAR,2,4387,PCE2B9376,376,PTE V
8984,2021-08-04 15:00:53,8129333,CAR,2,4183,PCF5E7754,754,PTP V
8985,2021-08-18 22:59:27,7337024,CAR,2,4128,PCC0E7E2A,E2A,PTE V
8986,2021-08-06 16:28:25,2532142,TRUCK,4,4764,PCF6B0D12,D12,PTE V
8987,2021-08-22 09:56:31,3069061,CAR,2,4419,PC99BB7A3,7A3,PTC V
8988,2021-08-09 20:33:10,5362342,CAR,2,4779,PCC8FE9C6,9C6,PTP V
8989,2021-08-02 10:18:12,2361545,TRUCK,4,4795,PC7EE2DCF,DCF,PTE V
8990,2021-08-18 11:39:42,9331722,VAN,2,4939,PCF263A5E,A5E,PTP V
8991,2021-07-31 19:35:10,9362339,CAR,2,4318,PCAD89FE3,FE3,PTP V
8992,2021-08-06 04:35:50,1649267,TRUCK,4,4410,PC6EFC03B,03B,PTC V
8993,2021-08-13 12:23:04,5311509,CAR,2,4190,PCDFC1E11,E11,PTC V
8994,2021-08-16 07:11:11,6521616,CAR,2,4372,PC1E0F3B6,3B6,PTC V
8995,2021-08-14 09:27:53,2830399,TRUCK,4,4465,PCA227C6B,C6B,PTE V
8996,2021-08-13 15:53:00,4869162,CAR,2,4993,PC0F0AB4E,B4E,PTC V
8997,2021-08-12 14:12:00,1001647,TRUCK,4,4242,PCECC4DE2,DE2,PTC V
8998,2021-08-22 02:05:47,9454756,CAR,2,4425,PC41B834E,34E,PTE V
8999,2021-08-19 18:35:21,9697668,TRUCK,4,4868,PC647292C,92C,PTP V
9000,2021-08-16 16:20:19,1228229,CAR,2,4641,PCAA9F518,518,PTE V
9001,2021-08-14 08:14:54,7746438,CAR,2,4630,PCA26D872,872,PTP V
9002,2021-08-10 14:20:10,9547035,TRUCK,4,4855,PC03C5C15,C15,PTP V
9003,2021-08-05 01:20:24,8812006,VAN,2,4656,PC63844BC,4BC,PTE V
9004,2021-08-13 10:03:49,172170,CAR,2,4267,PCE51C5C7,5C7,PTE V
9005,2021-08-21 03:17:43,1741263,CAR,2,4869,PCF775FA6,FA6,PTC V
9006,2021-08-02 19:14:53,7278752,CAR,2,4553,PC1D57D7F,D7F,PTC V
9007,2021-08-10 02:46:34,6943706,CAR,2,4448,PC19F3DBB,DBB,PTE V
9008,2021-08-19 13:00:44,9187661,VAN,2,4282,PCCE002E5,2E5,PTE V
9009,2021-08-05 22:21:17,5203172,CAR,2,4752,PC99A4177,177,PTC V
9010,2021-08-01 11:48:54,6730434,CAR,2,4713,PCD4A1214,214,PTP V
9011,2021-08-19 20:09:32,7152499,TRUCK,4,4573,PC4D8469D,69D,PTC V
9012,2021-08-12 12:03:41,3318014,CAR,2,4909,PCDED6F20,F20,PTC V
9013,2021-08-07 10:06:19,1009837,CAR,2,4821,PC67D349A,49A,PTC V
9014,2021-08-21 07:12:27,2995268,CAR,2,4108,PC7C55512,512,PTP V
9015,2021-08-04 12:12:09,8886584,TRUCK,4,4669,PC36675CE,5CE,PTC V
9016,2021-08-09 19:46:14,4250505,CAR,2,4736,PC6A65941,941,PTP V
9017,2021-08-04 14:23:37,4622788,CAR,2,4417,PC208F9BB,9BB,PTC V
9018,2021-08-05 22:32:23,9547103,CAR,2,4312,PC8D40B22,B22,PTC V
9019,2021-08-04 01:08:49,4964657,CAR,2,4666,PCE8CBA37,A37,PTP V
9020,2021-08-08 14:40:11,3313968,TRUCK,4,5009,PC70886EC,6EC,PTP V
9021,2021-08-09 14:10:02,1877380,CAR,2,4604,PC0553E32,E32,PTE V
9022,2021-08-01 09:02:18,8941659,VAN,2,4798,PC17F8052,052,PTC V
9023,2021-08-05 14:13:08,1192347,TRUCK,4,4139,PC924C594,594,PTP V
9024,2021-08-02 12:27:39,2867913,CAR,2,4605,PCEB27C63,C63,PTP V
9025,2021-08-02 06:27:48,107470,CAR,2,4071,PCDBBCB68,B68,PTE V
9026,2021-08-06 17:43:27,97385,CAR,2,4925,PCE5E04A2,4A2,PTC V
9027,2021-08-16 21:45:37,127032,CAR,2,4610,PCA4D3E9B,E9B,PTP V
9028,2021-08-05 23:02:12,5637348,CAR,2,4157,PC7305E43,E43,PTE V
9029,2021-08-09 04:33:25,157827,CAR,2,4537,PC10C700F,00F,PTP V
9030,2021-08-12 06:16:27,3200527,TRUCK,4,4911,PCBEF8EE1,EE1,PTC V
9031,2021-07-30 23:41:32,2625803,CAR,2,4092,PC40C2E00,E00,PTP V
9032,2021-08-02 02:10:19,8134972,CAR,2,4957,PC8DFFE65,E65,PTC V
9033,2021-08-19 07:49:33,3288819,TRUCK,4,4803,PC2BBEEDC,EDC,PTC V
9034,2021-08-16 20:23:39,3666863,CAR,2,4122,PC8ED616E,16E,PTC V
9035,2021-08-17 20:48:05,4121795,CAR,2,4272,PC09BDC08,C08,PTC V
9036,2021-08-17 02:49:37,4570551,CAR,2,4395,PC6F25DF0,DF0,PTE V
9037,2021-08-18 08:27:04,8023175,VAN,2,4041,PCB566359,359,PTC V
9038,2021-08-02 19:54:57,237587,CAR,2,4753,PC6AA246E,46E,PTE V
9039,2021-08-09 19:39:42,2599331,TRUCK,4,4497,PC76FDDEA,DEA,PTC V
9040,2021-08-15 20:52:46,8180913,CAR,2,4121,PCEC57A8E,A8E,PTE V
9041,2021-08-02 00:40:22,1607392,TRUCK,4,4722,PC035B71E,71E,PTP V
9042,2021-08-06 10:03:45,6421659,TRUCK,4,4602,PC0D3474E,74E,PTC V
9043,2021-08-07 14:35:11,1263376,CAR,2,4913,PC685427C,27C,PTC V
9044,2021-08-21 15:54:45,9992955,CAR,2,4316,PC6D531E1,1E1,PTC V
9045,2021-08-20 21:41:14,8633945,CAR,2,4204,PC5881E06,E06,PTE V
9046,2021-07-31 04:25:46,7964288,CAR,2,4453,PC5EC8DF5,DF5,PTP V
9047,2021-08-17 17:37:18,7545050,TRUCK,4,4686,PCD6E5E77,E77,PTE V
9048,2021-07-31 15:27:56,55540,CAR,2,4981,PC6B14C5D,C5D,PTC V
9049,2021-08-15 05:54:53,48146,CAR,2,4230,PC19CE0DB,0DB,PTP V
9050,2021-08-09 03:42:29,7508367,CAR,2,4594,PC59414DA,4DA,PTP V
9051,2021-08-11 00:21:56,6529680,CAR,2,4856,PC7C042B7,2B7,PTE V
9052,2021-08-01 11:31:37,3284589,CAR,2,4434,PCA491459,459,PTP V
9053,2021-08-20 19:50:27,1541415,CAR,2,4441,PC472C08E,08E,PTC V
9054,2021-08-22 10:17:33,8439347,CAR,2,4623,PCAA67227,227,PTP V
9055,2021-08-05 16:09:14,6739053,TRUCK,4,4208,PC1E49F6B,F6B,PTC V
9056,2021-07-30 11:45:56,8846875,CAR,2,4172,PC1A43FB7,FB7,PTC V
9057,2021-08-08 17:13:29,8799156,CAR,2,4696,PC35509AB,9AB,PTE V
9058,2021-08-10 00:42:51,6953999,CAR,2,4517,PC9AF321D,21D,PTC V
9059,2021-08-19 08:29:01,8903100,CAR,2,4143,PC5F47DCF,DCF,PTE V
9060,2021-08-12 01:39:05,9954289,TRUCK,4,4308,PC94E7A96,A96,PTE V
9061,2021-08-14 20:32:48,8733129,VAN,2,4231,PC016D687,687,PTE V
9062,2021-08-17 20:41:57,6894919,CAR,2,4255,PCB7E7138,138,PTE V
9063,2021-08-14 04:57:53,4146800,CAR,2,4115,PCF5D4B0A,B0A,PTP V
9064,2021-08-10 05:09:40,4045049,TRUCK,4,4172,PC1A43FB7,FB7,PTE V
9065,2021-08-17 19:01:11,2389357,CAR,2,4870,PC65485BB,5BB,PTP V
9066,2021-08-19 05:12:42,6836618,CAR,2,4878,PC08F56A1,6A1,PTP V
9067,2021-08-12 07:56:44,7547863,TRUCK,4,4187,PCF8D98DC,8DC,PTP V
9068,2021-08-02 16:29:39,4867045,CAR,2,4539,PC684859B,59B,PTP V
9069,2021-08-03 08:53:43,4379657,TRUCK,4,4586,PC4A40D50,D50,PTE V
9070,2021-08-17 02:41:57,1635259,TRUCK,4,4455,PC15C75C0,5C0,PTP V
9071,2021-08-02 11:45:37,7920768,VAN,2,4992,PCFF0FEB0,EB0,PTP V
9072,2021-08-19 08:49:39,2946473,CAR,2,4920,PC42A3AB0,AB0,PTC V
9073,2021-08-20 22:42:45,2038375,TRUCK,4,4316,PC6D531E1,1E1,PTE V
9074,2021-08-04 00:27:43,509844,TRUCK,4,4498,PCA770E5A,E5A,PTE V
9075,2021-08-06 03:28:13,6431234,CAR,2,4951,PCE9CE23F,23F,PTE V
9076,2021-08-02 04:31:51,2843945,CAR,2,4035,PC1B1D964,964,PTE V
9077,2021-08-10 20:09:55,5422658,CAR,2,4777,PCB1132AC,2AC,PTP V
9078,2021-08-17 06:43:18,8534341,VAN,2,4833,PC71A1452,452,PTC V
9079,2021-08-14 21:18:00,2532637,VAN,2,4709,PCC8C7059,059,PTC V
9080,2021-08-08 17:55:13,5083511,TRUCK,4,4266,PC39B17A9,7A9,PTC V
9081,2021-08-20 02:11:51,9174196,VAN,2,4080,PCBE7E15B,15B,PTC V
9082,2021-08-13 07:37:14,528538,VAN,2,4121,PCEC57A8E,A8E,PTC V
9083,2021-08-06 04:58:31,2205730,TRUCK,4,4177,PC9194382,382,PTP V
9084,2021-08-21 12:26:48,2534532,CAR,2,4454,PC94C0945,945,PTC V
9085,2021-08-03 10:07:48,8642724,CAR,2,4539,PC684859B,59B,PTP V
9086,2021-08-19 21:41:59,6937226,CAR,2,4953,PC1E2B07E,07E,PTP V
9087,2021-07-30 21:30:30,4365518,CAR,2,4634,PCC72D8B8,8B8,PTE V
9088,2021-08-03 14:02:47,5222960,TRUCK,4,4396,PCA00BC1C,C1C,PTP V
9089,2021-08-06 00:38:05,5894781,CAR,2,4945,PC95BD14B,14B,PTC V
9090,2021-08-01 12:21:16,835059,CAR,2,4286,PC12BE494,494,PTE V
9091,2021-08-07 17:00:51,7929218,CAR,2,4087,PC2C1DA2A,A2A,PTP V
9092,2021-08-12 01:31:25,559578,CAR,2,4901,PCE32D2F9,2F9,PTE V
9093,2021-08-15 17:37:54,54952,CAR,2,4074,PCCAFD014,014,PTP V
9094,2021-08-16 23:57:21,9711016,CAR,2,4773,PCE62BBA9,BA9,PTC V
9095,2021-08-12 13:40:40,1766099,CAR,2,4744,PC78EF0B5,0B5,PTE V
9096,2021-07-30 02:02:31,2884331,CAR,2,4097,PCB1B5BEC,BEC,PTP V
9097,2021-08-01 19:18:41,8904635,CAR,2,4192,PC74F6341,341,PTP V
9098,2021-08-03 10:35:03,6432412,CAR,2,4707,PC98F856D,56D,PTP V
9099,2021-08-18 10:09:06,3958667,CAR,2,4880,PC5A27CDE,CDE,PTC V
9100,2021-08-21 20:26:28,3282844,TRUCK,4,4935,PC327D635,635,PTC V
9101,2021-08-07 14:04:17,6164063,VAN,2,4149,PC99F9ABD,ABD,PTC V
9102,2021-08-12 17:04:04,2772651,TRUCK,4,4549,PC2F1A066,066,PTE V
9103,2021-08-06 10:34:06,8142532,CAR,2,4350,PCEDD7E85,E85,PTP V
9104,2021-08-07 05:19:39,762036,CAR,2,4454,PC94C0945,945,PTC V
9105,2021-08-17 03:25:55,5889282,CAR,2,4600,PCB99E8F9,8F9,PTP V
9106,2021-08-11 06:07:55,1931215,TRUCK,4,4191,PCCC28F87,F87,PTP V
9107,2021-08-22 16:07:39,8099289,TRUCK,4,4139,PC924C594,594,PTE V
9108,2021-08-08 09:43:00,702359,CAR,2,4382,PCB7341F4,1F4,PTE V
9109,2021-08-09 16:04:21,8546827,TRUCK,4,4311,PC7F02ED3,ED3,PTE V
9110,2021-07-30 02:06:11,1958974,CAR,2,4424,PC51E7EF8,EF8,PTE V
9111,2021-08-15 01:36:36,6895284,CAR,2,4134,PC767BBB2,BB2,PTE V
9112,2021-08-17 04:01:19,3570803,VAN,2,4961,PC92C5115,115,PTP V
9113,2021-08-16 16:55:56,3017442,CAR,2,4635,PC3C8B99E,99E,PTC V
9114,2021-07-29 15:44:32,7597785,TRUCK,4,4097,PCB1B5BEC,BEC,PTE V
9115,2021-08-03 08:49:39,7656460,CAR,2,4246,PC95F5F6B,F6B,PTC V
9116,2021-08-04 19:26:57,7886043,CAR,2,4245,PC6594AD4,AD4,PTP V
9117,2021-08-13 05:31:21,8927315,CAR,2,4376,PCA283923,923,PTE V
9118,2021-08-11 22:10:15,9006726,TRUCK,4,4553,PC1D57D7F,D7F,PTC V
9119,2021-08-11 06:49:17,797136,TRUCK,4,4252,PCA32686D,86D,PTE V
9120,2021-08-02 02:25:33,1537404,CAR,2,4686,PCD6E5E77,E77,PTC V
9121,2021-08-01 07:06:09,3216286,CAR,2,4442,PC05C2F86,F86,PTE V
9122,2021-08-08 21:21:37,6024875,CAR,2,4679,PC88494D0,4D0,PTP V
9123,2021-08-10 20:13:43,9903701,CAR,2,4788,PC00AE965,965,PTP V
9124,2021-08-21 20:52:54,1793050,CAR,2,4501,PC5D41947,947,PTE V
9125,2021-08-21 16:28:33,159835,TRUCK,4,4311,PC7F02ED3,ED3,PTC V
9126,2021-08-11 07:15:54,2776049,TRUCK,4,4139,PC924C594,594,PTP V
9127,2021-08-05 06:29:19,9506002,TRUCK,4,4631,PCFFF6463,463,PTE V
9128,2021-07-30 19:46:59,9479692,CAR,2,4212,PC422A6D1,6D1,PTP V
9129,2021-08-19 19:26:29,8871199,CAR,2,4191,PCCC28F87,F87,PTE V
9130,2021-08-15 22:33:56,3171835,CAR,2,4500,PC548BDC0,DC0,PTC V
9131,2021-08-02 01:29:02,8708775,TRUCK,4,4831,PC0EC3E54,E54,PTP V
9132,2021-07-30 19:05:18,7014069,CAR,2,4427,PCD70DDDF,DDF,PTC V
9133,2021-08-06 18:50:42,96743,CAR,2,4434,PCA491459,459,PTE V
9134,2021-08-19 03:35:41,7391731,CAR,2,4043,PC134F258,258,PTC V
9135,2021-08-20 21:43:00,1662257,CAR,2,4171,PC36C9AE8,AE8,PTE V
9136,2021-08-07 02:03:00,4935733,VAN,2,4389,PC7688C61,C61,PTC V
9137,2021-08-15 00:58:13,7551198,TRUCK,4,4427,PCD70DDDF,DDF,PTE V
9138,2021-08-20 12:46:48,1284686,CAR,2,4158,PCAA68777,777,PTP V
9139,2021-08-02 04:18:23,2260599,CAR,2,4582,PC98750ED,0ED,PTC V
9140,2021-08-18 08:07:25,1094216,CAR,2,4942,PCD51A740,740,PTP V
9141,2021-08-19 00:35:11,635357,CAR,2,4918,PC8F8E598,598,PTC V
9142,2021-08-18 22:51:44,9735476,VAN,2,4305,PCF4DA5CE,5CE,PTP V
9143,2021-08-15 15:25:07,5173035,TRUCK,4,4294,PC867796D,96D,PTC V
9144,2021-08-14 20:50:10,1788209,CAR,2,4069,PCC48608C,08C,PTP V
9145,2021-08-17 08:09:15,1269851,VAN,2,4666,PCE8CBA37,A37,PTE V
9146,2021-08-09 21:28:40,5662112,CAR,2,4773,PCE62BBA9,BA9,PTC V
9147,2021-08-09 08:29:17,7374290,CAR,2,4924,PCE3427C5,7C5,PTE V
9148,2021-08-01 00:19:51,2334801,CAR,2,4426,PCC0E943C,43C,PTC V
9149,2021-08-09 17:15:10,3051270,CAR,2,4916,PC62AF885,885,PTP V
9150,2021-08-20 19:22:59,4243767,CAR,2,4288,PC12AA919,919,PTP V
9151,2021-08-13 07:41:57,6107919,CAR,2,4362,PC670999C,99C,PTC V
9152,2021-08-02 15:24:29,5314516,CAR,2,4644,PC411FDC0,DC0,PTP V
9153,2021-08-16 10:17:00,2624089,VAN,2,4335,PC76935F9,5F9,PTC V
9154,2021-08-12 00:59:38,7012714,CAR,2,4769,PC10C50DC,0DC,PTP V
9155,2021-08-22 16:20:21,5129735,CAR,2,4598,PC5526A36,A36,PTC V
9156,2021-07-30 15:33:45,2075605,CAR,2,4866,PC3137434,434,PTP V
9157,2021-08-07 13:31:49,6332790,TRUCK,4,4414,PC40BD0F3,0F3,PTP V
9158,2021-08-16 23:36:29,3032583,TRUCK,4,4688,PCCB4C86D,86D,PTE V
9159,2021-08-13 05:08:13,1026528,CAR,2,4763,PCC62D342,342,PTC V
9160,2021-08-22 16:58:33,1752269,VAN,2,4060,PC481C9F9,9F9,PTP V
9161,2021-08-20 10:30:12,3407914,TRUCK,4,4265,PC5B2AFFA,FFA,PTP V
9162,2021-08-22 10:37:55,9734005,TRUCK,4,4046,PCAC345FD,5FD,PTE V
9163,2021-08-07 13:10:17,9037108,CAR,2,4091,PC2E099B4,9B4,PTP V
9164,2021-08-11 11:05:36,4238274,CAR,2,4126,PC74CE451,451,PTC V
9165,2021-08-07 21:11:43,8750667,VAN,2,4618,PC8F4AF85,F85,PTC V
9166,2021-07-31 09:44:54,3890038,CAR,2,4144,PCAC7E4C1,4C1,PTP V
9167,2021-08-20 00:47:19,2513530,VAN,2,4247,PCEE69498,498,PTE V
9168,2021-08-11 16:55:56,1014198,CAR,2,4134,PC767BBB2,BB2,PTE V
9169,2021-08-09 13:45:27,3295981,CAR,2,4767,PC61F3A80,A80,PTP V
9170,2021-08-08 14:30:03,730281,CAR,2,4221,PC90AAFDA,FDA,PTC V
9171,2021-08-12 01:42:01,6268240,CAR,2,4529,PC3FAA264,264,PTE V
9172,2021-08-10 14:49:35,578281,CAR,2,4002,PCED7D2DE,2DE,PTC V
9173,2021-08-09 20:27:40,4181325,CAR,2,4763,PCC62D342,342,PTE V
9174,2021-08-04 01:45:34,531718,CAR,2,4727,PC52E71B8,1B8,PTC V
9175,2021-07-29 23:35:28,1370244,TRUCK,4,4945,PC95BD14B,14B,PTE V
9176,2021-08-08 23:21:06,8292071,CAR,2,4591,PCC9875AC,5AC,PTP V
9177,2021-08-04 10:40:04,4748178,VAN,2,4626,PC93E7766,766,PTC V
9178,2021-08-17 23:29:10,6875727,TRUCK,4,4426,PCC0E943C,43C,PTP V
9179,2021-08-01 10:37:50,892900,VAN,2,4741,PC85A4D4B,D4B,PTP V
9180,2021-08-11 20:43:28,8318194,CAR,2,4645,PC14FBE4A,E4A,PTE V
9181,2021-08-14 16:32:38,5276850,VAN,2,4164,PC578D797,797,PTC V
9182,2021-08-13 10:23:26,6352724,CAR,2,4421,PCED2DB6F,B6F,PTC V
9183,2021-08-02 21:54:41,6137941,CAR,2,4466,PC6E93A05,A05,PTC V
9184,2021-08-14 22:21:12,3721355,CAR,2,4330,PCBD023A3,3A3,PTE V
9185,2021-08-05 07:26:35,6714861,CAR,2,4059,PC06E8A1C,A1C,PTE V
9186,2021-08-02 15:26:18,8462307,CAR,2,4982,PC384779E,79E,PTP V
9187,2021-07-29 17:53:36,7555614,CAR,2,4131,PC4C9B108,108,PTP V
9188,2021-08-04 23:25:12,7242062,CAR,2,4984,PCBABF130,130,PTC V
9189,2021-08-07 08:42:58,486571,CAR,2,4884,PC3FB1BB6,BB6,PTP V
9190,2021-07-29 13:14:53,9833400,CAR,2,4856,PC7C042B7,2B7,PTC V
9191,2021-08-10 23:14:18,9253622,TRUCK,4,4687,PC52E7369,369,PTP V
9192,2021-08-17 16:40:49,4749649,VAN,2,4373,PC8806694,694,PTP V
9193,2021-08-22 14:56:27,7255048,CAR,2,4564,PC29D136F,36F,PTC V
9194,2021-08-02 22:55:07,4048367,CAR,2,4509,PCA2E8463,463,PTE V
9195,2021-08-03 19:54:38,3880570,CAR,2,4341,PC1E10EC3,EC3,PTP V
9196,2021-08-19 05:54:03,2251855,CAR,2,4519,PC92A6471,471,PTP V
9197,2021-08-09 15:03:38,6019724,TRUCK,4,4120,PC6700C62,C62,PTE V
9198,2021-08-13 17:55:25,6935289,TRUCK,4,4050,PC822E359,359,PTC V
9199,2021-08-14 08:02:07,3044908,CAR,2,4799,PCC3A370A,70A,PTE V
9200,2021-08-14 14:05:51,1722491,CAR,2,4229,PCD0DDD3D,D3D,PTC V
9201,2021-08-17 13:09:36,9926377,VAN,2,4122,PC8ED616E,16E,PTE V
9202,2021-08-01 02:37:00,8876722,TRUCK,4,4961,PC92C5115,115,PTC V
9203,2021-08-02 01:23:57,9936493,TRUCK,4,4539,PC684859B,59B,PTE V
9204,2021-07-30 15:50:30,8288623,CAR,2,4659,PC5549650,650,PTE V
9205,2021-08-12 09:45:55,923474,CAR,2,4607,PC0885606,606,PTE V
9206,2021-08-20 01:34:09,746819,CAR,2,4397,PCB070250,250,PTE V
9207,2021-08-16 01:43:26,4654522,CAR,2,4705,PC174C464,464,PTC V
9208,2021-08-15 01:09:11,488343,CAR,2,4719,PCBD66B01,B01,PTC V
9209,2021-07-31 09:27:12,9269850,CAR,2,4101,PCCC8F243,243,PTE V
9210,2021-08-03 00:43:58,4637222,TRUCK,4,4420,PCFDB2950,950,PTE V
9211,2021-07-29 21:01:40,1921474,TRUCK,4,4053,PC5F1CD83,D83,PTC V
9212,2021-08-15 18:00:21,9968595,CAR,2,4302,PCBA83119,119,PTP V
9213,2021-08-05 05:39:00,1028209,VAN,2,4724,PC3DE08BF,8BF,PTC V
9214,2021-08-19 18:41:36,5558931,VAN,2,4467,PCF5E0389,389,PTP V
9215,2021-08-14 03:24:12,9014445,CAR,2,4519,PC92A6471,471,PTP V
9216,2021-08-04 17:01:49,4705128,TRUCK,4,4484,PCEF56843,843,PTP V
9217,2021-08-14 20:28:39,3192612,VAN,2,4652,PC74A3585,585,PTE V
9218,2021-08-14 18:46:38,9994469,CAR,2,4575,PC84D9FC1,FC1,PTP V
9219,2021-08-11 10:37:18,5973767,CAR,2,5006,PC7A260F1,0F1,PTE V
9220,2021-08-05 11:33:02,1490082,CAR,2,4423,PCF9F4940,940,PTE V
9221,2021-08-22 07:23:25,7235031,CAR,2,4726,PCF6540C0,0C0,PTE V
9222,2021-08-04 15:08:14,9016669,CAR,2,4795,PC7EE2DCF,DCF,PTP V
9223,2021-08-03 20:16:57,191548,CAR,2,4721,PCE937423,423,PTP V
9224,2021-08-12 09:43:33,2516900,TRUCK,4,4836,PCE78024A,24A,PTP V
9225,2021-08-01 19:18:44,4663115,CAR,2,4613,PCEBBFFB5,FB5,PTP V
9226,2021-08-02 12:05:50,67426,CAR,2,4336,PCD30AB50,B50,PTE V
9227,2021-08-22 01:13:55,5612673,CAR,2,4047,PC6D105CF,5CF,PTE V
9228,2021-08-15 19:57:09,3398219,TRUCK,4,4881,PCDE20E6F,E6F,PTE V
9229,2021-08-04 07:03:22,5417571,CAR,2,4961,PC92C5115,115,PTP V
9230,2021-08-13 10:52:40,8241854,TRUCK,4,4235,PCFB11406,406,PTP V
9231,2021-08-17 20:01:09,5229796,VAN,2,4732,PCD83DE25,E25,PTP V
9232,2021-08-01 03:33:37,6484804,CAR,2,4158,PCAA68777,777,PTC V
9233,2021-08-16 12:11:45,3902867,CAR,2,4156,PC6BCA05F,05F,PTC V
9234,2021-08-21 04:56:05,2703740,TRUCK,4,4436,PC0CF9451,451,PTP V
9235,2021-08-10 13:27:35,7692197,TRUCK,4,4624,PCDF73A3C,A3C,PTC V
9236,2021-08-15 16:21:38,5293287,CAR,2,4293,PC2A27502,502,PTE V
9237,2021-08-21 00:28:16,9530825,TRUCK,4,4523,PC0005AC7,AC7,PTC V
9238,2021-08-18 10:05:39,9648226,CAR,2,4572,PCC9756B2,6B2,PTC V
9239,2021-08-10 12:31:36,5191265,CAR,2,4625,PC186BCA8,CA8,PTC V
9240,2021-08-06 15:51:59,6092274,CAR,2,4585,PCF3AE602,602,PTE V
9241,2021-08-03 03:36:42,4956476,CAR,2,4063,PC7667A3E,A3E,PTC V
9242,2021-08-03 18:32:00,7691465,TRUCK,4,4504,PC461DCD3,CD3,PTE V
9243,2021-08-04 08:16:02,6357681,CAR,2,4379,PC87C8BC4,BC4,PTE V
9244,2021-08-01 22:18:47,6649208,CAR,2,4802,PCBDD55F1,5F1,PTE V
9245,2021-08-07 09:18:25,9708660,CAR,2,4339,PCDE1D204,204,PTP V
9246,2021-08-11 07:05:47,9981569,CAR,2,4207,PC76EDF79,F79,PTE V
9247,2021-08-07 06:56:53,9100821,TRUCK,4,4929,PC9E503B6,3B6,PTE V
9248,2021-08-16 14:35:00,5851901,CAR,2,4504,PC461DCD3,CD3,PTE V
9249,2021-08-16 18:44:47,1399135,VAN,2,4303,PC2E2E0C0,0C0,PTP V
9250,2021-08-14 06:59:35,3583471,TRUCK,4,4753,PC6AA246E,46E,PTP V
9251,2021-08-20 19:31:28,3000466,CAR,2,4802,PCBDD55F1,5F1,PTE V
9252,2021-08-06 18:55:50,3469493,CAR,2,4060,PC481C9F9,9F9,PTP V
9253,2021-08-06 23:00:57,6801750,TRUCK,4,4287,PC421D5F3,5F3,PTP V
9254,2021-08-09 08:26:00,8471320,CAR,2,4685,PC5D33C18,C18,PTP V
9255,2021-08-05 06:09:41,8899026,CAR,2,4819,PC454F09B,09B,PTE V
9256,2021-08-04 03:07:47,682891,CAR,2,4291,PCD411AEF,AEF,PTC V
9257,2021-07-31 17:15:46,2571874,VAN,2,4747,PC5E524A1,4A1,PTE V
9258,2021-08-09 16:03:01,7279287,TRUCK,4,4507,PC11DCA73,A73,PTC V
9259,2021-08-01 04:05:07,1225815,CAR,2,4471,PC7E4F42A,42A,PTP V
9260,2021-08-17 02:54:45,3753017,CAR,2,4886,PC4D892D7,2D7,PTC V
9261,2021-08-19 09:18:51,7365391,CAR,2,4707,PC98F856D,56D,PTP V
9262,2021-08-19 09:49:30,8407052,CAR,2,4941,PCA6403C1,3C1,PTE V
9263,2021-08-10 15:17:34,3784504,CAR,2,4971,PC0BD172F,72F,PTE V
9264,2021-08-22 07:31:41,9027270,TRUCK,4,4832,PC34ECAB5,AB5,PTP V
9265,2021-08-17 04:19:14,884668,CAR,2,4660,PCB86D2E1,2E1,PTC V
9266,2021-08-20 09:15:49,2275109,CAR,2,4661,PC1585DF2,DF2,PTC V
9267,2021-08-11 15:20:40,9528653,CAR,2,4779,PCC8FE9C6,9C6,PTP V
9268,2021-08-10 17:49:02,77608,TRUCK,4,4051,PC3B970F2,0F2,PTC V
9269,2021-08-10 11:03:29,9793722,VAN,2,4290,PC84E8CEF,CEF,PTE V
9270,2021-08-04 17:49:43,4737489,CAR,2,4948,PCBA2D075,075,PTE V
9271,2021-07-29 11:46:06,4161657,CAR,2,4723,PC20BD6E6,6E6,PTP V
9272,2021-08-02 00:48:05,5363723,CAR,2,4069,PCC48608C,08C,PTE V
9273,2021-08-17 15:39:24,2196820,TRUCK,4,4977,PCB077F18,F18,PTC V
9274,2021-08-12 00:34:30,5348545,TRUCK,4,4073,PCA3797CA,7CA,PTP V
9275,2021-08-07 21:47:32,3403077,CAR,2,4688,PCCB4C86D,86D,PTP V
9276,2021-08-20 07:24:09,6253818,TRUCK,4,4899,PC4967767,767,PTP V
9277,2021-08-07 01:01:59,399237,CAR,2,4774,PCEBE834B,34B,PTE V
9278,2021-08-14 21:26:45,5989933,TRUCK,4,4514,PC374C341,341,PTP V
9279,2021-08-05 23:56:02,6981441,CAR,2,4355,PC0EF761B,61B,PTE V
9280,2021-07-30 07:14:01,2593066,CAR,2,4889,PC3547FAD,FAD,PTC V
9281,2021-08-20 18:35:40,1456578,TRUCK,4,4896,PCA322CBE,CBE,PTC V
9282,2021-08-16 09:56:19,9045059,CAR,2,4935,PC327D635,635,PTC V
9283,2021-08-14 01:58:49,4527777,CAR,2,4105,PC43919D1,9D1,PTP V
9284,2021-08-09 05:46:12,583152,CAR,2,4501,PC5D41947,947,PTC V
9285,2021-08-11 00:41:52,8723898,CAR,2,4623,PCAA67227,227,PTC V
9286,2021-08-06 01:41:20,1878923,CAR,2,4374,PCC321538,538,PTP V
9287,2021-08-22 01:59:16,3075680,CAR,2,4218,PC8DF4919,919,PTC V
9288,2021-08-10 17:15:19,2721914,CAR,2,4728,PC07BF95F,95F,PTE V
9289,2021-08-15 05:19:12,2676447,CAR,2,4338,PC6203962,962,PTE V
9290,2021-08-20 07:34:10,8488790,VAN,2,4561,PCCE9B069,069,PTC V
9291,2021-08-13 07:37:30,4848388,TRUCK,4,4523,PC0005AC7,AC7,PTE V
9292,2021-08-13 20:03:58,7577857,TRUCK,4,4438,PC665A28E,28E,PTC V
9293,2021-08-14 04:56:46,2131750,CAR,2,4706,PCD8D5094,094,PTP V
9294,2021-08-19 19:44:20,8031766,CAR,2,4736,PC6A65941,941,PTC V
9295,2021-08-18 22:10:34,9579819,TRUCK,4,4180,PC250A90D,90D,PTP V
9296,2021-08-12 20:26:04,151132,CAR,2,4160,PC6DC0ACF,ACF,PTE V
9297,2021-08-07 10:11:20,3307765,CAR,2,4021,PC851E565,565,PTC V
9298,2021-08-05 17:50:14,2086396,CAR,2,4311,PC7F02ED3,ED3,PTP V
9299,2021-08-20 23:05:47,8588231,CAR,2,4874,PC9F481D4,1D4,PTC V
9300,2021-08-11 07:21:51,7406399,CAR,2,4135,PCC943ECD,ECD,PTC V
9301,2021-08-05 19:40:10,2779800,CAR,2,4547,PC0D2E3AD,3AD,PTC V
9302,2021-08-07 21:40:55,6264949,TRUCK,4,4401,PC0606D6A,D6A,PTP V
9303,2021-08-18 18:54:54,5166723,CAR,2,4940,PC8AB18BE,8BE,PTC V
9304,2021-08-18 12:36:32,9468903,CAR,2,4141,PC13CB69B,69B,PTP V
9305,2021-08-14 04:44:00,9783924,TRUCK,4,4735,PC2294422,422,PTP V
9306,2021-08-10 07:07:04,9265154,CAR,2,4155,PC9042B3F,B3F,PTE V
9307,2021-08-16 01:49:27,4991116,CAR,2,4193,PC0282AE7,AE7,PTP V
9308,2021-08-15 22:54:01,1926218,VAN,2,4486,PC3AF69A3,9A3,PTP V
9309,2021-08-05 02:35:28,9747658,CAR,2,4387,PCE2B9376,376,PTC V
9310,2021-08-22 03:51:21,8788377,TRUCK,4,4805,PC1A161AA,1AA,PTP V
9311,2021-08-15 08:01:58,9025746,TRUCK,4,4007,PCDF9F773,773,PTE V
9312,2021-08-09 03:23:14,6763952,VAN,2,4478,PCB02917E,17E,PTC V
9313,2021-08-16 02:46:20,6260844,CAR,2,4142,PC7ACFF7C,F7C,PTE V
9314,2021-08-17 17:55:04,83942,VAN,2,4705,PC174C464,464,PTC V
9315,2021-08-14 14:26:25,6142684,VAN,2,4541,PCC6A4CD8,CD8,PTE V
9316,2021-08-08 21:10:41,7169430,CAR,2,4983,PCC3E4ADA,ADA,PTE V
9317,2021-08-09 08:27:16,2497912,CAR,2,4736,PC6A65941,941,PTE V
9318,2021-08-21 18:13:46,566797,CAR,2,4067,PC1CCD955,955,PTP V
9319,2021-08-03 12:50:54,8956690,CAR,2,4376,PCA283923,923,PTC V
9320,2021-08-06 03:05:48,5057656,CAR,2,4697,PCFDB2BA6,BA6,PTC V
9321,2021-08-18 16:58:43,2843878,CAR,2,4919,PC7A3A5CF,5CF,PTC V
9322,2021-08-11 04:44:30,7206297,VAN,2,4574,PCC1F6F13,F13,PTP V
9323,2021-08-06 05:04:16,8772021,CAR,2,4715,PCFA0E4C0,4C0,PTP V
9324,2021-08-01 22:43:45,3488743,CAR,2,4759,PC4A6C6D9,6D9,PTP V
9325,2021-08-08 09:37:43,9078677,TRUCK,4,4931,PC3D30AD0,AD0,PTC V
9326,2021-08-05 22:00:48,707382,CAR,2,4760,PC161AC8D,C8D,PTE V
9327,2021-08-04 18:22:46,7676380,CAR,2,4526,PCCB07C68,C68,PTE V
9328,2021-08-14 00:45:01,7763250,TRUCK,4,4270,PC8F72158,158,PTP V
9329,2021-07-30 12:52:36,3273691,CAR,2,4215,PC4C76F48,F48,PTP V
9330,2021-08-06 16:42:33,2813322,CAR,2,4072,PC69F3F14,F14,PTE V
9331,2021-08-09 16:16:17,8579977,CAR,2,4550,PC21A1833,833,PTP V
9332,2021-08-02 01:08:12,3398149,CAR,2,4629,PCC5E1C04,C04,PTP V
9333,2021-08-10 09:55:04,8696860,CAR,2,4749,PC65C93B7,3B7,PTE V
9334,2021-08-13 01:51:10,1134376,TRUCK,4,4787,PC1BDA119,119,PTP V
9335,2021-08-05 03:47:58,5610608,VAN,2,4630,PCA26D872,872,PTP V
9336,2021-08-09 01:41:26,9934544,CAR,2,4103,PC2B868A9,8A9,PTP V
9337,2021-08-17 07:13:38,6062518,CAR,2,4191,PCCC28F87,F87,PTC V
9338,2021-08-10 02:39:06,2590390,CAR,2,4263,PCD6DBA1D,A1D,PTE V
9339,2021-08-18 00:35:26,3751219,CAR,2,4153,PC88C655C,55C,PTC V
9340,2021-08-20 10:23:32,6190424,VAN,2,4278,PC4847214,214,PTE V
9341,2021-08-11 16:20:40,5904413,CAR,2,4165,PC0D2B95C,95C,PTC V
9342,2021-08-21 01:02:07,8669815,CAR,2,4914,PC2F353E1,3E1,PTC V
9343,2021-08-17 11:23:00,2649555,CAR,2,4807,PCAFC45DA,5DA,PTE V
9344,2021-08-17 15:44:36,3468553,CAR,2,4045,PCE952492,492,PTC V
9345,2021-08-02 12:32:22,5052430,CAR,2,4838,PCEECD973,973,PTC V
9346,2021-07-30 02:27:10,7140135,CAR,2,4507,PC11DCA73,A73,PTE V
9347,2021-08-17 06:26:06,3336312,CAR,2,4461,PCACD9839,839,PTE V
9348,2021-08-14 08:48:10,8457705,CAR,2,4000,PC69C7DF3,DF3,PTC V
9349,2021-08-11 11:30:51,7345005,TRUCK,4,4173,PC0EB640E,40E,PTC V
9350,2021-08-02 01:18:17,5008855,CAR,2,4706,PCD8D5094,094,PTC V
9351,2021-08-11 19:43:17,9413397,CAR,2,4148,PCDFBBEBB,EBB,PTE V
9352,2021-07-29 15:43:24,7971612,VAN,2,4016,PCCD7399B,99B,PTE V
9353,2021-08-16 06:12:45,6294961,CAR,2,4494,PC1592ACA,ACA,PTE V
9354,2021-08-09 17:19:26,9999026,CAR,2,4525,PCF64B519,519,PTP V
9355,2021-08-11 06:23:45,8010819,CAR,2,4795,PC7EE2DCF,DCF,PTC V
9356,2021-08-02 07:23:08,1137301,TRUCK,4,4385,PC148C815,815,PTC V
9357,2021-08-22 03:10:36,7585363,TRUCK,4,4797,PCE2D63A7,3A7,PTP V
9358,2021-08-22 14:37:22,8521937,CAR,2,4323,PC1D9ADA9,DA9,PTP V
9359,2021-08-21 11:58:02,46393,CAR,2,4343,PC0F6325D,25D,PTP V
9360,2021-08-01 02:49:38,3756417,CAR,2,4282,PCCE002E5,2E5,PTC V
9361,2021-08-02 02:59:13,1599459,TRUCK,4,4008,PC5680D80,D80,PTP V
9362,2021-08-12 18:07:12,9799284,TRUCK,4,4109,PC7057B6A,B6A,PTP V
9363,2021-08-14 05:03:59,8220119,TRUCK,4,4916,PC62AF885,885,PTC V
9364,2021-08-02 02:46:11,6325430,TRUCK,4,4042,PC5D4DE09,E09,PTP V
9365,2021-08-14 05:07:36,5190320,CAR,2,4264,PC9DFEBB0,BB0,PTC V
9366,2021-08-01 20:57:23,6959051,CAR,2,4793,PCD8E3CCB,CCB,PTP V
9367,2021-07-29 17:52:03,1748636,CAR,2,4179,PC5738A82,A82,PTC V
9368,2021-08-16 04:14:30,1157649,CAR,2,4391,PCCFD9AB6,AB6,PTE V
9369,2021-08-06 04:03:43,9611676,CAR,2,4663,PCA7178EC,8EC,PTC V
9370,2021-08-22 13:18:41,3039594,CAR,2,4071,PCDBBCB68,B68,PTC V
9371,2021-07-29 11:27:55,1782179,CAR,2,5002,PC585BD38,D38,PTC V
9372,2021-08-18 14:41:00,4308716,CAR,2,4320,PC40C93B0,3B0,PTE V
9373,2021-08-07 14:14:41,6809850,CAR,2,4109,PC7057B6A,B6A,PTC V
9374,2021-08-12 16:03:21,9508843,TRUCK,4,4336,PCD30AB50,B50,PTP V
9375,2021-08-18 19:24:27,5727564,CAR,2,4925,PCE5E04A2,4A2,PTP V
9376,2021-08-05 15:16:39,2776833,TRUCK,4,4381,PC9DD9DCD,DCD,PTP V
9377,2021-07-30 16:07:00,1171409,CAR,2,4115,PCF5D4B0A,B0A,PTP V
9378,2021-08-07 04:26:43,28046,TRUCK,4,4389,PC7688C61,C61,PTP V
9379,2021-08-10 06:14:57,1632439,CAR,2,5003,PCAC9371E,71E,PTP V
9380,2021-08-17 03:56:10,5678090,CAR,2,4156,PC6BCA05F,05F,PTC V
9381,2021-08-10 17:26:31,4107532,CAR,2,4978,PCF0B5E85,E85,PTE V
9382,2021-08-11 06:09:33,3750731,CAR,2,4851,PC0954183,183,PTE V
9383,2021-08-06 23:14:15,4483641,CAR,2,4747,PC5E524A1,4A1,PTE V
9384,2021-08-07 15:32:03,7016536,CAR,2,4916,PC62AF885,885,PTP V
9385,2021-08-02 22:12:57,7511346,TRUCK,4,4531,PC857F4A0,4A0,PTP V
9386,2021-07-30 23:17:32,1530202,CAR,2,4488,PC19D06B0,6B0,PTP V
9387,2021-08-15 13:10:06,2051480,TRUCK,4,4741,PC85A4D4B,D4B,PTP V
9388,2021-08-15 21:28:57,8146286,CAR,2,4349,PC5AB6779,779,PTP V
9389,2021-07-30 02:46:58,4741858,CAR,2,4190,PCDFC1E11,E11,PTP V
9390,2021-08-09 04:04:39,8687557,TRUCK,4,4962,PCF858E11,E11,PTP V
9391,2021-08-04 04:35:48,4641240,TRUCK,4,4138,PC79E328A,28A,PTE V
9392,2021-08-06 05:24:28,28625,CAR,2,4388,PC803F0F2,0F2,PTE V
9393,2021-08-17 13:16:56,3891161,CAR,2,4442,PC05C2F86,F86,PTP V
9394,2021-08-12 02:27:21,5893087,TRUCK,4,4114,PC4CD2B81,B81,PTP V
9395,2021-08-21 07:50:43,7334353,CAR,2,4579,PC926F0A9,0A9,PTP V
9396,2021-08-09 05:58:33,5653671,TRUCK,4,4404,PCE03E8B1,8B1,PTC V
9397,2021-08-03 05:42:15,9662220,CAR,2,4202,PC65AA714,714,PTE V
9398,2021-08-12 06:10:09,2499334,CAR,2,4597,PCBDB8BB6,BB6,PTE V
9399,2021-08-13 09:54:11,1209964,CAR,2,4029,PCE319335,335,PTE V
9400,2021-08-10 01:56:17,8904011,CAR,2,4447,PC6B030C6,0C6,PTE V
9401,2021-08-14 19:45:11,5996064,CAR,2,4506,PCB24B68E,68E,PTE V
9402,2021-08-19 06:39:13,5517940,TRUCK,4,4504,PC461DCD3,CD3,PTE V
9403,2021-08-21 10:53:22,9458845,TRUCK,4,4988,PC46BE0B2,0B2,PTP V
9404,2021-08-22 07:03:09,1631935,CAR,2,4051,PC3B970F2,0F2,PTE V
9405,2021-08-06 23:59:41,5059817,CAR,2,4152,PCF6F4CA1,CA1,PTP V
9406,2021-08-12 07:36:30,1560796,TRUCK,4,5010,PC028872C,72C,PTP V
9407,2021-08-05 12:06:14,6505764,CAR,2,4318,PCAD89FE3,FE3,PTC V
9408,2021-08-15 10:26:05,2679158,CAR,2,4040,PCB335328,328,PTP V
9409,2021-08-15 18:24:45,4191614,CAR,2,4207,PC76EDF79,F79,PTE V
9410,2021-08-19 15:19:20,1746055,CAR,2,4935,PC327D635,635,PTE V
9411,2021-08-21 19:00:37,764297,CAR,2,4380,PC905B5D4,5D4,PTE V
9412,2021-08-08 08:42:18,3147561,CAR,2,5005,PC408264D,64D,PTC V
9413,2021-08-05 08:51:53,1445358,CAR,2,4407,PC7FEC2CE,2CE,PTC V
9414,2021-08-06 15:16:09,6793624,CAR,2,4339,PCDE1D204,204,PTP V
9415,2021-08-13 03:05:48,3359727,TRUCK,4,4391,PCCFD9AB6,AB6,PTP V
9416,2021-08-02 01:34:39,1963624,CAR,2,4016,PCCD7399B,99B,PTE V
9417,2021-08-18 18:36:29,2812052,CAR,2,4034,PCFC754C7,4C7,PTC V
9418,2021-08-01 15:19:48,83028,CAR,2,4668,PCBB055C6,5C6,PTE V
9419,2021-08-18 19:07:33,4087039,VAN,2,4023,PC77793DF,3DF,PTP V
9420,2021-07-30 17:07:06,6019350,TRUCK,4,4275,PC1DA31F7,1F7,PTE V
9421,2021-07-29 22:13:33,8150747,TRUCK,4,4156,PC6BCA05F,05F,PTE V
9422,2021-07-29 22:11:46,1654362,TRUCK,4,4243,PCC4F7DCE,DCE,PTP V
9423,2021-08-14 04:32:34,8916594,VAN,2,4374,PCC321538,538,PTP V
9424,2021-08-06 14:20:39,8490029,TRUCK,4,4668,PCBB055C6,5C6,PTE V
9425,2021-08-21 17:11:39,9193058,VAN,2,4258,PCAC64E67,E67,PTP V
9426,2021-08-15 15:22:22,5093920,CAR,2,4494,PC1592ACA,ACA,PTP V
9427,2021-08-21 09:03:21,4116893,TRUCK,4,4716,PCFCB0018,018,PTC V
9428,2021-08-10 12:57:05,1788150,CAR,2,4732,PCD83DE25,E25,PTE V
9429,2021-08-06 04:43:05,9771871,VAN,2,4622,PCF31BD97,D97,PTC V
9430,2021-08-08 20:01:52,7670129,CAR,2,4134,PC767BBB2,BB2,PTC V
9431,2021-08-08 13:11:30,590238,TRUCK,4,4217,PC6E8D0F9,0F9,PTP V
9432,2021-08-17 14:26:06,5282413,CAR,2,4307,PC87D90FE,0FE,PTP V
9433,2021-08-14 16:48:46,6717370,CAR,2,4431,PC3A23C14,C14,PTC V
9434,2021-07-30 04:35:46,9700090,VAN,2,4709,PCC8C7059,059,PTE V
9435,2021-07-31 20:45:18,4599967,TRUCK,4,4055,PCA06B2F1,2F1,PTP V
9436,2021-07-31 21:09:30,1510079,CAR,2,4248,PC45EBEBC,EBC,PTP V
9437,2021-08-01 00:15:30,4841672,VAN,2,4532,PC8DD921E,21E,PTE V
9438,2021-08-11 20:10:58,701738,CAR,2,4971,PC0BD172F,72F,PTE V
9439,2021-08-08 16:42:03,2775233,CAR,2,4399,PCCA288FE,8FE,PTC V
9440,2021-08-19 11:56:17,3440406,TRUCK,4,4333,PCCCAD2AC,2AC,PTC V
9441,2021-08-20 20:31:44,1356883,CAR,2,4373,PC8806694,694,PTE V
9442,2021-07-29 19:04:54,3729089,CAR,2,4797,PCE2D63A7,3A7,PTP V
9443,2021-08-16 22:09:22,3200574,CAR,2,4386,PC948D5B2,5B2,PTC V
9444,2021-08-21 10:26:26,8676961,CAR,2,4393,PC93CE517,517,PTP V
9445,2021-07-31 01:08:46,8652033,TRUCK,4,4102,PC8C9B099,099,PTE V
9446,2021-08-09 06:54:27,1457141,TRUCK,4,4839,PCA0290AD,0AD,PTC V
9447,2021-08-11 12:49:53,4387827,TRUCK,4,4827,PC7D68CD9,CD9,PTP V
9448,2021-07-31 03:28:46,9595322,CAR,2,4278,PC4847214,214,PTP V
9449,2021-08-03 06:53:02,8764946,CAR,2,4491,PCA52F720,720,PTP V
9450,2021-08-22 01:51:05,3934868,CAR,2,4506,PCB24B68E,68E,PTE V
9451,2021-08-19 06:38:08,5644500,CAR,2,4370,PC70B7987,987,PTP V
9452,2021-08-10 21:32:55,6121803,CAR,2,4398,PCE60D320,320,PTP V
9453,2021-08-02 03:00:04,7531587,CAR,2,4057,PC4B0DCD2,CD2,PTC V
9454,2021-08-15 07:40:55,1643120,TRUCK,4,4225,PCC1ED0C5,0C5,PTP V
9455,2021-08-19 16:18:34,3898669,CAR,2,4157,PC7305E43,E43,PTP V
9456,2021-08-01 23:28:46,4949252,CAR,2,4232,PC4156AD5,AD5,PTP V
9457,2021-08-16 03:32:44,5091786,CAR,2,5008,PC48D61BB,1BB,PTC V
9458,2021-07-30 08:29:00,1645651,CAR,2,4898,PC0AE9E1B,E1B,PTE V
9459,2021-08-20 07:59:23,6244723,TRUCK,4,4920,PC42A3AB0,AB0,PTC V
9460,2021-08-09 02:02:54,2432668,CAR,2,4201,PC0E22DEA,DEA,PTP V
9461,2021-07-29 16:48:21,2865356,CAR,2,4326,PC356AE8F,E8F,PTE V
9462,2021-08-02 14:18:03,7015152,CAR,2,4265,PC5B2AFFA,FFA,PTP V
9463,2021-08-13 02:12:24,4441926,TRUCK,4,4990,PCFE28E92,E92,PTP V
9464,2021-08-02 02:32:12,4721344,CAR,2,4482,PCB6A16D7,6D7,PTC V
9465,2021-08-06 02:21:41,5691099,CAR,2,4990,PCFE28E92,E92,PTE V
9466,2021-08-09 03:48:15,5203236,VAN,2,4732,PCD83DE25,E25,PTP V
9467,2021-08-06 10:17:09,8241849,VAN,2,4372,PC1E0F3B6,3B6,PTP V
9468,2021-08-09 18:47:39,3686123,CAR,2,4072,PC69F3F14,F14,PTP V
9469,2021-08-14 02:03:26,1213340,VAN,2,4299,PCAD3B9BC,9BC,PTE V
9470,2021-08-19 08:41:40,3274510,CAR,2,4003,PC83F544D,44D,PTE V
9471,2021-08-09 08:00:40,3678794,CAR,2,4690,PC45CC19A,19A,PTC V
9472,2021-08-07 15:33:30,1181857,CAR,2,4252,PCA32686D,86D,PTE V
9473,2021-08-02 02:34:49,6771854,CAR,2,4804,PC68484C6,4C6,PTC V
9474,2021-08-14 06:07:18,3401894,CAR,2,4601,PCC932802,802,PTE V
9475,2021-08-09 23:17:50,8930862,VAN,2,4942,PCD51A740,740,PTE V
9476,2021-08-05 12:04:29,5592512,CAR,2,4816,PCB500A9F,A9F,PTE V
9477,2021-08-03 11:58:24,7924282,CAR,2,4880,PC5A27CDE,CDE,PTC V
9478,2021-08-02 19:19:40,883633,CAR,2,4611,PC2EBEAB9,AB9,PTP V
9479,2021-08-13 21:49:59,7389262,CAR,2,4740,PC04EDDB4,DB4,PTP V
9480,2021-08-21 06:54:27,8603752,TRUCK,4,4343,PC0F6325D,25D,PTP V
9481,2021-08-10 03:10:34,7031191,CAR,2,4280,PC03A5F23,F23,PTP V
9482,2021-08-18 20:28:12,2739489,TRUCK,4,4934,PC3ED26A2,6A2,PTE V
9483,2021-08-19 12:51:49,7966917,CAR,2,4197,PCE32ED40,D40,PTP V
9484,2021-08-02 01:19:21,2204464,TRUCK,4,4369,PCD5CBB82,B82,PTP V
9485,2021-08-07 02:55:28,1458709,CAR,2,4662,PCB2463CF,3CF,PTC V
9486,2021-07-29 21:11:52,8947649,CAR,2,4460,PCDF04952,952,PTC V
9487,2021-08-18 10:13:28,4422725,CAR,2,4244,PC9F3C86B,86B,PTP V
9488,2021-08-08 17:54:39,3919728,CAR,2,4411,PC3AA93E6,3E6,PTC V
9489,2021-08-03 11:52:04,7043642,CAR,2,4458,PCECEBBFA,BFA,PTC V
9490,2021-08-22 01:33:03,9923742,TRUCK,4,4710,PCE17C964,964,PTC V
9491,2021-08-22 17:49:32,7651635,CAR,2,4699,PC2C1B987,987,PTC V
9492,2021-08-18 05:29:45,4886742,CAR,2,4275,PC1DA31F7,1F7,PTE V
9493,2021-08-08 03:16:30,1402729,TRUCK,4,4019,PC63FF017,017,PTE V
9494,2021-08-06 14:22:14,9062700,CAR,2,4103,PC2B868A9,8A9,PTE V
9495,2021-08-03 01:52:59,9107520,CAR,2,4524,PCF8BB245,245,PTC V
9496,2021-07-29 22:59:36,4788648,TRUCK,4,4229,PCD0DDD3D,D3D,PTP V
9497,2021-08-19 16:05:30,3210047,VAN,2,4993,PC0F0AB4E,B4E,PTP V
9498,2021-07-31 09:11:52,1387469,CAR,2,4255,PCB7E7138,138,PTC V
9499,2021-08-14 10:49:05,4356623,TRUCK,4,4949,PC86E9EB7,EB7,PTC V
9500,2021-08-20 09:40:13,2109132,TRUCK,4,4618,PC8F4AF85,F85,PTC V
9501,2021-08-02 21:00:03,7295351,CAR,2,4058,PC3415EA4,EA4,PTE V
9502,2021-08-14 05:14:34,500200,CAR,2,4891,PC57036DA,6DA,PTC V
9503,2021-08-17 12:25:36,6414611,CAR,2,4671,PCCAAFB48,B48,PTE V
9504,2021-08-15 16:58:05,5554412,CAR,2,4636,PCDECFC74,C74,PTE V
9505,2021-07-31 22:14:22,7415599,CAR,2,4666,PCE8CBA37,A37,PTE V
9506,2021-08-08 08:10:18,983506,VAN,2,4724,PC3DE08BF,8BF,PTE V
9507,2021-08-10 00:47:21,6619837,VAN,2,4827,PC7D68CD9,CD9,PTE V
9508,2021-08-07 21:58:23,6297444,TRUCK,4,4509,PCA2E8463,463,PTC V
9509,2021-08-04 09:29:22,7396343,VAN,2,4738,PC06E9A80,A80,PTE V
9510,2021-08-15 00:40:39,146310,CAR,2,4475,PCCC0D001,001,PTE V
9511,2021-08-13 16:08:43,4202385,CAR,2,4748,PCF2ECD29,D29,PTE V
9512,2021-08-05 00:18:59,2298759,TRUCK,4,4604,PC0553E32,E32,PTC V
9513,2021-08-16 09:01:35,2250050,TRUCK,4,4956,PCB7040B7,0B7,PTE V
9514,2021-08-18 17:41:43,2075520,TRUCK,4,4908,PC3D16FC5,FC5,PTC V
9515,2021-08-06 18:43:59,7698240,CAR,2,4794,PC4E1366E,66E,PTE V
9516,2021-08-11 19:50:12,7767476,CAR,2,4725,PCB905D54,D54,PTE V
9517,2021-08-10 07:44:36,5823098,CAR,2,4132,PC8E2A7E0,7E0,PTE V
9518,2021-08-05 15:41:34,9506994,TRUCK,4,4051,PC3B970F2,0F2,PTC V
9519,2021-08-08 13:08:02,3055773,TRUCK,4,4047,PC6D105CF,5CF,PTP V
9520,2021-08-19 04:26:40,9406073,VAN,2,4295,PCD483999,999,PTP V
9521,2021-08-04 07:28:53,4296266,TRUCK,4,4592,PC627AA14,A14,PTE V
9522,2021-08-05 17:19:31,4046036,CAR,2,4582,PC98750ED,0ED,PTC V
9523,2021-08-01 11:28:06,798152,CAR,2,4214,PC538125F,25F,PTE V
9524,2021-08-19 14:07:12,146591,VAN,2,4591,PCC9875AC,5AC,PTP V
9525,2021-08-18 20:25:48,9564860,CAR,2,4642,PC17D596F,96F,PTE V
9526,2021-08-08 17:33:51,6812818,TRUCK,4,4513,PC52F533C,33C,PTP V
9527,2021-07-30 05:25:00,6008000,CAR,2,4286,PC12BE494,494,PTE V
9528,2021-08-06 23:54:27,2222089,CAR,2,4947,PCE4A44BE,4BE,PTP V
9529,2021-08-19 04:34:31,3961414,CAR,2,4569,PC20129F9,9F9,PTC V
9530,2021-08-07 07:44:25,1001144,CAR,2,4597,PCBDB8BB6,BB6,PTP V
9531,2021-07-31 15:16:43,9574290,CAR,2,4878,PC08F56A1,6A1,PTP V
9532,2021-08-07 13:37:41,1010900,CAR,2,4310,PCC08F8BB,8BB,PTE V
9533,2021-07-30 02:40:23,617673,CAR,2,4250,PCC695DB0,DB0,PTP V
9534,2021-08-07 05:13:49,1645827,TRUCK,4,4924,PCE3427C5,7C5,PTC V
9535,2021-08-11 11:02:04,8508174,CAR,2,4373,PC8806694,694,PTC V
9536,2021-08-14 15:37:06,1911334,VAN,2,4287,PC421D5F3,5F3,PTP V
9537,2021-08-05 16:27:15,9792513,CAR,2,4169,PC2890582,582,PTC V
9538,2021-08-12 12:19:38,3666385,CAR,2,4194,PC96AD1EB,1EB,PTC V
9539,2021-08-08 16:04:53,7696012,CAR,2,4765,PC795A0A3,0A3,PTC V
9540,2021-07-30 01:59:50,9251754,CAR,2,4344,PC417B8DF,8DF,PTE V
9541,2021-08-01 05:38:07,4358254,VAN,2,4616,PCE6675F9,5F9,PTC V
9542,2021-08-08 05:37:01,6812747,CAR,2,4162,PC51A39A7,9A7,PTE V
9543,2021-08-02 01:56:12,9552003,CAR,2,4952,PC64CF233,233,PTP V
9544,2021-08-21 03:19:04,2124478,CAR,2,4746,PC0514825,825,PTP V
9545,2021-08-15 23:49:06,7876573,TRUCK,4,4670,PC2BE6D87,D87,PTE V
9546,2021-08-12 00:19:16,9417457,TRUCK,4,4768,PC7BEFC3B,C3B,PTC V
9547,2021-07-30 01:56:40,5127626,CAR,2,4151,PC0AB2B55,B55,PTE V
9548,2021-08-04 15:18:56,4590030,TRUCK,4,4345,PCAC01231,231,PTE V
9549,2021-08-13 05:20:19,9057318,CAR,2,4914,PC2F353E1,3E1,PTP V
9550,2021-08-10 01:20:37,1490598,CAR,2,4949,PC86E9EB7,EB7,PTC V
9551,2021-08-03 01:25:50,4725154,CAR,2,4185,PC7F5C566,566,PTP V
9552,2021-08-18 19:14:39,5287564,CAR,2,4018,PCCB2657A,57A,PTP V
9553,2021-08-10 17:01:01,7664660,CAR,2,4423,PCF9F4940,940,PTE V
9554,2021-08-22 07:09:55,577200,CAR,2,4286,PC12BE494,494,PTP V
9555,2021-08-21 14:25:26,7711735,TRUCK,4,4720,PCDD23528,528,PTC V
9556,2021-08-20 13:10:37,8307150,CAR,2,4718,PC81E83B9,3B9,PTE V
9557,2021-07-30 09:45:25,5547403,CAR,2,4288,PC12AA919,919,PTC V
9558,2021-07-29 20:19:12,5550308,VAN,2,4031,PC0214185,185,PTC V
9559,2021-08-05 07:33:54,5753387,CAR,2,4508,PC385C6E7,6E7,PTP V
9560,2021-08-06 09:35:48,6008087,TRUCK,4,4733,PC797AEBF,EBF,PTE V
9561,2021-08-06 17:05:43,9718032,CAR,2,4836,PCE78024A,24A,PTC V
9562,2021-08-03 21:09:21,7942527,TRUCK,4,4851,PC0954183,183,PTE V
9563,2021-08-18 09:25:56,2711737,CAR,2,4618,PC8F4AF85,F85,PTP V
9564,2021-08-21 08:26:56,1977398,TRUCK,4,4817,PCFF02057,057,PTE V
9565,2021-08-06 22:20:46,6235507,CAR,2,4603,PC485BE5B,E5B,PTC V
9566,2021-08-16 02:02:34,3335335,TRUCK,4,4885,PC5083F35,F35,PTP V
9567,2021-07-29 13:41:35,8322676,CAR,2,4306,PC5D6563A,63A,PTP V
9568,2021-08-09 17:51:53,1697154,CAR,2,4776,PC6906524,524,PTC V
9569,2021-08-01 15:19:13,1938244,CAR,2,4941,PCA6403C1,3C1,PTC V
9570,2021-08-12 05:30:40,1286414,CAR,2,4674,PC795E7B9,7B9,PTE V
9571,2021-08-02 14:35:02,7792796,TRUCK,4,4540,PC5CAF0A7,0A7,PTP V
9572,2021-08-09 05:35:02,2281321,VAN,2,4874,PC9F481D4,1D4,PTP V
9573,2021-08-03 02:51:23,6267677,CAR,2,4441,PC472C08E,08E,PTC V
9574,2021-08-01 17:35:23,5309933,TRUCK,4,4193,PC0282AE7,AE7,PTE V
9575,2021-08-15 19:46:57,6603095,CAR,2,4011,PC680DEC6,EC6,PTP V
9576,2021-08-22 12:50:35,4884370,CAR,2,4308,PC94E7A96,A96,PTE V
9577,2021-08-17 00:01:28,1422677,TRUCK,4,4033,PC783B5FC,5FC,PTP V
9578,2021-07-29 11:35:16,9202795,CAR,2,4931,PC3D30AD0,AD0,PTC V
9579,2021-08-04 12:43:34,84018,TRUCK,4,4664,PC52D063A,63A,PTE V
9580,2021-08-22 18:26:40,8112557,CAR,2,4503,PC69DE15C,15C,PTE V
9581,2021-07-31 14:06:41,4632098,TRUCK,4,4319,PCAD79413,413,PTE V
9582,2021-08-19 02:09:15,1311059,TRUCK,4,4770,PC9082A17,A17,PTP V
9583,2021-08-09 07:10:03,8701111,TRUCK,4,4203,PC5295A46,A46,PTE V
9584,2021-07-30 21:42:30,1858357,CAR,2,4355,PC0EF761B,61B,PTC V
9585,2021-07-30 23:08:04,4540088,TRUCK,4,4978,PCF0B5E85,E85,PTE V
9586,2021-07-31 16:09:33,2995150,VAN,2,4002,PCED7D2DE,2DE,PTC V
9587,2021-08-06 20:49:26,1942981,TRUCK,4,4542,PC3E57E3D,E3D,PTP V
9588,2021-08-14 12:22:25,250182,VAN,2,4856,PC7C042B7,2B7,PTC V
9589,2021-08-18 20:15:17,8801285,CAR,2,4119,PC9EBEDB5,DB5,PTC V
9590,2021-08-01 06:31:34,4362380,CAR,2,4159,PC5631507,507,PTP V
9591,2021-08-04 18:02:56,6526693,CAR,2,4378,PC074E6A8,6A8,PTC V
9592,2021-08-08 09:31:12,5305975,CAR,2,4003,PC83F544D,44D,PTP V
9593,2021-07-29 11:55:43,5510444,CAR,2,4697,PCFDB2BA6,BA6,PTC V
9594,2021-08-21 16:43:48,1422771,CAR,2,4120,PC6700C62,C62,PTC V
9595,2021-08-05 18:41:17,2764131,CAR,2,4284,PC0DB49FD,9FD,PTC V
9596,2021-08-05 06:13:10,9119372,VAN,2,4805,PC1A161AA,1AA,PTE V
9597,2021-08-10 02:47:15,7063295,CAR,2,4011,PC680DEC6,EC6,PTE V
9598,2021-08-16 02:01:15,7150634,CAR,2,4524,PCF8BB245,245,PTP V
9599,2021-08-11 11:13:01,1013346,TRUCK,4,4309,PC5E92F61,F61,PTP V
9600,2021-07-31 04:54:42,9967613,CAR,2,4872,PC5B45CE7,CE7,PTC V
9601,2021-08-01 09:35:07,5843845,TRUCK,4,4005,PCB3DF742,742,PTE V
9602,2021-08-13 03:36:01,2986260,CAR,2,4306,PC5D6563A,63A,PTP V
9603,2021-08-15 11:54:27,326457,TRUCK,4,4960,PC6A1BCA4,CA4,PTP V
9604,2021-08-02 06:20:14,1422434,CAR,2,4700,PC14E538A,38A,PTP V
9605,2021-08-04 23:43:50,2932216,CAR,2,4388,PC803F0F2,0F2,PTE V
9606,2021-07-30 18:49:37,174845,VAN,2,4072,PC69F3F14,F14,PTE V
9607,2021-08-20 07:17:50,4649332,CAR,2,4397,PCB070250,250,PTE V
9608,2021-08-08 01:18:47,2725671,CAR,2,4068,PC55432DA,2DA,PTP V
9609,2021-08-19 15:35:01,180003,TRUCK,4,4297,PCDE89544,544,PTP V
9610,2021-08-09 03:01:29,7870067,CAR,2,4576,PC394C979,979,PTP V
9611,2021-08-03 00:32:53,8399188,CAR,2,4796,PCEBEEE05,E05,PTP V
9612,2021-08-10 21:42:48,9587407,CAR,2,4745,PC6397888,888,PTP V
9613,2021-08-15 04:18:11,7045547,CAR,2,4653,PC1CE4935,935,PTP V
9614,2021-08-08 01:44:57,1140200,VAN,2,4401,PC0606D6A,D6A,PTP V
9615,2021-08-09 16:42:50,3951989,TRUCK,4,4978,PCF0B5E85,E85,PTP V
9616,2021-08-03 07:22:34,6196290,CAR,2,4179,PC5738A82,A82,PTE V
9617,2021-08-06 04:07:55,8763857,CAR,2,4391,PCCFD9AB6,AB6,PTP V
9618,2021-08-18 09:46:21,6974614,TRUCK,4,4714,PC9B747F8,7F8,PTP V
9619,2021-08-07 23:04:32,2342216,CAR,2,5003,PCAC9371E,71E,PTP V
9620,2021-08-06 11:53:38,1070602,TRUCK,4,4889,PC3547FAD,FAD,PTC V
9621,2021-08-01 21:10:46,185947,CAR,2,4716,PCFCB0018,018,PTP V
9622,2021-08-20 15:54:40,4298104,CAR,2,4603,PC485BE5B,E5B,PTE V
9623,2021-08-04 02:38:17,3950740,VAN,2,4957,PC8DFFE65,E65,PTE V
9624,2021-07-30 06:52:01,4015663,CAR,2,4257,PC1AB9C93,C93,PTE V
9625,2021-08-03 22:52:39,3889023,CAR,2,4498,PCA770E5A,E5A,PTE V
9626,2021-07-31 02:00:14,2861980,CAR,2,4212,PC422A6D1,6D1,PTC V
9627,2021-08-12 19:09:50,3296038,VAN,2,4803,PC2BBEEDC,EDC,PTE V
9628,2021-08-19 11:43:06,641335,CAR,2,4770,PC9082A17,A17,PTC V
9629,2021-08-11 02:20:21,3862703,CAR,2,4550,PC21A1833,833,PTP V
9630,2021-08-21 05:25:44,2063286,CAR,2,4768,PC7BEFC3B,C3B,PTE V
9631,2021-08-02 04:17:16,2369440,CAR,2,4372,PC1E0F3B6,3B6,PTE V
9632,2021-08-16 16:41:46,4952094,CAR,2,4665,PCF63C15F,15F,PTC V
9633,2021-07-29 19:53:50,5712166,CAR,2,4128,PCC0E7E2A,E2A,PTP V
9634,2021-08-16 13:44:47,2908046,CAR,2,4670,PC2BE6D87,D87,PTE V
9635,2021-08-18 20:14:49,8116508,CAR,2,4827,PC7D68CD9,CD9,PTE V
9636,2021-08-11 12:39:15,9563852,CAR,2,4562,PC4C95CA2,CA2,PTE V
9637,2021-08-22 09:09:22,6021550,CAR,2,4279,PCCA817EB,7EB,PTE V
9638,2021-08-16 11:40:31,229060,VAN,2,4275,PC1DA31F7,1F7,PTC V
9639,2021-08-08 20:54:42,4606761,VAN,2,4923,PC8A7A22A,22A,PTC V
9640,2021-08-12 17:47:20,9448352,TRUCK,4,4178,PC8417B09,B09,PTP V
9641,2021-08-08 01:14:23,5867847,TRUCK,4,4688,PCCB4C86D,86D,PTE V
9642,2021-08-16 03:31:09,4064169,CAR,2,4012,PCEF5C190,190,PTE V
9643,2021-07-31 07:20:31,237547,TRUCK,4,4103,PC2B868A9,8A9,PTP V
9644,2021-07-31 01:13:15,8230651,CAR,2,4643,PC6713209,209,PTE V
9645,2021-08-01 03:30:21,7163735,TRUCK,4,4161,PCF8F6133,133,PTC V
9646,2021-08-01 03:14:24,5628988,CAR,2,4676,PC9798721,721,PTE V
9647,2021-08-01 15:47:48,9028762,VAN,2,4962,PCF858E11,E11,PTC V
9648,2021-08-16 05:38:44,5096820,CAR,2,4451,PCF95BF53,F53,PTP V
9649,2021-07-31 20:42:41,1016405,VAN,2,4738,PC06E9A80,A80,PTE V
9650,2021-08-10 08:05:59,8782196,CAR,2,4826,PCE1DDBB4,BB4,PTE V
9651,2021-08-14 21:02:43,3987978,VAN,2,4904,PC36C6441,441,PTE V
9652,2021-08-15 03:47:21,2980374,CAR,2,4673,PC66E7418,418,PTC V
9653,2021-08-16 03:45:37,8728677,TRUCK,4,4641,PCAA9F518,518,PTE V
9654,2021-08-08 08:52:53,7866722,VAN,2,4132,PC8E2A7E0,7E0,PTP V
9655,2021-08-08 15:54:53,5042345,TRUCK,4,4387,PCE2B9376,376,PTE V
9656,2021-08-03 15:37:33,4026775,TRUCK,4,4978,PCF0B5E85,E85,PTP V
9657,2021-08-05 21:36:53,9818682,CAR,2,4583,PC0567192,192,PTP V
9658,2021-08-22 01:07:31,3899975,CAR,2,4347,PC3EC1FDF,FDF,PTE V
9659,2021-08-16 22:49:57,9363353,CAR,2,4063,PC7667A3E,A3E,PTE V
9660,2021-07-30 12:37:41,1473508,VAN,2,4716,PCFCB0018,018,PTC V
9661,2021-07-30 01:34:16,6546784,CAR,2,4872,PC5B45CE7,CE7,PTP V
9662,2021-08-07 06:42:20,2159835,CAR,2,4285,PCB524A9F,A9F,PTE V
9663,2021-08-01 09:55:22,7073369,CAR,2,4400,PC3BD7D63,D63,PTC V
9664,2021-08-03 19:15:51,6068990,CAR,2,4448,PC19F3DBB,DBB,PTC V
9665,2021-08-18 04:58:53,5333586,TRUCK,4,4571,PC2308E9E,E9E,PTP V
9666,2021-08-12 18:16:34,9334189,CAR,2,4871,PC397AFA3,FA3,PTC V
9667,2021-08-06 18:24:24,7495377,CAR,2,4796,PCEBEEE05,E05,PTP V
9668,2021-08-13 13:15:02,9450550,CAR,2,4737,PCED7EAFE,AFE,PTE V
9669,2021-07-29 18:35:49,2607363,CAR,2,4865,PCCACA741,741,PTE V
9670,2021-07-29 20:13:47,4556956,TRUCK,4,4831,PC0EC3E54,E54,PTC V
9671,2021-08-13 01:48:30,7491597,CAR,2,4533,PC8DA1D3B,D3B,PTC V
9672,2021-08-17 07:39:41,7223953,CAR,2,4514,PC374C341,341,PTC V
9673,2021-08-22 07:54:32,7523401,CAR,2,4900,PCFE8B604,604,PTP V
9674,2021-08-05 15:01:42,9326729,VAN,2,4411,PC3AA93E6,3E6,PTC V
9675,2021-07-29 16:47:33,9952704,VAN,2,4793,PCD8E3CCB,CCB,PTC V
9676,2021-08-08 22:27:57,2866840,VAN,2,4920,PC42A3AB0,AB0,PTP V
9677,2021-08-11 16:43:57,2288757,TRUCK,4,4434,PCA491459,459,PTP V
9678,2021-08-01 22:48:53,4398891,CAR,2,4252,PCA32686D,86D,PTE V
9679,2021-08-07 12:32:08,3176127,VAN,2,4517,PC9AF321D,21D,PTC V
9680,2021-08-03 10:18:22,8470455,CAR,2,4919,PC7A3A5CF,5CF,PTP V
9681,2021-08-12 04:31:30,8765704,CAR,2,4144,PCAC7E4C1,4C1,PTC V
9682,2021-08-02 01:59:31,247024,TRUCK,4,4551,PCCA5979C,79C,PTE V
9683,2021-08-13 21:00:41,9042929,TRUCK,4,4930,PC22F748B,48B,PTC V
9684,2021-08-12 12:43:04,1972634,TRUCK,4,4490,PC89C1789,789,PTP V
9685,2021-08-13 23:48:46,9643418,CAR,2,4715,PCFA0E4C0,4C0,PTC V
9686,2021-08-17 00:09:19,2442171,CAR,2,4109,PC7057B6A,B6A,PTC V
9687,2021-08-05 03:12:40,5393743,VAN,2,4030,PCA8A9AA8,AA8,PTC V
9688,2021-08-07 23:51:14,2464009,TRUCK,4,4151,PC0AB2B55,B55,PTP V
9689,2021-07-31 00:00:23,6708380,CAR,2,4194,PC96AD1EB,1EB,PTP V
9690,2021-08-04 03:18:22,4375005,CAR,2,4740,PC04EDDB4,DB4,PTC V
9691,2021-08-14 12:34:39,1238910,TRUCK,4,4461,PCACD9839,839,PTP V
9692,2021-08-05 06:27:41,3891855,TRUCK,4,4720,PCDD23528,528,PTP V
9693,2021-08-15 16:04:04,2932641,TRUCK,4,4985,PCCA71D2C,D2C,PTP V
9694,2021-08-14 19:33:38,3676235,CAR,2,4068,PC55432DA,2DA,PTP V
9695,2021-08-17 07:23:15,8340417,CAR,2,4519,PC92A6471,471,PTP V
9696,2021-07-29 18:36:25,8941706,TRUCK,4,4184,PC43A5E42,E42,PTE V
9697,2021-07-29 21:39:52,6904361,CAR,2,4772,PC7368097,097,PTP V
9698,2021-08-18 21:34:15,4739277,CAR,2,4718,PC81E83B9,3B9,PTC V
9699,2021-08-19 18:25:21,7684743,CAR,2,4994,PC09C5F59,F59,PTE V
9700,2021-08-09 14:07:52,7304427,CAR,2,4650,PC544AE70,E70,PTE V
9701,2021-07-29 19:58:53,4264602,TRUCK,4,4356,PCF1979AE,9AE,PTP V
9702,2021-08-14 02:29:57,9500595,VAN,2,4830,PC12EEFE0,FE0,PTP V
9703,2021-08-18 02:46:00,7942258,TRUCK,4,5004,PC2111CF9,CF9,PTE V
9704,2021-08-20 23:43:27,9528142,CAR,2,4435,PC3E78C17,C17,PTC V
9705,2021-08-13 22:59:55,5507403,CAR,2,4063,PC7667A3E,A3E,PTC V
9706,2021-08-11 21:42:37,85693,CAR,2,4884,PC3FB1BB6,BB6,PTE V
9707,2021-08-08 01:51:46,9172244,CAR,2,4289,PCF621E92,E92,PTP V
9708,2021-08-19 08:10:24,6153219,CAR,2,4224,PCD83983A,83A,PTC V
9709,2021-08-20 08:29:47,4488178,CAR,2,4419,PC99BB7A3,7A3,PTE V
9710,2021-08-01 17:57:39,7020704,TRUCK,4,4978,PCF0B5E85,E85,PTE V
9711,2021-08-21 07:38:18,4373034,CAR,2,4196,PC4B8A835,835,PTC V
9712,2021-08-10 16:15:15,6098190,CAR,2,4842,PC16F5A24,A24,PTC V
9713,2021-07-30 00:07:57,1408519,CAR,2,4897,PCAB2FA02,A02,PTE V
9714,2021-08-06 13:48:19,9811049,TRUCK,4,4123,PCDE850D8,0D8,PTP V
9715,2021-08-22 02:05:44,5982216,TRUCK,4,4093,PC951FE7E,E7E,PTE V
9716,2021-08-09 10:52:57,2160778,CAR,2,4081,PCC825DB2,DB2,PTC V
9717,2021-08-16 11:10:41,3282619,CAR,2,4835,PC4645718,718,PTE V
9718,2021-08-14 07:25:05,705797,CAR,2,4900,PCFE8B604,604,PTE V
9719,2021-08-13 04:14:17,7669078,CAR,2,4881,PCDE20E6F,E6F,PTE V
9720,2021-07-31 22:39:14,2050314,CAR,2,4604,PC0553E32,E32,PTE V
9721,2021-07-30 01:04:26,7952934,CAR,2,4101,PCCC8F243,243,PTE V
9722,2021-08-19 14:21:44,5744617,CAR,2,4439,PC845CEA6,EA6,PTE V
9723,2021-08-17 05:36:24,3568808,CAR,2,4720,PCDD23528,528,PTE V
9724,2021-08-19 16:49:19,1945658,CAR,2,4017,PCC090C3A,C3A,PTE V
9725,2021-08-06 16:14:14,244356,CAR,2,4413,PC6C88C27,C27,PTC V
9726,2021-08-20 02:19:13,4745681,TRUCK,4,4223,PCA37D114,114,PTE V
9727,2021-08-15 23:22:12,9961386,CAR,2,4299,PCAD3B9BC,9BC,PTE V
9728,2021-08-02 22:58:09,4397315,CAR,2,4273,PC0EF5BA6,BA6,PTC V
9729,2021-08-22 07:46:01,6563695,CAR,2,4203,PC5295A46,A46,PTP V
9730,2021-08-15 07:41:55,7329800,CAR,2,4194,PC96AD1EB,1EB,PTE V
9731,2021-08-07 00:58:58,2853004,VAN,2,4668,PCBB055C6,5C6,PTC V
9732,2021-08-08 18:19:33,1078564,CAR,2,4319,PCAD79413,413,PTE V
9733,2021-08-01 21:13:42,8353156,TRUCK,4,4779,PCC8FE9C6,9C6,PTE V
9734,2021-08-04 14:55:27,8020178,CAR,2,4922,PC785D63F,63F,PTE V
9735,2021-08-10 13:57:39,9039035,CAR,2,4413,PC6C88C27,C27,PTE V
9736,2021-08-01 06:03:45,7738887,VAN,2,4243,PCC4F7DCE,DCE,PTP V
9737,2021-08-07 12:04:36,1847041,TRUCK,4,5000,PCFE7F7FE,7FE,PTP V
9738,2021-08-18 05:05:25,7624479,CAR,2,4024,PC91E3A87,A87,PTP V
9739,2021-08-08 18:09:18,4583772,CAR,2,4397,PCB070250,250,PTP V
9740,2021-08-03 02:29:33,1333626,CAR,2,4031,PC0214185,185,PTC V
9741,2021-08-03 01:50:17,7011169,CAR,2,4281,PC2804C85,C85,PTE V
9742,2021-08-20 10:07:59,4822017,VAN,2,4816,PCB500A9F,A9F,PTE V
9743,2021-08-02 10:46:10,1934820,VAN,2,4628,PC34C1DCB,DCB,PTP V
9744,2021-08-12 22:24:38,8214992,CAR,2,4639,PC879E7AB,7AB,PTP V
9745,2021-08-14 01:07:18,1675106,TRUCK,4,4243,PCC4F7DCE,DCE,PTP V
9746,2021-08-03 00:08:26,7458367,VAN,2,4182,PC5EBB0FA,0FA,PTP V
9747,2021-08-18 22:28:22,2433521,CAR,2,4392,PCAF6E464,464,PTE V
9748,2021-08-03 21:32:52,2563177,CAR,2,4115,PCF5D4B0A,B0A,PTC V
9749,2021-08-15 08:22:32,6647017,VAN,2,4378,PC074E6A8,6A8,PTE V
9750,2021-08-01 06:17:12,5910206,TRUCK,4,4481,PC30AAE76,E76,PTC V
9751,2021-08-17 14:49:02,1591974,CAR,2,4648,PC576AD85,D85,PTE V
9752,2021-08-04 00:28:18,6781791,CAR,2,4966,PC4E6422C,22C,PTE V
9753,2021-07-30 01:31:56,3985577,CAR,2,4020,PC2265FB3,FB3,PTC V
9754,2021-08-07 02:01:23,6789126,CAR,2,4733,PC797AEBF,EBF,PTC V
9755,2021-08-19 04:11:59,2898956,TRUCK,4,4231,PC016D687,687,PTC V
9756,2021-08-13 16:12:05,7394552,TRUCK,4,4062,PCDA37101,101,PTE V
9757,2021-08-12 12:21:06,6914512,CAR,2,4815,PC19C02F1,2F1,PTC V
9758,2021-08-21 19:21:41,1226180,CAR,2,4009,PCF984421,421,PTE V
9759,2021-08-22 13:43:58,3771599,VAN,2,4023,PC77793DF,3DF,PTC V
9760,2021-08-20 02:59:00,4868638,CAR,2,4694,PCBCF42C2,2C2,PTE V
9761,2021-07-31 08:56:30,4654288,CAR,2,4837,PCA10FFA0,FA0,PTE V
9762,2021-08-04 17:29:21,3343210,CAR,2,4369,PCD5CBB82,B82,PTP V
9763,2021-08-15 16:51:20,4745906,VAN,2,4700,PC14E538A,38A,PTP V
9764,2021-08-01 06:19:52,8088195,CAR,2,4306,PC5D6563A,63A,PTP V
9765,2021-07-30 01:48:54,6094096,CAR,2,4403,PCCAFA3BB,3BB,PTE V
9766,2021-08-05 03:16:40,2588714,TRUCK,4,4282,PCCE002E5,2E5,PTC V
9767,2021-08-13 14:12:22,246208,CAR,2,4007,PCDF9F773,773,PTE V
9768,2021-08-02 01:09:05,7248719,TRUCK,4,4079,PCF1366ED,6ED,PTC V
9769,2021-08-11 15:09:41,2279173,TRUCK,4,4060,PC481C9F9,9F9,PTE V
9770,2021-08-21 17:01:20,1696210,TRUCK,4,4303,PC2E2E0C0,0C0,PTE V
9771,2021-08-01 12:22:51,9768138,CAR,2,4921,PCA70760B,60B,PTC V
9772,2021-08-17 21:32:40,7356461,CAR,2,4705,PC174C464,464,PTE V
9773,2021-08-03 03:48:13,1947570,CAR,2,4089,PC3CCA187,187,PTC V
9774,2021-07-30 20:22:17,8133225,VAN,2,4642,PC17D596F,96F,PTP V
9775,2021-08-06 17:14:16,1167367,CAR,2,4248,PC45EBEBC,EBC,PTE V
9776,2021-08-16 13:44:09,750743,TRUCK,4,4093,PC951FE7E,E7E,PTP V
9777,2021-08-17 07:04:20,5405452,CAR,2,4377,PC4AC8EAD,EAD,PTC V
9778,2021-08-02 18:21:44,4261352,CAR,2,4397,PCB070250,250,PTP V
9779,2021-08-02 02:57:28,2854439,VAN,2,4441,PC472C08E,08E,PTP V
9780,2021-08-03 22:34:49,3335357,CAR,2,4826,PCE1DDBB4,BB4,PTE V
9781,2021-08-01 23:36:21,6943932,CAR,2,4365,PC0F226DF,6DF,PTC V
9782,2021-07-31 15:51:08,2111483,VAN,2,4971,PC0BD172F,72F,PTE V
9783,2021-08-10 16:34:15,2412639,CAR,2,4582,PC98750ED,0ED,PTC V
9784,2021-08-04 14:16:02,2486503,CAR,2,4493,PC124B4C0,4C0,PTP V
9785,2021-08-09 22:29:40,4897711,TRUCK,4,4775,PCA50FB36,B36,PTE V
9786,2021-08-15 02:13:30,3312577,CAR,2,4259,PCBB65EF4,EF4,PTC V
9787,2021-08-06 00:20:52,9958931,TRUCK,4,4170,PC8CA1B15,B15,PTC V
9788,2021-08-06 03:06:36,7255232,TRUCK,4,4867,PC5A6D86E,86E,PTE V
9789,2021-08-16 11:39:58,9128917,CAR,2,4041,PCB566359,359,PTC V
9790,2021-07-31 03:02:04,4092704,TRUCK,4,4327,PC16F59EC,9EC,PTE V
9791,2021-08-10 17:13:58,9486242,TRUCK,4,4893,PC3743587,587,PTP V
9792,2021-08-19 19:32:47,996753,TRUCK,4,4285,PCB524A9F,A9F,PTP V
9793,2021-07-30 22:16:28,4610441,CAR,2,4629,PCC5E1C04,C04,PTE V
9794,2021-08-15 22:46:48,4289065,VAN,2,4395,PC6F25DF0,DF0,PTC V
9795,2021-08-09 06:34:40,2711732,CAR,2,4599,PC800C92D,92D,PTP V
9796,2021-08-06 03:51:42,6347297,CAR,2,4342,PCE7F2748,748,PTE V
9797,2021-08-04 12:55:06,559553,TRUCK,4,4354,PC0671DD4,DD4,PTE V
9798,2021-08-08 20:09:03,8899427,CAR,2,4373,PC8806694,694,PTC V
9799,2021-07-30 18:29:37,9470294,CAR,2,4687,PC52E7369,369,PTC V
9800,2021-08-18 10:42:19,2182803,CAR,2,4451,PCF95BF53,F53,PTE V
9801,2021-08-08 17:27:35,4355878,CAR,2,4204,PC5881E06,E06,PTC V
9802,2021-08-05 10:16:36,2328033,VAN,2,4187,PCF8D98DC,8DC,PTE V
9803,2021-08-07 08:55:39,7536685,VAN,2,4075,PC2125618,618,PTE V
9804,2021-08-06 18:14:52,5585073,TRUCK,4,4986,PC9787B8A,B8A,PTC V
9805,2021-08-14 00:22:28,9635272,CAR,2,4578,PC90D44D0,4D0,PTP V
9806,2021-08-06 16:08:34,202724,CAR,2,4714,PC9B747F8,7F8,PTC V
9807,2021-08-18 21:30:44,927824,VAN,2,4816,PCB500A9F,A9F,PTC V
9808,2021-08-05 05:38:44,6660207,VAN,2,4588,PC3172195,195,PTE V
9809,2021-08-06 19:34:16,35602,TRUCK,4,4982,PC384779E,79E,PTC V
9810,2021-08-11 03:07:00,1526242,TRUCK,4,4081,PCC825DB2,DB2,PTC V
9811,2021-08-02 15:22:07,1183687,CAR,2,4033,PC783B5FC,5FC,PTE V
9812,2021-08-02 16:01:55,1430267,VAN,2,4075,PC2125618,618,PTP V
9813,2021-08-12 02:57:41,2510681,CAR,2,4642,PC17D596F,96F,PTC V
9814,2021-08-16 19:36:51,385545,CAR,2,4007,PCDF9F773,773,PTP V
9815,2021-08-09 08:33:46,7677801,CAR,2,4205,PC85DD257,257,PTE V
9816,2021-08-08 19:36:48,3225636,CAR,2,4030,PCA8A9AA8,AA8,PTE V
9817,2021-08-11 20:16:50,8845930,CAR,2,4947,PCE4A44BE,4BE,PTP V
9818,2021-08-11 16:34:46,4619453,CAR,2,4254,PC0C0EE22,E22,PTE V
9819,2021-08-08 13:08:13,8425372,CAR,2,4510,PC652EEF2,EF2,PTC V
9820,2021-08-12 23:21:16,6265628,TRUCK,4,4551,PCCA5979C,79C,PTP V
9821,2021-08-10 00:00:54,3206554,CAR,2,4678,PCD175301,301,PTE V
9822,2021-08-03 11:48:33,5736790,CAR,2,4918,PC8F8E598,598,PTC V
9823,2021-08-04 20:50:48,789646,TRUCK,4,4778,PCCCADDBD,DBD,PTC V
9824,2021-08-18 03:55:16,7703957,TRUCK,4,4833,PC71A1452,452,PTP V
9825,2021-08-13 01:54:22,5800318,CAR,2,4713,PCD4A1214,214,PTP V
9826,2021-08-05 03:29:28,6152403,CAR,2,4206,PCAC34A40,A40,PTE V
9827,2021-08-16 03:38:59,6580150,CAR,2,4129,PCA6127FF,7FF,PTE V
9828,2021-08-07 22:25:54,3352795,TRUCK,4,4383,PC4BFE950,950,PTE V
9829,2021-08-15 18:11:09,6233523,CAR,2,4088,PC14008D5,8D5,PTP V
9830,2021-08-02 04:29:28,5830777,CAR,2,4262,PCCB12F8C,F8C,PTE V
9831,2021-07-29 11:33:04,5555605,TRUCK,4,4375,PCAE085FE,5FE,PTC V
9832,2021-08-01 09:22:17,7284644,VAN,2,4858,PC94DC1E6,1E6,PTC V
9833,2021-08-16 07:28:58,868054,CAR,2,4867,PC5A6D86E,86E,PTC V
9834,2021-08-16 14:59:14,8299101,VAN,2,4686,PCD6E5E77,E77,PTP V
9835,2021-08-13 17:54:27,5425361,CAR,2,4564,PC29D136F,36F,PTE V
9836,2021-08-03 02:50:41,2631887,CAR,2,4344,PC417B8DF,8DF,PTP V
9837,2021-08-15 03:13:45,127304,TRUCK,4,4114,PC4CD2B81,B81,PTE V
9838,2021-08-19 21:16:28,3251416,TRUCK,4,4604,PC0553E32,E32,PTP V
9839,2021-08-10 03:40:50,1465207,CAR,2,4463,PCAB21FC5,FC5,PTP V
9840,2021-08-18 13:36:38,5686621,CAR,2,4379,PC87C8BC4,BC4,PTE V
9841,2021-08-08 01:57:51,8141204,TRUCK,4,4749,PC65C93B7,3B7,PTE V
9842,2021-08-13 08:36:55,5506150,CAR,2,4817,PCFF02057,057,PTP V
9843,2021-08-06 08:17:13,7381335,TRUCK,4,4283,PC953B572,572,PTE V
9844,2021-08-16 01:28:21,6759474,CAR,2,4594,PC59414DA,4DA,PTC V
9845,2021-08-01 10:53:06,1664565,CAR,2,4119,PC9EBEDB5,DB5,PTP V
9846,2021-08-03 05:22:02,5370708,CAR,2,4545,PC419B1CB,1CB,PTP V
9847,2021-08-06 19:14:02,6356224,CAR,2,4341,PC1E10EC3,EC3,PTE V
9848,2021-08-03 04:01:35,1150489,CAR,2,4611,PC2EBEAB9,AB9,PTC V
9849,2021-07-30 10:31:53,7956266,CAR,2,4412,PC821BC98,C98,PTP V
9850,2021-08-09 00:34:34,8314694,CAR,2,4093,PC951FE7E,E7E,PTC V
9851,2021-08-04 06:08:57,44895,CAR,2,4479,PCCA36E4D,E4D,PTC V
9852,2021-07-30 12:23:09,567192,CAR,2,4002,PCED7D2DE,2DE,PTP V
9853,2021-08-05 21:52:08,8637695,TRUCK,4,4014,PCF14D1E3,1E3,PTE V
9854,2021-08-02 16:47:03,3344180,CAR,2,4691,PCFAB001F,01F,PTE V
9855,2021-08-19 20:07:27,8512908,CAR,2,4631,PCFFF6463,463,PTE V
9856,2021-08-05 08:50:46,7065511,CAR,2,4297,PCDE89544,544,PTC V
9857,2021-08-15 05:45:03,2647050,CAR,2,4590,PC912F5CB,5CB,PTC V
9858,2021-08-03 20:47:09,5979641,CAR,2,4753,PC6AA246E,46E,PTE V
9859,2021-08-11 04:50:12,3916811,TRUCK,4,4273,PC0EF5BA6,BA6,PTC V
9860,2021-08-08 00:55:58,3481119,CAR,2,4966,PC4E6422C,22C,PTP V
9861,2021-08-11 20:32:54,9840627,TRUCK,4,4005,PCB3DF742,742,PTP V
9862,2021-08-09 20:17:26,4055215,CAR,2,4872,PC5B45CE7,CE7,PTP V
9863,2021-08-12 01:03:24,6670138,CAR,2,4516,PCF7F25B7,5B7,PTC V
9864,2021-08-08 02:17:09,6908220,CAR,2,4846,PCBABD060,060,PTE V
9865,2021-08-05 15:31:27,4449294,CAR,2,4345,PCAC01231,231,PTE V
9866,2021-08-16 21:41:43,2302845,TRUCK,4,4469,PC120EEFD,EFD,PTE V
9867,2021-08-02 18:37:30,6760459,TRUCK,4,4587,PC576A3BA,3BA,PTE V
9868,2021-08-08 12:46:26,6116705,VAN,2,4428,PCB616FAD,FAD,PTP V
9869,2021-08-21 15:13:44,7910850,CAR,2,4859,PC685B3B1,3B1,PTE V
9870,2021-08-07 23:01:28,7137638,CAR,2,4629,PCC5E1C04,C04,PTC V
9871,2021-08-16 00:58:55,5992856,CAR,2,4297,PCDE89544,544,PTP V
9872,2021-08-19 00:25:59,7772199,TRUCK,4,4163,PC95B4E03,E03,PTE V
9873,2021-08-19 07:02:05,175068,CAR,2,4369,PCD5CBB82,B82,PTE V
9874,2021-08-16 09:23:49,5588173,VAN,2,4240,PC72FE04B,04B,PTC V
9875,2021-08-13 09:45:20,6571736,CAR,2,4616,PCE6675F9,5F9,PTE V
9876,2021-08-12 23:44:06,7065156,CAR,2,4866,PC3137434,434,PTE V
9877,2021-08-18 09:14:13,2259227,CAR,2,4765,PC795A0A3,0A3,PTP V
9878,2021-08-10 19:05:00,3758146,TRUCK,4,4679,PC88494D0,4D0,PTP V
9879,2021-08-08 11:37:36,5756649,CAR,2,4599,PC800C92D,92D,PTC V
9880,2021-07-30 18:44:10,7609434,CAR,2,4950,PC4F71E72,E72,PTC V
9881,2021-07-31 01:00:38,4612737,TRUCK,4,4565,PC388BB83,B83,PTE V
9882,2021-08-18 12:20:10,9471878,CAR,2,4005,PCB3DF742,742,PTE V
9883,2021-08-03 17:24:52,245090,CAR,2,4044,PC3546931,931,PTE V
9884,2021-08-09 20:42:43,9455546,CAR,2,4462,PCE29AA1A,A1A,PTP V
9885,2021-08-14 13:13:53,9394455,CAR,2,4789,PCBE8B2AB,2AB,PTE V
9886,2021-08-04 03:52:45,3842287,CAR,2,4377,PC4AC8EAD,EAD,PTC V
9887,2021-08-16 01:39:48,99545,CAR,2,4869,PCF775FA6,FA6,PTP V
9888,2021-08-22 15:40:41,9008486,CAR,2,4136,PCA579A65,A65,PTP V
9889,2021-08-07 23:05:08,3026459,CAR,2,4446,PC7F1A5B9,5B9,PTC V
9890,2021-08-21 03:01:38,354355,CAR,2,4146,PCF91266E,66E,PTE V
9891,2021-08-13 22:06:10,9606153,VAN,2,4304,PC89FB76E,76E,PTE V
9892,2021-08-22 10:19:39,7864916,VAN,2,4197,PCE32ED40,D40,PTC V
9893,2021-08-02 05:35:43,5703486,CAR,2,4110,PCF891CEB,CEB,PTP V
9894,2021-07-30 17:33:06,7672660,VAN,2,4464,PC7C8FDDB,DDB,PTE V
9895,2021-08-10 08:14:10,1101990,VAN,2,4247,PCEE69498,498,PTE V
9896,2021-08-13 21:51:40,2879633,CAR,2,4006,PCD8D05D7,5D7,PTP V
9897,2021-08-14 10:39:10,7974503,CAR,2,4168,PCBC064F8,4F8,PTC V
9898,2021-08-11 09:46:21,217903,CAR,2,4817,PCFF02057,057,PTP V
9899,2021-08-04 07:41:26,221444,CAR,2,4912,PC526B1EC,1EC,PTP V
9900,2021-08-13 06:41:35,4391839,TRUCK,4,4891,PC57036DA,6DA,PTP V
9901,2021-08-15 04:12:26,3857242,TRUCK,4,4999,PCE976BA1,BA1,PTE V
9902,2021-08-21 17:37:58,1641905,CAR,2,4294,PC867796D,96D,PTE V
9903,2021-08-10 21:15:02,7191101,CAR,2,4222,PC15EC378,378,PTP V
9904,2021-08-03 11:33:16,8046923,CAR,2,4621,PC9FB4E82,E82,PTC V
9905,2021-08-09 04:24:36,9381307,CAR,2,4303,PC2E2E0C0,0C0,PTP V
9906,2021-08-06 22:36:53,2276940,CAR,2,4173,PC0EB640E,40E,PTC V
9907,2021-08-06 03:03:46,177501,TRUCK,4,4157,PC7305E43,E43,PTE V
9908,2021-08-05 18:05:34,5874149,TRUCK,4,4873,PCE01E4DF,4DF,PTC V
9909,2021-08-16 14:21:52,5035625,VAN,2,4440,PCBE1B45D,45D,PTP V
9910,2021-08-09 20:39:19,7332586,CAR,2,4826,PCE1DDBB4,BB4,PTE V
9911,2021-07-29 21:03:13,8287359,CAR,2,4905,PCE1EA438,438,PTP V
9912,2021-08-02 18:35:54,1784828,CAR,2,4604,PC0553E32,E32,PTE V
9913,2021-08-20 16:30:29,8155294,CAR,2,4338,PC6203962,962,PTP V
9914,2021-08-16 12:52:13,1549478,VAN,2,4281,PC2804C85,C85,PTE V
9915,2021-08-09 08:26:48,3015139,TRUCK,4,4848,PCF0FC9B2,9B2,PTE V
9916,2021-08-21 01:15:30,4286410,CAR,2,4503,PC69DE15C,15C,PTP V
9917,2021-08-11 06:44:19,6676316,CAR,2,4965,PCA0BAE0F,E0F,PTE V
9918,2021-08-20 07:23:07,4141750,CAR,2,4194,PC96AD1EB,1EB,PTC V
9919,2021-07-29 23:27:35,2727338,TRUCK,4,4071,PCDBBCB68,B68,PTE V
9920,2021-08-11 22:08:55,7396516,CAR,2,4879,PCC90A061,061,PTC V
9921,2021-08-15 12:57:19,2905298,CAR,2,4493,PC124B4C0,4C0,PTC V
9922,2021-08-19 05:37:56,7825326,CAR,2,4453,PC5EC8DF5,DF5,PTP V
9923,2021-08-20 15:52:13,6432959,VAN,2,4004,PCB278A8B,A8B,PTE V
9924,2021-08-03 09:18:13,5418703,CAR,2,4518,PCC7B407A,07A,PTE V
9925,2021-07-30 07:09:31,4491510,CAR,2,4826,PCE1DDBB4,BB4,PTE V
9926,2021-08-13 17:46:43,279757,CAR,2,4536,PCC6C5CFB,CFB,PTC V
9927,2021-08-04 06:47:49,473325,TRUCK,4,4093,PC951FE7E,E7E,PTP V
9928,2021-08-09 09:59:12,7505129,CAR,2,4010,PC3A7AACB,ACB,PTC V
9929,2021-08-08 02:16:53,5562159,CAR,2,4576,PC394C979,979,PTP V
9930,2021-08-02 20:57:20,4283636,CAR,2,4568,PCA8A783A,83A,PTE V
9931,2021-08-10 18:23:37,2937721,CAR,2,4294,PC867796D,96D,PTP V
9932,2021-08-22 02:34:25,9848020,CAR,2,4636,PCDECFC74,C74,PTE V
9933,2021-08-14 06:59:14,473853,TRUCK,4,4723,PC20BD6E6,6E6,PTE V
9934,2021-08-02 16:12:07,5237399,CAR,2,4670,PC2BE6D87,D87,PTE V
9935,2021-08-10 11:32:17,4104467,CAR,2,4511,PCFBEFA9E,A9E,PTE V
9936,2021-08-03 09:40:28,1388424,CAR,2,4656,PC63844BC,4BC,PTE V
9937,2021-08-12 05:32:47,1359389,CAR,2,4884,PC3FB1BB6,BB6,PTC V
9938,2021-08-09 06:50:15,9579236,CAR,2,4097,PCB1B5BEC,BEC,PTE V
9939,2021-08-12 13:41:46,2935598,VAN,2,4678,PCD175301,301,PTE V
9940,2021-08-02 22:24:19,3197910,VAN,2,4664,PC52D063A,63A,PTE V
9941,2021-08-08 13:11:19,8098320,CAR,2,4025,PC5ABB8E4,8E4,PTC V
9942,2021-08-21 14:06:44,2448293,CAR,2,4203,PC5295A46,A46,PTC V
9943,2021-08-09 08:32:13,9250769,TRUCK,4,4830,PC12EEFE0,FE0,PTP V
9944,2021-07-29 14:56:49,5789927,CAR,2,4997,PC8111910,910,PTE V
9945,2021-08-22 06:19:51,7357645,CAR,2,4349,PC5AB6779,779,PTP V
9946,2021-08-02 06:42:44,3899484,CAR,2,4360,PC084F676,676,PTP V
9947,2021-08-16 20:29:53,8880869,CAR,2,4281,PC2804C85,C85,PTP V
9948,2021-08-01 23:47:39,8513516,CAR,2,4077,PCF40C389,389,PTC V
9949,2021-08-08 03:18:56,8508705,VAN,2,4812,PC22D9C6D,C6D,PTE V
9950,2021-08-18 04:39:58,8729296,CAR,2,4800,PCA4DF48A,48A,PTC V
9951,2021-08-08 01:15:36,7679569,TRUCK,4,4084,PC71D433F,33F,PTP V
9952,2021-08-14 08:41:09,417655,CAR,2,4611,PC2EBEAB9,AB9,PTP V
9953,2021-08-04 18:06:45,1033041,TRUCK,4,4084,PC71D433F,33F,PTE V
9954,2021-08-11 04:42:43,4441670,CAR,2,4115,PCF5D4B0A,B0A,PTE V
9955,2021-08-19 09:18:11,6355655,CAR,2,4151,PC0AB2B55,B55,PTE V
9956,2021-08-12 01:08:35,2738289,CAR,2,4033,PC783B5FC,5FC,PTC V
9957,2021-07-31 13:47:57,6573025,CAR,2,4461,PCACD9839,839,PTE V
9958,2021-08-20 16:50:19,7533609,VAN,2,4382,PCB7341F4,1F4,PTP V
9959,2021-08-02 05:24:04,3942354,CAR,2,4996,PC6A4F55F,55F,PTC V
9960,2021-08-18 06:51:23,8339827,CAR,2,4672,PC03AE86F,86F,PTE V
9961,2021-08-11 14:24:21,7472645,CAR,2,4020,PC2265FB3,FB3,PTP V
9962,2021-08-01 18:23:46,9250929,CAR,2,4312,PC8D40B22,B22,PTE V
9963,2021-08-12 04:31:04,2796055,CAR,2,4700,PC14E538A,38A,PTP V
9964,2021-08-13 01:28:49,8983955,CAR,2,4538,PCDE5402C,02C,PTP V
9965,2021-08-16 22:21:43,2806413,TRUCK,4,4256,PC9DD0BBD,BBD,PTE V
9966,2021-08-01 03:44:02,8165518,CAR,2,4149,PC99F9ABD,ABD,PTP V
9967,2021-08-03 02:41:15,7561645,CAR,2,4797,PCE2D63A7,3A7,PTE V
9968,2021-08-07 15:15:14,7359149,TRUCK,4,4032,PC578F087,087,PTP V
9969,2021-08-20 15:01:18,6268009,TRUCK,4,4498,PCA770E5A,E5A,PTE V
9970,2021-08-12 01:40:25,3222746,CAR,2,4330,PCBD023A3,3A3,PTC V
9971,2021-08-01 20:10:51,1835750,CAR,2,4863,PCA8F9E50,E50,PTC V
9972,2021-08-02 12:37:30,8505794,CAR,2,4678,PCD175301,301,PTC V
9973,2021-08-20 09:35:30,8100735,CAR,2,4516,PCF7F25B7,5B7,PTE V
9974,2021-08-10 02:41:12,5122909,CAR,2,4593,PC3863F6A,F6A,PTP V
9975,2021-08-20 17:16:25,6124662,VAN,2,4709,PCC8C7059,059,PTP V
9976,2021-08-05 07:52:31,8637341,VAN,2,4253,PC82A16E6,6E6,PTC V
9977,2021-08-13 02:16:08,698798,TRUCK,4,4713,PCD4A1214,214,PTE V
9978,2021-08-08 18:19:13,6288309,TRUCK,4,4415,PC5E202FC,2FC,PTP V
9979,2021-08-09 12:48:52,9545877,CAR,2,4649,PCC3608EC,8EC,PTP V
9980,2021-08-08 06:34:12,7521531,TRUCK,4,4424,PC51E7EF8,EF8,PTC V
9981,2021-08-13 10:10:36,1542174,VAN,2,4573,PC4D8469D,69D,PTE V
9982,2021-08-08 10:09:27,580831,TRUCK,4,4094,PC53A52CB,2CB,PTP V
9983,2021-07-31 00:46:40,2928677,VAN,2,4370,PC70B7987,987,PTE V
9984,2021-08-09 09:57:30,3881358,TRUCK,4,4320,PC40C93B0,3B0,PTE V
9985,2021-08-08 05:03:19,2410366,CAR,2,4355,PC0EF761B,61B,PTE V
9986,2021-08-10 03:27:11,1096962,TRUCK,4,4894,PCDADB8C6,8C6,PTP V
9987,2021-08-04 19:51:42,4028726,VAN,2,4990,PCFE28E92,E92,PTE V
9988,2021-08-14 14:31:56,3898216,TRUCK,4,4268,PC6CC51DA,1DA,PTC V
9989,2021-08-02 08:18:44,2514329,CAR,2,4063,PC7667A3E,A3E,PTP V
9990,2021-08-01 05:31:27,8876318,CAR,2,4244,PC9F3C86B,86B,PTC V
9991,2021-08-03 14:48:18,8031139,CAR,2,4041,PCB566359,359,PTP V
9992,2021-08-10 13:01:41,2668955,TRUCK,4,4772,PC7368097,097,PTP V
9993,2021-08-20 08:22:47,7895579,VAN,2,4685,PC5D33C18,C18,PTP V
9994,2021-08-04 03:11:33,8971547,TRUCK,4,4435,PC3E78C17,C17,PTC V
9995,2021-08-14 13:20:43,172096,TRUCK,4,4733,PC797AEBF,EBF,PTC V
9996,2021-08-15 03:02:27,3369206,CAR,2,4907,PCCEEF65A,65A,PTE V
9997,2021-08-07 04:24:08,5886709,TRUCK,4,4262,PCCB12F8C,F8C,PTC V
9998,2021-08-09 02:58:26,917421,TRUCK,4,4462,PCE29AA1A,A1A,PTP V
9999,2021-08-17 18:41:00,2601682,TRUCK,4,4311,PC7F02ED3,ED3,PTC V
10000,2021-08-09 22:56:50,4833266,CAR,2,4260,PC1A4796C,96C,PTE V
