Rowid,Timestamp,Anonymized_Vehicle_Number,Vehicle_Type
1,2021-08-19 21:54:38,125094,car
2,2021-07-31 04:09:44,174434,car
3,2021-08-14 17:19:04,8538286,car
4,2021-08-02 18:23:45,5521221,car
5,2021-07-29 22:44:20,3267767,car
6,2021-08-14 03:57:47,8411850,car
7,2021-08-12 03:41:22,6064250,car
8,2021-08-22 10:29:58,6871937,van
9,2021-08-06 14:23:08,2055930,car
10,2021-08-15 13:43:51,8775910,car
11,2021-08-04 15:52:13,4525747,car
12,2021-08-18 02:22:15,5276143,van
13,2021-08-19 16:01:02,5405144,van
14,2021-08-03 14:55:00,9309466,car
15,2021-08-05 04:00:30,6494070,van
16,2021-08-08 13:08:17,4880588,car
17,2021-08-04 04:56:15,6964507,car
18,2021-08-15 11:22:44,5740782,truck
19,2021-07-30 11:20:47,1060261,van
20,2021-08-08 21:22:56,6599783,car
21,2021-08-11 10:33:15,4573378,car
22,2021-08-06 02:02:33,1362666,car
23,2021-08-09 05:07:58,9227112,car
24,2021-08-13 18:21:04,1245885,car
25,2021-08-12 01:36:28,6702238,car
26,2021-08-11 04:05:21,7598066,car
27,2021-08-08 19:09:41,2959560,car
28,2021-08-01 02:04:42,9223690,car
29,2021-08-15 11:11:42,495967,car
30,2021-08-14 03:39:26,1920115,car
31,2021-08-18 23:33:41,9940618,truck
32,2021-08-06 10:18:54,733942,car
33,2021-08-19 15:58:25,3232373,truck
34,2021-08-19 07:23:18,2164250,truck
35,2021-08-01 09:10:05,3714822,truck
36,2021-08-07 13:11:54,9870882,van
37,2021-08-10 01:27:00,834998,car
38,2021-08-10 14:31:35,6715866,car
39,2021-08-08 09:43:26,9723146,car
40,2021-08-02 16:18:51,2871310,car
41,2021-08-14 13:13:47,7657312,van
42,2021-08-03 03:53:05,9802000,car
43,2021-08-16 00:36:00,6514220,car
44,2021-08-20 02:10:55,3803763,car
45,2021-08-14 06:32:07,2223161,car
46,2021-07-30 02:19:56,1228573,truck
47,2021-08-04 14:30:03,4872795,car
48,2021-08-14 04:04:45,2074513,van
49,2021-08-12 04:58:14,7368256,car
50,2021-08-11 10:50:27,2168309,car
51,2021-08-08 08:37:17,5131457,car
52,2021-08-09 23:48:43,2398430,car
53,2021-08-18 17:50:45,6065595,van
54,2021-08-02 16:59:38,9885768,car
55,2021-08-19 04:54:56,4327783,car
56,2021-08-17 18:11:45,3904834,truck
57,2021-08-02 19:48:50,1358382,car
58,2021-08-17 16:46:31,3579992,car
59,2021-08-11 22:21:30,8130760,car
60,2021-07-30 09:54:24,6546218,car
61,2021-08-07 16:42:24,3673515,car
62,2021-08-04 20:43:54,9888875,truck
63,2021-08-07 20:44:08,8136080,truck
64,2021-08-12 19:23:36,2078447,van
65,2021-08-07 16:41:49,8090807,car
66,2021-08-01 07:32:04,4309692,car
67,2021-08-11 14:24:25,3752767,car
68,2021-08-04 23:10:29,9407219,car
69,2021-08-04 14:29:11,2167845,van
70,2021-08-17 01:20:54,7903517,car
71,2021-08-21 02:09:35,7385817,car
72,2021-08-19 17:52:30,5673776,car
73,2021-08-17 21:58:23,823973,car
74,2021-08-10 13:03:36,9361361,car
75,2021-08-21 19:25:57,8744445,car
76,2021-08-08 14:01:06,2910050,car
77,2021-08-05 11:21:12,1686323,car
78,2021-08-01 07:10:55,9113006,car
79,2021-07-30 15:53:32,660597,car
80,2021-08-22 16:38:30,8500934,car
81,2021-08-19 13:11:29,395519,truck
82,2021-08-09 14:17:00,2616607,truck
83,2021-08-14 10:36:28,7218572,car
84,2021-08-12 11:53:03,994857,truck
85,2021-08-02 20:12:17,3168436,car
86,2021-08-13 20:06:41,1572712,car
87,2021-07-29 17:35:21,545955,car
88,2021-08-22 05:39:41,2013386,car
89,2021-08-11 02:43:03,6566889,car
90,2021-08-11 02:39:24,852585,car
91,2021-07-29 14:30:02,6196238,truck
92,2021-08-02 11:07:12,6031416,truck
93,2021-08-04 15:15:09,6905906,van
94,2021-08-11 17:34:54,3764238,car
95,2021-08-05 06:31:23,1673826,truck
96,2021-08-21 18:13:29,316662,car
97,2021-08-19 22:17:26,2992127,truck
98,2021-08-19 12:02:31,7517992,car
99,2021-08-12 06:54:12,6232948,truck
100,2021-07-30 08:09:03,4369477,car
101,2021-08-06 18:18:53,4388245,truck
102,2021-08-07 20:49:07,8392508,car
103,2021-07-30 16:08:08,6858708,car
104,2021-08-06 06:59:16,6215048,truck
105,2021-08-13 11:20:04,7046549,truck
106,2021-08-04 18:37:46,7899881,truck
107,2021-08-20 01:13:53,9824238,car
108,2021-08-08 10:25:38,8180012,car
109,2021-08-10 12:42:19,426578,car
110,2021-07-29 11:33:20,3284775,car
111,2021-07-31 18:42:46,5487227,car
112,2021-08-12 23:09:32,1772941,car
113,2021-08-13 04:52:01,2471284,van
114,2021-08-22 03:05:40,6040036,car
115,2021-08-13 12:39:10,9249042,truck
116,2021-08-09 22:59:28,5791925,car
117,2021-08-06 01:01:14,3696614,truck
118,2021-08-02 05:42:51,7892550,car
119,2021-08-01 19:31:14,5673214,van
120,2021-08-06 05:58:42,6657095,truck
121,2021-08-09 16:03:31,2067579,van
122,2021-08-13 11:42:48,1005686,car
123,2021-08-08 02:44:35,7521772,van
124,2021-08-15 08:43:48,6545042,car
125,2021-08-09 05:03:17,3473929,truck
126,2021-08-22 02:13:18,29457,car
127,2021-08-21 23:03:24,7360318,car
128,2021-08-17 10:32:29,3427163,truck
129,2021-07-30 08:44:05,3007179,van
130,2021-08-20 06:01:27,2151509,car
131,2021-07-31 05:17:21,1067960,car
132,2021-08-03 07:01:26,1100257,car
133,2021-08-22 10:01:40,4346999,car
134,2021-08-14 17:24:04,4371005,car
135,2021-08-14 11:50:01,1583109,car
136,2021-08-18 07:26:20,8808595,car
137,2021-08-05 01:15:16,1841800,van
138,2021-07-31 00:28:44,1825050,car
139,2021-08-13 09:54:01,8490556,car
140,2021-07-29 23:02:42,2549393,truck
141,2021-08-11 13:15:55,9636921,truck
142,2021-08-19 21:13:57,8899022,truck
143,2021-08-19 08:46:24,8112100,van
144,2021-07-29 16:02:19,335366,car
145,2021-07-31 19:32:50,1716955,truck
146,2021-08-21 13:56:33,4153555,van
147,2021-07-31 12:55:05,5626263,car
148,2021-08-06 23:05:57,49472,car
149,2021-08-05 15:24:15,2497636,car
150,2021-08-03 19:13:15,7825358,truck
151,2021-07-31 11:27:59,6084818,van
152,2021-08-19 18:53:39,5455899,car
153,2021-08-17 22:11:51,1849505,van
154,2021-08-18 19:49:38,6114302,car
155,2021-08-15 12:34:18,8064123,car
156,2021-08-06 19:17:50,538972,truck
157,2021-07-30 13:58:53,6869546,truck
158,2021-08-02 16:00:33,3766512,car
159,2021-08-20 21:45:41,3528403,car
160,2021-08-20 04:59:50,4380057,van
161,2021-08-15 00:36:59,7876599,car
162,2021-08-13 00:25:06,969619,car
163,2021-07-30 13:42:03,5763049,car
164,2021-08-16 05:46:00,6079402,truck
165,2021-08-01 22:59:23,4832816,car
166,2021-08-20 12:19:46,3518759,truck
167,2021-07-31 02:42:05,4469770,truck
168,2021-08-06 11:25:34,7942552,truck
169,2021-08-17 21:17:32,2493747,truck
170,2021-08-03 15:31:28,8099060,car
171,2021-08-20 22:50:25,4492765,truck
172,2021-08-06 07:45:56,5758058,car
173,2021-08-19 00:24:55,9496559,car
174,2021-07-30 02:24:22,3174341,car
175,2021-08-13 05:55:34,3318165,car
176,2021-08-02 14:28:14,7509515,truck
177,2021-08-03 12:47:44,367073,car
178,2021-08-08 09:26:56,8543348,truck
179,2021-08-20 04:16:14,4588656,car
180,2021-08-20 04:22:16,9706662,car
181,2021-08-10 03:28:33,3359010,car
182,2021-08-18 11:24:47,7639441,car
183,2021-08-03 08:52:25,9449600,car
184,2021-08-11 06:39:10,7572233,car
185,2021-08-20 03:23:49,7096671,truck
186,2021-07-30 23:54:00,6218100,car
187,2021-08-11 07:11:55,9500467,van
188,2021-08-15 20:41:12,2551672,truck
189,2021-08-18 18:28:36,4423795,car
190,2021-08-09 07:19:12,1520424,car
191,2021-08-10 16:39:12,5680437,car
192,2021-08-09 02:30:05,1469208,van
193,2021-08-09 06:58:52,9017449,car
194,2021-08-07 03:09:03,9014873,truck
195,2021-08-07 21:03:28,6849933,car
196,2021-08-01 00:29:43,1907386,car
197,2021-08-01 01:56:36,5556619,truck
198,2021-08-17 00:22:53,8724319,truck
199,2021-08-09 08:24:12,4066334,car
200,2021-07-31 19:46:31,1208453,car
201,2021-08-06 18:13:51,8705286,truck
202,2021-08-12 00:17:15,758555,car
203,2021-08-10 22:07:00,7388283,car
204,2021-08-08 07:16:20,7589773,car
205,2021-08-18 08:29:07,2316095,car
206,2021-08-10 20:36:42,1847455,van
207,2021-08-13 05:36:53,7707016,car
208,2021-08-01 04:10:44,2616520,truck
209,2021-08-15 11:41:43,8332760,truck
210,2021-08-09 05:19:02,9677148,car
211,2021-08-04 19:23:36,2695699,car
212,2021-08-20 04:00:27,1836057,car
213,2021-08-18 09:20:33,7980271,truck
214,2021-07-31 01:41:58,9166253,car
215,2021-08-02 20:26:27,5966610,car
216,2021-08-10 14:11:13,8273227,car
217,2021-08-17 11:21:41,4772310,car
218,2021-08-12 01:18:11,401226,car
219,2021-08-02 22:30:06,5259884,van
220,2021-08-12 13:20:29,4560546,car
221,2021-08-06 23:10:56,3679257,truck
222,2021-08-08 01:28:48,5001460,car
223,2021-08-12 14:26:03,488809,car
224,2021-08-15 16:57:15,4435309,car
225,2021-08-06 17:35:18,9206176,car
226,2021-08-07 03:08:44,5665208,truck
227,2021-08-01 05:31:31,3619766,car
228,2021-08-18 09:22:29,8195160,car
229,2021-08-04 05:40:04,689804,truck
230,2021-08-16 02:36:38,7671204,car
231,2021-08-06 19:31:40,7549660,truck
232,2021-08-02 17:00:36,6999001,car
233,2021-08-12 15:17:57,3470780,truck
234,2021-08-07 15:21:43,3321932,car
235,2021-08-09 04:56:23,2993477,truck
236,2021-08-13 09:02:27,7137012,car
237,2021-08-02 07:55:35,4425207,car
238,2021-08-14 11:54:16,8906007,car
239,2021-07-31 04:23:09,2613132,car
240,2021-08-16 01:53:03,1351738,truck
241,2021-08-14 11:49:22,8845283,car
242,2021-08-18 19:07:34,5207716,car
243,2021-08-09 05:34:28,2593435,car
244,2021-08-14 08:00:30,3194131,car
245,2021-08-14 08:01:53,946473,car
246,2021-08-02 19:28:13,2098761,truck
247,2021-08-11 02:53:00,7556070,van
248,2021-08-13 20:51:49,7949412,car
249,2021-08-16 01:15:58,4982057,car
250,2021-08-15 04:10:44,1732371,car
251,2021-08-08 23:50:15,4012995,car
252,2021-08-18 07:43:49,2596237,car
253,2021-08-02 17:51:59,8381319,car
254,2021-08-11 21:55:31,5062265,truck
255,2021-08-16 17:16:35,7705983,car
256,2021-07-29 16:35:35,2307979,van
257,2021-08-16 03:21:45,2588561,car
258,2021-08-08 12:39:42,6847371,car
259,2021-08-17 15:39:08,2121085,car
260,2021-08-03 01:37:46,1734512,car
261,2021-08-17 22:18:40,7759834,truck
262,2021-08-16 10:41:55,6292412,car
263,2021-08-13 11:00:14,866998,car
264,2021-08-12 23:25:40,9057323,truck
265,2021-08-06 03:55:57,8091650,car
266,2021-08-05 23:24:23,2155384,car
267,2021-08-03 06:54:05,1867583,car
268,2021-08-16 07:28:50,2703371,truck
269,2021-08-03 20:00:16,8368036,car
270,2021-08-16 07:03:18,3418635,truck
271,2021-08-15 16:44:18,301035,car
272,2021-08-12 13:34:54,4648848,car
273,2021-08-13 02:09:10,758078,car
274,2021-08-07 04:50:03,1517284,van
275,2021-08-04 20:38:41,5708944,car
276,2021-07-29 20:17:07,202496,car
277,2021-07-29 19:34:22,6716922,truck
278,2021-08-08 03:23:33,5536264,car
279,2021-08-08 07:34:29,2105735,car
280,2021-07-31 12:39:28,8857993,car
281,2021-08-09 15:56:14,514282,car
282,2021-08-06 23:44:18,847307,truck
283,2021-08-07 06:42:24,2573891,van
284,2021-08-06 08:07:39,9009917,car
285,2021-08-19 14:34:35,1701415,truck
286,2021-08-07 20:38:49,5040531,car
287,2021-08-20 13:15:02,1297862,car
288,2021-08-04 06:15:30,1932822,van
289,2021-07-31 21:51:59,8569313,car
290,2021-08-08 06:33:09,6311114,car
291,2021-08-16 06:11:04,1451546,car
292,2021-08-20 13:36:58,1711676,van
293,2021-08-09 18:51:11,6740804,car
294,2021-08-18 12:19:24,9049528,car
295,2021-08-15 08:30:45,5269094,van
296,2021-08-11 13:15:58,4753661,car
297,2021-08-14 09:06:09,1948111,car
298,2021-08-17 00:00:26,5894664,van
299,2021-08-11 04:51:17,5455717,truck
300,2021-08-02 21:43:22,1499647,car
301,2021-08-05 21:50:38,2843245,truck
302,2021-08-16 04:30:00,9796603,truck
303,2021-08-01 21:21:40,5671860,car
304,2021-08-17 04:20:26,425972,truck
305,2021-08-10 07:28:04,7588083,car
306,2021-08-04 03:45:21,4816147,car
307,2021-08-12 06:45:42,461211,car
308,2021-07-30 07:48:58,7091224,car
309,2021-08-14 03:11:57,3540160,car
310,2021-08-21 01:26:42,863358,van
311,2021-08-21 07:49:28,2813269,truck
312,2021-08-15 02:47:01,4346673,car
313,2021-08-09 05:22:43,2872850,truck
314,2021-08-12 02:39:09,6322565,car
315,2021-08-10 13:58:49,2138116,car
316,2021-08-14 23:05:55,9574626,van
317,2021-08-05 18:17:26,8951022,car
318,2021-07-31 09:29:28,6597551,truck
319,2021-08-08 22:50:36,3348298,car
320,2021-07-30 20:45:55,846482,car
321,2021-08-03 11:54:14,6676389,car
322,2021-08-09 16:32:26,5427260,car
323,2021-08-17 07:58:48,1653255,truck
324,2021-08-17 19:16:31,2976969,car
325,2021-08-17 10:01:21,2959955,car
326,2021-08-08 13:34:03,8519579,car
327,2021-08-04 13:51:04,340196,truck
328,2021-08-15 14:02:51,1959570,truck
329,2021-08-03 14:46:46,4214176,car
330,2021-08-07 11:24:50,430612,truck
331,2021-08-07 10:02:09,2164841,car
332,2021-08-18 15:40:47,6533535,car
333,2021-08-17 10:44:33,4798571,truck
334,2021-08-15 18:22:49,2760594,car
335,2021-08-14 12:31:44,2304313,truck
336,2021-08-07 10:52:13,2985337,car
337,2021-08-21 09:14:47,4227039,car
338,2021-08-05 08:01:30,1255970,truck
339,2021-08-13 01:03:49,5241924,truck
340,2021-08-03 20:43:16,7451832,car
341,2021-08-02 04:45:44,3989343,truck
342,2021-08-14 18:14:30,1804267,van
343,2021-08-17 17:11:29,1589440,truck
344,2021-08-21 19:27:45,7750582,car
345,2021-08-08 12:34:50,116476,car
346,2021-08-20 07:15:06,2617674,car
347,2021-08-10 21:55:17,4228191,car
348,2021-08-09 14:43:31,109141,van
349,2021-08-11 16:55:19,5065439,car
350,2021-08-22 15:33:59,1852318,truck
351,2021-08-17 19:49:02,3191217,car
352,2021-08-20 13:55:39,8036070,car
353,2021-07-29 17:40:36,7270810,car
354,2021-07-31 07:08:17,4800433,car
355,2021-08-15 14:59:08,7600086,car
356,2021-08-16 20:41:37,1308715,truck
357,2021-08-19 16:46:20,448292,car
358,2021-08-03 10:52:15,8125706,truck
359,2021-08-07 22:39:54,7354020,truck
360,2021-08-20 12:45:43,8604614,car
361,2021-08-16 04:34:39,8074052,car
362,2021-08-17 21:02:38,3137291,car
363,2021-08-02 07:57:43,7817055,car
364,2021-08-02 23:55:35,9979009,car
365,2021-08-18 07:46:35,7381741,car
366,2021-08-10 09:53:24,6413555,car
367,2021-08-05 09:24:17,5271350,car
368,2021-08-21 02:13:24,5887331,car
369,2021-08-13 03:38:51,2484968,car
370,2021-08-15 21:25:06,2023578,car
371,2021-08-14 14:44:43,2574839,car
372,2021-08-21 11:27:08,192172,truck
373,2021-07-31 09:30:08,1794758,truck
374,2021-08-03 14:17:39,254824,car
375,2021-08-08 21:51:35,8317981,truck
376,2021-08-11 15:12:48,7578701,van
377,2021-08-05 12:56:57,2555513,car
378,2021-08-17 01:48:59,2119264,car
379,2021-08-21 20:51:46,239988,car
380,2021-08-16 11:08:11,147156,van
381,2021-08-08 18:05:36,6891565,car
382,2021-08-06 20:55:48,4765841,car
383,2021-08-06 10:14:37,9017443,car
384,2021-08-21 21:23:37,8747053,car
385,2021-07-31 03:38:36,839289,truck
386,2021-08-15 14:11:42,7212737,car
387,2021-07-31 22:09:56,9707238,truck
388,2021-08-16 23:15:11,9288974,car
389,2021-07-30 20:43:48,2130769,car
390,2021-08-10 02:13:35,3651531,car
391,2021-08-22 16:20:32,5066582,car
392,2021-08-21 10:40:29,318251,car
393,2021-08-21 13:30:56,1018828,car
394,2021-08-08 17:03:19,4329135,car
395,2021-08-03 22:42:16,5510586,car
396,2021-08-16 07:20:43,1292686,van
397,2021-08-05 01:52:17,2875806,truck
398,2021-07-31 08:15:24,5025963,car
399,2021-08-14 05:27:21,2358436,car
400,2021-08-20 07:33:43,4363896,truck
401,2021-08-06 02:08:16,7051510,truck
402,2021-08-06 13:29:57,5575517,car
403,2021-07-31 00:10:02,2930078,car
404,2021-07-29 15:14:45,1439079,truck
405,2021-08-09 16:59:57,2085626,truck
406,2021-08-09 16:41:38,809065,car
407,2021-08-06 06:10:52,4100648,car
408,2021-08-19 11:38:52,9745831,truck
409,2021-08-06 03:00:46,7337960,car
410,2021-08-10 15:04:38,3612246,car
411,2021-08-10 19:31:40,8601164,car
412,2021-07-31 15:35:09,6123311,truck
413,2021-08-02 08:29:14,3507029,car
414,2021-08-03 10:38:37,1725151,truck
415,2021-08-11 11:29:02,8860504,car
416,2021-08-07 22:59:56,2017681,truck
417,2021-08-07 23:16:29,8183479,car
418,2021-08-17 02:49:59,8811914,car
419,2021-08-15 00:53:46,9631688,car
420,2021-08-09 02:25:32,8193463,truck
421,2021-08-03 19:54:41,1766709,car
422,2021-08-10 08:15:41,4909497,car
423,2021-08-19 16:48:08,7279029,truck
424,2021-08-18 14:23:40,4791619,car
425,2021-08-07 09:05:10,8712036,car
426,2021-08-19 04:58:15,4973747,car
427,2021-08-01 04:42:52,2800039,car
428,2021-08-05 14:45:19,9337207,car
429,2021-08-11 06:53:51,9220703,car
430,2021-08-12 03:06:56,5090710,car
431,2021-08-18 01:59:31,9726834,truck
432,2021-08-20 20:39:23,8464288,car
433,2021-08-10 07:41:38,2918487,car
434,2021-08-08 15:32:55,6975253,car
435,2021-07-31 05:54:57,873000,car
436,2021-08-05 12:16:13,7144030,truck
437,2021-08-18 23:08:31,74751,car
438,2021-08-16 15:31:24,3092624,car
439,2021-08-19 23:08:03,8043044,truck
440,2021-08-19 18:40:24,6763315,car
441,2021-08-05 08:14:28,7665718,van
442,2021-08-18 05:43:44,2030697,car
443,2021-08-02 03:52:31,3546362,car
444,2021-08-16 00:20:11,5579622,car
445,2021-08-09 16:40:36,6766212,truck
446,2021-08-19 02:55:39,8678822,car
447,2021-08-12 17:06:06,2515206,car
448,2021-08-16 18:09:47,9647104,car
449,2021-08-06 12:07:31,8363585,car
450,2021-08-14 22:43:39,954814,truck
451,2021-07-30 15:15:49,3500082,car
452,2021-07-29 22:44:15,4302933,car
453,2021-08-21 11:38:46,1281592,truck
454,2021-08-11 09:22:42,1668996,car
455,2021-08-19 19:22:53,2799295,truck
456,2021-08-10 12:54:07,155498,truck
457,2021-08-21 16:57:14,3127161,van
458,2021-08-19 16:29:39,8415963,car
459,2021-08-05 03:33:30,4507082,car
460,2021-08-13 09:00:36,7935251,car
461,2021-08-11 19:02:46,2868406,car
462,2021-08-02 19:31:03,2337912,car
463,2021-08-16 16:30:43,3881228,car
464,2021-08-11 01:51:46,5263238,car
465,2021-08-15 04:25:10,4571658,van
466,2021-08-19 23:55:54,3017277,car
467,2021-08-22 03:51:32,9879687,car
468,2021-08-13 10:00:03,4056126,car
469,2021-08-05 13:34:50,6201597,van
470,2021-08-03 01:04:46,5063598,truck
471,2021-08-15 06:09:40,4666427,car
472,2021-08-15 08:07:00,9169123,car
473,2021-08-22 16:23:05,3521342,truck
474,2021-07-30 07:28:31,4997147,car
475,2021-08-03 04:49:32,4334699,car
476,2021-08-01 16:32:40,3896955,van
477,2021-08-01 14:13:06,685502,car
478,2021-08-04 06:20:23,3723750,truck
479,2021-08-22 14:50:30,8981107,car
480,2021-08-15 07:08:24,8161215,truck
481,2021-08-21 11:14:40,5494532,truck
482,2021-08-11 20:32:07,4709167,car
483,2021-08-22 05:19:54,326314,car
484,2021-07-29 14:21:36,256879,car
485,2021-07-30 11:05:14,5763581,van
486,2021-08-17 18:49:46,8131510,car
487,2021-08-09 03:42:43,8025290,car
488,2021-07-30 01:56:01,1988177,car
489,2021-08-08 00:30:25,8145530,car
490,2021-08-10 06:44:29,3562599,van
491,2021-08-17 16:54:51,1916677,car
492,2021-08-18 06:21:04,6726273,truck
493,2021-08-04 23:24:38,8523480,car
494,2021-08-19 00:56:38,1631685,truck
495,2021-08-14 03:33:50,9252011,truck
496,2021-08-21 22:03:13,7300558,car
497,2021-08-04 15:40:58,848840,car
498,2021-08-13 20:46:37,4739032,car
499,2021-08-02 12:44:36,1489777,van
500,2021-08-05 17:09:26,7710222,car
501,2021-08-13 02:03:31,6885916,car
502,2021-08-04 18:50:39,1900389,truck
503,2021-08-17 22:35:16,4875056,truck
504,2021-08-14 04:09:11,9306326,truck
505,2021-08-12 11:53:39,8211013,car
506,2021-08-03 16:42:19,6412488,car
507,2021-08-06 07:58:40,8703705,car
508,2021-08-12 06:47:15,278147,truck
509,2021-08-16 12:14:34,960545,van
510,2021-08-18 12:30:35,6056685,car
511,2021-08-04 20:40:31,4273899,truck
512,2021-08-07 11:34:45,7485577,car
513,2021-08-16 20:54:00,120233,car
514,2021-08-03 01:50:31,2438318,car
515,2021-08-03 09:35:23,5100664,truck
516,2021-08-16 05:42:59,3119836,car
517,2021-07-30 16:54:19,5631034,car
518,2021-08-17 11:29:11,8228986,truck
519,2021-08-04 07:19:27,434238,car
520,2021-07-31 15:12:19,7664842,truck
521,2021-08-03 13:29:48,7262675,car
522,2021-08-14 01:05:23,9771276,car
523,2021-08-22 08:29:54,9842071,truck
524,2021-08-04 04:09:56,1914947,truck
525,2021-07-30 17:17:39,1955268,car
526,2021-08-01 07:35:06,5515957,car
527,2021-08-22 09:39:42,8622096,car
528,2021-08-17 07:32:18,8753559,truck
529,2021-08-12 01:36:59,3601495,car
530,2021-07-30 14:30:56,2025847,car
531,2021-08-04 05:06:49,9026973,car
532,2021-08-19 16:40:17,4905006,car
533,2021-08-08 06:59:35,3836559,car
534,2021-07-29 11:33:13,280707,car
535,2021-08-06 09:14:44,1636541,van
536,2021-07-30 23:12:08,7979017,truck
537,2021-08-13 15:13:57,7543450,van
538,2021-08-08 21:10:36,2205725,car
539,2021-08-11 03:02:20,4863506,car
540,2021-08-14 10:42:45,2456417,car
541,2021-08-01 22:18:45,3298279,car
542,2021-08-01 05:51:52,6406520,car
543,2021-08-10 23:03:49,7381678,car
544,2021-07-29 13:29:37,7377775,truck
545,2021-07-30 18:20:15,5957136,car
546,2021-08-15 20:31:58,9491195,car
547,2021-08-04 21:58:50,7578723,car
548,2021-08-04 16:17:42,7567440,car
549,2021-08-16 05:33:09,4296882,car
550,2021-08-04 07:09:08,6011023,truck
551,2021-08-17 14:43:54,6498517,car
552,2021-08-11 23:34:57,2421022,van
553,2021-08-17 01:08:43,6247569,car
554,2021-08-08 00:12:08,7335690,car
555,2021-08-21 18:52:48,5557139,car
556,2021-08-12 13:31:35,3606424,car
557,2021-08-03 01:12:48,213742,van
558,2021-08-10 05:50:23,271972,car
559,2021-08-03 04:44:19,8708305,car
560,2021-08-14 16:15:26,5595295,truck
561,2021-08-02 08:07:34,4047163,truck
562,2021-08-01 00:57:14,7410078,van
563,2021-08-14 05:50:30,799900,car
564,2021-08-12 23:19:11,3628285,car
565,2021-08-02 01:08:32,1238213,truck
566,2021-08-18 00:54:22,3114925,truck
567,2021-08-04 14:20:15,8007927,truck
568,2021-08-06 01:11:44,7112490,car
569,2021-08-19 01:13:28,7937564,van
570,2021-08-13 23:32:55,6811197,car
571,2021-08-15 22:32:37,8837823,car
572,2021-08-04 01:35:34,8370925,car
573,2021-07-30 20:11:56,2912692,car
574,2021-08-10 16:10:19,1704930,truck
575,2021-08-19 07:55:38,9828050,car
576,2021-07-29 14:17:48,8691508,car
577,2021-08-16 08:36:18,5350555,car
578,2021-08-12 11:21:14,87473,truck
579,2021-08-18 23:24:41,1402344,car
580,2021-08-20 18:01:26,604087,truck
581,2021-08-07 05:29:19,9100282,truck
582,2021-08-16 09:49:12,2977249,car
583,2021-08-07 03:43:24,100740,car
584,2021-08-15 04:37:00,176275,van
585,2021-08-02 08:14:54,3656732,van
586,2021-08-20 14:26:22,448181,car
587,2021-08-17 02:57:33,7035330,truck
588,2021-08-08 12:42:51,6030362,truck
589,2021-08-01 02:08:15,7220576,car
590,2021-08-02 02:55:18,1125429,car
591,2021-08-17 07:35:42,9725410,car
592,2021-08-17 05:16:38,7233815,car
593,2021-08-22 11:37:54,9779572,car
594,2021-08-13 05:56:53,9495937,van
595,2021-08-07 03:02:35,9617462,car
596,2021-08-07 04:07:08,8297055,car
597,2021-08-04 06:47:42,4910789,van
598,2021-08-07 09:19:48,1795010,truck
599,2021-08-06 11:42:14,1885601,truck
600,2021-08-08 22:24:25,4547568,truck
601,2021-08-08 21:18:52,8915435,car
602,2021-08-18 21:20:47,6178034,car
603,2021-07-31 19:25:50,1203830,car
604,2021-08-22 16:07:57,6687177,car
605,2021-08-11 04:00:20,4272576,van
606,2021-08-05 07:32:55,8019404,car
607,2021-08-21 15:05:13,6637613,van
608,2021-08-18 21:39:19,4093668,car
609,2021-08-17 14:56:04,6432466,van
610,2021-08-01 01:07:30,6224747,car
611,2021-08-08 13:12:58,1106516,van
612,2021-08-17 22:51:27,2028559,car
613,2021-08-10 23:10:02,7244363,van
614,2021-08-05 06:57:10,630060,car
615,2021-08-01 18:02:23,2402303,car
616,2021-08-02 20:55:27,6921835,van
617,2021-08-16 01:19:24,4721228,car
618,2021-08-13 15:17:30,9228124,car
619,2021-08-17 09:19:10,1749235,car
620,2021-08-22 04:37:03,8040472,car
621,2021-08-18 08:19:46,693334,van
622,2021-08-11 14:55:38,2858446,car
623,2021-08-11 12:54:38,8763548,car
624,2021-08-02 05:07:45,4024297,car
625,2021-08-15 22:47:42,4363442,car
626,2021-08-02 14:33:38,3403611,car
627,2021-08-05 15:33:15,1595918,car
628,2021-08-21 08:47:46,3632725,truck
629,2021-08-13 09:06:03,7371447,car
630,2021-08-21 08:46:15,6099248,car
631,2021-08-22 08:07:57,1660640,car
632,2021-08-16 16:01:24,1690777,car
633,2021-08-10 08:08:11,1115588,car
634,2021-07-31 14:08:13,352509,truck
635,2021-08-16 16:25:58,7348691,car
636,2021-08-09 05:15:00,6742693,van
637,2021-08-08 11:02:00,8887256,truck
638,2021-07-31 03:42:19,9285412,car
639,2021-08-03 11:23:12,1520291,van
640,2021-07-31 21:52:05,5214202,car
641,2021-08-11 00:23:50,6933776,car
642,2021-08-12 00:46:30,3903772,car
643,2021-08-20 22:47:33,5258730,car
644,2021-08-22 15:57:17,1853606,car
645,2021-08-09 11:42:35,8435752,car
646,2021-08-03 23:46:30,2536867,car
647,2021-08-14 00:00:51,9418417,truck
648,2021-08-06 01:00:45,8428668,car
649,2021-08-03 15:37:52,4395137,car
650,2021-08-02 12:15:01,1030027,car
651,2021-08-10 11:43:45,9415672,car
652,2021-08-09 01:26:55,7396595,van
653,2021-08-20 06:36:00,9636439,car
654,2021-08-20 09:32:30,3354465,car
655,2021-08-14 00:32:36,5520004,truck
656,2021-08-17 00:01:05,5856047,car
657,2021-08-06 12:04:19,1820040,truck
658,2021-08-11 19:59:57,6020442,car
659,2021-08-13 17:23:26,3849475,car
660,2021-08-21 17:15:49,704494,car
661,2021-08-05 09:20:33,8603298,car
662,2021-08-12 22:36:25,4799222,car
663,2021-08-21 23:35:39,5004597,car
664,2021-08-03 06:56:46,7561863,car
665,2021-08-03 20:06:23,8591617,car
666,2021-08-20 01:05:05,5883883,car
667,2021-08-06 02:00:59,3813810,car
668,2021-08-05 14:04:38,2476675,truck
669,2021-07-30 20:27:55,5957485,car
670,2021-08-10 06:30:01,6064981,van
671,2021-07-29 17:01:07,6289285,car
672,2021-07-29 16:59:31,6164905,truck
673,2021-08-13 22:36:23,2657309,car
674,2021-08-12 07:51:22,1091632,car
675,2021-08-14 08:25:48,6236249,truck
676,2021-08-15 20:58:19,8118921,truck
677,2021-08-15 07:01:54,4930492,van
678,2021-08-19 17:00:34,213950,truck
679,2021-08-20 02:38:02,2379442,truck
680,2021-08-09 04:39:27,2425063,van
681,2021-08-12 02:50:56,7001575,car
682,2021-08-21 13:25:48,7504072,car
683,2021-08-04 20:43:10,1083028,car
684,2021-08-10 09:21:43,5262688,car
685,2021-08-03 09:51:32,1074381,truck
686,2021-08-20 18:39:12,3483985,car
687,2021-08-10 01:09:38,3685214,car
688,2021-08-13 03:50:13,5668290,car
689,2021-08-17 11:41:52,2505055,car
690,2021-08-12 09:28:16,8945301,van
691,2021-08-22 10:37:24,8927267,car
692,2021-08-19 16:10:17,9640874,truck
693,2021-08-20 01:05:07,5414117,van
694,2021-08-13 03:12:57,560693,car
695,2021-08-10 08:12:09,7123396,truck
696,2021-08-09 11:55:17,3862669,truck
697,2021-08-08 19:59:42,6074080,van
698,2021-08-08 04:53:28,4726446,car
699,2021-08-15 03:26:42,8454959,car
700,2021-08-10 10:28:39,5600873,car
701,2021-07-31 15:44:26,246731,car
702,2021-08-18 09:23:19,6548772,truck
703,2021-07-31 16:42:00,1816731,truck
704,2021-08-11 17:52:18,6533730,car
705,2021-08-09 06:15:17,8497957,car
706,2021-08-20 22:15:51,5027644,car
707,2021-08-15 23:04:51,6347920,car
708,2021-08-16 07:18:22,3371782,truck
709,2021-08-14 12:59:28,2738537,car
710,2021-08-02 07:06:01,6929785,car
711,2021-08-10 03:18:53,8904786,car
712,2021-08-15 00:10:07,1565319,car
713,2021-08-15 02:02:22,7209312,van
714,2021-07-31 23:01:19,1035505,truck
715,2021-08-12 22:16:26,9949432,truck
716,2021-08-09 07:43:56,3093849,truck
717,2021-08-10 20:23:04,8252431,truck
718,2021-08-01 12:03:00,3416177,car
719,2021-07-29 15:44:59,9998600,car
720,2021-08-03 12:24:20,7560984,car
721,2021-08-06 04:16:15,8749368,van
722,2021-08-02 16:46:49,8251411,car
723,2021-08-16 23:11:03,6573286,truck
724,2021-08-06 21:43:51,847179,truck
725,2021-08-12 10:30:52,9937023,car
726,2021-08-08 10:07:31,506614,truck
727,2021-08-20 19:00:34,1731263,car
728,2021-08-14 02:48:59,1084601,van
729,2021-08-02 21:20:18,2552719,truck
730,2021-08-03 15:56:44,2890131,truck
731,2021-08-13 12:39:24,9857238,truck
732,2021-08-01 02:03:31,8309956,truck
733,2021-08-01 09:46:51,2456501,car
734,2021-08-19 18:52:28,9848677,van
735,2021-07-30 21:43:09,8816903,car
736,2021-08-13 11:34:11,7407633,car
737,2021-08-20 10:56:47,849886,car
738,2021-08-04 23:43:50,993101,truck
739,2021-08-18 19:20:30,5510650,truck
740,2021-08-20 10:12:20,7751215,truck
741,2021-08-01 10:30:28,9488458,car
742,2021-07-29 20:09:29,3016951,car
743,2021-08-07 04:47:13,3412902,truck
744,2021-08-14 10:44:52,5938269,car
745,2021-08-20 09:20:23,301048,car
746,2021-08-10 10:29:34,2514884,car
747,2021-08-04 10:50:57,8714572,truck
748,2021-08-16 23:40:52,4912460,car
749,2021-08-22 17:40:41,7326275,car
750,2021-07-30 01:26:02,6209351,truck
751,2021-08-17 14:18:58,6287098,truck
752,2021-08-15 09:47:19,2931553,van
753,2021-08-17 11:25:17,8625410,van
754,2021-08-17 22:51:38,5641360,truck
755,2021-08-07 17:49:27,7136026,van
756,2021-07-29 13:29:13,9549273,car
757,2021-07-31 15:42:55,8618426,car
758,2021-08-17 09:02:03,6668114,truck
759,2021-08-05 14:56:52,7979453,truck
760,2021-08-11 16:03:47,9590322,car
761,2021-08-01 13:41:36,1662925,car
762,2021-08-06 22:09:07,3391660,car
763,2021-08-10 06:38:40,5925569,car
764,2021-08-03 01:50:31,7938310,truck
765,2021-08-16 04:04:28,2629303,car
766,2021-08-13 03:05:26,8548942,truck
767,2021-08-04 01:27:59,5563110,truck
768,2021-08-17 19:01:51,4896720,van
769,2021-08-06 09:27:38,2227372,car
770,2021-07-29 18:22:20,9240446,car
771,2021-08-12 05:07:24,3633085,van
772,2021-08-06 16:18:11,4895267,van
773,2021-08-11 18:47:56,75485,truck
774,2021-08-08 11:08:50,8400110,car
775,2021-08-19 16:40:11,1593910,truck
776,2021-08-09 18:43:19,6058069,car
777,2021-08-16 02:22:25,8805422,car
778,2021-08-18 08:26:17,5997015,car
779,2021-08-04 07:46:02,8327281,truck
780,2021-08-12 02:38:19,9894489,car
781,2021-08-07 11:24:33,2013779,car
782,2021-08-18 06:35:33,8081131,car
783,2021-08-04 07:01:24,4715776,van
784,2021-08-18 01:20:23,6715322,car
785,2021-08-20 21:30:21,1517271,truck
786,2021-08-06 05:35:59,7848466,car
787,2021-08-07 00:04:31,8613201,car
788,2021-08-03 21:53:21,3663181,truck
789,2021-08-09 11:06:44,3413306,truck
790,2021-08-14 19:12:23,3006302,car
791,2021-08-20 06:08:15,6279294,car
792,2021-08-02 23:07:33,1190536,car
793,2021-08-12 04:21:30,6565058,truck
794,2021-07-31 21:38:30,7260092,van
795,2021-08-22 01:07:46,124836,truck
796,2021-08-12 04:29:31,4463920,van
797,2021-08-17 21:11:01,1092951,car
798,2021-08-16 16:12:23,7683749,car
799,2021-08-04 10:01:57,262256,car
800,2021-08-17 17:12:35,220910,car
801,2021-08-08 18:52:38,5012084,car
802,2021-08-14 15:53:28,5569123,car
803,2021-08-21 07:11:43,3952000,truck
804,2021-08-22 00:11:22,5458820,car
805,2021-07-31 19:29:50,9023495,car
806,2021-07-31 22:33:57,6520742,truck
807,2021-08-05 18:54:26,2898863,car
808,2021-07-30 01:43:07,31077,truck
809,2021-08-16 22:14:26,7216705,car
810,2021-08-21 18:10:35,9763768,car
811,2021-08-06 06:30:51,3297525,truck
812,2021-08-17 01:36:06,2283399,car
813,2021-08-22 17:22:04,1947468,car
814,2021-08-19 00:31:42,9936661,car
815,2021-08-08 04:41:29,4538394,truck
816,2021-08-15 18:41:27,5732880,car
817,2021-08-08 05:10:24,5928145,van
818,2021-08-05 01:34:30,8334389,truck
819,2021-08-06 22:17:40,2390148,truck
820,2021-08-07 01:41:01,1952095,car
821,2021-08-03 19:17:49,3422458,car
822,2021-08-04 16:57:12,5456755,car
823,2021-08-18 18:08:34,3288507,car
824,2021-07-31 04:11:38,1125573,car
825,2021-08-03 08:45:22,1837039,car
826,2021-08-15 06:23:32,3011480,car
827,2021-08-13 16:03:06,280635,car
828,2021-08-02 07:25:00,6779526,truck
829,2021-08-09 19:27:54,427799,car
830,2021-08-08 13:48:00,8005001,car
831,2021-08-16 17:09:26,4564367,car
832,2021-08-05 03:54:21,1431403,van
833,2021-08-06 06:37:01,1385411,car
834,2021-08-18 01:20:18,558511,car
835,2021-08-19 04:55:29,9472473,truck
836,2021-08-15 03:10:05,8487290,car
837,2021-08-08 00:29:07,133448,car
838,2021-08-21 03:36:52,3665356,truck
839,2021-08-05 13:24:02,6214152,truck
840,2021-08-04 15:43:30,6683644,van
841,2021-08-01 23:51:55,9406868,car
842,2021-08-15 07:08:16,825763,car
843,2021-08-20 01:07:43,3920452,truck
844,2021-08-07 02:09:52,5061569,truck
845,2021-08-16 13:36:46,7368048,car
846,2021-08-21 18:58:14,9167592,truck
847,2021-08-02 07:00:56,1062258,truck
848,2021-08-14 17:37:12,6322236,car
849,2021-08-06 21:58:36,2468245,van
850,2021-08-21 13:15:28,3811233,car
851,2021-08-16 04:37:40,1758814,van
852,2021-07-29 16:54:12,2190563,truck
853,2021-08-08 15:35:43,191673,car
854,2021-08-14 11:15:46,2525988,truck
855,2021-07-31 10:38:43,6668490,car
856,2021-08-17 08:03:40,844339,truck
857,2021-08-08 09:30:31,8154584,car
858,2021-08-12 11:19:06,3475854,truck
859,2021-07-30 04:55:50,2937846,car
860,2021-08-05 20:42:39,343263,van
861,2021-08-13 18:06:24,2109085,car
862,2021-08-18 14:50:19,8516395,car
863,2021-08-04 04:50:32,6150958,car
864,2021-08-22 14:26:46,414949,van
865,2021-08-22 09:57:09,5049185,car
866,2021-08-13 08:07:21,8618898,car
867,2021-08-17 09:16:36,6909477,car
868,2021-08-17 17:01:44,1644638,car
869,2021-08-18 16:28:13,8732489,car
870,2021-07-31 22:44:46,803701,car
871,2021-07-30 04:31:04,8922075,car
872,2021-08-22 08:11:59,8132269,car
873,2021-08-06 00:32:27,7321426,truck
874,2021-08-08 04:27:12,3138897,truck
875,2021-08-11 14:29:06,7158326,car
876,2021-08-12 13:19:41,4824422,car
877,2021-08-05 21:55:03,6076426,van
878,2021-08-09 04:59:28,2087111,car
879,2021-08-20 10:19:35,6881195,van
880,2021-08-04 12:47:51,8853927,car
881,2021-08-04 23:22:39,623284,car
882,2021-08-08 00:43:57,1530403,car
883,2021-07-30 00:54:55,9760697,car
884,2021-08-04 01:34:23,6151069,car
885,2021-08-11 05:48:06,7421325,truck
886,2021-08-06 05:21:05,2099429,car
887,2021-08-15 17:27:41,6721597,car
888,2021-08-08 08:24:43,6466023,car
889,2021-08-02 09:04:04,7237260,van
890,2021-08-04 05:55:28,6179390,car
891,2021-08-07 13:54:23,6600330,car
892,2021-08-16 06:44:49,4826949,car
893,2021-08-22 16:44:25,285893,van
894,2021-08-08 08:43:01,2719759,van
895,2021-08-14 12:34:32,3265797,car
896,2021-08-12 11:13:56,6224166,van
897,2021-08-13 16:41:04,4987710,car
898,2021-08-08 00:14:03,9795981,car
899,2021-08-01 18:24:33,7861616,car
900,2021-08-01 18:44:59,3453900,car
901,2021-07-30 03:02:00,3873716,truck
902,2021-08-04 08:01:14,2518442,truck
903,2021-08-15 20:54:05,7424573,car
904,2021-07-30 10:26:29,5388228,car
905,2021-08-16 18:32:30,2383579,car
906,2021-07-30 13:47:09,7808497,car
907,2021-08-20 05:07:36,9279180,car
908,2021-08-22 16:51:34,9983818,car
909,2021-08-19 14:47:44,3348529,truck
910,2021-08-10 14:12:28,2280811,truck
911,2021-08-10 04:44:39,5475683,car
912,2021-08-10 08:17:25,3242753,truck
913,2021-07-30 09:55:51,120673,car
914,2021-08-18 19:47:41,2870417,car
915,2021-08-05 03:55:44,6521245,car
916,2021-07-31 16:01:56,4749166,van
917,2021-08-10 01:04:59,6120669,van
918,2021-08-03 23:22:35,6406243,car
919,2021-08-10 03:55:51,9951372,car
920,2021-08-12 00:11:21,9528583,car
921,2021-07-30 23:14:41,3751116,truck
922,2021-08-10 02:36:21,6549535,truck
923,2021-08-22 07:09:05,3808707,car
924,2021-08-17 17:34:12,5834018,truck
925,2021-08-13 01:25:20,1158710,car
926,2021-08-22 00:22:41,5805628,car
927,2021-08-22 11:01:45,8561127,car
928,2021-07-31 17:40:13,4522592,car
929,2021-08-10 09:14:01,9284769,truck
930,2021-07-29 13:34:09,4304071,van
931,2021-08-22 04:08:48,9510776,truck
932,2021-08-07 05:57:05,5931482,car
933,2021-08-12 08:25:32,297034,truck
934,2021-08-04 06:54:11,2292253,van
935,2021-08-04 04:12:51,1208170,car
936,2021-07-31 11:53:17,2579745,car
937,2021-08-08 23:40:37,9405902,car
938,2021-08-11 05:28:13,9448458,car
939,2021-08-10 16:57:53,7299577,car
940,2021-08-06 12:06:07,4767711,truck
941,2021-08-22 03:22:26,2031526,truck
942,2021-08-22 15:53:23,9116083,truck
943,2021-08-18 20:21:40,7924083,car
944,2021-07-31 21:33:16,4362016,van
945,2021-08-15 12:30:21,204123,car
946,2021-08-18 18:20:35,5608936,truck
947,2021-08-02 00:23:19,343443,car
948,2021-08-08 15:51:53,5764271,car
949,2021-08-07 15:02:00,6893602,van
950,2021-08-02 21:12:08,7414687,car
951,2021-08-15 23:28:32,8604341,car
952,2021-08-11 00:02:40,7592309,car
953,2021-08-10 05:49:42,5100235,car
954,2021-08-18 12:01:16,5492657,car
955,2021-08-10 08:08:07,6803375,car
956,2021-08-07 13:59:23,5996935,car
957,2021-08-13 02:58:22,2966355,car
958,2021-08-17 20:44:01,5978972,car
959,2021-08-21 17:45:22,2339859,car
960,2021-08-22 17:13:03,6020620,car
961,2021-08-20 03:05:20,7295422,car
962,2021-08-04 17:09:40,8930290,car
963,2021-07-30 16:13:48,3762534,truck
964,2021-08-07 21:13:44,3793654,truck
965,2021-08-13 17:11:40,5371076,car
966,2021-08-15 07:31:40,2277244,truck
967,2021-08-08 02:43:23,3605245,car
968,2021-08-04 07:43:09,5880073,car
969,2021-08-17 11:46:09,655252,van
970,2021-08-14 11:18:31,7055501,van
971,2021-08-19 04:11:04,72056,truck
972,2021-08-12 09:35:16,9949523,truck
973,2021-08-13 02:54:50,9040939,car
974,2021-08-14 05:58:14,2706769,truck
975,2021-07-29 12:03:33,6809169,car
976,2021-08-18 07:55:45,8941091,car
977,2021-08-03 09:41:56,1740847,car
978,2021-07-30 20:32:49,3164197,truck
979,2021-08-02 00:03:52,9341086,truck
980,2021-07-31 02:36:15,1351100,car
981,2021-08-13 12:31:42,9853531,truck
982,2021-08-04 13:25:35,9172763,van
983,2021-08-20 01:51:10,3316540,truck
984,2021-08-04 15:03:49,6487444,car
985,2021-08-04 00:16:23,2853927,car
986,2021-08-11 22:21:55,9670184,car
987,2021-08-18 16:24:24,3712950,car
988,2021-08-02 08:59:53,3508883,car
989,2021-08-14 06:46:16,5883500,car
990,2021-08-07 16:49:21,2657749,car
991,2021-08-11 23:49:40,8330775,truck
992,2021-08-18 23:32:29,9423996,truck
993,2021-08-01 02:42:51,4210854,truck
994,2021-08-12 17:26:17,1671308,car
995,2021-08-16 10:56:43,5017354,van
996,2021-08-18 23:27:37,5192039,car
997,2021-08-20 14:42:50,1763724,van
998,2021-07-31 09:34:08,4728276,car
999,2021-08-14 06:45:46,1590634,car
1000,2021-08-21 15:15:35,4371246,car
1001,2021-08-01 03:06:17,400581,car
1002,2021-08-07 18:40:51,4936065,truck
1003,2021-08-05 05:43:14,771246,car
1004,2021-08-06 11:33:57,3737235,car
1005,2021-08-20 04:56:35,5150627,car
1006,2021-08-03 19:29:29,846975,van
1007,2021-08-19 21:44:49,44431,car
1008,2021-08-09 03:16:36,704512,truck
1009,2021-08-06 19:06:52,5019748,car
1010,2021-07-31 07:07:47,6703039,van
1011,2021-08-07 07:51:11,5100397,truck
1012,2021-08-15 01:41:23,5467760,truck
1013,2021-08-18 07:30:36,9128803,car
1014,2021-07-31 02:20:01,1654264,car
1015,2021-08-03 03:05:52,4984461,car
1016,2021-07-30 21:49:31,7366827,truck
1017,2021-08-12 12:11:15,4665816,truck
1018,2021-08-02 11:54:50,523203,car
1019,2021-08-17 05:47:57,1772752,car
1020,2021-08-09 21:16:48,1629261,car
1021,2021-08-11 00:16:01,4494921,car
1022,2021-08-03 21:06:01,5524917,truck
1023,2021-08-06 00:17:36,2575931,car
1024,2021-08-10 02:16:38,38837,truck
1025,2021-08-01 15:26:03,6110896,car
1026,2021-08-05 01:06:50,4906689,van
1027,2021-07-31 05:17:10,7655542,car
1028,2021-08-22 13:23:14,6713340,truck
1029,2021-08-09 14:03:52,8154658,truck
1030,2021-08-16 12:44:40,2134355,car
1031,2021-08-08 07:23:59,8951131,car
1032,2021-08-08 20:28:35,4929926,truck
1033,2021-08-19 07:08:20,4457235,car
1034,2021-08-16 08:19:54,1832726,truck
1035,2021-08-19 18:37:23,4134771,car
1036,2021-07-29 13:30:35,2782018,car
1037,2021-08-12 04:03:32,4735037,car
1038,2021-08-21 04:51:28,6174121,car
1039,2021-08-19 08:00:33,8173134,car
1040,2021-08-15 00:46:13,1238794,car
1041,2021-08-14 20:24:08,4397766,van
1042,2021-08-19 17:35:57,9797764,car
1043,2021-08-02 22:35:16,8818426,car
1044,2021-08-11 15:28:59,6861442,car
1045,2021-08-03 23:39:22,2172288,car
1046,2021-08-09 00:08:46,7219802,car
1047,2021-08-16 20:52:45,1584903,car
1048,2021-08-07 05:58:52,478237,van
1049,2021-08-08 18:44:49,6296035,car
1050,2021-08-14 02:43:50,530491,truck
1051,2021-08-10 22:14:38,2852105,car
1052,2021-07-30 13:03:41,6197707,car
1053,2021-08-20 23:24:25,1164872,car
1054,2021-08-10 04:05:40,234151,van
1055,2021-08-09 06:06:51,9016853,van
1056,2021-08-08 16:03:21,5903232,car
1057,2021-08-18 12:13:23,4337798,car
1058,2021-08-15 17:22:02,3868754,van
1059,2021-08-20 12:22:30,3530998,truck
1060,2021-08-17 05:06:56,2087513,truck
1061,2021-08-02 04:16:10,8767809,car
1062,2021-08-10 06:01:57,9300623,van
1063,2021-08-01 19:19:35,4987435,car
1064,2021-08-03 11:24:45,1016929,car
1065,2021-08-16 17:59:21,1269373,truck
1066,2021-08-03 07:04:43,9147847,car
1067,2021-08-04 19:20:10,9197506,car
1068,2021-08-07 19:45:04,5894380,car
1069,2021-08-03 09:33:41,9600014,van
1070,2021-08-05 09:08:20,7343214,car
1071,2021-08-10 02:47:31,7020174,car
1072,2021-08-21 04:22:12,2005924,truck
1073,2021-07-31 17:23:28,1511615,van
1074,2021-08-07 09:25:35,3335485,truck
1075,2021-08-08 23:18:49,6710855,truck
1076,2021-08-14 21:30:28,9593619,car
1077,2021-08-04 09:49:51,9841801,car
1078,2021-08-17 21:30:14,3918388,car
1079,2021-08-20 06:10:27,2382610,truck
1080,2021-08-08 23:40:51,1847423,van
1081,2021-08-14 11:31:18,5914006,truck
1082,2021-08-21 09:20:00,588548,car
1083,2021-07-30 08:36:31,8957113,car
1084,2021-08-16 11:46:20,138934,truck
1085,2021-08-08 23:18:31,7639839,car
1086,2021-08-02 02:15:56,6523053,car
1087,2021-08-02 20:20:17,5491855,car
1088,2021-08-07 18:12:22,143888,car
1089,2021-08-11 21:43:23,9613414,van
1090,2021-07-30 14:32:02,5473358,car
1091,2021-08-15 14:29:37,3957882,truck
1092,2021-08-16 01:54:31,8548382,car
1093,2021-08-11 05:25:52,6129420,van
1094,2021-08-01 15:03:18,7354946,truck
1095,2021-07-30 13:48:48,5861176,van
1096,2021-07-30 21:40:17,4403522,car
1097,2021-08-08 12:15:42,9369233,car
1098,2021-08-21 20:07:42,4774962,car
1099,2021-07-31 02:34:12,35246,truck
1100,2021-08-21 21:35:13,3429846,truck
1101,2021-07-29 15:59:13,3115182,car
1102,2021-08-07 14:39:22,6829041,car
1103,2021-07-31 05:00:13,1617802,car
1104,2021-07-31 00:58:22,4312674,car
1105,2021-08-11 22:49:56,4837548,van
1106,2021-08-12 21:52:53,8522262,car
1107,2021-08-12 13:32:19,8193538,car
1108,2021-07-30 07:35:38,6403046,car
1109,2021-08-12 17:13:06,9448584,truck
1110,2021-08-18 06:18:40,6967180,car
1111,2021-08-03 19:07:47,7988780,car
1112,2021-08-14 02:38:05,6501560,truck
1113,2021-08-18 03:40:19,8319440,car
1114,2021-08-12 22:34:21,9345303,truck
1115,2021-08-12 01:57:00,1204264,car
1116,2021-08-08 05:17:17,6592400,van
1117,2021-08-05 17:56:53,2261364,truck
1118,2021-08-18 17:07:03,7401340,van
1119,2021-08-12 02:39:17,5867282,car
1120,2021-08-02 09:15:29,4332928,van
1121,2021-08-20 16:21:42,8163804,car
1122,2021-08-12 17:34:46,9237586,car
1123,2021-08-17 12:03:52,1256864,truck
1124,2021-08-01 21:05:43,3296269,truck
1125,2021-08-02 09:31:08,4061730,van
1126,2021-08-19 13:02:58,2910362,truck
1127,2021-08-03 15:42:40,7688035,car
1128,2021-08-13 06:21:38,7855986,car
1129,2021-08-16 21:06:48,4572039,van
1130,2021-08-08 21:20:56,2813869,car
1131,2021-08-22 15:51:51,7513363,car
1132,2021-08-02 19:00:20,317032,car
1133,2021-08-13 00:37:32,4787356,truck
1134,2021-08-19 05:25:30,4364690,car
1135,2021-08-19 04:25:51,8706960,truck
1136,2021-08-14 17:23:58,4899216,van
1137,2021-08-08 03:32:47,7708170,car
1138,2021-08-16 10:08:36,8185432,car
1139,2021-08-09 22:01:40,5760290,truck
1140,2021-08-18 20:53:08,1945635,truck
1141,2021-08-12 22:09:58,7929326,car
1142,2021-07-29 21:47:12,7111496,truck
1143,2021-08-16 18:15:47,4956695,car
1144,2021-08-05 17:37:44,8167397,van
1145,2021-08-17 06:43:51,4548098,truck
1146,2021-08-07 14:27:48,494801,truck
1147,2021-08-03 07:28:31,1974167,car
1148,2021-08-11 20:05:55,8150755,car
1149,2021-07-31 03:03:00,4949188,van
1150,2021-08-18 22:48:57,3327118,car
1151,2021-08-01 05:04:08,1763039,car
1152,2021-08-07 03:45:59,1957251,van
1153,2021-08-05 01:56:35,6796843,truck
1154,2021-08-15 21:27:15,6857822,car
1155,2021-08-04 01:53:57,2123282,car
1156,2021-08-17 04:55:07,5422200,car
1157,2021-08-06 13:31:01,43451,car
1158,2021-08-03 01:25:09,8915567,truck
1159,2021-08-20 14:28:39,1596592,truck
1160,2021-08-04 06:20:44,238800,van
1161,2021-08-07 07:58:17,8944988,car
1162,2021-07-30 11:20:25,5580702,car
1163,2021-08-13 17:15:34,1134752,van
1164,2021-08-12 16:39:09,9056120,car
1165,2021-08-20 13:13:44,2035182,van
1166,2021-08-18 10:33:02,908716,truck
1167,2021-08-02 08:56:30,9246548,van
1168,2021-07-30 05:58:42,5253540,truck
1169,2021-08-01 00:59:43,7235655,truck
1170,2021-08-13 14:44:41,1244322,truck
1171,2021-08-14 08:48:26,2579754,car
1172,2021-08-16 18:09:33,5815803,van
1173,2021-08-14 08:49:48,7081610,truck
1174,2021-07-31 02:34:21,9404176,car
1175,2021-08-03 23:16:53,4691120,truck
1176,2021-08-05 10:29:06,272210,car
1177,2021-08-19 05:46:19,5593523,truck
1178,2021-07-30 19:44:09,7851360,car
1179,2021-08-09 05:27:36,6394082,car
1180,2021-08-14 06:52:10,5348872,car
1181,2021-08-08 01:57:43,1158796,car
1182,2021-07-30 03:39:52,6438470,car
1183,2021-08-07 07:21:06,9551891,truck
1184,2021-07-30 18:08:07,5991590,car
1185,2021-08-06 03:35:18,4948208,car
1186,2021-08-05 05:20:38,647473,car
1187,2021-08-03 23:02:51,282728,car
1188,2021-08-19 23:30:32,5617797,car
1189,2021-08-04 15:55:09,5130212,truck
1190,2021-08-05 12:10:09,9214172,truck
1191,2021-08-13 07:29:35,3577879,car
1192,2021-08-18 16:37:10,533972,truck
1193,2021-08-09 03:44:22,2701086,van
1194,2021-08-12 20:24:16,1451394,truck
1195,2021-08-07 02:07:44,2115064,car
1196,2021-08-08 16:13:49,7080650,car
1197,2021-08-11 12:47:31,5315040,truck
1198,2021-08-04 09:58:41,774206,car
1199,2021-08-14 21:34:04,5251937,car
1200,2021-08-16 18:21:57,3527462,car
1201,2021-08-20 04:46:32,3915562,truck
1202,2021-08-19 18:34:04,1787440,car
1203,2021-08-14 22:43:37,6000059,truck
1204,2021-08-15 15:17:40,6488906,truck
1205,2021-08-09 17:42:28,4199888,car
1206,2021-08-20 08:00:48,4478840,van
1207,2021-07-30 01:57:02,2258939,car
1208,2021-08-14 21:20:12,4801042,car
1209,2021-08-19 10:00:31,9049206,car
1210,2021-07-31 03:47:45,5186136,truck
1211,2021-07-31 05:58:13,7895196,truck
1212,2021-08-17 20:59:55,519861,car
1213,2021-08-22 14:31:48,1612135,car
1214,2021-08-19 16:21:13,66070,truck
1215,2021-08-03 14:15:30,1824791,car
1216,2021-08-07 22:45:18,9968192,car
1217,2021-08-10 16:42:23,4576199,van
1218,2021-08-12 17:43:42,7512362,car
1219,2021-08-06 09:22:14,8494664,van
1220,2021-08-08 09:17:03,4014284,truck
1221,2021-08-21 17:38:58,2800193,truck
1222,2021-08-04 19:37:13,1767737,car
1223,2021-08-08 10:10:00,3318987,truck
1224,2021-08-18 18:25:01,1968422,van
1225,2021-08-03 19:23:27,2667063,car
1226,2021-08-02 05:46:22,4836341,car
1227,2021-07-31 19:52:52,8589978,car
1228,2021-08-06 20:58:43,9866540,car
1229,2021-08-09 21:37:14,1036367,truck
1230,2021-07-30 02:11:37,7919663,car
1231,2021-08-04 20:01:01,7169927,car
1232,2021-08-06 14:20:42,8729449,truck
1233,2021-07-29 16:51:18,537047,car
1234,2021-08-22 09:23:43,5140704,car
1235,2021-08-22 11:51:04,1557166,car
1236,2021-08-21 15:56:16,24788,car
1237,2021-07-29 12:47:40,6490383,car
1238,2021-08-17 02:11:34,7620919,truck
1239,2021-08-08 21:07:14,1739602,car
1240,2021-08-18 19:52:35,6582414,car
1241,2021-08-15 11:59:56,7269886,car
1242,2021-08-03 03:46:50,377093,car
1243,2021-08-06 22:04:19,3914663,truck
1244,2021-08-01 19:38:18,278357,car
1245,2021-08-14 23:04:50,4663158,car
1246,2021-08-17 15:55:54,4004280,car
1247,2021-08-14 00:31:14,7029796,car
1248,2021-08-16 08:15:36,1867962,car
1249,2021-08-03 02:49:13,5991686,car
1250,2021-08-18 05:57:05,5950731,car
1251,2021-08-10 20:05:50,538599,truck
1252,2021-08-05 08:11:14,1236763,truck
1253,2021-08-11 17:40:42,5782054,van
1254,2021-08-04 18:35:49,5603090,car
1255,2021-08-14 19:52:04,9149240,van
1256,2021-07-30 05:47:44,5614090,car
1257,2021-08-10 04:37:11,2540055,car
1258,2021-08-03 17:51:34,3897475,truck
1259,2021-07-30 23:38:10,6086101,van
1260,2021-08-19 06:45:13,7114964,car
1261,2021-08-06 15:38:16,8448126,van
1262,2021-08-22 08:27:33,1716365,car
1263,2021-08-21 12:35:00,7244235,truck
1264,2021-07-31 17:12:23,2473100,van
1265,2021-08-13 05:42:02,2288753,car
1266,2021-08-16 23:23:51,4020376,car
1267,2021-08-13 15:08:31,6581973,van
1268,2021-08-09 09:06:46,5663851,truck
1269,2021-08-17 11:03:26,9308808,truck
1270,2021-08-08 11:02:19,6775483,truck
1271,2021-08-15 06:23:36,5170181,car
1272,2021-08-16 23:16:26,4351033,van
1273,2021-08-05 04:38:47,1377308,car
1274,2021-08-06 21:08:36,5061337,truck
1275,2021-08-20 18:36:52,6961654,car
1276,2021-08-06 21:34:58,4404364,car
1277,2021-08-03 16:05:51,81230,car
1278,2021-08-02 11:04:42,6993501,car
1279,2021-08-12 04:28:23,9311011,truck
1280,2021-08-22 16:17:06,5787569,car
1281,2021-08-03 08:29:39,2164161,car
1282,2021-08-02 19:22:04,6071867,van
1283,2021-08-09 21:27:44,1517958,car
1284,2021-08-04 04:48:01,1928477,car
1285,2021-08-09 08:59:06,4492318,car
1286,2021-08-16 03:43:49,4079309,van
1287,2021-08-07 07:15:33,5303224,car
1288,2021-08-06 18:21:25,7794336,car
1289,2021-08-15 00:12:03,4001810,car
1290,2021-08-04 00:46:39,3274052,car
1291,2021-07-30 05:07:05,7292341,car
1292,2021-08-06 15:24:49,4992546,truck
1293,2021-08-22 16:29:04,1285993,car
1294,2021-07-30 01:57:57,3756624,car
1295,2021-08-22 02:15:40,7800211,car
1296,2021-08-04 08:40:07,7303824,van
1297,2021-07-30 01:37:39,7681906,car
1298,2021-08-12 23:38:07,2735881,truck
1299,2021-08-21 06:00:26,7775003,car
1300,2021-08-02 17:42:01,1384315,car
1301,2021-08-15 12:01:25,8930712,truck
1302,2021-08-20 14:54:53,2282633,car
1303,2021-07-31 17:12:11,2007749,truck
1304,2021-08-16 10:00:49,3795894,van
1305,2021-08-15 16:26:30,6965150,car
1306,2021-08-10 06:25:19,5899849,car
1307,2021-08-17 12:28:38,1236981,car
1308,2021-08-02 01:24:51,1000716,truck
1309,2021-08-06 18:10:53,3881738,van
1310,2021-08-08 16:29:08,5045369,truck
1311,2021-08-19 14:24:15,562710,car
1312,2021-08-08 07:39:20,1465091,van
1313,2021-08-21 15:23:04,3172352,truck
1314,2021-08-14 02:18:57,3410202,car
1315,2021-08-12 02:43:48,5593166,car
1316,2021-08-20 10:03:42,8483064,car
1317,2021-08-08 22:52:10,151646,van
1318,2021-08-02 23:23:43,3997556,van
1319,2021-08-06 16:56:27,356818,car
1320,2021-08-01 08:23:29,1660507,van
1321,2021-07-31 03:29:23,6887486,truck
1322,2021-07-31 12:38:49,5628487,car
1323,2021-08-12 04:26:47,8885968,truck
1324,2021-08-22 10:32:11,913050,car
1325,2021-08-08 00:03:03,3417801,truck
1326,2021-08-20 17:05:15,6583571,car
1327,2021-08-18 12:50:08,5863632,truck
1328,2021-08-22 11:10:49,4650183,car
1329,2021-08-19 00:43:15,8656183,car
1330,2021-08-07 05:41:14,9830299,car
1331,2021-08-14 16:40:13,6015946,car
1332,2021-08-05 01:54:04,7971537,car
1333,2021-08-13 10:20:30,6867561,car
1334,2021-08-18 10:11:28,9015044,car
1335,2021-08-19 11:14:52,826519,car
1336,2021-07-31 13:01:05,1663453,car
1337,2021-08-17 15:52:50,7731666,car
1338,2021-08-10 09:33:19,8457561,car
1339,2021-07-31 03:58:44,2155105,car
1340,2021-08-20 23:46:24,3644403,truck
1341,2021-08-14 19:53:42,4623284,car
1342,2021-08-12 12:37:22,778057,truck
1343,2021-07-29 18:43:20,2891384,car
1344,2021-08-19 18:51:16,8352474,car
1345,2021-08-22 15:39:36,3480730,car
1346,2021-08-09 22:08:59,7682247,car
1347,2021-08-09 01:50:28,2159613,truck
1348,2021-08-04 01:13:05,3281936,truck
1349,2021-08-13 12:19:49,9037431,car
1350,2021-08-13 21:59:53,3967088,car
1351,2021-08-10 05:36:09,7867773,truck
1352,2021-08-12 22:05:07,6679118,car
1353,2021-08-02 02:00:58,2706844,car
1354,2021-08-11 04:03:14,5538295,car
1355,2021-08-11 10:50:55,2953292,van
1356,2021-08-11 11:49:09,6507493,car
1357,2021-08-18 20:02:08,5167332,car
1358,2021-07-29 21:21:29,6667469,car
1359,2021-08-14 08:28:23,4470411,car
1360,2021-08-13 15:30:38,5163121,car
1361,2021-08-12 02:55:50,1449411,car
1362,2021-08-08 11:39:04,2251248,van
1363,2021-08-13 06:37:13,9371578,van
1364,2021-07-30 19:03:45,6025003,car
1365,2021-08-05 08:05:34,4684544,car
1366,2021-08-06 03:22:54,4874322,car
1367,2021-08-11 00:25:19,6201683,van
1368,2021-08-03 04:12:49,8214342,car
1369,2021-08-13 00:14:40,1168144,truck
1370,2021-08-12 22:39:34,9448348,car
1371,2021-08-22 00:36:19,9843003,car
1372,2021-08-22 12:15:49,8081648,van
1373,2021-08-19 03:02:49,7787498,car
1374,2021-08-11 15:36:16,5391150,car
1375,2021-08-07 21:31:55,4781506,truck
1376,2021-08-09 04:35:44,6275487,car
1377,2021-07-30 02:45:21,9717731,truck
1378,2021-08-17 18:10:55,9308938,truck
1379,2021-08-07 11:26:06,5612851,car
1380,2021-08-06 07:10:14,6236454,car
1381,2021-08-03 20:33:09,3570153,truck
1382,2021-08-20 04:54:48,6642586,van
1383,2021-07-31 01:11:15,2176411,truck
1384,2021-08-06 11:52:49,9747930,truck
1385,2021-08-05 04:08:04,1281989,truck
1386,2021-08-02 18:03:47,7159775,car
1387,2021-08-14 21:03:24,2201435,car
1388,2021-08-18 06:52:08,7773660,car
1389,2021-08-13 01:56:17,3301960,truck
1390,2021-08-05 08:33:25,2771393,car
1391,2021-08-13 22:04:09,9581825,truck
1392,2021-08-15 23:12:09,530816,truck
1393,2021-08-12 04:56:44,7480567,car
1394,2021-08-09 13:08:41,7306837,car
1395,2021-08-16 00:26:03,7094275,van
1396,2021-08-03 01:26:00,6385842,car
1397,2021-08-22 18:24:05,8653650,truck
1398,2021-08-12 07:03:52,7468873,car
1399,2021-08-03 14:58:16,589777,car
1400,2021-08-03 03:47:44,1879939,car
1401,2021-08-22 11:53:24,7669311,car
1402,2021-08-02 18:28:36,658325,car
1403,2021-08-19 10:32:24,8452831,car
1404,2021-08-11 00:06:50,6198399,van
1405,2021-07-30 03:51:09,4305906,car
1406,2021-08-04 17:08:36,4797893,car
1407,2021-08-22 11:00:38,4139507,car
1408,2021-08-07 02:29:56,3600917,truck
1409,2021-08-06 06:45:11,1346174,truck
1410,2021-08-09 14:51:24,1404636,car
1411,2021-08-21 12:22:58,1249576,car
1412,2021-08-07 19:20:07,6899200,truck
1413,2021-08-12 11:51:00,9016178,car
1414,2021-08-12 06:53:56,3274361,car
1415,2021-08-20 05:04:18,6184084,car
1416,2021-07-30 23:50:38,352802,car
1417,2021-07-31 21:15:07,1811060,car
1418,2021-08-15 23:14:53,9287578,truck
1419,2021-08-04 15:09:47,4656162,car
1420,2021-08-07 16:16:39,8825255,car
1421,2021-08-09 04:20:51,9372788,car
1422,2021-08-01 23:30:54,1830106,car
1423,2021-08-13 14:48:38,6607209,car
1424,2021-08-19 16:54:46,3494606,truck
1425,2021-08-06 09:14:04,7956850,truck
1426,2021-08-22 07:57:49,571877,truck
1427,2021-08-16 03:45:54,4831891,van
1428,2021-08-17 03:29:03,4291730,car
1429,2021-07-31 10:57:53,5034853,car
1430,2021-08-10 08:11:38,4663051,car
1431,2021-07-31 21:23:09,5380351,car
1432,2021-07-31 13:20:38,5408416,car
1433,2021-08-02 06:06:52,8528787,car
1434,2021-08-05 08:57:56,3166678,car
1435,2021-08-17 03:48:00,6862913,van
1436,2021-08-18 16:05:45,923528,car
1437,2021-07-31 04:30:35,2275040,car
1438,2021-08-12 09:34:08,8802321,truck
1439,2021-07-31 05:59:36,6244386,car
1440,2021-08-05 21:42:16,7478563,car
1441,2021-08-21 15:15:28,9715868,van
1442,2021-08-12 13:56:35,5226868,truck
1443,2021-08-05 20:30:12,1775884,car
1444,2021-08-19 23:13:19,3549914,truck
1445,2021-08-03 21:26:44,6353407,car
1446,2021-08-15 16:39:12,6475766,van
1447,2021-08-14 19:53:18,9666365,truck
1448,2021-08-16 23:57:33,5407288,car
1449,2021-08-14 19:28:19,3623843,car
1450,2021-08-17 21:10:10,8553811,car
1451,2021-08-03 13:35:07,6285636,car
1452,2021-08-22 04:28:13,5807651,car
1453,2021-08-02 02:07:47,6172986,car
1454,2021-08-01 06:54:17,921691,car
1455,2021-08-11 09:45:22,8909634,car
1456,2021-08-19 18:12:18,6814914,truck
1457,2021-08-17 20:31:32,128180,truck
1458,2021-08-02 16:38:19,6327269,car
1459,2021-07-30 14:00:03,6868159,van
1460,2021-08-15 19:24:33,5585220,car
1461,2021-08-02 15:18:28,5415555,car
1462,2021-08-03 22:35:39,2446899,car
1463,2021-08-01 13:24:24,7638296,truck
1464,2021-08-18 19:57:12,3794813,truck
1465,2021-07-31 04:04:50,9334279,car
1466,2021-08-09 01:54:09,8678433,car
1467,2021-08-18 06:26:36,2639079,car
1468,2021-08-08 16:52:46,9265662,car
1469,2021-07-31 11:43:43,4725272,car
1470,2021-08-04 20:05:01,1886903,truck
1471,2021-07-31 13:14:01,9484059,van
1472,2021-08-01 04:59:07,555303,car
1473,2021-08-06 14:28:48,1523355,car
1474,2021-08-18 03:37:03,659475,car
1475,2021-08-03 14:16:20,9203549,car
1476,2021-08-15 15:20:20,4301934,car
1477,2021-08-14 09:34:59,9488098,truck
1478,2021-08-07 02:57:09,362161,car
1479,2021-08-20 18:02:54,4420855,van
1480,2021-07-31 17:48:27,5706224,truck
1481,2021-08-14 18:31:03,312006,car
1482,2021-08-09 20:52:16,4199076,car
1483,2021-08-03 15:39:44,5825432,truck
1484,2021-08-17 02:09:23,581396,van
1485,2021-07-30 06:51:38,6679116,car
1486,2021-08-18 21:56:39,9752611,truck
1487,2021-08-07 05:44:33,5800348,car
1488,2021-08-12 04:34:34,5847151,van
1489,2021-08-22 10:33:57,8313701,car
1490,2021-08-20 07:51:16,6473623,van
1491,2021-08-19 04:08:06,8005415,truck
1492,2021-08-02 11:43:23,5453800,car
1493,2021-07-31 18:04:21,3191180,car
1494,2021-08-17 20:36:10,2353239,car
1495,2021-08-13 15:10:37,450825,truck
1496,2021-08-16 18:05:06,1280096,car
1497,2021-08-03 03:51:53,2741277,car
1498,2021-08-03 06:48:38,2351162,van
1499,2021-08-13 08:51:00,7863217,truck
1500,2021-08-12 08:28:38,1971653,car
1501,2021-08-17 02:04:54,859868,car
1502,2021-07-31 18:22:31,1305420,car
1503,2021-08-06 08:16:04,8367060,car
1504,2021-08-16 06:03:35,7281090,car
1505,2021-08-06 18:45:26,7568524,car
1506,2021-07-31 20:14:12,2863385,car
1507,2021-08-17 20:34:13,7716119,van
1508,2021-08-18 00:40:07,9639766,car
1509,2021-08-14 17:51:32,2543494,truck
1510,2021-08-22 06:25:23,1465474,car
1511,2021-08-16 12:41:22,1566290,car
1512,2021-08-01 00:49:43,4582510,car
1513,2021-07-31 00:49:27,6491183,car
1514,2021-08-13 22:05:48,8021696,truck
1515,2021-08-21 14:12:46,6183485,car
1516,2021-08-12 13:05:52,9084928,van
1517,2021-07-30 21:35:32,6643152,truck
1518,2021-08-07 03:21:05,9751837,car
1519,2021-08-01 07:30:40,9655533,car
1520,2021-08-05 15:33:09,4813472,van
1521,2021-08-17 17:36:43,6996339,car
1522,2021-08-02 10:15:13,7421445,car
1523,2021-08-03 11:19:45,4204197,truck
1524,2021-08-02 22:41:17,8707749,car
1525,2021-08-13 12:26:42,2213789,car
1526,2021-08-12 23:33:10,1937849,car
1527,2021-08-11 10:34:27,9827204,car
1528,2021-08-12 21:04:30,7109770,van
1529,2021-08-01 17:53:24,2650132,car
1530,2021-08-09 13:25:59,9642934,car
1531,2021-08-20 04:43:52,835891,car
1532,2021-08-03 01:01:49,3666176,car
1533,2021-07-29 13:01:53,8722712,car
1534,2021-08-17 19:12:51,4570413,car
1535,2021-08-07 08:51:21,9995684,car
1536,2021-08-14 19:31:13,2020657,car
1537,2021-07-30 10:43:16,9238888,truck
1538,2021-07-31 21:12:56,2889489,car
1539,2021-08-04 15:18:47,318307,car
1540,2021-07-31 17:33:38,8701052,truck
1541,2021-08-20 11:22:39,6437141,car
1542,2021-08-11 19:41:52,5656721,car
1543,2021-08-06 14:30:20,3431025,van
1544,2021-08-09 23:27:19,328948,truck
1545,2021-08-19 04:39:08,9956692,car
1546,2021-08-06 17:10:09,8988961,car
1547,2021-08-03 23:02:05,1468614,truck
1548,2021-08-07 06:23:00,4781406,car
1549,2021-07-30 19:23:28,7063145,truck
1550,2021-08-16 19:28:30,5040545,car
1551,2021-08-08 09:48:30,8278634,car
1552,2021-07-31 07:28:47,7010037,van
1553,2021-08-04 23:38:00,9737007,car
1554,2021-08-19 08:58:50,655458,truck
1555,2021-08-19 17:41:34,1851682,car
1556,2021-08-04 05:33:34,2909718,car
1557,2021-08-10 00:58:45,6065758,car
1558,2021-08-13 15:53:25,2336297,van
1559,2021-08-16 14:26:37,4098792,car
1560,2021-08-03 21:48:21,407554,car
1561,2021-08-16 04:27:11,2009002,car
1562,2021-08-06 06:24:30,2357141,car
1563,2021-08-18 04:23:23,4731836,car
1564,2021-08-14 22:43:39,1210777,car
1565,2021-08-03 10:20:58,8731021,car
1566,2021-08-16 23:04:49,432438,van
1567,2021-08-20 09:15:37,4998086,car
1568,2021-08-22 08:56:19,891299,car
1569,2021-08-11 18:03:58,6871208,van
1570,2021-08-09 17:22:41,6886314,car
1571,2021-08-17 23:32:04,8249210,car
1572,2021-08-22 08:45:12,4531947,truck
1573,2021-08-15 12:37:28,2475613,car
1574,2021-08-14 01:27:43,3795794,truck
1575,2021-08-20 06:53:25,974766,car
1576,2021-08-17 20:53:17,9447366,car
1577,2021-08-04 04:45:01,9393364,truck
1578,2021-08-16 03:10:42,8556843,van
1579,2021-07-30 09:18:21,9773352,car
1580,2021-07-30 01:11:03,8755956,van
1581,2021-08-22 02:51:30,742109,van
1582,2021-08-15 23:40:45,4887014,car
1583,2021-08-09 07:26:50,6545154,car
1584,2021-08-17 16:19:26,3117923,car
1585,2021-07-30 19:26:23,8975598,van
1586,2021-08-17 12:00:44,3800485,van
1587,2021-08-04 23:46:03,1513812,car
1588,2021-08-13 21:39:06,8028222,van
1589,2021-08-19 04:53:44,1167427,van
1590,2021-08-03 04:59:21,1334088,van
1591,2021-08-17 21:59:42,1768305,car
1592,2021-08-12 15:35:35,2989964,truck
1593,2021-08-07 12:14:16,8416426,car
1594,2021-07-30 14:51:28,9939758,car
1595,2021-08-18 02:50:59,4838573,car
1596,2021-08-18 10:20:45,2695601,truck
1597,2021-08-10 07:55:38,9347805,truck
1598,2021-08-11 22:39:35,4595401,van
1599,2021-08-01 08:44:15,402853,van
1600,2021-08-05 02:42:00,8944594,truck
1601,2021-08-07 10:02:04,4544746,car
1602,2021-08-22 06:36:25,6053175,car
1603,2021-07-29 22:02:19,6145104,car
1604,2021-07-30 12:06:21,1533990,truck
1605,2021-08-16 07:38:57,6177576,car
1606,2021-08-08 11:36:58,8869698,van
1607,2021-08-21 08:33:12,9662043,truck
1608,2021-08-19 13:18:11,5452672,car
1609,2021-08-12 23:59:41,7763079,car
1610,2021-08-05 21:25:27,1078933,car
1611,2021-08-10 17:49:41,8131923,van
1612,2021-08-09 14:53:14,296672,car
1613,2021-08-08 19:42:54,4003127,car
1614,2021-08-02 00:21:35,7801156,car
1615,2021-07-29 20:50:39,8924553,van
1616,2021-08-07 03:59:05,4745912,car
1617,2021-08-10 07:46:36,3595136,truck
1618,2021-08-15 09:27:39,6902318,car
1619,2021-08-09 01:14:44,491585,van
1620,2021-08-01 20:48:55,4197006,van
1621,2021-08-05 09:44:21,3868009,van
1622,2021-08-12 15:04:08,7408433,car
1623,2021-07-30 10:20:44,8232209,car
1624,2021-08-18 11:41:19,7229848,truck
1625,2021-08-20 15:45:42,5849102,van
1626,2021-08-01 07:07:46,2896140,truck
1627,2021-08-16 23:33:14,38074,car
1628,2021-08-10 14:56:05,7098680,truck
1629,2021-08-03 03:46:19,8391953,truck
1630,2021-08-21 08:08:11,6499117,car
1631,2021-08-11 06:37:18,2381468,truck
1632,2021-08-11 20:27:18,8599667,van
1633,2021-08-03 13:08:07,5946337,car
1634,2021-07-30 22:22:56,9191246,car
1635,2021-08-22 11:47:28,7470083,car
1636,2021-07-29 19:49:55,130681,car
1637,2021-08-02 12:35:58,2170743,car
1638,2021-08-01 02:52:09,6338703,car
1639,2021-08-05 22:24:31,5396462,car
1640,2021-08-16 13:34:47,4796968,car
1641,2021-08-21 19:01:43,6478296,car
1642,2021-08-12 12:44:06,2822495,truck
1643,2021-08-21 15:05:45,2408133,truck
1644,2021-08-13 18:02:29,9168796,car
1645,2021-08-21 20:06:09,5387239,car
1646,2021-08-16 03:44:58,6635693,car
1647,2021-08-05 18:35:34,3369430,car
1648,2021-08-16 19:55:57,4514868,van
1649,2021-08-09 02:19:52,5565372,car
1650,2021-08-21 04:34:44,1417541,car
1651,2021-08-06 03:43:08,952817,car
1652,2021-08-14 09:47:52,3582019,van
1653,2021-08-06 05:53:41,2530612,car
1654,2021-08-07 13:34:29,887178,car
1655,2021-07-30 15:46:40,9282780,truck
1656,2021-08-06 21:11:31,9074239,car
1657,2021-08-22 09:59:04,8334354,car
1658,2021-08-22 11:23:07,3603215,car
1659,2021-08-20 13:23:51,1380705,truck
1660,2021-08-17 04:47:15,5571481,van
1661,2021-08-14 22:33:36,3304683,car
1662,2021-08-19 10:59:49,8693467,car
1663,2021-07-31 20:14:11,7947981,truck
1664,2021-08-15 17:27:28,396655,truck
1665,2021-08-04 21:23:36,3316639,car
1666,2021-08-02 15:26:48,1479859,car
1667,2021-08-14 03:53:53,6815648,truck
1668,2021-07-30 01:50:17,8546054,van
1669,2021-08-09 08:57:30,2786321,van
1670,2021-07-31 15:43:26,617518,truck
1671,2021-08-15 17:57:07,8834471,truck
1672,2021-08-22 12:34:26,6804769,truck
1673,2021-08-02 10:42:17,7838323,car
1674,2021-08-05 10:58:06,2271233,truck
1675,2021-08-01 22:44:14,8195337,car
1676,2021-08-07 18:32:02,8280015,truck
1677,2021-08-20 07:25:47,8497728,car
1678,2021-08-09 23:45:56,356999,car
1679,2021-08-05 09:47:49,3490921,car
1680,2021-08-01 21:54:29,7529037,truck
1681,2021-08-06 20:40:13,2627606,car
1682,2021-08-13 09:03:05,204387,truck
1683,2021-08-16 20:03:46,2773937,car
1684,2021-08-16 17:16:38,2832962,car
1685,2021-08-12 05:24:24,263154,car
1686,2021-08-19 06:58:45,3342224,truck
1687,2021-08-06 07:59:24,591303,car
1688,2021-08-02 07:48:39,9161077,truck
1689,2021-07-31 17:07:40,7680159,car
1690,2021-07-29 21:33:11,4651350,van
1691,2021-08-01 01:40:34,603444,car
1692,2021-08-17 16:41:10,6196723,van
1693,2021-08-04 17:12:08,2084954,car
1694,2021-08-19 14:06:38,9137445,van
1695,2021-08-17 06:37:45,7605913,car
1696,2021-08-13 04:09:46,5137434,car
1697,2021-08-19 20:10:49,8754909,car
1698,2021-08-17 07:54:46,4665107,car
1699,2021-08-22 09:21:06,6488504,car
1700,2021-08-17 05:40:52,212993,van
1701,2021-08-21 01:17:02,2288405,van
1702,2021-08-05 02:40:40,815150,car
1703,2021-08-20 18:34:47,5871927,car
1704,2021-07-29 13:12:29,2109653,truck
1705,2021-08-02 21:54:54,8382016,van
1706,2021-08-19 03:45:50,6633408,car
1707,2021-08-13 11:36:30,7853601,van
1708,2021-08-16 07:58:00,4839745,car
1709,2021-08-08 09:13:47,7725907,car
1710,2021-08-18 03:44:02,7655466,car
1711,2021-07-30 08:17:50,4740022,car
1712,2021-08-20 08:25:28,621420,truck
1713,2021-08-04 18:19:44,277749,van
1714,2021-08-14 15:59:32,6666774,car
1715,2021-08-21 09:09:39,541077,truck
1716,2021-08-09 12:11:01,3079436,car
1717,2021-08-22 03:13:04,2875688,truck
1718,2021-07-30 21:04:11,5427602,car
1719,2021-08-21 13:02:19,1837878,truck
1720,2021-08-13 05:02:00,249885,car
1721,2021-08-17 20:35:03,9856955,van
1722,2021-08-04 22:15:10,5103091,car
1723,2021-08-17 09:49:59,3088520,car
1724,2021-08-16 17:45:03,8538903,truck
1725,2021-08-19 22:03:39,4703509,car
1726,2021-08-14 15:10:49,2947406,truck
1727,2021-08-01 04:27:09,7358523,car
1728,2021-07-31 01:18:49,5134507,van
1729,2021-08-05 00:05:22,1587932,car
1730,2021-08-22 11:06:20,5955766,car
1731,2021-08-06 19:33:44,427348,truck
1732,2021-08-18 01:20:09,9937071,car
1733,2021-08-03 22:11:41,7705689,van
1734,2021-08-05 02:27:58,9021173,car
1735,2021-08-01 16:40:48,5231530,truck
1736,2021-08-12 03:09:32,1686465,van
1737,2021-08-04 19:26:23,5151621,car
1738,2021-08-12 04:29:54,6976363,car
1739,2021-08-01 05:14:31,7513777,car
1740,2021-08-22 04:29:54,5467524,car
1741,2021-08-15 09:53:21,7651504,car
1742,2021-08-10 05:59:28,9354024,car
1743,2021-08-03 09:21:23,3910816,car
1744,2021-08-17 12:42:50,8390640,truck
1745,2021-08-14 05:01:36,2994334,truck
1746,2021-08-19 19:03:15,65383,car
1747,2021-08-15 12:42:40,2044866,car
1748,2021-07-29 13:15:22,1131811,car
1749,2021-08-21 15:09:46,604553,car
1750,2021-07-30 06:03:58,9204549,truck
1751,2021-08-20 23:12:11,1344790,truck
1752,2021-08-15 18:01:56,9408097,truck
1753,2021-08-08 22:42:58,2195849,car
1754,2021-08-20 08:33:56,7574112,car
1755,2021-08-20 11:55:40,4815349,car
1756,2021-08-12 10:15:36,6659895,car
1757,2021-07-30 19:07:38,9116574,truck
1758,2021-08-03 15:14:21,6580860,truck
1759,2021-07-31 11:09:25,2923171,car
1760,2021-07-31 21:01:30,2629444,truck
1761,2021-08-06 23:02:19,5838389,car
1762,2021-08-01 14:41:56,1011676,car
1763,2021-08-04 14:57:42,7233196,car
1764,2021-08-17 21:05:35,4549124,car
1765,2021-08-08 04:14:59,5201152,van
1766,2021-08-08 06:48:43,4069329,van
1767,2021-08-19 08:13:24,1129975,car
1768,2021-08-02 03:47:26,4933920,car
1769,2021-08-04 02:05:29,5226214,car
1770,2021-08-02 07:24:47,5500532,car
1771,2021-08-17 13:38:32,8188797,car
1772,2021-08-15 01:02:08,2689184,car
1773,2021-08-12 22:39:24,9887147,car
1774,2021-07-31 21:59:07,7632359,van
1775,2021-08-10 16:05:24,6854712,car
1776,2021-08-03 08:46:42,1774575,car
1777,2021-08-17 21:23:32,5943514,car
1778,2021-08-10 03:58:46,2885585,van
1779,2021-08-12 23:08:59,5286773,car
1780,2021-08-07 04:24:28,8194109,car
1781,2021-08-18 03:26:23,7700051,car
1782,2021-08-07 17:28:30,5876055,van
1783,2021-08-12 21:59:01,500216,car
1784,2021-08-21 18:41:56,7956819,car
1785,2021-08-17 01:32:56,9001713,car
1786,2021-08-07 02:37:46,800858,car
1787,2021-07-30 14:10:16,9712648,car
1788,2021-08-18 08:17:21,5736180,van
1789,2021-08-22 05:39:11,1151175,car
1790,2021-08-19 14:06:25,9811103,car
1791,2021-08-18 14:24:25,5271672,car
1792,2021-08-14 00:48:10,1805564,car
1793,2021-08-12 01:11:12,6045634,truck
1794,2021-08-04 14:18:27,220233,truck
1795,2021-08-18 03:58:02,5172164,car
1796,2021-08-14 12:34:46,531770,truck
1797,2021-08-08 19:35:06,4496037,truck
1798,2021-08-16 17:15:43,5681023,van
1799,2021-08-20 03:42:31,697724,car
1800,2021-08-18 18:57:47,7632125,truck
1801,2021-08-14 08:44:35,5312568,car
1802,2021-08-20 23:23:55,6356468,car
1803,2021-08-14 16:59:33,8224744,truck
1804,2021-08-07 17:30:42,2975837,truck
1805,2021-08-09 00:23:40,8482541,car
1806,2021-08-18 03:13:39,9201887,car
1807,2021-08-06 07:10:58,1397726,car
1808,2021-08-15 11:32:15,8029405,van
1809,2021-08-20 04:02:11,1488524,truck
1810,2021-08-14 22:25:16,7604698,van
1811,2021-08-15 10:36:42,8537928,van
1812,2021-07-31 04:14:46,1363885,car
1813,2021-08-03 16:45:09,2795136,car
1814,2021-08-09 23:36:26,7516973,car
1815,2021-08-16 23:33:40,6833469,car
1816,2021-08-11 06:45:54,8661043,car
1817,2021-08-14 01:32:14,6898881,car
1818,2021-08-17 21:57:00,8878129,car
1819,2021-08-19 06:38:36,7309465,car
1820,2021-08-17 04:00:15,7861114,van
1821,2021-08-02 01:40:15,6338856,car
1822,2021-08-22 01:00:21,8608203,truck
1823,2021-08-12 10:36:06,628232,car
1824,2021-08-11 12:19:55,8847716,truck
1825,2021-08-22 02:18:20,6559728,car
1826,2021-08-18 10:37:41,8230728,car
1827,2021-07-29 12:40:32,5073033,truck
1828,2021-08-15 18:01:15,7267006,car
1829,2021-08-04 08:28:33,2940610,car
1830,2021-08-04 22:13:29,3507000,truck
1831,2021-08-16 12:27:49,8460148,car
1832,2021-08-09 03:33:49,6540957,van
1833,2021-07-29 18:34:56,9261931,truck
1834,2021-08-19 20:02:43,9976405,van
1835,2021-08-21 12:47:18,8820270,car
1836,2021-07-30 05:15:30,240809,van
1837,2021-08-11 05:23:19,3971089,car
1838,2021-08-11 12:44:34,3653824,car
1839,2021-08-03 20:16:48,147172,car
1840,2021-08-14 12:43:14,9439914,car
1841,2021-07-31 12:22:18,1100288,car
1842,2021-07-30 06:26:26,2020988,truck
1843,2021-08-16 02:43:29,4491854,truck
1844,2021-08-18 20:19:54,1504760,truck
1845,2021-08-07 01:30:51,778079,truck
1846,2021-08-04 06:43:05,1561928,car
1847,2021-08-12 23:56:23,8811374,car
1848,2021-08-04 16:50:46,3970184,car
1849,2021-08-14 10:02:38,3674867,car
1850,2021-08-19 19:22:53,8806440,car
1851,2021-08-01 23:32:30,1151181,car
1852,2021-07-30 14:40:45,9201735,car
1853,2021-08-01 05:01:44,5360180,car
1854,2021-08-07 08:37:59,1319419,truck
1855,2021-08-01 14:51:51,8376297,truck
1856,2021-08-05 04:55:05,399545,car
1857,2021-08-22 08:45:27,1891347,van
1858,2021-08-01 21:41:48,9653327,car
1859,2021-08-13 07:30:37,5265101,car
1860,2021-08-15 21:48:54,5390497,car
1861,2021-08-07 21:46:25,5405590,truck
1862,2021-08-01 06:23:04,2626961,car
1863,2021-08-20 06:02:41,9174793,truck
1864,2021-08-12 14:33:04,6773361,car
1865,2021-08-20 20:49:02,1288541,car
1866,2021-08-04 12:15:14,1821972,car
1867,2021-08-16 07:33:33,5346783,truck
1868,2021-08-06 05:33:50,1130335,truck
1869,2021-07-29 15:49:04,4146972,car
1870,2021-08-11 21:12:44,8485610,truck
1871,2021-08-11 05:53:49,6158310,car
1872,2021-08-03 10:42:52,1395620,car
1873,2021-08-05 16:54:16,9610610,truck
1874,2021-08-21 04:06:50,6034442,car
1875,2021-08-12 02:24:05,9256456,truck
1876,2021-08-05 15:46:24,9271475,car
1877,2021-08-09 22:50:16,1914913,car
1878,2021-08-10 19:50:39,7551121,car
1879,2021-08-17 11:19:27,2410751,car
1880,2021-08-08 16:01:27,7079231,car
1881,2021-08-03 17:17:12,7216652,truck
1882,2021-08-01 13:22:35,314068,truck
1883,2021-08-13 06:23:56,6182269,car
1884,2021-07-30 17:00:45,1283805,car
1885,2021-08-02 07:57:35,4919410,truck
1886,2021-07-31 22:27:32,215466,truck
1887,2021-08-11 17:50:37,9487827,car
1888,2021-08-19 20:00:29,2989685,van
1889,2021-07-31 00:17:32,5408272,car
1890,2021-08-16 13:48:24,4587132,car
1891,2021-08-19 14:23:04,3418417,car
1892,2021-08-01 17:05:55,6467027,car
1893,2021-08-13 19:58:21,2607026,truck
1894,2021-08-05 21:39:29,2110522,car
1895,2021-08-02 12:29:47,3959116,van
1896,2021-08-08 06:34:16,9650647,car
1897,2021-08-05 07:18:57,5966700,car
1898,2021-08-18 09:27:01,5483890,truck
1899,2021-07-29 14:35:16,7611470,van
1900,2021-08-18 16:15:18,2430571,car
1901,2021-08-12 07:43:41,5540170,car
1902,2021-08-19 08:53:09,2206296,car
1903,2021-08-16 02:47:38,5786644,car
1904,2021-08-07 02:33:39,2509976,car
1905,2021-08-06 13:33:36,7670347,car
1906,2021-08-13 00:23:18,70027,van
1907,2021-08-04 04:49:43,7016071,car
1908,2021-08-06 20:00:07,8730314,truck
1909,2021-07-30 09:50:21,4526711,van
1910,2021-08-02 19:10:04,8589063,car
1911,2021-08-06 10:31:13,5361926,van
1912,2021-08-09 23:30:41,3425787,car
1913,2021-08-03 17:10:14,7968426,van
1914,2021-08-13 06:23:26,1073918,car
1915,2021-08-05 01:00:11,1756165,car
1916,2021-08-06 12:24:47,2663772,car
1917,2021-08-03 16:07:12,223293,car
1918,2021-08-11 15:06:35,2517221,car
1919,2021-08-10 16:44:42,1463316,car
1920,2021-08-19 21:32:33,2519885,truck
1921,2021-08-03 05:49:51,6472330,van
1922,2021-08-21 20:20:15,1135985,truck
1923,2021-08-08 06:02:43,2828545,car
1924,2021-08-17 04:10:10,7246418,car
1925,2021-08-15 07:11:35,5335461,van
1926,2021-08-08 18:55:46,6975292,van
1927,2021-08-17 00:35:52,780378,car
1928,2021-08-15 19:27:30,4034241,truck
1929,2021-08-12 03:09:50,6342534,car
1930,2021-08-04 00:43:13,5015962,van
1931,2021-08-17 10:34:31,8359967,car
1932,2021-08-19 20:56:46,6734625,car
1933,2021-08-18 23:44:04,4298780,truck
1934,2021-08-02 12:14:53,342680,car
1935,2021-07-29 13:51:54,6691936,car
1936,2021-07-30 05:28:29,3702137,car
1937,2021-08-15 14:46:11,2129792,car
1938,2021-07-30 09:51:28,364700,truck
1939,2021-08-17 01:39:26,8353947,car
1940,2021-08-18 18:34:52,6820349,car
1941,2021-08-07 14:07:50,2421831,car
1942,2021-08-18 12:09:53,8343297,truck
1943,2021-07-31 12:31:59,6514752,truck
1944,2021-08-11 23:01:35,4423777,car
1945,2021-08-07 06:32:49,1232753,truck
1946,2021-08-19 01:40:15,1479425,van
1947,2021-08-05 15:41:45,3004461,truck
1948,2021-08-15 08:07:22,5912543,car
1949,2021-08-02 05:08:03,7269065,car
1950,2021-08-13 09:54:50,9479575,car
1951,2021-08-08 10:32:03,276380,car
1952,2021-08-03 23:17:24,5261186,car
1953,2021-08-09 19:29:57,4971861,van
1954,2021-08-01 19:12:46,6907184,car
1955,2021-08-12 23:20:49,3051037,car
1956,2021-08-02 09:38:46,5317016,truck
1957,2021-07-30 06:39:24,2090427,car
1958,2021-08-20 12:15:01,5664686,car
1959,2021-08-15 12:53:09,1496880,truck
1960,2021-08-15 01:42:00,6024650,van
1961,2021-08-16 07:00:10,2534620,van
1962,2021-08-09 13:18:19,6557689,car
1963,2021-08-18 16:10:02,535689,car
1964,2021-08-11 22:03:39,1842630,car
1965,2021-08-21 22:34:30,9548669,car
1966,2021-08-11 13:42:02,3435720,car
1967,2021-08-13 18:37:43,6623397,truck
1968,2021-08-08 09:52:22,9494741,truck
1969,2021-08-22 05:51:34,4601768,van
1970,2021-08-14 12:32:18,4231613,car
1971,2021-08-12 20:25:37,8950418,car
1972,2021-08-21 07:53:37,5464380,van
1973,2021-08-15 08:42:29,6314258,truck
1974,2021-08-19 01:07:40,9673441,car
1975,2021-08-21 09:55:26,4426068,van
1976,2021-08-06 21:26:18,1139503,van
1977,2021-08-15 14:37:56,6395479,car
1978,2021-08-18 03:55:56,4608310,truck
1979,2021-08-12 20:21:46,8711893,truck
1980,2021-08-01 12:41:29,2298595,car
1981,2021-08-18 00:36:39,1667595,car
1982,2021-08-10 18:53:49,3037702,car
1983,2021-08-13 09:56:24,9163821,truck
1984,2021-08-14 11:23:24,7795212,car
1985,2021-08-06 22:51:50,76332,car
1986,2021-08-08 18:43:59,1940668,truck
1987,2021-08-14 07:18:36,1778169,car
1988,2021-08-07 16:05:39,5099401,truck
1989,2021-08-09 23:05:48,966368,van
1990,2021-07-29 19:38:41,2252412,car
1991,2021-07-29 16:12:46,891909,car
1992,2021-08-06 01:55:31,4298988,car
1993,2021-08-04 08:33:39,8395314,van
1994,2021-08-18 05:36:50,9284639,truck
1995,2021-08-15 17:07:02,965942,car
1996,2021-08-08 01:56:15,7869641,car
1997,2021-07-31 20:33:56,1052029,car
1998,2021-08-04 18:39:09,4306036,car
1999,2021-08-04 22:03:44,5529291,car
2000,2021-08-08 14:14:01,7191693,truck
2001,2021-08-09 21:20:13,3209872,car
2002,2021-07-30 13:58:01,9991692,car
2003,2021-08-02 03:17:59,9075665,truck
2004,2021-08-07 05:39:56,8585188,car
2005,2021-08-15 08:33:09,2073256,car
2006,2021-08-08 18:36:31,1945077,truck
2007,2021-08-03 08:35:55,7783409,car
2008,2021-08-06 10:05:08,2988545,truck
2009,2021-08-15 07:27:57,7964567,truck
2010,2021-08-17 20:10:31,8267415,van
2011,2021-08-03 17:15:28,8544048,car
2012,2021-08-12 11:59:45,8764992,car
2013,2021-08-20 16:42:08,5279370,truck
2014,2021-08-22 14:05:35,7385661,van
2015,2021-08-14 19:39:13,249548,van
2016,2021-08-15 16:21:57,7019985,car
2017,2021-08-12 15:41:20,7655066,truck
2018,2021-07-29 23:46:01,3513415,car
2019,2021-08-04 20:45:12,2250892,car
2020,2021-08-01 03:39:32,4642449,truck
2021,2021-08-02 12:09:31,4609969,truck
2022,2021-08-17 23:09:45,1323663,car
2023,2021-08-13 20:13:59,8495399,car
2024,2021-08-11 03:20:02,2529816,car
2025,2021-08-02 05:27:39,3825115,car
2026,2021-08-08 04:47:13,7198666,truck
2027,2021-08-21 19:59:21,3094252,car
2028,2021-08-09 03:51:13,9910126,truck
2029,2021-08-21 02:26:18,615427,truck
2030,2021-08-22 15:08:07,1898481,car
2031,2021-08-04 22:52:32,2811704,car
2032,2021-08-05 08:17:18,5939317,truck
2033,2021-08-18 01:50:41,7617337,car
2034,2021-08-21 00:57:37,6800345,car
2035,2021-08-17 08:56:58,3397555,car
2036,2021-08-03 11:49:30,9139217,van
2037,2021-08-12 05:08:07,8921045,truck
2038,2021-08-05 17:27:01,3690202,car
2039,2021-07-29 12:28:05,3295237,van
2040,2021-08-05 23:55:51,9255341,car
2041,2021-08-22 09:01:58,5238833,truck
2042,2021-08-14 01:19:12,3417816,van
2043,2021-08-18 04:35:08,5344143,truck
2044,2021-08-20 21:45:27,3881038,car
2045,2021-08-05 18:27:18,6031966,car
2046,2021-08-05 03:00:25,3985901,truck
2047,2021-08-20 20:59:44,9641089,car
2048,2021-08-13 23:54:57,6366435,car
2049,2021-08-01 10:53:55,9492442,truck
2050,2021-08-13 13:59:13,6481355,truck
2051,2021-08-10 16:38:08,7326567,car
2052,2021-08-07 16:01:28,1316030,car
2053,2021-08-16 17:54:26,1769045,car
2054,2021-08-14 11:00:25,3464810,truck
2055,2021-07-30 22:37:27,8627921,truck
2056,2021-08-20 09:58:53,2684168,truck
2057,2021-08-05 00:19:54,3833738,car
2058,2021-08-06 10:28:07,1881388,truck
2059,2021-08-11 14:59:37,8391805,car
2060,2021-08-16 20:14:17,9870706,car
2061,2021-08-21 13:25:10,8522838,truck
2062,2021-08-18 21:23:19,5951085,car
2063,2021-08-16 02:08:15,2009071,car
2064,2021-08-04 10:47:30,8528283,car
2065,2021-08-16 17:05:17,2803744,car
2066,2021-08-20 12:32:42,8849176,car
2067,2021-08-11 18:44:36,4363925,truck
2068,2021-08-13 13:19:11,8952211,car
2069,2021-08-20 00:41:15,105783,truck
2070,2021-08-16 10:56:20,3105884,car
2071,2021-08-03 03:03:13,8204896,car
2072,2021-08-18 11:26:05,6939458,car
2073,2021-08-09 06:13:35,4245299,car
2074,2021-08-01 06:54:04,1188715,truck
2075,2021-08-21 22:24:30,2006861,truck
2076,2021-08-18 05:23:10,5765069,car
2077,2021-08-11 11:33:51,3156487,car
2078,2021-07-31 17:49:45,1811497,car
2079,2021-08-06 13:00:55,3741439,truck
2080,2021-08-15 22:29:46,5800120,truck
2081,2021-08-16 07:47:52,4542060,truck
2082,2021-08-16 14:07:35,9759428,car
2083,2021-08-17 03:59:02,4174269,car
2084,2021-08-21 20:11:34,698216,car
2085,2021-08-19 15:48:15,7636088,car
2086,2021-08-16 05:05:29,1698080,car
2087,2021-08-04 10:25:17,7039449,car
2088,2021-08-22 16:23:37,5892151,truck
2089,2021-08-18 09:20:24,1107681,car
2090,2021-08-16 01:26:47,8142152,car
2091,2021-08-06 22:23:54,7528765,car
2092,2021-08-04 23:25:03,9772819,car
2093,2021-08-05 05:22:25,9621194,truck
2094,2021-08-13 11:33:50,1532979,car
2095,2021-08-13 06:38:29,8756172,car
2096,2021-08-03 10:15:33,9508198,car
2097,2021-08-01 07:27:37,1614486,car
2098,2021-08-06 03:42:56,9515976,truck
2099,2021-08-01 23:45:38,8720769,car
2100,2021-08-11 20:04:49,1117103,car
2101,2021-08-02 12:49:18,11402,truck
2102,2021-08-22 08:29:32,3710314,car
2103,2021-08-03 11:40:20,6855963,truck
2104,2021-08-15 18:38:12,3296506,truck
2105,2021-08-09 17:14:12,4301349,car
2106,2021-08-19 04:25:07,2745984,van
2107,2021-07-30 03:59:32,2199256,truck
2108,2021-08-19 23:26:53,5767192,car
2109,2021-08-18 04:49:40,4392334,car
2110,2021-08-14 05:58:41,423046,truck
2111,2021-08-14 18:06:57,4383674,car
2112,2021-08-02 02:02:45,4731252,car
2113,2021-08-12 19:41:32,7432337,car
2114,2021-08-07 07:15:48,8186740,van
2115,2021-08-07 13:17:13,9057634,truck
2116,2021-08-07 11:46:15,4112695,car
2117,2021-08-14 13:56:25,1380137,car
2118,2021-08-20 12:14:38,6507942,car
2119,2021-07-31 10:41:53,7702457,car
2120,2021-08-13 18:59:00,3434120,car
2121,2021-07-29 14:09:23,2252115,car
2122,2021-08-10 10:02:35,2746461,car
2123,2021-08-05 00:27:03,8024799,car
2124,2021-08-07 20:39:45,1164332,car
2125,2021-08-01 16:38:11,4302986,van
2126,2021-08-12 06:55:34,5511923,car
2127,2021-08-09 09:07:18,9654527,truck
2128,2021-08-19 07:16:34,1282918,car
2129,2021-08-04 14:17:55,3040995,car
2130,2021-08-11 14:44:41,7039705,truck
2131,2021-08-10 08:16:38,7821381,car
2132,2021-08-21 08:34:56,6489938,car
2133,2021-07-29 22:39:17,2667442,truck
2134,2021-08-20 00:16:27,532884,truck
2135,2021-08-22 13:38:10,7650880,car
2136,2021-08-01 21:57:48,9769158,van
2137,2021-08-19 14:33:37,3514986,car
2138,2021-08-08 18:45:14,4256700,truck
2139,2021-07-30 12:06:14,7574565,car
2140,2021-08-10 00:57:35,7571990,truck
2141,2021-08-14 08:47:37,8870105,car
2142,2021-08-03 14:47:00,2535049,car
2143,2021-08-14 16:02:27,4294166,car
2144,2021-08-09 00:30:48,1887449,truck
2145,2021-08-20 15:24:07,9615686,truck
2146,2021-08-11 01:21:58,9437722,car
2147,2021-08-22 05:42:55,2372992,van
2148,2021-08-12 07:31:11,2155314,car
2149,2021-08-09 18:12:12,345607,truck
2150,2021-08-22 01:32:14,7953402,truck
2151,2021-08-11 06:57:54,4656681,car
2152,2021-07-29 18:38:32,4833476,car
2153,2021-08-13 21:54:30,9215337,car
2154,2021-08-16 19:57:05,8707404,car
2155,2021-07-31 16:25:44,2821493,car
2156,2021-08-08 23:53:38,6617350,car
2157,2021-07-29 12:10:37,8111033,car
2158,2021-08-13 13:52:44,6903526,car
2159,2021-08-09 02:52:47,2288787,truck
2160,2021-08-12 02:03:16,3372970,car
2161,2021-08-02 03:54:08,9392194,truck
2162,2021-08-17 01:07:02,8906006,car
2163,2021-08-12 05:33:27,3153972,car
2164,2021-07-31 08:09:29,9293894,car
2165,2021-08-08 04:03:06,2981230,truck
2166,2021-08-04 10:15:55,1206033,van
2167,2021-08-14 00:04:32,5581235,car
2168,2021-07-30 05:06:05,6890813,car
2169,2021-08-14 01:27:39,5523943,truck
2170,2021-08-18 23:35:20,7211084,car
2171,2021-08-10 02:50:04,4668352,van
2172,2021-08-11 13:04:40,9245919,truck
2173,2021-08-21 10:03:43,7087231,car
2174,2021-08-12 16:20:40,2373397,truck
2175,2021-08-12 21:47:00,9280314,truck
2176,2021-08-12 01:06:19,6953648,car
2177,2021-08-19 08:38:44,9844808,van
2178,2021-08-22 09:56:59,2912799,car
2179,2021-08-12 09:03:01,9581849,car
2180,2021-08-17 01:50:14,8120264,truck
2181,2021-08-17 12:16:16,3694295,truck
2182,2021-08-18 05:43:37,2389893,truck
2183,2021-08-17 15:11:31,5946648,car
2184,2021-08-19 08:26:08,3566529,car
2185,2021-08-05 04:54:53,277238,truck
2186,2021-08-03 13:10:25,4471891,truck
2187,2021-08-10 13:36:26,725240,car
2188,2021-08-18 04:47:56,6773300,van
2189,2021-08-07 22:13:18,1935614,truck
2190,2021-08-16 18:21:52,26785,car
2191,2021-08-15 11:24:24,3598105,car
2192,2021-08-22 12:34:23,6166301,car
2193,2021-08-10 05:25:23,1852572,truck
2194,2021-08-07 10:02:00,9588742,car
2195,2021-08-18 11:04:22,1877131,truck
2196,2021-08-10 09:19:56,4866848,car
2197,2021-07-31 00:14:28,6610284,car
2198,2021-08-06 18:36:55,5886598,van
2199,2021-08-02 06:52:10,2013160,truck
2200,2021-08-09 01:55:56,9763572,van
2201,2021-08-03 18:29:25,433535,van
2202,2021-08-19 12:05:07,5115359,truck
2203,2021-08-12 14:43:33,8914873,car
2204,2021-08-04 05:35:13,5822513,truck
2205,2021-07-30 16:44:30,9127899,van
2206,2021-08-11 10:55:54,7996756,truck
2207,2021-08-09 06:33:18,1581967,car
2208,2021-08-02 17:00:47,9880175,car
2209,2021-08-01 10:19:00,6272381,car
2210,2021-08-16 10:25:19,3399227,car
2211,2021-08-08 04:58:45,1050893,car
2212,2021-08-08 15:45:06,7748771,car
2213,2021-08-16 21:02:56,5828541,car
2214,2021-07-31 11:25:20,3069018,truck
2215,2021-08-12 04:22:30,2606722,van
2216,2021-08-17 20:38:13,1794651,car
2217,2021-08-11 09:25:28,3888376,van
2218,2021-08-22 16:17:43,495976,car
2219,2021-08-07 19:08:26,6054974,car
2220,2021-07-29 13:51:21,1461491,car
2221,2021-08-04 02:15:42,2653649,car
2222,2021-07-29 18:56:21,41829,car
2223,2021-08-10 21:59:48,2787072,car
2224,2021-08-13 15:47:42,5400421,car
2225,2021-08-22 18:34:12,6206783,car
2226,2021-08-02 15:06:40,3452250,car
2227,2021-08-05 06:51:41,9131018,car
2228,2021-08-20 13:39:12,2335799,car
2229,2021-08-01 00:08:32,3658470,truck
2230,2021-08-19 21:06:19,1706389,car
2231,2021-07-29 19:38:05,7020851,truck
2232,2021-08-10 23:41:20,1862428,van
2233,2021-08-10 02:02:46,8062108,truck
2234,2021-08-18 03:08:44,4843259,car
2235,2021-08-03 17:34:37,9377131,van
2236,2021-08-06 02:39:27,3136151,car
2237,2021-08-15 22:31:40,8335972,car
2238,2021-08-11 19:16:50,7198942,car
2239,2021-08-15 13:35:27,2977047,van
2240,2021-08-20 09:25:45,897727,truck
2241,2021-08-20 00:18:43,1877982,car
2242,2021-08-12 00:57:47,9587404,car
2243,2021-08-09 18:06:44,6559793,van
2244,2021-08-09 03:40:21,4757165,car
2245,2021-08-17 03:03:55,305851,car
2246,2021-08-03 00:25:45,8113495,car
2247,2021-08-06 19:51:27,2946772,car
2248,2021-08-14 01:06:02,7189606,truck
2249,2021-08-06 09:03:05,1143379,car
2250,2021-08-22 05:11:35,8604574,truck
2251,2021-08-16 13:48:57,6796231,truck
2252,2021-08-20 22:44:44,3937851,car
2253,2021-08-09 09:56:07,2451124,car
2254,2021-08-04 01:20:44,3015407,truck
2255,2021-08-05 16:29:09,6407704,van
2256,2021-07-31 21:44:16,5272711,truck
2257,2021-08-05 00:54:29,5597789,truck
2258,2021-08-05 13:53:24,3417844,car
2259,2021-07-30 23:32:10,4841457,car
2260,2021-08-11 21:33:36,9393700,truck
2261,2021-07-31 11:42:13,4640332,car
2262,2021-07-30 03:45:14,2102498,car
2263,2021-08-14 06:28:51,6048427,car
2264,2021-08-14 07:55:08,7179632,car
2265,2021-08-12 06:47:02,282997,car
2266,2021-08-12 12:18:27,5934386,truck
2267,2021-08-03 00:05:19,1613131,truck
2268,2021-08-21 08:07:01,4788826,car
2269,2021-08-01 15:04:23,436420,van
2270,2021-08-09 05:21:03,5583534,car
2271,2021-08-21 22:39:31,886099,car
2272,2021-08-11 12:16:26,7545470,car
2273,2021-08-02 04:32:09,2745923,car
2274,2021-08-18 22:30:30,2082517,car
2275,2021-08-10 01:41:27,9913242,truck
2276,2021-08-12 02:39:16,7116882,car
2277,2021-08-13 16:36:37,6638780,truck
2278,2021-08-20 16:30:48,9292558,van
2279,2021-08-06 18:19:30,3520695,truck
2280,2021-08-08 14:06:56,5467089,car
2281,2021-08-06 20:38:31,922446,car
2282,2021-07-31 10:24:35,1996778,truck
2283,2021-08-13 10:49:58,260779,car
2284,2021-08-17 13:29:55,2327207,car
2285,2021-08-19 02:10:36,6039743,car
2286,2021-08-21 13:46:08,2821959,car
2287,2021-08-15 02:26:30,6443421,truck
2288,2021-08-02 12:44:30,9308193,car
2289,2021-07-31 18:50:48,2481547,car
2290,2021-08-02 12:59:21,9263135,car
2291,2021-08-18 02:39:31,5938724,car
2292,2021-08-11 09:32:56,2807511,car
2293,2021-07-31 05:37:21,9782840,car
2294,2021-08-13 10:16:15,2882003,car
2295,2021-08-06 05:53:32,1795308,car
2296,2021-08-19 15:20:30,3369737,car
2297,2021-08-11 22:20:04,4760336,car
2298,2021-08-04 11:17:00,3355165,truck
2299,2021-08-16 17:09:26,7001035,truck
2300,2021-08-18 10:38:15,7405540,truck
2301,2021-08-05 23:21:46,4778378,car
2302,2021-08-03 21:35:25,7680482,car
2303,2021-08-11 10:16:03,5752445,truck
2304,2021-07-31 12:52:34,8693408,car
2305,2021-08-19 18:40:23,6951096,car
2306,2021-08-01 08:07:35,4812389,truck
2307,2021-08-04 17:26:39,693170,car
2308,2021-08-15 16:55:35,4065634,car
2309,2021-08-13 01:11:47,1969675,truck
2310,2021-08-18 01:46:17,8285719,truck
2311,2021-08-05 04:01:28,3786368,truck
2312,2021-07-29 23:37:16,5384549,car
2313,2021-08-18 21:14:11,2576951,van
2314,2021-08-03 06:34:59,9824406,van
2315,2021-08-15 01:31:13,9132828,truck
2316,2021-08-04 11:32:12,2843071,van
2317,2021-08-14 01:39:31,9641681,car
2318,2021-08-06 12:16:22,2470458,car
2319,2021-08-16 21:11:03,5151500,truck
2320,2021-08-01 00:55:45,3521188,car
2321,2021-08-11 08:06:53,7180370,truck
2322,2021-08-16 08:18:58,1524848,car
2323,2021-07-31 17:33:25,9716750,car
2324,2021-08-19 08:29:03,280604,car
2325,2021-07-31 06:15:36,1343714,car
2326,2021-08-10 21:50:12,6861431,car
2327,2021-08-13 00:08:35,805640,truck
2328,2021-08-20 08:48:39,9583399,car
2329,2021-08-04 20:56:20,4595595,car
2330,2021-08-05 14:25:13,8132088,car
2331,2021-08-17 09:16:31,6653572,van
2332,2021-08-06 12:08:59,179154,car
2333,2021-07-30 15:06:44,4036170,car
2334,2021-08-14 00:02:59,939177,car
2335,2021-08-09 19:19:36,7580388,car
2336,2021-08-09 00:59:00,5562181,car
2337,2021-08-10 01:43:17,2415713,car
2338,2021-08-07 11:32:34,2822394,van
2339,2021-08-22 07:23:48,8913290,car
2340,2021-08-02 07:57:01,2293565,car
2341,2021-08-15 10:23:18,4900866,truck
2342,2021-08-06 21:20:06,1421478,car
2343,2021-08-05 23:21:08,5842605,car
2344,2021-08-16 03:20:55,208597,van
2345,2021-08-13 10:32:14,5622316,car
2346,2021-08-20 16:08:06,9663007,car
2347,2021-08-03 01:46:34,1638578,car
2348,2021-08-19 21:02:23,2532322,car
2349,2021-08-19 11:12:44,7918655,car
2350,2021-08-05 13:48:42,9938856,car
2351,2021-08-03 18:55:46,9695966,car
2352,2021-08-21 01:18:25,9368098,car
2353,2021-08-13 01:45:10,3091104,truck
2354,2021-08-01 05:52:05,1228688,truck
2355,2021-08-13 19:54:25,4978473,car
2356,2021-08-12 05:08:18,1021235,car
2357,2021-07-30 16:25:40,4034239,car
2358,2021-08-05 09:04:34,382452,truck
2359,2021-08-05 05:30:46,9300835,car
2360,2021-08-19 18:42:58,1591492,truck
2361,2021-08-17 17:48:45,9718468,car
2362,2021-08-05 16:08:33,2508097,car
2363,2021-08-01 04:51:16,1707883,car
2364,2021-08-11 14:44:28,6923316,van
2365,2021-08-03 18:12:26,6098870,truck
2366,2021-08-09 17:01:23,1388802,car
2367,2021-08-15 17:15:49,5377509,car
2368,2021-08-21 12:42:29,2323339,car
2369,2021-08-04 11:42:45,7854858,car
2370,2021-07-29 15:32:48,8940137,truck
2371,2021-08-12 05:14:32,371476,car
2372,2021-08-12 09:31:14,3462173,car
2373,2021-07-31 17:23:19,3646260,truck
2374,2021-08-05 18:41:25,6104161,car
2375,2021-08-16 22:18:45,226187,car
2376,2021-08-16 11:32:19,5473322,car
2377,2021-08-21 08:45:44,2931862,van
2378,2021-08-09 05:48:49,8105227,truck
2379,2021-08-02 13:40:25,6067944,truck
2380,2021-08-08 17:42:28,8716008,car
2381,2021-07-30 14:58:17,9122828,van
2382,2021-08-16 11:50:55,29271,truck
2383,2021-08-04 21:55:52,940938,car
2384,2021-08-11 09:31:22,5745091,van
2385,2021-08-22 05:05:36,5825255,truck
2386,2021-08-11 21:52:09,736458,van
2387,2021-08-19 01:24:06,2143542,car
2388,2021-08-02 22:33:26,4929205,car
2389,2021-08-21 02:41:45,2107435,car
2390,2021-08-12 01:17:32,764188,car
2391,2021-08-03 07:38:22,4464115,car
2392,2021-08-12 18:06:25,3367963,truck
2393,2021-08-19 04:47:43,4396339,truck
2394,2021-08-19 18:58:09,2891442,car
2395,2021-08-20 17:04:40,751154,car
2396,2021-08-08 05:32:53,5688186,car
2397,2021-08-10 16:12:39,5529818,car
2398,2021-08-08 21:09:43,5311120,car
2399,2021-08-13 16:20:16,3750012,car
2400,2021-08-06 08:00:29,208207,car
2401,2021-08-03 22:44:47,2926595,van
2402,2021-08-20 18:37:28,1575438,car
2403,2021-08-11 00:41:08,6733524,car
2404,2021-08-03 12:47:56,7492188,car
2405,2021-08-04 18:02:50,1135479,car
2406,2021-08-07 09:45:46,3138965,car
2407,2021-08-20 01:47:26,7852976,truck
2408,2021-08-04 11:27:10,632828,truck
2409,2021-08-15 08:03:00,2585797,car
2410,2021-08-14 12:34:36,8101085,car
2411,2021-08-14 12:45:50,9158382,car
2412,2021-08-17 06:10:20,8641771,truck
2413,2021-08-15 04:23:28,845364,car
2414,2021-08-04 15:18:08,1588316,car
2415,2021-08-05 19:42:49,3401822,van
2416,2021-08-21 18:37:31,9320107,car
2417,2021-08-01 00:18:23,3865123,truck
2418,2021-08-07 23:53:41,7275070,car
2419,2021-08-08 21:31:19,2321017,car
2420,2021-08-08 19:54:27,7673521,truck
2421,2021-08-13 23:31:48,4956858,car
2422,2021-08-08 21:47:22,9993450,car
2423,2021-08-16 18:18:12,7561525,truck
2424,2021-08-07 13:00:46,8108874,car
2425,2021-07-30 11:34:16,6655900,car
2426,2021-08-09 14:43:20,4698822,car
2427,2021-08-08 03:28:10,5388815,car
2428,2021-07-30 04:43:07,9886417,car
2429,2021-08-22 12:27:16,5488910,car
2430,2021-08-21 07:56:09,3725986,car
2431,2021-08-13 05:13:41,9352049,truck
2432,2021-08-09 18:23:22,1984622,car
2433,2021-08-21 04:30:46,6697706,car
2434,2021-08-09 11:36:07,1323739,truck
2435,2021-07-30 08:40:44,3216208,car
2436,2021-08-22 06:04:30,4626751,car
2437,2021-07-31 12:51:02,5504023,car
2438,2021-08-21 21:16:08,2752020,car
2439,2021-08-17 17:58:32,1060400,car
2440,2021-08-20 06:38:28,635938,car
2441,2021-07-31 07:13:35,286361,car
2442,2021-08-01 20:06:20,2978497,car
2443,2021-08-13 17:16:26,9188647,car
2444,2021-08-20 08:27:45,3704819,car
2445,2021-07-30 19:40:59,2705646,car
2446,2021-08-08 11:58:44,4282435,truck
2447,2021-08-03 00:30:19,8884177,car
2448,2021-08-16 09:03:13,5880487,car
2449,2021-08-08 10:56:03,5864894,truck
2450,2021-08-01 23:32:33,850468,car
2451,2021-08-15 11:48:22,5256095,truck
2452,2021-08-17 10:15:11,4838062,van
2453,2021-08-18 08:40:46,5580721,van
2454,2021-08-10 16:48:20,8389825,van
2455,2021-08-18 12:05:14,2160458,car
2456,2021-08-17 18:31:43,2906379,car
2457,2021-08-08 07:20:08,8976339,car
2458,2021-08-05 05:56:28,509471,car
2459,2021-08-16 14:07:56,9228444,car
2460,2021-08-07 11:52:53,739519,car
2461,2021-08-17 13:21:03,7338498,car
2462,2021-08-17 08:11:31,8819997,truck
2463,2021-08-18 01:30:00,3729795,truck
2464,2021-08-10 02:01:43,6793174,truck
2465,2021-07-30 10:27:54,8469780,truck
2466,2021-08-20 00:15:25,4625148,car
2467,2021-08-08 17:11:49,3664211,car
2468,2021-08-07 15:58:35,3541118,car
2469,2021-08-14 15:47:20,9350175,truck
2470,2021-07-30 09:29:49,8661324,car
2471,2021-08-18 20:07:27,1348753,van
2472,2021-08-19 21:52:52,6507004,van
2473,2021-08-17 19:25:32,4234641,car
2474,2021-08-19 23:40:49,7017857,truck
2475,2021-08-05 21:20:50,2784669,car
2476,2021-08-16 05:04:29,3169810,car
2477,2021-08-04 10:44:42,9191731,truck
2478,2021-08-08 06:08:09,8680760,car
2479,2021-08-10 13:18:26,5810307,car
2480,2021-08-13 20:13:25,624331,van
2481,2021-08-01 21:57:29,7794242,car
2482,2021-07-31 09:30:13,8225604,car
2483,2021-08-18 16:41:48,2625080,car
2484,2021-08-12 05:26:53,5144439,car
2485,2021-08-12 00:05:40,3790896,car
2486,2021-08-21 18:03:36,1283238,car
2487,2021-07-30 19:05:02,8877352,truck
2488,2021-08-02 13:19:07,4656256,car
2489,2021-08-18 18:07:00,2334164,truck
2490,2021-08-05 07:09:15,3976368,truck
2491,2021-08-04 18:40:59,3929327,car
2492,2021-08-20 19:44:07,8112065,truck
2493,2021-08-16 14:08:22,2442180,van
2494,2021-07-30 08:31:26,6761455,car
2495,2021-08-19 08:08:25,278933,car
2496,2021-08-08 02:26:16,7306445,car
2497,2021-08-18 00:38:47,3936043,car
2498,2021-08-13 23:43:55,8247476,car
2499,2021-08-07 18:16:11,7529143,truck
2500,2021-08-21 17:27:58,456268,car
2501,2021-08-14 19:04:20,1534775,truck
2502,2021-08-18 15:08:35,235822,van
2503,2021-08-14 09:54:00,8965339,car
2504,2021-08-15 02:34:56,8140556,truck
2505,2021-08-14 11:19:35,4245691,car
2506,2021-08-17 01:34:57,9562181,truck
2507,2021-08-21 09:20:44,9369195,car
2508,2021-08-14 14:24:08,6636018,truck
2509,2021-08-13 12:44:04,2767983,car
2510,2021-08-10 16:52:44,6468020,car
2511,2021-08-18 02:24:55,7030896,car
2512,2021-08-20 12:22:01,9040684,car
2513,2021-08-19 12:23:04,4323952,truck
2514,2021-08-10 19:46:41,5363679,car
2515,2021-08-12 23:45:20,2686707,car
2516,2021-08-13 14:15:33,8569812,car
2517,2021-07-31 05:05:15,7094424,truck
2518,2021-08-08 19:45:49,9121330,truck
2519,2021-08-13 01:58:20,739165,truck
2520,2021-08-17 14:11:59,3366701,truck
2521,2021-08-15 16:27:55,8475949,car
2522,2021-08-22 00:44:00,9157314,car
2523,2021-08-04 00:23:58,1788348,car
2524,2021-08-08 23:10:02,9068512,truck
2525,2021-08-20 11:55:12,5627735,car
2526,2021-08-11 00:41:57,5138193,car
2527,2021-07-30 00:48:09,1247680,car
2528,2021-08-18 12:42:12,9562498,car
2529,2021-08-16 15:21:50,5528211,truck
2530,2021-08-05 00:47:32,3621157,car
2531,2021-08-16 21:33:12,6595490,van
2532,2021-08-14 21:31:43,9115257,van
2533,2021-08-02 01:07:34,470359,car
2534,2021-08-21 13:43:57,3215207,car
2535,2021-08-11 11:28:52,9986413,car
2536,2021-08-16 17:04:50,235511,truck
2537,2021-08-15 07:59:39,2680742,truck
2538,2021-08-18 02:59:49,4862591,van
2539,2021-08-04 03:26:06,1887312,car
2540,2021-08-21 02:53:20,8533026,truck
2541,2021-08-01 10:18:31,6588186,car
2542,2021-08-08 17:16:47,4275984,car
2543,2021-08-05 00:29:28,581996,car
2544,2021-08-17 03:32:43,5946672,truck
2545,2021-08-13 09:50:36,4965045,car
2546,2021-08-22 14:33:28,6775664,car
2547,2021-08-03 01:42:18,5256434,car
2548,2021-08-11 04:37:47,8940248,car
2549,2021-08-03 07:00:45,9388822,car
2550,2021-08-03 07:24:18,5286416,truck
2551,2021-08-16 13:28:50,9492828,car
2552,2021-08-13 07:47:38,2406598,truck
2553,2021-08-17 19:22:00,8914418,car
2554,2021-08-02 02:11:19,965869,van
2555,2021-08-11 07:48:31,5027808,car
2556,2021-08-05 07:59:01,9616538,truck
2557,2021-08-05 19:31:33,2354498,car
2558,2021-08-21 12:10:14,9734520,car
2559,2021-08-21 20:51:27,1324683,van
2560,2021-07-30 11:02:01,653766,truck
2561,2021-07-30 00:23:45,168532,truck
2562,2021-08-05 01:40:30,6652157,car
2563,2021-08-07 06:56:23,2976438,truck
2564,2021-08-02 21:26:19,5132790,car
2565,2021-08-14 15:19:45,4529955,car
2566,2021-08-12 00:42:18,1689578,car
2567,2021-08-04 16:13:33,7390427,car
2568,2021-08-15 04:36:16,212966,truck
2569,2021-08-02 03:44:31,4626329,car
2570,2021-07-31 17:10:31,582983,car
2571,2021-08-03 16:22:05,6415311,car
2572,2021-08-08 23:55:20,2025201,van
2573,2021-08-16 07:41:14,6636442,van
2574,2021-08-06 11:42:03,520208,van
2575,2021-08-03 14:48:05,5924388,car
2576,2021-08-13 03:01:44,7397736,car
2577,2021-08-17 20:38:59,8390915,car
2578,2021-08-02 07:08:30,767864,car
2579,2021-08-06 08:34:34,2244410,car
2580,2021-08-07 10:02:04,6093278,car
2581,2021-08-13 01:02:03,3708274,van
2582,2021-08-12 21:05:42,7449792,car
2583,2021-08-10 14:18:27,7449385,truck
2584,2021-08-14 14:08:49,9883762,car
2585,2021-08-15 12:41:52,565331,car
2586,2021-08-03 15:34:20,1634285,car
2587,2021-08-03 02:39:34,2903232,car
2588,2021-08-12 15:48:04,8958561,truck
2589,2021-08-21 08:54:41,1023797,car
2590,2021-07-30 15:52:38,9172998,car
2591,2021-08-18 11:58:37,4904226,car
2592,2021-08-05 14:10:34,9038987,car
2593,2021-08-18 00:47:39,6406590,van
2594,2021-07-30 01:59:51,875114,van
2595,2021-08-12 02:47:23,5289058,truck
2596,2021-08-16 14:53:16,4749205,car
2597,2021-08-13 06:09:04,9737963,truck
2598,2021-08-01 18:27:51,6434826,car
2599,2021-08-13 03:37:13,7495880,car
2600,2021-08-17 02:21:41,5521690,car
2601,2021-08-09 08:30:03,8394179,car
2602,2021-08-04 04:50:25,5225129,car
2603,2021-07-29 16:38:29,6739882,truck
2604,2021-08-04 17:55:37,9410321,car
2605,2021-08-08 06:57:05,4117834,van
2606,2021-08-16 02:09:11,9456387,car
2607,2021-08-09 01:03:09,7705841,car
2608,2021-08-03 19:14:33,7359785,car
2609,2021-08-11 18:59:45,3271325,car
2610,2021-08-10 14:37:16,6452717,car
2611,2021-08-06 17:49:31,2126880,truck
2612,2021-07-29 22:28:41,4337936,car
2613,2021-08-08 16:28:13,6588286,van
2614,2021-08-03 22:57:33,9893046,car
2615,2021-08-04 15:41:09,7024032,truck
2616,2021-08-13 07:08:16,9457014,car
2617,2021-08-03 00:22:38,8990830,car
2618,2021-08-08 01:52:22,1544221,truck
2619,2021-08-22 13:48:04,6174370,truck
2620,2021-08-20 11:49:56,4311930,truck
2621,2021-08-10 22:36:41,3950484,car
2622,2021-08-12 14:42:52,7868468,car
2623,2021-08-11 03:14:04,2617757,van
2624,2021-08-14 08:47:01,4569280,car
2625,2021-08-01 11:57:12,49818,car
2626,2021-08-20 07:54:11,46925,car
2627,2021-08-12 03:19:27,6451013,car
2628,2021-08-20 18:08:40,8804024,car
2629,2021-08-01 13:47:02,680807,truck
2630,2021-07-29 12:22:50,2895421,car
2631,2021-08-09 23:42:25,5309249,car
2632,2021-08-16 15:46:06,3964885,car
2633,2021-08-08 22:53:11,5318954,truck
2634,2021-08-16 03:30:05,3123558,car
2635,2021-08-15 15:36:21,2537142,car
2636,2021-08-05 08:10:21,4864249,car
2637,2021-08-18 19:27:50,361048,van
2638,2021-08-01 09:50:37,7235543,truck
2639,2021-07-29 18:27:03,566308,car
2640,2021-08-10 06:40:38,9744593,car
2641,2021-07-29 17:10:52,4841216,car
2642,2021-08-02 20:37:19,5107345,car
2643,2021-07-30 10:33:31,3014741,car
2644,2021-07-30 02:28:49,8133355,van
2645,2021-08-12 05:21:32,2583669,car
2646,2021-08-09 10:33:49,6500025,car
2647,2021-08-21 13:04:28,1157629,van
2648,2021-08-03 17:34:28,5397450,car
2649,2021-08-11 12:57:53,8611035,car
2650,2021-08-19 05:29:33,1298769,van
2651,2021-08-14 15:16:57,2248516,car
2652,2021-08-14 00:53:07,6278319,car
2653,2021-08-18 09:35:49,4614307,truck
2654,2021-08-14 13:02:52,2509139,van
2655,2021-07-30 11:29:39,2986069,car
2656,2021-07-31 18:30:07,2614861,car
2657,2021-08-18 15:55:51,28694,car
2658,2021-07-29 14:45:20,4039155,car
2659,2021-08-12 15:10:14,2787413,truck
2660,2021-08-07 22:56:05,6142811,truck
2661,2021-08-13 00:55:56,1830669,van
2662,2021-08-09 18:52:28,5237693,van
2663,2021-08-10 21:12:49,993717,truck
2664,2021-07-29 21:16:19,1529385,car
2665,2021-08-12 22:20:37,5544386,car
2666,2021-07-29 12:21:33,1041073,car
2667,2021-08-19 19:25:05,5047709,van
2668,2021-08-18 19:32:19,58830,car
2669,2021-08-02 18:53:23,1847689,car
2670,2021-08-09 19:35:40,6046631,truck
2671,2021-08-16 00:17:11,7160838,car
2672,2021-07-30 03:12:41,65143,truck
2673,2021-07-31 17:39:18,9621393,car
2674,2021-08-22 05:24:45,6199844,car
2675,2021-08-12 13:29:22,9152093,car
2676,2021-08-21 03:56:54,4725600,van
2677,2021-08-14 18:30:03,113873,car
2678,2021-08-10 16:47:34,5733263,car
2679,2021-08-09 11:59:19,2363499,truck
2680,2021-08-05 13:25:09,7357884,car
2681,2021-08-03 05:43:40,7961905,car
2682,2021-08-06 23:21:50,5376521,truck
2683,2021-08-19 09:52:21,8726172,car
2684,2021-08-21 11:46:27,631625,car
2685,2021-08-05 13:02:03,9216749,truck
2686,2021-08-13 21:21:37,7608455,car
2687,2021-08-03 00:37:24,9756739,truck
2688,2021-08-17 11:48:31,8620692,car
2689,2021-08-05 13:49:21,1329720,van
2690,2021-08-04 13:35:38,6975658,car
2691,2021-08-08 05:34:48,8310131,truck
2692,2021-08-06 11:51:37,8601722,truck
2693,2021-08-06 20:36:42,365773,van
2694,2021-08-03 02:18:36,7224143,car
2695,2021-08-20 19:30:02,4049180,car
2696,2021-08-04 04:05:39,9812817,car
2697,2021-08-21 17:21:17,8630963,car
2698,2021-08-17 02:06:38,2861661,car
2699,2021-08-15 05:22:27,3679148,car
2700,2021-08-05 02:38:48,4655140,car
2701,2021-08-08 23:36:36,3141961,car
2702,2021-08-10 05:45:27,7675709,car
2703,2021-08-05 04:56:51,6277780,car
2704,2021-08-02 07:13:42,4533513,car
2705,2021-08-15 08:29:05,119938,car
2706,2021-08-16 14:49:19,742706,car
2707,2021-08-03 12:51:15,1310157,car
2708,2021-07-29 15:37:26,3938752,van
2709,2021-08-20 05:27:31,3469277,car
2710,2021-08-13 23:44:37,5036741,car
2711,2021-08-20 18:21:31,6583554,car
2712,2021-08-09 04:43:34,5049117,car
2713,2021-08-21 13:55:09,2085007,car
2714,2021-08-02 09:59:19,7670522,car
2715,2021-08-08 07:59:29,4536744,van
2716,2021-08-12 04:13:38,6219580,truck
2717,2021-08-19 18:08:01,3616124,car
2718,2021-08-07 02:31:50,8974400,car
2719,2021-07-31 16:33:06,1859742,truck
2720,2021-08-19 01:43:21,2689863,car
2721,2021-08-05 14:32:30,2288764,car
2722,2021-08-10 14:33:36,678672,car
2723,2021-08-03 05:37:27,7115956,car
2724,2021-08-19 13:02:06,8015126,car
2725,2021-08-21 17:27:12,1062438,car
2726,2021-08-18 12:26:01,8917434,car
2727,2021-08-19 15:54:23,636417,car
2728,2021-08-11 14:51:46,3408053,truck
2729,2021-07-31 09:01:32,3265744,car
2730,2021-08-04 12:05:22,385464,car
2731,2021-08-13 16:34:25,4442890,car
2732,2021-08-07 07:45:33,4961289,car
2733,2021-07-29 12:30:40,5444872,car
2734,2021-08-08 16:50:09,9024579,car
2735,2021-08-12 08:57:58,4272208,car
2736,2021-08-09 13:54:38,4789129,car
2737,2021-08-14 12:07:32,2200036,truck
2738,2021-08-09 01:12:19,1064058,van
2739,2021-08-12 20:45:35,4555702,car
2740,2021-08-16 17:34:18,9859390,car
2741,2021-08-12 13:14:55,469677,car
2742,2021-07-30 19:05:40,8713573,car
2743,2021-08-05 13:24:33,5680177,car
2744,2021-08-07 08:48:03,9316543,car
2745,2021-08-01 05:46:47,3443833,truck
2746,2021-08-03 09:32:00,72829,car
2747,2021-08-11 01:54:20,9671579,truck
2748,2021-08-13 03:47:03,265177,car
2749,2021-08-13 10:08:11,5521943,car
2750,2021-08-08 02:59:07,217040,car
2751,2021-08-18 10:36:59,9001033,truck
2752,2021-08-07 23:15:38,3852520,truck
2753,2021-08-01 13:30:32,4916937,car
2754,2021-08-11 07:07:40,7727245,truck
2755,2021-08-15 06:26:19,5284243,car
2756,2021-08-15 03:37:28,2016164,truck
2757,2021-08-03 09:55:33,7580167,car
2758,2021-08-01 08:52:52,3885881,car
2759,2021-08-19 19:18:56,1791001,truck
2760,2021-07-30 21:32:55,1193693,truck
2761,2021-08-14 10:42:34,4800344,car
2762,2021-08-19 22:19:57,8415109,car
2763,2021-08-14 00:33:38,3557227,car
2764,2021-08-13 11:39:36,1725486,car
2765,2021-08-07 04:57:20,1578334,car
2766,2021-08-12 14:19:20,7181419,van
2767,2021-08-18 11:18:37,6178202,truck
2768,2021-08-22 03:41:12,1555473,car
2769,2021-08-02 03:25:22,9309819,car
2770,2021-07-31 08:12:47,5486002,car
2771,2021-08-08 12:07:37,7949728,car
2772,2021-07-29 12:55:33,5538154,truck
2773,2021-08-05 04:11:01,2105707,car
2774,2021-08-18 11:36:27,3512656,truck
2775,2021-08-01 12:20:54,3241304,truck
2776,2021-08-22 06:28:19,4790335,car
2777,2021-08-17 12:46:20,2118537,car
2778,2021-08-07 00:49:21,2838609,car
2779,2021-08-05 11:40:28,1310521,car
2780,2021-08-21 08:57:29,273771,truck
2781,2021-08-07 11:40:14,9169841,car
2782,2021-08-18 00:48:37,8176976,car
2783,2021-08-07 02:53:00,8380400,car
2784,2021-07-31 00:57:44,2381258,van
2785,2021-08-13 08:24:14,652968,van
2786,2021-07-29 19:51:24,27178,car
2787,2021-08-17 07:12:50,9019046,car
2788,2021-08-14 04:48:55,6919300,truck
2789,2021-08-02 03:09:09,8236303,truck
2790,2021-07-31 18:46:28,8790811,car
2791,2021-08-10 14:02:09,5725462,truck
2792,2021-08-02 14:18:21,3166479,car
2793,2021-08-16 07:44:22,2336060,car
2794,2021-08-08 16:44:11,7300971,car
2795,2021-08-16 06:46:47,5036292,car
2796,2021-08-02 15:28:14,56342,car
2797,2021-08-14 13:41:19,9022041,car
2798,2021-08-10 02:30:49,565508,truck
2799,2021-08-04 01:27:09,6548394,car
2800,2021-07-30 20:00:14,291552,car
2801,2021-08-07 07:50:31,3480875,truck
2802,2021-08-15 14:46:48,4352375,van
2803,2021-08-18 20:14:30,8085096,van
2804,2021-08-03 19:43:37,898290,truck
2805,2021-08-20 14:18:20,5026699,truck
2806,2021-08-11 08:37:16,6093454,car
2807,2021-08-21 13:36:55,3160757,car
2808,2021-08-16 10:10:24,8591194,truck
2809,2021-08-02 17:35:48,3771364,car
2810,2021-08-13 10:29:43,4059948,truck
2811,2021-08-12 17:05:39,7438213,car
2812,2021-07-30 01:37:42,2151785,van
2813,2021-08-08 15:37:48,8930261,car
2814,2021-08-04 10:16:13,848357,car
2815,2021-08-06 09:57:48,1314858,car
2816,2021-08-12 07:43:05,2055196,car
2817,2021-08-16 12:38:02,2688320,car
2818,2021-08-04 16:25:26,4509179,truck
2819,2021-08-22 03:50:26,8009184,truck
2820,2021-08-03 13:23:54,9378564,truck
2821,2021-08-17 07:51:18,5414285,van
2822,2021-08-09 14:19:00,9482885,truck
2823,2021-08-10 04:03:48,226824,car
2824,2021-08-10 20:50:38,6608771,truck
2825,2021-07-30 02:44:16,8017386,truck
2826,2021-08-02 15:15:58,126909,car
2827,2021-08-04 11:09:10,2839846,truck
2828,2021-08-05 07:49:53,833041,car
2829,2021-08-10 14:23:33,9349469,car
2830,2021-08-10 21:14:07,2380250,car
2831,2021-08-19 00:22:48,4121107,van
2832,2021-08-18 20:31:08,7244230,car
2833,2021-08-09 16:12:33,6860644,car
2834,2021-08-16 16:00:58,3809719,truck
2835,2021-08-17 22:52:16,2696312,car
2836,2021-08-06 15:15:10,9035254,car
2837,2021-08-12 02:55:35,7248809,truck
2838,2021-08-02 21:19:15,7674003,truck
2839,2021-08-06 21:50:55,2582592,car
2840,2021-08-03 08:22:10,642392,car
2841,2021-07-30 19:11:34,9922801,car
2842,2021-08-04 04:29:34,8960575,truck
2843,2021-08-15 21:35:54,5184513,car
2844,2021-08-18 15:21:37,4599731,van
2845,2021-08-17 02:26:19,7868102,car
2846,2021-08-02 00:04:44,5516399,car
2847,2021-08-12 07:33:24,2647112,van
2848,2021-08-13 08:48:30,7287156,truck
2849,2021-08-12 01:06:52,8805942,car
2850,2021-08-22 12:27:30,9932368,car
2851,2021-08-11 14:25:54,8494078,car
2852,2021-08-05 00:24:44,595305,car
2853,2021-08-03 04:31:23,5969448,truck
2854,2021-08-12 00:04:07,1720106,car
2855,2021-08-20 08:21:38,1979691,car
2856,2021-08-15 21:02:49,5112428,car
2857,2021-08-09 16:50:22,9870017,car
2858,2021-08-07 12:57:38,187946,car
2859,2021-08-13 23:52:48,9210479,car
2860,2021-08-07 14:50:37,7608023,truck
2861,2021-08-21 22:06:21,7906992,car
2862,2021-08-22 08:43:38,1820740,car
2863,2021-08-18 10:24:48,8119310,car
2864,2021-08-09 02:56:45,9398897,van
2865,2021-08-11 03:15:15,4259801,van
2866,2021-08-05 01:04:22,4398365,car
2867,2021-08-16 00:23:30,4388357,car
2868,2021-08-22 03:24:44,9955496,car
2869,2021-08-19 11:43:06,651548,car
2870,2021-08-06 03:33:37,8056394,car
2871,2021-08-17 03:20:45,2211603,van
2872,2021-07-29 13:36:38,1605620,car
2873,2021-08-16 23:39:54,5425988,car
2874,2021-08-20 15:02:07,267009,van
2875,2021-08-07 15:21:16,8487780,car
2876,2021-08-12 10:05:20,1376788,car
2877,2021-08-21 21:13:00,8486928,car
2878,2021-08-17 07:04:33,831732,car
2879,2021-08-08 20:23:43,1878798,car
2880,2021-08-10 02:15:23,2200855,car
2881,2021-08-16 03:18:12,7261898,truck
2882,2021-08-09 01:36:45,2156552,car
2883,2021-08-11 18:32:09,7787489,car
2884,2021-08-05 11:06:22,273188,car
2885,2021-07-31 09:16:01,9730773,car
2886,2021-08-21 14:48:41,9280057,truck
2887,2021-08-18 04:06:47,9759910,car
2888,2021-08-12 18:47:04,3109388,car
2889,2021-08-09 10:52:53,687719,van
2890,2021-08-01 03:58:39,2868207,car
2891,2021-07-31 00:24:00,3843033,van
2892,2021-08-15 03:47:08,3999326,car
2893,2021-08-07 06:53:35,3752633,car
2894,2021-08-15 17:06:54,5999828,car
2895,2021-08-08 00:34:08,3628767,car
2896,2021-07-29 14:13:00,5838867,car
2897,2021-08-20 22:57:29,669022,truck
2898,2021-08-06 19:53:04,3461467,car
2899,2021-08-09 02:17:10,1720666,truck
2900,2021-08-11 21:37:00,7401182,car
2901,2021-08-14 12:25:49,5255067,car
2902,2021-08-11 15:01:42,3305060,car
2903,2021-08-07 11:12:16,929460,car
2904,2021-08-16 16:37:28,3546229,car
2905,2021-08-08 22:30:45,6217377,car
2906,2021-08-01 11:22:12,6919079,car
2907,2021-08-01 09:23:54,8627108,car
2908,2021-08-10 20:12:38,5626312,car
2909,2021-08-21 01:02:29,9106993,car
2910,2021-08-03 12:31:33,9672787,car
2911,2021-08-07 22:45:08,224884,van
2912,2021-08-11 00:16:13,5241020,van
2913,2021-08-11 19:45:27,781918,car
2914,2021-08-07 18:17:42,9713755,car
2915,2021-08-16 13:00:31,5170251,car
2916,2021-08-06 21:57:24,357895,car
2917,2021-08-22 12:23:55,8292026,van
2918,2021-08-08 19:06:40,6811083,car
2919,2021-08-06 20:44:08,6131327,van
2920,2021-08-14 10:17:52,5008679,truck
2921,2021-08-11 06:49:25,4848191,truck
2922,2021-08-06 01:04:34,791157,car
2923,2021-07-31 01:11:48,3501067,truck
2924,2021-08-04 04:06:20,2571468,truck
2925,2021-08-14 14:45:34,4881293,car
2926,2021-08-19 02:30:09,3729824,car
2927,2021-08-10 23:32:10,8780569,car
2928,2021-08-10 23:51:09,5122968,car
2929,2021-08-05 13:35:34,9291683,car
2930,2021-08-21 02:30:56,6287933,car
2931,2021-08-22 17:05:06,208607,truck
2932,2021-08-18 21:13:00,5301333,car
2933,2021-07-30 11:34:03,8728781,car
2934,2021-08-13 05:17:39,550414,car
2935,2021-08-13 02:53:31,8386973,truck
2936,2021-08-11 08:47:22,3983559,car
2937,2021-07-31 13:04:53,4058953,car
2938,2021-08-06 14:14:26,1464111,van
2939,2021-08-12 12:48:35,3346180,car
2940,2021-08-19 01:17:17,5726688,car
2941,2021-08-15 01:55:09,8794304,truck
2942,2021-08-03 09:23:09,7154268,truck
2943,2021-08-14 12:14:17,8920300,truck
2944,2021-07-29 18:57:44,4485145,car
2945,2021-08-18 15:40:40,2070638,car
2946,2021-08-11 15:48:19,3213191,car
2947,2021-07-29 20:40:24,6009553,car
2948,2021-08-11 17:56:05,4525550,truck
2949,2021-08-04 12:30:44,6122862,truck
2950,2021-08-14 12:45:25,3238284,car
2951,2021-07-31 11:49:20,7691955,car
2952,2021-07-31 14:50:44,263539,car
2953,2021-08-12 11:22:04,6581057,car
2954,2021-08-04 00:58:27,6992288,car
2955,2021-08-16 09:54:53,1178799,car
2956,2021-08-13 03:32:53,9827902,van
2957,2021-08-06 17:45:52,9208164,car
2958,2021-08-13 15:02:32,3660284,car
2959,2021-08-15 01:51:01,4168284,van
2960,2021-08-11 17:11:06,8870705,car
2961,2021-08-05 07:21:35,9713526,car
2962,2021-08-07 09:44:45,4580178,car
2963,2021-07-31 07:46:24,2266444,car
2964,2021-07-29 14:34:34,1920617,car
2965,2021-08-15 01:12:34,9592860,car
2966,2021-08-22 04:43:08,978706,truck
2967,2021-08-11 19:02:38,4433962,car
2968,2021-08-22 01:06:50,5280547,car
2969,2021-08-21 00:32:31,9608324,car
2970,2021-08-10 15:59:28,7407420,car
2971,2021-08-20 08:54:20,6935853,car
2972,2021-08-05 10:26:07,827626,truck
2973,2021-08-03 09:42:07,1380070,van
2974,2021-08-01 13:30:36,4105360,car
2975,2021-08-11 21:54:20,7640348,car
2976,2021-07-31 15:08:49,3451272,car
2977,2021-08-21 17:19:38,6610643,car
2978,2021-08-14 07:25:54,4778919,car
2979,2021-08-04 20:25:42,8983354,car
2980,2021-08-14 12:35:48,1654079,car
2981,2021-08-20 10:08:39,4832452,car
2982,2021-08-01 19:15:30,5053890,car
2983,2021-08-09 23:48:25,7224391,car
2984,2021-08-06 05:04:53,4243256,car
2985,2021-08-07 02:14:20,3761184,car
2986,2021-08-02 20:03:41,4147615,car
2987,2021-08-10 14:54:00,9499316,truck
2988,2021-08-01 07:14:43,8008301,car
2989,2021-08-04 15:46:50,8118452,truck
2990,2021-08-09 23:04:04,5740854,car
2991,2021-08-05 19:10:07,908982,car
2992,2021-07-31 08:03:07,1616597,truck
2993,2021-08-05 02:54:05,671310,car
2994,2021-08-11 07:50:03,1225326,truck
2995,2021-08-04 03:56:22,7807921,van
2996,2021-08-08 05:33:45,7259326,car
2997,2021-07-29 11:41:52,7802776,car
2998,2021-08-05 12:55:54,6603295,truck
2999,2021-08-12 22:52:02,9926082,car
3000,2021-08-13 00:52:39,7933728,car
3001,2021-08-07 00:12:41,9029580,car
3002,2021-08-10 01:41:37,295539,car
3003,2021-08-12 10:08:40,480396,car
3004,2021-08-04 12:06:45,5857166,car
3005,2021-08-01 02:06:01,3116688,truck
3006,2021-08-21 19:49:06,8403299,car
3007,2021-07-30 22:45:53,7621099,car
3008,2021-08-06 23:39:35,4856438,van
3009,2021-08-20 10:33:23,2468442,car
3010,2021-08-15 14:27:05,5027932,car
3011,2021-08-07 15:26:19,216964,van
3012,2021-08-05 10:50:44,935411,van
3013,2021-08-06 23:56:02,2463408,car
3014,2021-08-08 01:44:42,5366494,car
3015,2021-08-14 14:04:06,4289120,truck
3016,2021-08-16 13:16:46,6163135,van
3017,2021-08-15 17:56:26,334540,truck
3018,2021-08-04 21:24:33,1645675,truck
3019,2021-08-22 11:24:47,6448838,car
3020,2021-08-04 21:11:40,4448071,car
3021,2021-08-15 03:20:08,3949985,truck
3022,2021-08-01 17:48:12,6505241,truck
3023,2021-08-20 18:02:36,7654878,truck
3024,2021-07-29 14:36:31,5072147,truck
3025,2021-08-11 19:16:25,7737222,van
3026,2021-08-17 12:33:12,5361438,van
3027,2021-08-19 08:01:19,7624778,car
3028,2021-07-31 04:19:51,8032554,truck
3029,2021-08-21 06:06:50,3631537,car
3030,2021-08-07 23:34:08,6574052,car
3031,2021-08-03 04:15:20,6596226,truck
3032,2021-08-02 00:59:37,318095,van
3033,2021-08-15 11:19:30,4308097,car
3034,2021-08-18 05:31:20,5461764,car
3035,2021-08-21 02:00:12,2312712,car
3036,2021-08-19 09:59:57,2785288,car
3037,2021-08-21 04:11:03,8407578,car
3038,2021-08-07 19:06:47,9414721,car
3039,2021-08-17 13:50:30,6033424,truck
3040,2021-08-22 15:22:15,8818274,truck
3041,2021-08-11 17:53:15,7768864,car
3042,2021-08-05 12:52:06,9385039,car
3043,2021-08-13 11:58:09,9968412,car
3044,2021-08-04 08:25:20,4924971,car
3045,2021-08-17 18:47:08,6109450,van
3046,2021-08-21 11:37:43,6359578,car
3047,2021-08-15 01:47:21,3516169,car
3048,2021-08-16 22:52:18,6775371,car
3049,2021-07-31 11:11:27,6027952,car
3050,2021-08-16 05:59:36,7434849,car
3051,2021-08-01 22:16:49,3078381,car
3052,2021-08-03 06:15:18,999203,van
3053,2021-08-12 13:21:22,5619071,car
3054,2021-08-21 06:26:13,495039,car
3055,2021-08-10 22:24:18,2050637,car
3056,2021-08-12 13:34:35,4263435,car
3057,2021-08-03 09:37:51,5464338,car
3058,2021-08-19 14:50:22,4232451,van
3059,2021-08-19 22:26:30,7216285,van
3060,2021-08-20 10:18:58,8531251,car
3061,2021-08-05 20:56:40,2499797,car
3062,2021-08-06 18:22:58,7581059,car
3063,2021-08-07 09:42:41,4709315,truck
3064,2021-08-04 01:18:11,2934889,car
3065,2021-08-21 13:20:20,3199953,car
3066,2021-08-03 18:23:50,9787963,truck
3067,2021-08-12 13:17:52,3757104,car
3068,2021-08-16 09:28:47,7672316,car
3069,2021-08-19 02:08:49,8103565,van
3070,2021-08-13 13:38:30,3883896,truck
3071,2021-08-15 02:16:01,7508791,truck
3072,2021-08-17 11:28:30,7510715,truck
3073,2021-08-07 05:14:58,9033437,car
3074,2021-07-31 10:04:45,1772699,truck
3075,2021-08-18 12:26:21,3219221,truck
3076,2021-08-01 01:31:20,2135279,truck
3077,2021-08-18 21:15:06,5196650,car
3078,2021-08-10 23:35:16,6079717,car
3079,2021-08-20 18:32:19,7545484,car
3080,2021-08-09 22:19:30,457434,car
3081,2021-08-01 15:41:47,7725449,van
3082,2021-08-21 14:20:24,6479022,car
3083,2021-08-03 18:07:48,1837708,van
3084,2021-08-11 01:13:40,7934288,van
3085,2021-08-04 22:31:02,9305794,car
3086,2021-08-19 08:14:48,7833901,car
3087,2021-08-07 09:18:30,9881360,car
3088,2021-08-14 02:52:08,7903911,van
3089,2021-08-07 09:15:23,4567158,car
3090,2021-08-12 08:00:25,9360204,van
3091,2021-08-12 02:57:59,6154918,car
3092,2021-08-07 18:34:17,9101905,car
3093,2021-08-01 19:55:21,8997094,truck
3094,2021-08-22 01:37:49,5710731,car
3095,2021-08-12 21:43:25,9164359,van
3096,2021-08-13 04:44:19,1801431,car
3097,2021-08-15 04:50:44,1044809,car
3098,2021-08-18 14:22:48,8248291,truck
3099,2021-08-06 23:57:48,7637098,car
3100,2021-08-15 22:09:27,19393,truck
3101,2021-08-02 08:58:11,518470,car
3102,2021-08-06 18:34:33,7353243,truck
3103,2021-08-22 00:18:55,8029245,car
3104,2021-08-03 04:33:31,5531082,truck
3105,2021-08-08 15:42:02,2966322,car
3106,2021-07-30 08:15:27,1559026,truck
3107,2021-07-30 22:51:42,1447610,car
3108,2021-08-06 00:46:18,5027752,car
3109,2021-08-01 23:16:34,8436044,truck
3110,2021-08-06 03:06:37,4514250,truck
3111,2021-08-21 05:42:25,2528514,truck
3112,2021-08-18 22:38:31,794611,car
3113,2021-08-11 08:06:58,73706,car
3114,2021-08-13 09:10:09,3076322,car
3115,2021-08-20 21:14:02,2969173,van
3116,2021-08-11 02:50:47,6102581,car
3117,2021-08-08 17:03:35,8344068,car
3118,2021-08-16 02:19:25,4590356,car
3119,2021-08-21 12:28:14,6702632,car
3120,2021-08-07 04:47:51,3184313,car
3121,2021-08-16 20:06:03,951197,truck
3122,2021-08-20 14:43:13,8219853,truck
3123,2021-08-09 15:45:38,8944617,van
3124,2021-08-12 05:22:18,8329543,car
3125,2021-08-08 15:04:31,2442832,car
3126,2021-08-07 21:55:16,7383068,car
3127,2021-08-21 12:22:18,2409400,car
3128,2021-08-19 18:00:02,1181842,car
3129,2021-08-10 19:58:22,7023411,truck
3130,2021-08-03 19:12:19,8057643,truck
3131,2021-08-03 17:16:41,8479441,car
3132,2021-08-13 12:42:04,519983,truck
3133,2021-08-13 11:35:57,5965028,car
3134,2021-08-16 01:03:52,3709155,van
3135,2021-08-17 04:27:51,1515207,car
3136,2021-08-17 08:02:11,2357578,truck
3137,2021-08-13 05:14:48,3944350,truck
3138,2021-08-12 13:25:54,7142607,car
3139,2021-08-21 13:43:15,9501854,truck
3140,2021-08-13 17:59:53,3339331,truck
3141,2021-08-12 20:49:02,7331095,car
3142,2021-08-10 12:46:39,6882552,truck
3143,2021-08-14 18:03:58,1261016,truck
3144,2021-08-20 03:59:59,803464,car
3145,2021-08-18 06:12:59,4403090,car
3146,2021-07-30 06:50:13,9007349,car
3147,2021-08-13 04:12:39,439195,car
3148,2021-08-07 13:17:34,7893073,car
3149,2021-08-12 05:21:59,3100934,car
3150,2021-08-09 22:50:50,1978119,car
3151,2021-08-08 10:18:13,5761399,car
3152,2021-08-09 02:56:48,3556508,truck
3153,2021-08-04 21:45:04,7637207,car
3154,2021-08-12 03:28:48,1408233,truck
3155,2021-08-04 05:49:17,4143385,car
3156,2021-08-05 10:42:26,3790964,truck
3157,2021-08-09 20:11:18,8597890,car
3158,2021-08-01 12:06:18,7633856,car
3159,2021-08-14 23:31:25,122217,car
3160,2021-08-06 20:41:24,8416078,car
3161,2021-08-21 18:31:54,9582400,truck
3162,2021-07-31 04:26:51,1991644,car
3163,2021-08-07 14:30:39,5535407,car
3164,2021-08-21 21:27:07,9214120,truck
3165,2021-08-20 05:01:30,3228593,car
3166,2021-08-12 12:55:05,4030362,car
3167,2021-08-19 04:56:07,4332825,van
3168,2021-08-19 19:42:57,4478049,car
3169,2021-08-04 18:58:49,7683166,car
3170,2021-08-20 16:06:52,9035191,truck
3171,2021-08-13 01:55:54,4415551,car
3172,2021-08-08 22:51:46,7797672,truck
3173,2021-07-29 17:44:23,2421924,car
3174,2021-08-02 20:06:49,5557461,truck
3175,2021-08-17 22:18:17,2135787,car
3176,2021-08-06 02:23:21,4069553,truck
3177,2021-08-13 20:09:28,2286621,van
3178,2021-08-17 06:54:24,2881592,car
3179,2021-08-09 03:51:13,9474831,car
3180,2021-08-12 13:34:57,305540,car
3181,2021-08-18 08:31:42,9394144,car
3182,2021-07-29 16:14:54,694045,truck
3183,2021-08-13 12:52:30,3586328,car
3184,2021-07-29 15:03:03,6793745,car
3185,2021-08-11 18:38:58,9492022,car
3186,2021-07-31 06:06:36,3918499,car
3187,2021-08-16 22:37:41,1327402,car
3188,2021-08-04 16:56:03,8201680,car
3189,2021-08-09 09:25:39,7410856,car
3190,2021-08-20 23:02:03,7838417,car
3191,2021-08-03 18:34:13,9364796,car
3192,2021-08-15 17:55:06,8245402,car
3193,2021-08-09 03:42:56,7665780,car
3194,2021-08-09 05:11:37,8480426,car
3195,2021-08-09 10:13:54,4600383,car
3196,2021-08-09 18:06:55,6493182,truck
3197,2021-08-16 20:35:27,1024927,car
3198,2021-08-11 15:55:28,5134425,car
3199,2021-08-07 14:47:34,6148109,car
3200,2021-08-09 19:25:56,1651021,truck
3201,2021-08-06 04:29:14,2618224,truck
3202,2021-08-15 02:22:23,1460976,car
3203,2021-08-17 11:00:45,1822036,truck
3204,2021-08-10 18:48:12,8271031,car
3205,2021-08-17 08:14:20,6604804,car
3206,2021-07-30 03:24:01,916395,truck
3207,2021-08-06 12:15:43,4805945,car
3208,2021-08-18 03:13:11,9611712,truck
3209,2021-08-04 01:38:04,7480815,car
3210,2021-08-06 08:46:27,2643233,car
3211,2021-08-18 16:09:10,316278,car
3212,2021-08-18 06:35:58,7540333,van
3213,2021-08-10 08:51:28,2199856,car
3214,2021-08-21 04:25:15,3305297,car
3215,2021-08-21 19:46:02,1375935,truck
3216,2021-08-07 01:16:25,8244580,car
3217,2021-08-10 19:35:41,777996,car
3218,2021-08-13 05:22:47,540690,truck
3219,2021-08-16 15:56:11,9729810,car
3220,2021-08-18 04:11:44,5964671,van
3221,2021-08-12 12:53:33,322145,car
3222,2021-08-21 00:30:56,4242058,car
3223,2021-08-13 02:07:54,6439407,car
3224,2021-08-13 16:44:41,7007462,car
3225,2021-08-04 12:18:07,8872505,car
3226,2021-08-09 18:03:54,9764823,car
3227,2021-08-20 08:25:11,4341120,van
3228,2021-08-11 21:20:25,3172405,truck
3229,2021-08-21 07:31:41,212263,car
3230,2021-08-18 04:36:21,8996786,car
3231,2021-08-10 15:41:42,6708192,truck
3232,2021-08-19 02:14:32,6975550,car
3233,2021-08-13 14:31:34,21599,car
3234,2021-08-13 16:28:18,5978197,van
3235,2021-07-30 02:47:23,5518856,car
3236,2021-08-22 17:48:04,4601051,car
3237,2021-08-03 17:45:30,5835815,car
3238,2021-08-12 01:32:00,5774907,car
3239,2021-08-16 08:49:21,6459060,car
3240,2021-08-10 00:36:48,9736767,truck
3241,2021-08-20 09:29:12,5771753,car
3242,2021-08-22 09:28:12,1088739,car
3243,2021-08-12 09:50:41,4233484,car
3244,2021-08-07 16:54:35,3496874,car
3245,2021-08-17 20:12:35,4236859,car
3246,2021-08-20 01:03:38,2044674,truck
3247,2021-07-30 11:53:50,6830879,truck
3248,2021-08-07 16:53:07,886810,truck
3249,2021-08-07 09:50:59,1107184,van
3250,2021-07-30 10:36:52,3638175,car
3251,2021-08-15 09:40:26,7646837,car
3252,2021-08-03 12:57:24,2653689,truck
3253,2021-07-31 15:02:31,5764055,car
3254,2021-08-15 16:33:58,5333660,car
3255,2021-08-05 20:42:30,2803151,car
3256,2021-08-10 01:04:14,8852660,car
3257,2021-08-07 04:30:42,5895184,car
3258,2021-08-11 12:39:46,9160777,car
3259,2021-08-11 23:10:08,9576980,van
3260,2021-08-07 22:12:17,1280093,car
3261,2021-08-10 18:46:17,3145038,truck
3262,2021-07-31 07:12:28,2615815,truck
3263,2021-08-10 18:46:29,1433262,truck
3264,2021-08-09 01:19:30,4160352,van
3265,2021-08-18 13:01:42,6814390,truck
3266,2021-08-16 01:13:29,3473418,car
3267,2021-08-09 20:39:00,2090771,truck
3268,2021-08-09 06:47:01,1024344,truck
3269,2021-08-15 21:15:18,3034792,car
3270,2021-08-21 05:39:08,2965898,car
3271,2021-08-01 14:31:10,1323596,car
3272,2021-08-07 00:24:41,2811221,car
3273,2021-08-05 11:59:55,6957035,car
3274,2021-08-22 14:08:13,8470082,car
3275,2021-08-02 13:08:55,8120361,car
3276,2021-08-08 09:38:26,3263308,car
3277,2021-08-12 08:57:18,151108,van
3278,2021-08-08 01:42:30,6814338,truck
3279,2021-08-17 12:10:26,8110764,car
3280,2021-08-01 17:38:20,1789528,car
3281,2021-08-14 22:58:46,9892839,car
3282,2021-08-17 12:27:24,3043208,car
3283,2021-08-13 08:03:06,1411285,car
3284,2021-08-02 08:42:01,5594504,van
3285,2021-08-16 23:58:23,328894,truck
3286,2021-08-21 08:13:46,183300,car
3287,2021-08-09 06:05:39,734652,car
3288,2021-08-10 18:04:50,354236,car
3289,2021-08-15 13:07:05,4881839,van
3290,2021-08-15 19:29:33,7075919,truck
3291,2021-08-19 09:45:24,8515574,truck
3292,2021-08-05 02:46:20,1584709,car
3293,2021-08-06 17:14:38,2582328,car
3294,2021-08-17 11:37:06,621146,truck
3295,2021-08-08 02:55:01,1593542,car
3296,2021-08-17 03:41:30,311448,van
3297,2021-08-09 15:18:43,7412529,car
3298,2021-08-04 03:16:39,5199467,van
3299,2021-08-04 09:56:11,2207398,car
3300,2021-08-20 05:59:13,5849738,van
3301,2021-08-15 10:10:01,3366630,car
3302,2021-07-30 03:22:27,8422052,truck
3303,2021-08-21 00:35:21,3369302,car
3304,2021-08-06 19:25:06,181580,car
3305,2021-08-06 13:37:06,859775,car
3306,2021-08-12 21:32:58,4275285,car
3307,2021-08-08 08:28:50,8736618,truck
3308,2021-08-13 00:09:22,4857404,car
3309,2021-07-29 12:21:44,118518,car
3310,2021-08-15 20:55:10,4459055,car
3311,2021-08-13 10:55:59,4535719,van
3312,2021-08-19 15:17:44,8923957,truck
3313,2021-08-22 14:40:24,7854105,van
3314,2021-08-08 23:39:56,7968045,van
3315,2021-08-08 02:03:00,6907553,truck
3316,2021-08-20 12:01:20,327097,car
3317,2021-08-01 01:05:43,3442346,truck
3318,2021-08-21 15:48:17,5716587,car
3319,2021-08-16 06:39:43,2765006,van
3320,2021-08-06 18:58:24,7439532,car
3321,2021-08-14 19:08:03,6645326,car
3322,2021-08-01 14:30:35,4397855,car
3323,2021-08-04 04:25:53,3386943,truck
3324,2021-08-04 06:49:30,6214851,car
3325,2021-08-21 23:18:39,9729860,truck
3326,2021-08-11 03:53:01,6110263,car
3327,2021-08-19 13:11:50,7039543,car
3328,2021-08-04 20:32:01,5715293,car
3329,2021-08-19 23:56:55,9846168,car
3330,2021-08-05 12:03:01,5156885,van
3331,2021-08-19 03:23:40,3498708,car
3332,2021-08-07 16:09:16,4821240,truck
3333,2021-08-03 14:55:36,8255122,truck
3334,2021-08-17 21:14:22,1207312,car
3335,2021-08-17 19:36:08,2684164,car
3336,2021-08-09 00:33:14,6621870,car
3337,2021-08-14 22:02:21,8520803,car
3338,2021-08-10 23:53:10,5095494,truck
3339,2021-08-10 11:57:43,8467048,truck
3340,2021-08-04 02:40:41,3671035,car
3341,2021-08-18 19:31:36,4140411,car
3342,2021-07-31 09:38:29,1781293,car
3343,2021-08-17 14:28:48,4446345,car
3344,2021-08-13 21:48:22,8828940,truck
3345,2021-08-09 07:43:52,1470077,car
3346,2021-08-21 06:00:00,7191909,car
3347,2021-08-12 16:05:57,4916213,car
3348,2021-07-31 08:34:28,5626002,truck
3349,2021-08-20 21:16:32,9264166,car
3350,2021-08-12 08:48:10,4512209,truck
3351,2021-08-03 12:33:27,5253401,truck
3352,2021-08-18 04:01:09,264652,car
3353,2021-08-11 18:11:24,9866891,car
3354,2021-08-01 19:16:27,8129917,car
3355,2021-08-10 12:49:18,2742978,car
3356,2021-07-31 13:26:58,3067242,car
3357,2021-08-17 12:17:16,1911751,car
3358,2021-08-21 02:52:53,815091,car
3359,2021-08-15 10:14:09,4594587,car
3360,2021-07-31 17:59:25,1548780,car
3361,2021-07-29 13:31:31,5879535,car
3362,2021-08-21 09:03:23,7855705,car
3363,2021-08-18 01:08:57,3479781,car
3364,2021-08-06 06:05:35,7867318,car
3365,2021-08-19 09:18:23,6514701,car
3366,2021-08-15 20:43:04,2407316,car
3367,2021-08-20 12:40:35,3155021,van
3368,2021-08-03 09:21:14,6514402,truck
3369,2021-08-16 02:12:58,7017381,car
3370,2021-07-31 15:55:22,3343203,car
3371,2021-08-04 10:27:23,2083056,car
3372,2021-08-03 20:29:09,1013642,van
3373,2021-08-02 23:01:50,6771820,car
3374,2021-08-14 22:13:18,3003756,van
3375,2021-08-13 17:50:16,2103626,car
3376,2021-08-07 13:58:15,6880730,truck
3377,2021-08-03 19:35:52,2584548,van
3378,2021-07-30 18:42:49,3540753,car
3379,2021-08-16 02:45:07,2263215,truck
3380,2021-08-12 09:10:28,5881600,car
3381,2021-07-30 23:45:22,5649371,truck
3382,2021-08-17 11:51:38,531592,car
3383,2021-08-17 05:30:10,5099099,truck
3384,2021-08-12 13:00:35,4948338,car
3385,2021-07-29 11:57:22,7768065,car
3386,2021-08-05 01:45:58,8085079,car
3387,2021-08-06 20:37:26,2717689,car
3388,2021-08-01 23:29:49,9080325,truck
3389,2021-08-10 09:04:29,6032564,truck
3390,2021-08-01 03:02:55,1604801,car
3391,2021-08-22 06:29:47,4776137,car
3392,2021-08-22 14:26:24,2879348,car
3393,2021-08-17 10:42:02,6687809,car
3394,2021-08-12 20:22:02,4635316,van
3395,2021-08-05 04:57:40,4412221,car
3396,2021-08-02 06:40:43,2571033,truck
3397,2021-08-07 01:57:44,1652155,truck
3398,2021-08-19 11:50:35,9644687,van
3399,2021-08-16 02:52:27,9778699,car
3400,2021-08-10 02:34:12,928258,truck
3401,2021-08-13 16:54:41,5428379,car
3402,2021-08-19 23:05:01,9039002,truck
3403,2021-08-16 08:19:18,8949184,car
3404,2021-08-06 09:53:17,516076,van
3405,2021-08-17 11:57:34,6387047,car
3406,2021-08-04 02:17:33,2481140,truck
3407,2021-08-05 00:44:51,3788831,car
3408,2021-07-31 03:24:19,2339528,truck
3409,2021-08-05 07:32:01,3408123,truck
3410,2021-08-01 17:19:32,9077161,car
3411,2021-08-12 02:11:59,1302784,car
3412,2021-08-22 04:05:33,9634672,car
3413,2021-08-01 05:39:02,4278845,truck
3414,2021-08-04 23:26:08,427346,car
3415,2021-08-14 17:20:53,8430592,van
3416,2021-07-29 15:43:16,5671183,car
3417,2021-08-20 14:39:17,3032437,truck
3418,2021-08-20 16:31:55,4953927,car
3419,2021-08-03 02:56:53,2810747,car
3420,2021-08-08 06:56:29,3738887,van
3421,2021-08-18 19:57:43,4669711,car
3422,2021-08-18 14:11:35,2377801,car
3423,2021-08-12 20:16:08,3005756,car
3424,2021-08-17 13:38:09,5593822,car
3425,2021-07-29 13:24:05,4153715,car
3426,2021-08-02 21:44:36,8428891,truck
3427,2021-08-18 23:34:21,2203614,truck
3428,2021-08-12 06:37:34,3404218,car
3429,2021-08-01 10:27:05,619715,truck
3430,2021-08-12 09:58:29,8319082,car
3431,2021-08-18 01:38:08,985316,car
3432,2021-08-04 23:51:28,6381528,van
3433,2021-07-29 12:16:41,1561164,van
3434,2021-08-03 06:07:54,3188290,car
3435,2021-08-15 14:42:34,552017,car
3436,2021-08-03 16:20:30,9131459,car
3437,2021-08-19 23:32:25,1930851,car
3438,2021-08-01 17:32:01,6469856,van
3439,2021-08-22 02:48:47,149030,car
3440,2021-08-21 23:34:10,1486334,truck
3441,2021-08-07 04:27:46,8550461,car
3442,2021-08-05 23:25:39,7394669,car
3443,2021-08-11 03:00:44,7938889,car
3444,2021-08-18 19:07:53,2064835,van
3445,2021-08-06 23:54:51,9185698,car
3446,2021-08-12 13:11:31,4137800,truck
3447,2021-08-15 18:04:39,6389832,car
3448,2021-08-22 11:13:53,3466164,car
3449,2021-08-15 03:33:13,7581808,van
3450,2021-08-22 10:37:35,2254054,car
3451,2021-08-10 19:58:00,6222457,car
3452,2021-08-18 05:42:46,4103692,car
3453,2021-08-04 11:13:00,5308816,car
3454,2021-08-12 11:13:08,8433594,car
3455,2021-08-03 19:03:59,6865305,car
3456,2021-08-18 10:11:47,9515813,truck
3457,2021-08-05 20:52:33,9726111,car
3458,2021-08-07 01:43:38,202521,van
3459,2021-07-30 08:44:17,3269039,truck
3460,2021-08-10 11:33:31,5954093,truck
3461,2021-08-03 08:38:16,9396542,truck
3462,2021-07-31 11:45:44,9886203,van
3463,2021-08-05 20:33:11,1576426,car
3464,2021-08-01 04:19:07,2011181,car
3465,2021-07-31 14:29:43,9796650,car
3466,2021-08-14 15:10:40,5789159,truck
3467,2021-08-16 17:12:39,2518092,truck
3468,2021-07-30 16:38:10,1122266,car
3469,2021-08-04 07:22:26,764667,car
3470,2021-07-30 02:45:59,7466637,car
3471,2021-08-01 17:10:57,4770112,car
3472,2021-08-03 07:15:53,821411,car
3473,2021-08-04 17:21:33,6437178,car
3474,2021-08-05 21:10:17,1977159,car
3475,2021-08-08 04:11:01,6007020,truck
3476,2021-08-22 13:58:30,5058159,car
3477,2021-08-01 19:26:19,8506366,car
3478,2021-08-11 14:03:22,911692,car
3479,2021-08-03 03:49:19,6654403,car
3480,2021-08-13 20:24:41,4505157,car
3481,2021-08-08 13:29:24,4711217,car
3482,2021-07-31 02:02:59,2401999,car
3483,2021-08-02 02:19:16,8036418,truck
3484,2021-08-17 16:10:56,1823417,car
3485,2021-08-02 01:09:20,8450189,car
3486,2021-08-06 09:28:22,1462997,truck
3487,2021-08-01 05:27:24,843625,truck
3488,2021-08-05 07:52:44,250611,car
3489,2021-08-20 19:31:14,3317668,car
3490,2021-08-06 09:23:44,3040707,van
3491,2021-08-02 13:04:01,5898373,truck
3492,2021-08-13 20:19:18,7840931,car
3493,2021-08-02 12:17:12,8291069,truck
3494,2021-08-18 04:22:31,8498850,car
3495,2021-08-10 03:32:54,6414720,car
3496,2021-08-11 10:58:16,7996950,truck
3497,2021-08-06 01:46:04,6431663,car
3498,2021-08-18 16:36:25,9875734,van
3499,2021-08-16 23:22:08,2448613,car
3500,2021-08-05 23:57:09,9125739,car
3501,2021-08-16 17:36:49,1322896,car
3502,2021-08-01 00:03:44,958413,car
3503,2021-07-29 19:08:35,4773729,truck
3504,2021-08-13 06:14:47,7493949,truck
3505,2021-08-09 11:23:38,2239561,car
3506,2021-08-05 23:31:25,2169627,van
3507,2021-08-06 21:49:44,7493212,truck
3508,2021-08-10 20:47:51,7029752,car
3509,2021-08-19 05:35:39,4202047,car
3510,2021-08-21 05:23:18,9717261,car
3511,2021-08-21 11:48:08,3384393,truck
3512,2021-08-18 01:17:15,7522306,truck
3513,2021-08-04 05:53:44,401991,truck
3514,2021-08-10 04:33:09,2504663,car
3515,2021-08-14 22:45:21,8642177,car
3516,2021-08-08 18:00:56,7468871,car
3517,2021-08-15 02:26:56,2794071,car
3518,2021-08-07 23:30:18,4672116,car
3519,2021-08-15 19:13:15,8952144,car
3520,2021-08-18 03:41:32,3830435,truck
3521,2021-08-12 15:39:52,2148086,car
3522,2021-08-06 03:18:05,2400348,car
3523,2021-08-19 00:38:07,1913762,truck
3524,2021-08-08 08:18:51,8755361,car
3525,2021-08-19 01:34:58,760835,car
3526,2021-08-18 04:31:27,5423693,van
3527,2021-08-09 16:08:56,5806508,van
3528,2021-08-04 11:47:17,5318043,car
3529,2021-08-21 03:06:29,4344131,car
3530,2021-08-21 08:18:00,474934,car
3531,2021-08-12 09:25:57,2894372,car
3532,2021-08-07 17:28:01,7641489,car
3533,2021-08-04 10:29:45,1215088,car
3534,2021-08-21 21:22:35,2197817,car
3535,2021-08-20 05:35:12,2473795,car
3536,2021-08-02 08:58:16,5004875,car
3537,2021-07-30 00:58:09,6675052,car
3538,2021-08-18 18:03:29,549326,truck
3539,2021-08-17 19:02:46,1978484,car
3540,2021-08-03 15:37:31,5074498,truck
3541,2021-08-12 19:40:40,8004292,car
3542,2021-07-29 14:44:10,8723956,car
3543,2021-08-14 05:05:15,4617994,car
3544,2021-08-17 10:21:43,563559,car
3545,2021-08-18 02:00:42,2191813,truck
3546,2021-08-11 19:38:58,9968446,car
3547,2021-08-03 23:05:33,275928,truck
3548,2021-08-03 22:16:59,1653686,van
3549,2021-08-03 08:42:45,9337961,truck
3550,2021-08-03 19:09:23,9086795,truck
3551,2021-08-01 12:55:24,9367557,car
3552,2021-07-29 11:53:44,9496327,truck
3553,2021-08-04 01:52:09,4016069,truck
3554,2021-08-16 08:41:05,4699679,car
3555,2021-08-16 00:04:41,50743,car
3556,2021-08-12 08:09:01,8734223,van
3557,2021-07-29 18:41:53,7052275,van
3558,2021-08-16 09:47:29,1447024,car
3559,2021-08-16 16:34:57,5385165,car
3560,2021-08-04 08:37:38,9933207,truck
3561,2021-08-18 10:36:02,9639240,car
3562,2021-08-21 16:02:19,3889157,car
3563,2021-08-13 23:14:38,3464138,car
3564,2021-08-14 17:32:36,6320393,van
3565,2021-08-13 20:48:22,6784534,car
3566,2021-08-04 15:37:33,634378,car
3567,2021-08-16 11:02:03,5631906,truck
3568,2021-08-14 15:07:02,1354046,car
3569,2021-08-16 05:50:45,5649886,car
3570,2021-08-11 11:32:54,7784896,car
3571,2021-08-03 03:14:37,5360488,car
3572,2021-08-02 03:21:09,1658659,car
3573,2021-08-20 13:56:24,2309407,car
3574,2021-08-04 12:55:06,5676597,car
3575,2021-08-18 05:02:24,8937799,car
3576,2021-08-15 21:36:47,2938760,truck
3577,2021-08-17 04:55:29,3563259,truck
3578,2021-08-01 12:27:20,5584657,car
3579,2021-08-14 09:15:31,4993413,car
3580,2021-08-07 20:37:04,8058875,truck
3581,2021-08-17 00:11:55,6304312,car
3582,2021-08-04 20:29:57,9859325,car
3583,2021-08-10 14:52:58,5133239,car
3584,2021-08-22 10:54:25,4887029,car
3585,2021-08-21 09:21:26,4045887,car
3586,2021-08-20 18:02:02,5357027,truck
3587,2021-08-21 09:28:44,1011909,car
3588,2021-08-06 15:45:54,4330657,car
3589,2021-08-01 15:19:24,519094,car
3590,2021-07-30 07:27:13,2631446,car
3591,2021-08-07 18:16:27,9269016,car
3592,2021-08-18 01:56:40,7379593,car
3593,2021-07-30 18:32:25,573687,car
3594,2021-08-17 13:49:23,937326,car
3595,2021-08-03 10:34:09,3352235,truck
3596,2021-08-10 01:35:01,971255,car
3597,2021-08-09 07:07:02,9875470,truck
3598,2021-08-18 00:43:05,6644711,van
3599,2021-07-30 06:52:41,4585032,van
3600,2021-08-03 23:06:45,7587218,car
3601,2021-08-01 22:18:57,4524294,car
3602,2021-08-02 12:53:29,3724148,car
3603,2021-08-16 18:32:25,6376445,car
3604,2021-07-30 09:02:37,5025575,van
3605,2021-08-06 18:54:28,1775447,car
3606,2021-08-19 01:09:58,7141580,car
3607,2021-08-07 16:18:40,9656270,truck
3608,2021-08-01 16:22:35,7391732,truck
3609,2021-08-13 19:53:32,6186999,car
3610,2021-08-15 11:20:11,145756,car
3611,2021-07-30 03:02:45,784628,van
3612,2021-08-21 09:48:14,1313467,car
3613,2021-08-18 13:56:22,1909736,car
3614,2021-08-08 16:39:50,9124282,car
3615,2021-08-18 23:21:03,9314894,truck
3616,2021-08-16 21:41:05,8739713,truck
3617,2021-08-01 11:08:08,2889784,car
3618,2021-08-01 14:10:34,8300993,car
3619,2021-08-22 07:41:36,7546474,car
3620,2021-08-15 13:26:51,8091351,car
3621,2021-08-08 09:10:22,6086743,car
3622,2021-08-19 07:56:26,4473159,truck
3623,2021-08-20 03:17:24,4895894,truck
3624,2021-08-15 07:36:44,9587163,truck
3625,2021-08-19 12:11:09,2357640,van
3626,2021-07-31 11:04:22,5810114,truck
3627,2021-08-21 22:38:39,1283630,car
3628,2021-08-01 19:01:17,1815835,car
3629,2021-08-21 09:50:56,5285866,truck
3630,2021-07-31 23:56:28,430301,car
3631,2021-08-09 07:57:17,5118665,truck
3632,2021-08-12 23:51:10,2611765,car
3633,2021-08-10 17:38:37,7176391,car
3634,2021-08-04 12:46:04,4560016,car
3635,2021-07-29 11:59:22,7538785,car
3636,2021-08-18 12:56:56,3572029,car
3637,2021-07-31 23:33:06,1199041,car
3638,2021-08-14 23:51:21,72091,car
3639,2021-08-02 18:58:51,1909966,car
3640,2021-08-20 15:09:47,5451560,car
3641,2021-08-01 00:12:46,5459046,truck
3642,2021-07-30 23:02:22,4542216,car
3643,2021-08-11 21:03:37,1711852,truck
3644,2021-08-11 09:06:59,6932721,truck
3645,2021-08-21 19:36:12,507571,car
3646,2021-08-17 10:01:50,8924779,truck
3647,2021-08-13 20:45:07,4929016,car
3648,2021-08-16 14:52:01,4714436,van
3649,2021-08-21 17:21:14,6300206,van
3650,2021-08-02 16:02:23,9404838,car
3651,2021-07-30 23:48:27,7904605,car
3652,2021-08-09 14:28:41,1152575,truck
3653,2021-08-07 02:36:22,428801,car
3654,2021-08-07 14:16:41,6851284,car
3655,2021-08-07 19:18:16,553458,car
3656,2021-08-06 05:43:03,6409666,car
3657,2021-08-16 21:59:32,7922899,car
3658,2021-07-30 20:22:45,628079,car
3659,2021-07-30 21:01:57,4899667,car
3660,2021-08-12 20:26:31,4228474,van
3661,2021-08-11 04:18:17,7190982,truck
3662,2021-08-07 21:41:11,2986069,car
3663,2021-08-05 21:32:46,7318998,car
3664,2021-08-07 07:30:40,3134373,car
3665,2021-07-31 04:49:32,1814328,car
3666,2021-07-31 20:30:52,5294092,car
3667,2021-08-20 16:14:01,3356619,car
3668,2021-08-15 13:32:36,2994096,car
3669,2021-08-19 15:31:24,5072007,car
3670,2021-07-31 05:10:19,1893936,car
3671,2021-08-04 05:51:07,1535916,truck
3672,2021-08-11 03:18:25,9613436,truck
3673,2021-08-02 12:28:24,8746806,car
3674,2021-08-03 18:54:12,2666661,van
3675,2021-08-10 04:33:07,1184760,truck
3676,2021-08-04 18:16:35,3116225,car
3677,2021-08-21 18:08:06,7275873,car
3678,2021-08-14 11:22:51,5328121,car
3679,2021-08-17 04:45:06,6964076,car
3680,2021-08-03 00:30:14,4942715,car
3681,2021-07-31 19:54:15,481598,van
3682,2021-08-06 19:30:05,6602358,car
3683,2021-08-11 08:48:02,6689110,car
3684,2021-08-12 16:06:52,2869877,car
3685,2021-08-20 12:02:17,9421471,truck
3686,2021-08-10 17:14:34,7246770,car
3687,2021-08-12 15:18:00,6788615,car
3688,2021-08-20 05:46:29,6471426,car
3689,2021-08-11 05:15:20,3155481,car
3690,2021-08-02 21:52:15,1718137,car
3691,2021-08-11 04:00:28,3428645,car
3692,2021-08-01 20:52:00,9534059,car
3693,2021-08-18 07:33:29,8140162,car
3694,2021-08-10 23:42:00,1114469,van
3695,2021-08-05 12:50:37,7262668,car
3696,2021-08-05 07:15:56,7840403,car
3697,2021-08-17 12:52:08,2995837,car
3698,2021-08-16 15:03:05,3740358,van
3699,2021-08-20 02:39:39,2504863,car
3700,2021-08-09 12:34:48,6241211,car
3701,2021-08-05 04:28:38,4810189,car
3702,2021-08-11 02:11:47,5481150,truck
3703,2021-08-15 02:15:24,1147949,car
3704,2021-07-29 18:55:15,4753600,truck
3705,2021-07-29 23:56:05,9446358,car
3706,2021-08-09 21:30:46,2519804,car
3707,2021-08-21 19:41:13,3391749,car
3708,2021-08-14 13:27:22,6095806,car
3709,2021-08-20 23:40:23,2812052,truck
3710,2021-08-05 06:50:07,1481410,car
3711,2021-08-15 14:57:54,7636437,car
3712,2021-08-18 14:00:49,6994316,truck
3713,2021-08-08 03:53:50,2290002,truck
3714,2021-08-10 19:52:11,5683295,van
3715,2021-08-21 06:10:17,4017903,car
3716,2021-08-15 22:28:01,5243716,car
3717,2021-08-17 22:53:19,6720853,van
3718,2021-08-01 01:06:02,1090470,car
3719,2021-08-17 06:56:35,5245024,car
3720,2021-08-14 23:06:42,161095,car
3721,2021-08-20 17:30:56,1427451,car
3722,2021-08-01 22:16:19,1943101,car
3723,2021-08-17 08:30:42,7384650,car
3724,2021-08-10 03:09:05,3661216,car
3725,2021-08-15 03:52:02,2894801,car
3726,2021-08-14 12:24:12,1541907,car
3727,2021-08-20 14:17:48,6016087,car
3728,2021-08-17 19:49:08,2449759,van
3729,2021-08-04 06:57:52,3052510,truck
3730,2021-08-22 03:01:13,9774084,car
3731,2021-07-31 08:02:30,2813960,car
3732,2021-08-21 02:12:18,505613,car
3733,2021-08-21 22:59:38,5445643,truck
3734,2021-08-16 18:07:21,6243143,car
3735,2021-08-21 23:05:04,2866055,truck
3736,2021-08-06 12:03:24,8900522,car
3737,2021-08-03 05:44:03,8540101,car
3738,2021-08-18 01:55:25,6120419,car
3739,2021-08-17 22:49:36,2736529,car
3740,2021-08-22 02:54:34,2450473,car
3741,2021-08-20 06:29:18,2254860,truck
3742,2021-08-12 10:15:41,4851305,car
3743,2021-08-12 04:29:08,980960,car
3744,2021-08-11 22:57:45,2190925,car
3745,2021-08-03 21:37:25,5784456,truck
3746,2021-08-17 15:36:22,3967392,car
3747,2021-08-11 23:23:46,6410808,truck
3748,2021-08-04 18:32:32,588921,truck
3749,2021-08-15 18:04:35,7073611,car
3750,2021-08-10 13:00:19,4646707,car
3751,2021-08-13 14:56:50,3643523,truck
3752,2021-08-12 18:32:18,2783246,truck
3753,2021-08-14 03:18:41,9532021,car
3754,2021-08-14 14:28:22,371354,car
3755,2021-08-02 01:53:12,2052797,car
3756,2021-08-02 13:22:30,2239698,truck
3757,2021-07-29 13:58:23,9052663,car
3758,2021-08-12 23:03:40,2781433,car
3759,2021-08-15 04:22:14,4071846,car
3760,2021-08-17 09:15:27,6681603,car
3761,2021-08-12 13:16:27,6584092,truck
3762,2021-08-01 10:02:39,1970945,car
3763,2021-08-13 09:08:14,468002,car
3764,2021-08-07 13:56:54,3350709,car
3765,2021-08-10 20:00:45,7439297,car
3766,2021-08-19 04:04:30,7989929,van
3767,2021-08-17 19:34:26,9102384,car
3768,2021-08-07 10:13:04,137849,car
3769,2021-07-31 02:24:19,5396337,car
3770,2021-08-19 01:30:11,7637241,car
3771,2021-08-17 12:27:29,7934904,car
3772,2021-08-02 20:57:10,5257221,car
3773,2021-08-03 02:09:54,8147945,car
3774,2021-08-22 06:13:29,5901562,truck
3775,2021-07-30 01:34:44,5625343,truck
3776,2021-08-11 02:52:55,5044107,car
3777,2021-08-18 20:21:30,3952341,truck
3778,2021-08-13 05:28:24,4341466,car
3779,2021-08-16 02:58:42,4230270,car
3780,2021-08-12 05:35:35,9596061,car
3781,2021-08-21 13:11:44,2989598,car
3782,2021-08-09 06:41:09,7396589,car
3783,2021-08-16 12:38:13,2691300,truck
3784,2021-08-16 05:48:48,1992831,truck
3785,2021-08-11 18:20:44,4258162,truck
3786,2021-08-04 07:57:01,3104910,car
3787,2021-08-20 03:05:48,2468179,van
3788,2021-08-11 20:35:36,3393830,car
3789,2021-08-18 05:23:40,1169222,truck
3790,2021-08-21 13:33:37,8692305,van
3791,2021-08-08 23:35:44,2173703,car
3792,2021-08-11 17:19:48,436723,car
3793,2021-08-05 05:15:27,2812486,car
3794,2021-08-02 19:26:55,6187646,van
3795,2021-08-13 00:03:09,178862,car
3796,2021-08-12 12:13:04,1712670,truck
3797,2021-07-29 15:37:23,8124045,car
3798,2021-08-18 16:57:17,3098113,van
3799,2021-08-20 08:51:10,9550095,car
3800,2021-08-21 00:53:17,6101673,van
3801,2021-08-08 01:15:51,518698,car
3802,2021-08-15 07:04:39,1891348,car
3803,2021-08-02 06:38:59,6126884,car
3804,2021-07-31 23:57:23,4860934,car
3805,2021-08-09 13:52:19,5393369,car
3806,2021-08-15 12:40:37,7222520,car
3807,2021-07-29 12:17:14,9733864,truck
3808,2021-08-07 13:25:15,7298435,truck
3809,2021-08-08 15:35:54,7510154,truck
3810,2021-08-21 08:23:29,2486757,car
3811,2021-08-11 01:03:59,646521,car
3812,2021-08-14 12:31:48,6594177,van
3813,2021-08-19 06:37:33,4534096,truck
3814,2021-08-08 03:47:04,5659638,car
3815,2021-08-14 12:05:36,2217026,car
3816,2021-08-17 07:01:26,2406117,car
3817,2021-08-18 12:45:32,6341134,car
3818,2021-08-12 17:28:01,3099096,truck
3819,2021-08-07 23:20:55,9398737,car
3820,2021-08-14 23:42:10,2049970,car
3821,2021-08-07 19:09:55,360030,van
3822,2021-08-02 07:14:52,7082534,car
3823,2021-07-31 06:42:43,7244025,truck
3824,2021-08-08 08:57:53,3762454,van
3825,2021-08-10 01:47:17,3339577,car
3826,2021-08-20 07:18:33,6032797,car
3827,2021-08-03 08:37:06,2282380,car
3828,2021-08-16 14:36:26,5380177,truck
3829,2021-08-09 06:50:09,1383756,car
3830,2021-08-12 14:41:09,7137552,car
3831,2021-08-16 08:43:44,4689197,car
3832,2021-08-15 07:08:30,4066135,truck
3833,2021-08-19 21:02:32,5826523,car
3834,2021-08-11 19:23:29,6993644,car
3835,2021-07-29 11:42:18,8131236,car
3836,2021-08-06 13:14:27,6088739,car
3837,2021-07-30 06:14:50,3119550,car
3838,2021-08-15 00:05:53,2432463,car
3839,2021-08-19 09:05:59,1037003,car
3840,2021-08-20 06:04:32,8140742,car
3841,2021-08-01 03:39:39,7602444,car
3842,2021-08-11 07:44:33,1179841,car
3843,2021-08-21 15:58:37,3912568,car
3844,2021-08-19 23:05:04,3513402,van
3845,2021-08-15 02:44:58,4871400,car
3846,2021-08-07 21:34:03,1551686,truck
3847,2021-08-02 01:45:03,8850359,car
3848,2021-08-19 16:47:39,2791195,van
3849,2021-07-30 21:02:43,3529952,truck
3850,2021-07-30 20:27:55,1724787,car
3851,2021-08-22 01:30:36,8638068,truck
3852,2021-08-03 03:44:39,850026,car
3853,2021-08-21 05:43:15,7260745,van
3854,2021-08-18 15:06:54,8066647,truck
3855,2021-08-17 21:45:03,9728543,car
3856,2021-08-05 18:33:41,8605190,car
3857,2021-07-29 12:20:19,577689,car
3858,2021-08-01 22:58:31,9080379,car
3859,2021-08-08 22:24:16,6033613,car
3860,2021-08-14 19:59:18,9819784,car
3861,2021-08-16 05:38:55,7989002,car
3862,2021-08-13 01:21:36,569293,car
3863,2021-08-18 19:54:32,8603715,car
3864,2021-08-20 06:35:56,2529129,truck
3865,2021-08-06 01:07:12,4087203,car
3866,2021-08-22 14:44:15,4392206,car
3867,2021-08-15 07:33:43,9777712,car
3868,2021-08-14 17:05:52,8462846,car
3869,2021-08-02 07:52:01,1912308,car
3870,2021-07-31 08:03:55,6116672,car
3871,2021-08-02 06:34:33,1393090,car
3872,2021-08-19 07:05:20,423946,car
3873,2021-08-18 12:03:34,59032,car
3874,2021-08-12 09:08:48,3105517,car
3875,2021-08-05 04:09:02,1891291,truck
3876,2021-08-02 06:58:25,514617,car
3877,2021-08-06 08:59:14,8584961,truck
3878,2021-08-11 05:48:52,3571830,car
3879,2021-08-09 13:00:33,3353803,car
3880,2021-08-12 12:37:56,1624448,car
3881,2021-08-03 14:28:11,7472897,car
3882,2021-07-30 19:52:29,5991048,car
3883,2021-08-14 12:27:38,4768354,truck
3884,2021-08-12 15:30:21,7853658,car
3885,2021-08-18 20:15:58,2111624,car
3886,2021-08-06 20:12:17,6907518,car
3887,2021-08-07 08:55:31,465906,car
3888,2021-08-18 23:53:50,4873101,van
3889,2021-08-17 17:08:15,4407096,car
3890,2021-08-05 00:20:27,7344442,car
3891,2021-08-03 22:19:10,1482588,car
3892,2021-08-13 12:56:14,3188423,car
3893,2021-08-08 08:56:53,211776,car
3894,2021-08-09 08:36:37,6070947,van
3895,2021-08-11 20:03:34,7222973,truck
3896,2021-08-12 05:08:06,1702827,car
3897,2021-08-04 05:14:57,2820358,car
3898,2021-08-21 08:58:38,9587257,car
3899,2021-08-13 09:34:00,8482617,car
3900,2021-08-18 23:53:57,2891827,car
3901,2021-08-20 20:07:45,2941926,car
3902,2021-08-08 09:47:24,8002409,car
3903,2021-07-31 00:25:19,4974385,car
3904,2021-08-13 04:04:24,168404,car
3905,2021-07-30 10:28:31,3492404,car
3906,2021-08-20 19:05:40,4946006,truck
3907,2021-08-14 20:33:56,627232,car
3908,2021-08-04 16:28:59,5925653,car
3909,2021-08-11 02:53:09,2036564,van
3910,2021-08-18 19:02:15,7538926,truck
3911,2021-08-08 13:58:06,1024481,truck
3912,2021-08-19 20:50:26,424098,truck
3913,2021-08-10 04:11:46,2719699,car
3914,2021-08-21 19:43:35,5376445,car
3915,2021-08-22 01:50:10,120155,van
3916,2021-08-05 07:26:29,8658913,car
3917,2021-08-04 02:09:40,235682,car
3918,2021-08-09 15:05:46,510888,truck
3919,2021-08-17 10:31:05,3554000,car
3920,2021-08-21 10:18:44,5308347,truck
3921,2021-08-19 08:32:19,7140098,car
3922,2021-08-11 05:54:52,7806222,truck
3923,2021-07-30 19:17:53,202553,car
3924,2021-07-30 09:45:43,6969877,car
3925,2021-07-30 04:51:02,5991064,car
3926,2021-08-14 23:43:52,1692663,car
3927,2021-07-31 04:43:50,1762202,truck
3928,2021-08-19 23:24:28,9124202,car
3929,2021-08-16 10:40:45,8559678,car
3930,2021-08-17 17:54:01,9674941,car
3931,2021-07-29 17:32:16,9726555,car
3932,2021-08-18 22:48:41,9294086,truck
3933,2021-08-02 03:19:24,1842991,car
3934,2021-08-06 09:09:51,4837479,car
3935,2021-08-12 18:02:43,2782614,van
3936,2021-08-12 05:13:42,537217,van
3937,2021-08-12 15:46:21,4325504,car
3938,2021-08-04 01:00:52,7850565,truck
3939,2021-08-14 01:56:56,442619,car
3940,2021-08-20 06:36:55,8142265,truck
3941,2021-08-10 12:32:49,6620319,car
3942,2021-08-11 04:50:29,5048587,car
3943,2021-08-12 12:38:19,5161118,truck
3944,2021-08-02 07:28:20,6003075,truck
3945,2021-07-31 06:56:38,7694817,car
3946,2021-08-02 18:32:41,2585745,car
3947,2021-08-03 15:08:27,5773497,car
3948,2021-08-08 00:47:13,6677285,car
3949,2021-08-22 06:00:22,8427889,car
3950,2021-08-11 19:17:57,3254547,car
3951,2021-08-02 15:45:16,490864,car
3952,2021-08-15 04:29:49,5373714,car
3953,2021-08-05 10:02:26,5616664,car
3954,2021-08-01 01:16:09,626708,car
3955,2021-08-10 04:18:43,8486142,car
3956,2021-07-31 14:54:43,4232101,car
3957,2021-08-12 19:14:06,6767768,car
3958,2021-08-15 00:32:52,4200868,truck
3959,2021-08-04 16:56:39,6033523,car
3960,2021-07-29 15:02:14,7416785,car
3961,2021-08-16 17:42:38,7656378,van
3962,2021-07-31 02:55:16,3175809,car
3963,2021-08-01 07:52:05,9129888,car
3964,2021-08-09 23:31:52,9942358,car
3965,2021-08-08 13:54:47,7543553,car
3966,2021-08-06 02:19:11,3971098,van
3967,2021-08-02 02:54:40,348808,car
3968,2021-08-20 04:27:03,5499955,car
3969,2021-08-01 20:53:08,6190548,car
3970,2021-08-10 02:24:56,400148,van
3971,2021-07-30 07:28:59,5652300,car
3972,2021-08-09 05:15:35,5360255,car
3973,2021-08-04 19:49:00,4169818,car
3974,2021-08-05 19:47:29,3214907,van
3975,2021-08-22 03:19:39,4699948,truck
3976,2021-08-08 23:47:24,2586307,car
3977,2021-08-03 19:26:07,9660894,truck
3978,2021-08-19 14:59:19,5849576,car
3979,2021-08-07 09:57:36,1585534,truck
3980,2021-08-10 10:28:29,1413359,car
3981,2021-08-16 10:38:08,7690936,car
3982,2021-08-19 00:29:29,3896044,van
3983,2021-08-13 23:01:44,4514901,car
3984,2021-08-05 11:03:36,8596445,truck
3985,2021-08-16 11:22:52,2778907,car
3986,2021-08-21 09:55:21,1498074,car
3987,2021-08-15 09:50:20,8449217,car
3988,2021-08-12 16:44:52,1366794,car
3989,2021-08-21 17:31:54,2167499,van
3990,2021-08-11 18:07:04,5119460,van
3991,2021-08-01 17:30:15,6907626,car
3992,2021-08-21 10:02:26,2799272,van
3993,2021-08-21 02:08:27,9804867,truck
3994,2021-08-16 21:04:19,1773041,car
3995,2021-08-17 02:22:34,5313932,car
3996,2021-08-10 00:45:00,1310709,car
3997,2021-08-10 02:14:55,6899452,car
3998,2021-08-18 05:36:36,7486489,car
3999,2021-08-14 03:55:47,7306857,van
4000,2021-08-16 19:09:32,3922737,car
4001,2021-08-01 09:59:23,9613253,car
4002,2021-08-22 18:02:23,1984532,car
4003,2021-08-08 01:38:45,270361,car
4004,2021-08-11 13:19:02,930067,car
4005,2021-08-11 18:36:17,3523370,car
4006,2021-08-05 14:07:58,5491284,car
4007,2021-08-01 16:59:56,3131680,car
4008,2021-08-10 12:52:35,2462066,car
4009,2021-07-31 11:02:56,3585344,truck
4010,2021-08-20 23:39:08,7426261,truck
4011,2021-08-09 07:07:59,2692354,car
4012,2021-08-03 21:15:35,7795500,car
4013,2021-08-13 09:05:14,4585104,truck
4014,2021-08-03 04:56:28,1244816,car
4015,2021-08-07 21:05:19,4196189,car
4016,2021-08-20 18:38:26,4003474,car
4017,2021-08-16 09:00:46,2675218,truck
4018,2021-08-21 13:52:02,6382948,car
4019,2021-08-06 16:44:20,5375733,van
4020,2021-08-05 15:24:32,6521728,car
4021,2021-08-08 09:02:12,7176623,car
4022,2021-08-14 17:38:59,3391139,van
4023,2021-08-03 14:20:09,3633796,car
4024,2021-08-03 17:45:43,7248370,car
4025,2021-07-29 15:49:18,7966711,car
4026,2021-08-07 08:01:54,236035,truck
4027,2021-08-08 04:28:05,564995,car
4028,2021-08-06 18:47:44,9734969,car
4029,2021-08-05 11:47:08,9003131,van
4030,2021-08-10 15:16:38,9170941,car
4031,2021-08-02 20:40:58,4755552,car
4032,2021-08-03 14:46:48,6207263,truck
4033,2021-08-12 08:57:17,4500701,car
4034,2021-08-08 23:35:44,8948237,truck
4035,2021-08-03 02:46:37,3302217,truck
4036,2021-08-02 08:19:06,4296422,truck
4037,2021-08-07 04:59:25,8135299,car
4038,2021-08-19 01:04:16,147575,car
4039,2021-08-03 01:12:19,180573,car
4040,2021-08-21 07:41:04,2234391,car
4041,2021-08-21 19:14:21,3853665,car
4042,2021-07-31 01:42:01,5343494,car
4043,2021-08-03 06:23:44,899144,car
4044,2021-08-01 08:46:45,6003888,truck
4045,2021-07-30 08:06:39,1822683,car
4046,2021-08-10 16:22:36,6497963,car
4047,2021-08-01 22:22:46,1555749,car
4048,2021-08-19 01:31:38,7840711,car
4049,2021-08-06 07:58:24,3812299,car
4050,2021-08-16 08:07:33,4896895,car
4051,2021-07-29 17:52:00,699810,van
4052,2021-07-31 02:18:12,7855948,car
4053,2021-08-06 01:24:04,8071692,car
4054,2021-08-11 17:23:01,2479490,car
4055,2021-08-02 21:56:42,3125207,car
4056,2021-08-19 14:14:02,2654922,car
4057,2021-08-02 16:35:09,3320130,car
4058,2021-08-02 19:27:59,3501060,car
4059,2021-08-04 10:05:25,4717663,truck
4060,2021-08-13 04:10:25,6701314,car
4061,2021-08-20 23:46:38,499499,van
4062,2021-08-12 10:45:55,2209051,car
4063,2021-08-13 01:19:02,3484776,car
4064,2021-07-30 15:48:41,3349464,van
4065,2021-08-20 22:54:45,3111590,truck
4066,2021-08-13 09:07:18,3186351,truck
4067,2021-08-07 18:31:26,2186633,car
4068,2021-08-17 16:46:07,4340716,car
4069,2021-08-06 23:52:04,575838,car
4070,2021-08-05 17:07:42,1195457,truck
4071,2021-08-12 05:48:36,5933861,car
4072,2021-08-10 02:38:57,5970626,truck
4073,2021-08-09 00:47:59,7952340,car
4074,2021-08-10 01:36:25,9380227,van
4075,2021-08-11 06:50:51,2664314,car
4076,2021-08-06 16:38:14,906221,car
4077,2021-08-10 20:50:03,4417611,truck
4078,2021-08-03 08:11:52,1967211,car
4079,2021-08-15 16:47:05,5717679,car
4080,2021-08-21 11:55:48,7108092,car
4081,2021-08-19 12:31:00,262979,car
4082,2021-08-08 11:20:16,4860815,truck
4083,2021-08-19 09:05:22,751684,truck
4084,2021-08-16 19:50:31,7709222,car
4085,2021-08-18 22:09:00,6198956,car
4086,2021-08-12 04:56:45,9027948,car
4087,2021-08-20 12:57:30,6469321,truck
4088,2021-08-21 01:43:40,7856199,car
4089,2021-08-17 07:33:46,7243512,car
4090,2021-07-30 01:44:24,1732867,car
4091,2021-08-15 06:23:21,7188147,car
4092,2021-08-06 04:00:28,1649232,truck
4093,2021-08-02 14:41:57,7901694,van
4094,2021-08-02 18:34:45,5747454,car
4095,2021-08-04 05:16:25,5899526,truck
4096,2021-08-09 23:19:18,3964656,car
4097,2021-08-22 08:29:17,6924880,car
4098,2021-08-18 17:38:26,3998686,truck
4099,2021-08-12 07:51:04,7112453,van
4100,2021-08-01 17:23:18,796132,truck
4101,2021-08-19 02:39:22,1228608,car
4102,2021-08-17 07:04:53,1147044,truck
4103,2021-08-12 22:55:04,5645121,car
4104,2021-08-08 03:11:34,221362,truck
4105,2021-08-08 18:42:34,8416124,car
4106,2021-08-13 04:53:34,8697825,car
4107,2021-08-17 13:53:08,4768789,car
4108,2021-08-22 03:12:05,9006310,car
4109,2021-08-13 19:54:40,7791960,truck
4110,2021-08-05 12:23:47,3140516,car
4111,2021-08-19 03:49:36,5531223,truck
4112,2021-08-17 14:31:08,7065498,car
4113,2021-08-06 04:57:38,6863272,car
4114,2021-08-01 08:43:03,6736980,car
4115,2021-08-01 01:00:35,7746406,car
4116,2021-08-08 19:58:22,8933058,car
4117,2021-08-05 21:14:25,9239975,van
4118,2021-07-30 13:47:02,5178788,truck
4119,2021-08-07 02:10:26,439841,car
4120,2021-08-14 07:37:59,5838155,car
4121,2021-08-09 22:57:51,3155856,truck
4122,2021-08-17 13:30:31,8027632,truck
4123,2021-08-20 07:59:39,5494386,car
4124,2021-08-18 01:26:09,827569,van
4125,2021-08-07 06:02:37,2201541,car
4126,2021-08-15 00:44:09,9236356,car
4127,2021-08-10 05:20:22,3223583,car
4128,2021-08-16 06:31:59,5613442,truck
4129,2021-08-02 16:21:06,5977159,car
4130,2021-08-14 16:39:28,7487382,van
4131,2021-08-04 22:19:53,9978864,car
4132,2021-08-20 03:47:21,2296676,car
4133,2021-08-02 16:07:15,1612978,truck
4134,2021-08-07 11:06:31,8017168,car
4135,2021-08-13 01:50:44,6791885,car
4136,2021-08-03 18:38:29,1539630,van
4137,2021-08-08 04:31:10,3761338,truck
4138,2021-08-18 23:07:47,1226919,car
4139,2021-08-05 06:14:16,2452666,car
4140,2021-08-02 06:50:01,3170159,car
4141,2021-08-10 13:04:24,737545,car
4142,2021-08-11 06:27:04,4106788,car
4143,2021-08-14 02:27:40,4096153,truck
4144,2021-07-31 07:16:59,3495118,car
4145,2021-08-07 21:05:05,2829331,truck
4146,2021-08-17 14:39:34,5126801,car
4147,2021-08-01 12:56:48,1670227,truck
4148,2021-08-06 20:41:29,2396827,truck
4149,2021-08-02 16:14:01,6885925,car
4150,2021-07-29 19:21:44,8171650,car
4151,2021-08-07 13:36:58,6397302,truck
4152,2021-08-10 08:05:06,7879701,car
4153,2021-08-19 14:34:16,6687423,truck
4154,2021-08-10 02:53:52,2374602,car
4155,2021-08-10 00:52:11,9240898,car
4156,2021-08-14 15:37:01,4915341,truck
4157,2021-07-31 21:05:41,7802822,truck
4158,2021-08-01 23:19:03,3350776,car
4159,2021-08-20 07:42:56,2690877,car
4160,2021-08-15 10:06:16,4344244,truck
4161,2021-08-15 09:56:17,9602730,car
4162,2021-08-02 08:19:34,3787321,truck
4163,2021-08-19 03:39:55,7953553,van
4164,2021-08-03 15:23:04,6734398,car
4165,2021-08-08 11:25:06,7619886,truck
4166,2021-07-29 12:26:09,296479,car
4167,2021-08-18 10:11:26,7182157,truck
4168,2021-08-21 14:07:31,7435142,truck
4169,2021-08-19 18:00:30,2553581,car
4170,2021-08-15 21:33:15,7371035,truck
4171,2021-08-05 15:38:44,7839393,car
4172,2021-08-14 07:21:02,7212211,truck
4173,2021-08-01 05:51:18,3396199,truck
4174,2021-08-02 01:28:37,2893284,car
4175,2021-08-03 15:54:49,3536604,car
4176,2021-08-05 16:42:57,3095440,car
4177,2021-08-12 19:42:57,6435122,truck
4178,2021-08-16 13:40:23,9950800,car
4179,2021-08-02 05:10:21,3931087,car
4180,2021-08-21 22:37:16,1484590,car
4181,2021-08-07 10:06:48,8669883,car
4182,2021-08-04 13:53:54,2891711,car
4183,2021-08-05 09:14:01,6614238,car
4184,2021-08-05 03:03:56,5575543,truck
4185,2021-08-02 20:38:35,2690786,car
4186,2021-08-09 09:46:58,2859170,car
4187,2021-07-29 21:47:03,2902257,car
4188,2021-07-31 14:28:01,4347158,car
4189,2021-08-13 16:46:35,7597008,van
4190,2021-08-02 12:19:43,3691285,car
4191,2021-08-14 03:08:32,3014238,car
4192,2021-08-14 09:50:56,3775847,car
4193,2021-08-05 22:00:43,4969966,van
4194,2021-08-09 07:00:25,6561929,truck
4195,2021-08-17 16:54:49,2734855,car
4196,2021-08-14 16:12:31,6570343,car
4197,2021-08-12 09:14:42,3643916,car
4198,2021-08-03 23:23:27,7919446,truck
4199,2021-08-11 21:41:58,7463803,car
4200,2021-08-16 03:47:21,7683600,car
4201,2021-08-06 16:47:26,2091574,car
4202,2021-08-10 03:01:23,2300720,car
4203,2021-08-22 10:16:10,3883986,car
4204,2021-08-18 17:28:13,7262712,car
4205,2021-08-18 00:18:38,7869275,truck
4206,2021-08-07 23:16:01,4863173,van
4207,2021-08-08 18:01:23,3820682,truck
4208,2021-08-08 18:34:17,6178165,car
4209,2021-08-02 12:59:11,9900378,car
4210,2021-08-04 09:10:22,1855539,car
4211,2021-08-10 03:57:30,5282375,truck
4212,2021-08-04 05:30:57,5967635,car
4213,2021-08-21 21:24:36,6480560,car
4214,2021-08-21 03:21:57,3064147,car
4215,2021-07-31 22:39:00,1043055,truck
4216,2021-08-14 05:15:33,2043204,car
4217,2021-08-12 09:08:08,1368613,truck
4218,2021-08-05 11:54:18,2231643,truck
4219,2021-08-16 00:16:06,1550828,truck
4220,2021-08-09 15:06:19,2901364,car
4221,2021-07-31 14:43:54,7910366,car
4222,2021-08-07 16:46:16,6163495,car
4223,2021-08-19 12:28:15,4930585,van
4224,2021-08-03 12:04:02,8377719,car
4225,2021-08-11 20:24:37,491167,car
4226,2021-08-10 02:56:41,3943241,car
4227,2021-08-06 11:00:27,3399632,car
4228,2021-07-29 15:18:31,5792465,car
4229,2021-08-13 07:47:02,808662,truck
4230,2021-08-10 07:43:45,8181828,car
4231,2021-08-11 08:39:31,3208148,car
4232,2021-08-21 00:38:08,299542,car
4233,2021-07-29 18:12:41,6164639,car
4234,2021-08-01 12:13:17,4533760,car
4235,2021-08-14 07:49:08,8489730,truck
4236,2021-08-12 06:37:53,7729987,truck
4237,2021-08-09 16:55:11,9216942,car
4238,2021-07-30 09:28:27,9576643,car
4239,2021-08-14 12:15:57,626817,car
4240,2021-08-18 09:49:41,9681949,truck
4241,2021-08-02 18:29:21,9226682,car
4242,2021-08-01 22:58:56,7622961,car
4243,2021-08-10 03:05:04,5978972,car
4244,2021-08-15 03:03:43,7423799,car
4245,2021-08-06 04:55:15,1625904,car
4246,2021-07-29 12:54:21,111709,van
4247,2021-08-17 15:59:15,6692196,truck
4248,2021-08-01 02:31:39,6643458,car
4249,2021-08-15 17:27:59,2143122,car
4250,2021-08-13 13:51:10,5085305,car
4251,2021-08-09 08:42:21,1328579,car
4252,2021-08-05 06:14:47,9733915,van
4253,2021-08-20 15:47:57,2157672,truck
4254,2021-08-02 13:09:40,6819341,van
4255,2021-08-13 15:00:54,4237463,car
4256,2021-08-07 19:47:39,9378341,car
4257,2021-08-18 15:53:02,2462239,truck
4258,2021-08-12 09:04:40,3727586,car
4259,2021-08-06 22:22:12,40675,car
4260,2021-08-09 03:48:03,9105829,car
4261,2021-08-05 21:05:17,224040,car
4262,2021-07-29 11:31:56,2133594,car
4263,2021-08-19 22:16:00,4040363,car
4264,2021-08-19 18:27:14,2382902,truck
4265,2021-08-08 21:56:15,1006005,car
4266,2021-08-17 12:05:32,8848621,car
4267,2021-08-01 22:13:08,3607983,car
4268,2021-08-04 19:42:54,204065,car
4269,2021-08-16 02:31:28,2734116,car
4270,2021-07-31 08:42:07,5406039,car
4271,2021-07-31 15:57:40,6945648,car
4272,2021-08-14 01:54:05,7640615,car
4273,2021-08-04 13:20:05,5644328,car
4274,2021-08-08 12:11:59,8276187,car
4275,2021-08-13 07:41:47,9613840,car
4276,2021-08-04 06:45:14,625275,car
4277,2021-08-11 12:01:55,1510805,truck
4278,2021-07-29 14:15:59,4012002,car
4279,2021-08-15 23:31:05,6955731,van
4280,2021-08-09 06:24:28,5629077,car
4281,2021-08-07 11:01:55,7833715,car
4282,2021-08-06 16:38:32,8654271,truck
4283,2021-08-07 11:53:46,5933591,car
4284,2021-08-21 07:21:19,1025123,car
4285,2021-08-11 19:48:32,4578447,car
4286,2021-08-11 15:50:46,8546243,car
4287,2021-08-01 01:37:55,8821395,truck
4288,2021-08-11 14:32:08,4092327,truck
4289,2021-08-12 07:15:54,7855227,car
4290,2021-08-17 04:09:04,3244346,car
4291,2021-08-11 18:48:43,7370271,truck
4292,2021-08-04 04:38:14,9936154,truck
4293,2021-07-30 17:35:30,6857007,car
4294,2021-07-30 20:44:36,2091345,car
4295,2021-08-20 03:50:09,6857171,van
4296,2021-08-03 23:57:53,6411824,car
4297,2021-08-02 05:52:53,7737022,car
4298,2021-08-05 00:50:34,3758275,car
4299,2021-07-31 03:27:02,5049961,car
4300,2021-08-14 12:12:51,85385,car
4301,2021-08-17 08:56:12,5444685,car
4302,2021-08-16 05:18:25,9164362,truck
4303,2021-08-21 18:51:37,5288908,car
4304,2021-08-10 17:20:25,9096289,car
4305,2021-08-05 18:12:29,3384837,truck
4306,2021-08-03 10:19:25,3037001,van
4307,2021-08-05 15:20:57,8510814,car
4308,2021-08-11 19:16:12,3580287,truck
4309,2021-08-09 16:00:07,4444834,car
4310,2021-08-04 09:32:48,4975957,car
4311,2021-08-21 23:59:47,6472867,car
4312,2021-08-10 09:21:35,330159,truck
4313,2021-08-05 00:57:07,9750786,car
4314,2021-08-19 16:26:34,3986729,car
4315,2021-08-21 03:15:01,3397050,car
4316,2021-07-29 18:00:08,6691963,car
4317,2021-08-18 08:16:39,2083704,car
4318,2021-08-12 08:01:20,1763933,car
4319,2021-08-11 11:16:43,7735856,car
4320,2021-08-13 19:31:24,6035290,car
4321,2021-08-17 23:36:39,887363,car
4322,2021-08-19 08:41:53,9243073,car
4323,2021-08-09 21:29:50,7148320,truck
4324,2021-08-11 02:10:15,1877269,car
4325,2021-08-01 11:24:35,7538365,truck
4326,2021-08-10 12:52:21,5388742,car
4327,2021-08-05 13:24:56,6002035,car
4328,2021-08-21 05:13:23,1380186,car
4329,2021-07-31 16:19:33,6797358,car
4330,2021-07-31 18:41:15,6462061,car
4331,2021-08-01 21:03:58,6671639,car
4332,2021-08-08 10:13:02,497723,car
4333,2021-08-12 22:27:59,4262085,car
4334,2021-08-13 06:47:42,2691054,car
4335,2021-08-09 02:14:40,4291819,car
4336,2021-08-03 11:28:52,1548945,car
4337,2021-08-06 08:33:56,2479246,car
4338,2021-08-18 18:53:19,4556449,truck
4339,2021-08-11 21:57:56,2703820,car
4340,2021-07-29 11:37:24,985720,car
4341,2021-08-03 12:36:42,8525698,truck
4342,2021-08-06 17:23:16,2847139,car
4343,2021-07-31 18:50:37,1162024,van
4344,2021-08-07 08:10:09,5477098,van
4345,2021-08-03 13:16:47,2891846,truck
4346,2021-08-03 16:09:56,3759654,car
4347,2021-08-08 14:27:51,1342060,car
4348,2021-07-31 10:10:50,6682109,truck
4349,2021-08-04 10:22:34,299749,car
4350,2021-08-07 00:54:54,57990,car
4351,2021-08-04 16:50:20,2219949,car
4352,2021-08-05 22:40:16,7016524,car
4353,2021-08-13 21:02:36,6490359,car
4354,2021-08-01 15:27:53,3528707,car
4355,2021-08-06 21:28:51,8980526,car
4356,2021-08-04 07:33:03,3636811,truck
4357,2021-07-30 03:24:43,6795471,car
4358,2021-08-19 20:12:40,8534907,car
4359,2021-08-02 03:02:35,5738014,car
4360,2021-08-13 01:01:38,8517769,truck
4361,2021-08-09 03:31:37,7909971,car
4362,2021-08-22 01:46:18,7786263,truck
4363,2021-08-20 06:37:30,558385,car
4364,2021-08-15 00:55:49,1856175,truck
4365,2021-08-12 02:47:23,2360604,truck
4366,2021-08-05 14:06:09,2611309,car
4367,2021-08-10 20:59:48,9544939,car
4368,2021-08-18 09:14:53,8731189,car
4369,2021-07-30 15:31:17,7745271,car
4370,2021-08-07 15:25:00,3948054,car
4371,2021-08-07 09:00:32,1541022,car
4372,2021-07-31 21:51:35,6968988,van
4373,2021-08-01 06:42:43,9174638,car
4374,2021-08-22 17:27:37,2823531,car
4375,2021-08-09 04:04:51,1293261,car
4376,2021-08-02 20:04:17,4023837,car
4377,2021-08-02 07:01:16,7901129,car
4378,2021-08-03 12:35:37,2226732,car
4379,2021-08-09 01:37:12,846170,van
4380,2021-08-11 09:01:53,3463281,car
4381,2021-08-02 01:49:04,112545,car
4382,2021-08-20 21:58:53,8627705,van
4383,2021-08-12 23:36:39,742135,car
4384,2021-07-30 05:27:11,1080340,car
4385,2021-08-21 12:19:44,6713306,car
4386,2021-08-18 05:40:06,6761805,car
4387,2021-08-10 06:14:40,5597426,car
4388,2021-08-10 08:08:45,4540429,car
4389,2021-08-10 11:09:30,3698542,truck
4390,2021-08-18 07:13:12,3690100,truck
4391,2021-08-05 01:46:07,8429576,car
4392,2021-08-20 10:54:07,5271895,van
4393,2021-08-12 17:08:55,9180405,car
4394,2021-08-04 05:46:36,7823036,car
4395,2021-08-16 10:36:26,5452618,van
4396,2021-08-09 04:59:25,4352425,car
4397,2021-08-10 23:16:16,5282919,car
4398,2021-08-20 18:19:56,435849,truck
4399,2021-07-30 23:58:23,9148340,truck
4400,2021-08-15 07:05:38,1389478,car
4401,2021-08-17 23:12:00,5190674,car
4402,2021-08-05 14:51:54,7130518,truck
4403,2021-08-09 03:42:53,3371131,van
4404,2021-08-12 08:53:43,1179737,car
4405,2021-08-10 07:40:54,9494603,car
4406,2021-08-08 10:36:29,2255778,car
4407,2021-07-30 09:21:07,8401339,car
4408,2021-08-22 15:39:48,4016623,car
4409,2021-08-20 16:36:33,4269686,van
4410,2021-08-08 23:10:02,8899821,car
4411,2021-08-20 19:48:14,585453,van
4412,2021-08-20 01:57:56,6210321,car
4413,2021-08-15 06:36:01,7454748,car
4414,2021-08-06 10:52:00,5974840,car
4415,2021-08-06 14:33:21,3686948,truck
4416,2021-08-06 02:38:35,8007097,car
4417,2021-08-06 02:40:31,4650638,car
4418,2021-08-16 12:43:06,999837,truck
4419,2021-08-09 12:21:29,2061447,truck
4420,2021-08-13 17:34:56,6588424,car
4421,2021-08-17 11:58:26,3674882,truck
4422,2021-08-08 04:33:09,9581468,car
4423,2021-08-12 03:17:01,7113191,truck
4424,2021-08-01 14:06:49,8947517,truck
4425,2021-08-21 20:49:12,3448043,truck
4426,2021-08-13 13:32:10,2332077,van
4427,2021-08-10 06:36:39,2641405,truck
4428,2021-08-18 09:36:56,2386622,truck
4429,2021-08-18 20:33:55,8661204,truck
4430,2021-08-12 10:22:09,2424578,car
4431,2021-08-03 23:20:38,6469335,van
4432,2021-08-18 18:38:33,3579691,car
4433,2021-08-01 07:36:04,43945,car
4434,2021-08-02 05:27:38,3042957,car
4435,2021-07-31 19:56:19,9296789,truck
4436,2021-08-09 04:29:48,4474872,car
4437,2021-08-02 10:40:36,872246,car
4438,2021-08-09 18:14:27,4512225,car
4439,2021-08-12 00:02:57,7917960,car
4440,2021-08-17 19:16:01,2201054,car
4441,2021-08-09 01:05:37,6492712,car
4442,2021-08-11 05:07:28,8034949,car
4443,2021-07-30 18:00:01,3474690,car
4444,2021-07-31 07:47:23,1371890,car
4445,2021-08-04 00:12:31,4476801,car
4446,2021-08-10 13:51:51,4405901,car
4447,2021-07-31 13:09:47,3858227,van
4448,2021-08-04 22:19:27,5107716,car
4449,2021-08-14 05:02:50,3541052,car
4450,2021-08-22 09:14:08,4747803,van
4451,2021-08-05 02:22:36,5045921,van
4452,2021-08-14 04:15:55,9315717,car
4453,2021-08-08 20:41:06,7592913,car
4454,2021-08-19 14:14:59,3617927,car
4455,2021-08-09 02:07:11,1229583,truck
4456,2021-08-22 08:21:15,650798,car
4457,2021-08-19 11:49:44,3060536,truck
4458,2021-08-10 12:31:58,3488737,car
4459,2021-08-13 21:09:42,3125056,car
4460,2021-08-21 14:28:46,4246638,car
4461,2021-07-31 20:44:50,3542957,van
4462,2021-08-18 22:42:36,48573,car
4463,2021-08-12 19:45:05,2621837,car
4464,2021-08-20 03:55:36,104048,truck
4465,2021-08-14 09:01:14,5248206,car
4466,2021-08-03 04:43:24,120982,car
4467,2021-08-20 03:57:03,1037935,truck
4468,2021-07-30 16:14:54,7143618,car
4469,2021-08-03 02:33:41,495079,car
4470,2021-08-07 19:23:06,3470676,truck
4471,2021-08-17 03:09:57,1716932,car
4472,2021-08-08 07:23:53,1761675,car
4473,2021-08-16 23:17:45,4652563,car
4474,2021-07-31 19:50:47,2554396,truck
4475,2021-08-04 16:59:39,2371566,car
4476,2021-08-12 03:07:57,3169827,car
4477,2021-08-06 10:03:58,5339792,car
4478,2021-08-03 18:27:25,5210225,car
4479,2021-08-19 04:25:23,8773588,van
4480,2021-08-02 05:21:52,539469,car
4481,2021-07-31 15:49:28,5352136,car
4482,2021-08-18 04:07:01,4913658,car
4483,2021-08-14 04:00:35,2446314,car
4484,2021-08-21 01:40:01,8825396,car
4485,2021-08-02 00:09:15,5938033,car
4486,2021-08-07 09:31:13,3962054,truck
4487,2021-08-02 21:06:44,8185326,truck
4488,2021-08-12 07:05:40,8373959,car
4489,2021-08-09 02:16:30,5515034,car
4490,2021-08-01 22:07:33,2666816,car
4491,2021-08-06 13:48:08,7771881,truck
4492,2021-08-13 01:44:36,2570856,van
4493,2021-07-30 04:44:28,9796968,car
4494,2021-08-18 03:56:53,5042658,car
4495,2021-08-04 14:15:05,9730399,car
4496,2021-07-31 23:09:48,4133861,car
4497,2021-08-18 13:46:55,1313381,car
4498,2021-08-16 03:07:07,9424753,van
4499,2021-08-17 03:50:01,6259824,car
4500,2021-08-05 08:16:54,3963617,car
4501,2021-08-08 19:07:14,9929330,van
4502,2021-08-04 09:58:59,6310052,truck
4503,2021-08-15 22:31:42,2143543,car
4504,2021-08-20 15:50:35,1535454,car
4505,2021-08-15 01:50:57,1188192,car
4506,2021-08-15 17:14:02,2078449,car
4507,2021-08-08 02:55:03,1103436,car
4508,2021-08-02 14:15:50,5622327,car
4509,2021-08-19 07:42:05,7582792,van
4510,2021-08-07 12:35:07,6232568,car
4511,2021-08-20 20:33:37,5590626,car
4512,2021-08-16 20:16:51,4024869,car
4513,2021-08-10 14:16:53,253846,truck
4514,2021-08-16 19:30:42,9480384,car
4515,2021-08-05 06:26:18,5860337,car
4516,2021-07-30 13:47:13,5210134,car
4517,2021-08-01 09:19:19,791923,car
4518,2021-08-05 11:34:36,2817316,car
4519,2021-08-20 08:08:53,9470088,car
4520,2021-08-07 10:48:11,5825394,car
4521,2021-08-01 12:19:55,7544223,car
4522,2021-08-08 12:20:43,7624486,car
4523,2021-08-02 08:29:05,6106380,truck
4524,2021-08-10 14:26:19,4574269,car
4525,2021-08-18 15:53:29,1917281,car
4526,2021-08-05 04:37:22,7610934,car
4527,2021-08-05 23:22:44,9094037,car
4528,2021-08-15 15:39:40,2468538,truck
4529,2021-08-02 02:24:18,4511269,car
4530,2021-08-21 16:55:44,9886291,car
4531,2021-08-02 06:31:29,6900738,truck
4532,2021-08-03 11:45:27,3916266,car
4533,2021-08-10 02:54:22,2158956,car
4534,2021-08-09 12:18:22,8466074,car
4535,2021-08-15 15:16:02,809541,van
4536,2021-08-05 13:46:35,7490573,car
4537,2021-08-11 22:57:04,743087,car
4538,2021-08-04 02:50:31,5339877,car
4539,2021-08-13 22:35:36,4487840,car
4540,2021-08-08 03:51:00,4620209,car
4541,2021-08-01 20:55:23,2143656,van
4542,2021-07-30 17:17:41,6555456,car
4543,2021-08-06 07:45:15,421615,truck
4544,2021-08-22 11:37:40,8657357,car
4545,2021-08-14 16:12:35,4975045,car
4546,2021-08-21 19:28:26,2211392,car
4547,2021-08-08 07:39:23,2540727,van
4548,2021-08-01 20:32:57,9148159,truck
4549,2021-08-12 21:41:26,85054,car
4550,2021-08-13 00:09:20,7679946,car
4551,2021-08-10 23:49:14,8295289,car
4552,2021-08-17 14:59:23,245873,car
4553,2021-08-06 14:08:12,4605672,car
4554,2021-08-12 10:43:20,7040081,car
4555,2021-08-11 03:15:00,4580747,car
4556,2021-08-17 08:43:39,7912566,truck
4557,2021-08-10 20:58:22,9607612,car
4558,2021-08-01 15:47:26,4414264,car
4559,2021-08-05 07:30:02,5526072,truck
4560,2021-08-03 03:24:01,5059956,van
4561,2021-08-13 22:52:06,6261298,truck
4562,2021-08-10 14:26:47,4469773,car
4563,2021-08-11 06:47:19,4636511,car
4564,2021-08-09 02:36:21,8725486,van
4565,2021-08-04 17:51:33,8289187,truck
4566,2021-08-04 11:24:51,6171471,car
4567,2021-08-07 04:37:07,7660576,car
4568,2021-08-18 19:24:39,2521878,car
4569,2021-08-19 19:13:33,4175924,car
4570,2021-08-03 13:12:46,783788,van
4571,2021-08-18 04:08:35,9953463,car
4572,2021-08-07 19:21:20,4894788,car
4573,2021-08-01 16:54:22,9240526,car
4574,2021-08-06 16:16:49,7900349,van
4575,2021-08-02 00:12:58,4342015,car
4576,2021-08-21 12:07:26,5559229,truck
4577,2021-08-08 06:23:40,3797482,car
4578,2021-08-04 02:10:07,1552450,van
4579,2021-08-01 01:43:48,2539329,car
4580,2021-08-01 02:03:41,7905002,van
4581,2021-08-19 04:17:21,3991674,van
4582,2021-08-13 22:45:56,6780524,car
4583,2021-08-20 06:24:53,5380959,car
4584,2021-08-07 04:15:57,6421074,car
4585,2021-08-08 08:00:54,3356424,car
4586,2021-08-22 09:34:39,2350472,car
4587,2021-08-13 09:21:21,578133,car
4588,2021-08-20 09:21:03,8207816,car
4589,2021-08-04 22:13:12,8694478,van
4590,2021-08-20 19:30:39,3658871,car
4591,2021-08-13 19:33:52,6503472,car
4592,2021-07-31 22:58:03,8073342,car
4593,2021-08-17 07:18:57,19240,car
4594,2021-07-31 17:06:56,1334857,truck
4595,2021-08-18 14:13:11,3472301,car
4596,2021-08-17 20:53:30,7661264,car
4597,2021-08-16 10:40:58,244122,car
4598,2021-08-19 06:04:06,4762550,car
4599,2021-07-29 22:04:29,1187926,car
4600,2021-08-19 11:29:56,4874882,van
4601,2021-08-12 13:54:10,3115049,truck
4602,2021-07-31 03:45:19,1193101,car
4603,2021-07-30 08:41:01,5190638,car
4604,2021-08-11 08:16:42,4566021,car
4605,2021-08-05 06:41:12,2041387,car
4606,2021-08-20 00:00:59,6405613,car
4607,2021-08-02 03:26:05,9954172,car
4608,2021-08-20 16:40:22,5001331,truck
4609,2021-07-30 18:28:37,2774706,car
4610,2021-08-21 18:25:27,8534845,car
4611,2021-07-31 09:04:09,7928202,car
4612,2021-08-20 14:33:35,3130296,car
4613,2021-07-30 11:50:16,462666,car
4614,2021-08-04 17:58:10,1358334,truck
4615,2021-07-29 13:54:22,3893571,car
4616,2021-08-18 12:48:05,9575083,van
4617,2021-08-10 00:23:06,1085068,car
4618,2021-08-16 04:31:29,513247,car
4619,2021-08-17 15:14:59,571205,van
4620,2021-08-06 11:39:54,1875327,car
4621,2021-08-19 12:00:11,4549393,van
4622,2021-08-18 03:10:29,3955266,car
4623,2021-07-30 16:08:36,9393133,van
4624,2021-08-15 23:36:05,7019700,car
4625,2021-08-19 11:10:53,4970681,car
4626,2021-08-21 03:31:26,721481,car
4627,2021-08-15 21:53:54,1337799,car
4628,2021-08-06 04:56:51,3352239,truck
4629,2021-08-19 06:30:29,4644991,car
4630,2021-08-06 18:07:10,174405,truck
4631,2021-08-18 15:28:03,9550811,car
4632,2021-08-02 12:15:42,3167704,car
4633,2021-08-02 16:06:42,8137095,car
4634,2021-08-08 23:45:47,8919528,truck
4635,2021-08-01 04:53:56,7376500,car
4636,2021-08-05 07:00:53,6743293,truck
4637,2021-08-21 04:24:39,9528344,car
4638,2021-08-03 13:12:44,8187348,car
4639,2021-08-03 07:08:49,3037300,car
4640,2021-08-08 07:33:25,1910206,car
4641,2021-08-09 14:29:02,4011832,car
4642,2021-08-11 23:15:34,7872770,car
4643,2021-07-30 23:51:11,2445147,car
4644,2021-08-19 04:29:35,9385187,car
4645,2021-08-02 20:28:54,9059650,truck
4646,2021-07-30 06:15:46,7522141,truck
4647,2021-08-04 06:05:16,6880402,car
4648,2021-08-20 10:44:07,4555947,truck
4649,2021-08-10 02:18:12,7172875,truck
4650,2021-08-16 00:10:17,8454140,car
4651,2021-08-16 20:30:04,6676771,truck
4652,2021-08-17 19:56:45,9971813,truck
4653,2021-08-08 03:28:13,1397323,car
4654,2021-08-09 02:08:06,9845330,car
4655,2021-08-15 02:04:08,5360630,truck
4656,2021-08-18 23:56:01,6995311,van
4657,2021-07-30 06:27:15,9780730,truck
4658,2021-07-31 10:25:48,3755423,truck
4659,2021-08-11 14:51:36,2961448,car
4660,2021-08-01 05:36:37,1045493,truck
4661,2021-08-18 12:32:45,3130809,van
4662,2021-08-10 01:44:11,9653817,van
4663,2021-08-05 04:34:06,5910009,car
4664,2021-07-29 20:26:02,5087928,truck
4665,2021-08-13 05:37:14,627177,car
4666,2021-08-21 17:16:46,5830020,car
4667,2021-08-09 11:06:42,1468135,car
4668,2021-08-04 04:06:31,8664621,car
4669,2021-08-18 14:57:41,1364654,car
4670,2021-08-19 18:38:34,8213082,car
4671,2021-08-13 05:36:19,9885404,truck
4672,2021-08-20 21:12:02,1818087,car
4673,2021-08-16 19:00:26,5855702,truck
4674,2021-08-04 05:48:55,9423298,car
4675,2021-08-18 20:59:40,4758250,car
4676,2021-08-19 08:37:33,1379323,car
4677,2021-08-08 17:09:51,2076505,car
4678,2021-08-05 07:56:16,5910647,car
4679,2021-08-04 13:15:05,183413,van
4680,2021-08-03 11:54:10,6314353,truck
4681,2021-08-10 12:47:41,8749505,truck
4682,2021-08-05 07:00:13,4122658,car
4683,2021-08-03 01:10:41,9725021,car
4684,2021-08-06 08:32:14,6659890,car
4685,2021-08-03 22:39:54,5035353,car
4686,2021-08-15 02:47:00,9954389,truck
4687,2021-08-19 14:16:57,1991626,car
4688,2021-08-21 17:30:00,7036221,car
4689,2021-08-16 14:07:40,7370481,car
4690,2021-08-12 13:46:44,3327292,truck
4691,2021-08-02 07:49:43,4153736,truck
4692,2021-08-04 01:57:45,1429841,car
4693,2021-08-04 22:00:04,107554,car
4694,2021-08-05 05:41:00,6443093,car
4695,2021-07-30 16:00:06,1349679,car
4696,2021-08-14 00:43:45,7679711,car
4697,2021-08-12 00:14:45,4529323,truck
4698,2021-08-12 15:40:33,9592136,car
4699,2021-08-09 22:01:05,9577602,car
4700,2021-08-13 10:42:50,9303457,car
4701,2021-08-18 05:21:27,9603641,car
4702,2021-08-10 08:49:45,5878356,car
4703,2021-08-12 15:52:19,5350994,car
4704,2021-08-04 03:46:37,8490599,car
4705,2021-08-15 22:02:14,4977185,car
4706,2021-08-20 14:57:43,6948256,car
4707,2021-08-02 00:35:11,6148268,car
4708,2021-08-13 06:00:04,8950411,truck
4709,2021-08-14 13:17:53,7668821,car
4710,2021-08-11 20:39:56,5480586,car
4711,2021-08-10 17:33:40,9912395,van
4712,2021-08-09 02:21:48,4811255,car
4713,2021-08-01 05:05:58,290099,car
4714,2021-07-29 14:35:35,5675280,truck
4715,2021-08-07 01:21:20,52480,car
4716,2021-08-12 00:30:03,2669817,car
4717,2021-08-16 13:52:02,7206979,car
4718,2021-08-18 23:07:46,1996671,car
4719,2021-08-18 00:32:02,2975940,car
4720,2021-08-15 11:09:35,5239188,car
4721,2021-08-17 06:14:26,261301,car
4722,2021-07-30 07:01:39,3486787,car
4723,2021-08-21 17:49:01,6375926,car
4724,2021-08-19 09:35:25,6088889,truck
4725,2021-08-19 08:10:51,9924799,car
4726,2021-07-31 03:52:38,1830046,car
4727,2021-08-04 06:16:05,6119427,car
4728,2021-08-10 11:20:12,6539003,van
4729,2021-08-10 11:54:04,3933614,car
4730,2021-08-19 07:25:20,2121239,car
4731,2021-08-15 17:05:21,6981785,car
4732,2021-08-06 15:22:43,2837544,car
4733,2021-08-11 04:05:31,6733371,truck
4734,2021-08-17 00:08:57,1658631,truck
4735,2021-07-31 21:54:00,2234296,car
4736,2021-08-18 15:38:53,1478827,car
4737,2021-08-04 11:49:34,2040425,car
4738,2021-08-13 00:14:51,8989974,car
4739,2021-08-14 02:50:01,1005432,car
4740,2021-08-08 01:32:38,1886157,car
4741,2021-08-07 22:09:08,1240088,truck
4742,2021-08-04 15:40:04,1148227,car
4743,2021-08-21 09:19:12,8151002,car
4744,2021-08-08 20:43:32,9133130,truck
4745,2021-07-30 21:24:46,4699244,truck
4746,2021-07-30 07:12:14,6205943,car
4747,2021-08-10 10:51:09,8962279,truck
4748,2021-07-30 05:18:31,6918443,truck
4749,2021-08-01 17:23:24,9751581,car
4750,2021-08-09 15:49:09,6393698,van
4751,2021-08-11 11:07:48,5623153,car
4752,2021-08-16 19:28:05,93444,truck
4753,2021-08-14 06:49:06,455097,car
4754,2021-08-21 05:36:48,9553430,van
4755,2021-08-06 13:15:25,5609686,car
4756,2021-08-04 20:31:02,9107252,car
4757,2021-07-30 02:02:19,9382232,car
4758,2021-08-15 15:57:45,6301233,car
4759,2021-07-30 10:15:20,5456793,car
4760,2021-08-11 01:55:47,2824575,car
4761,2021-08-18 06:48:13,2299596,van
4762,2021-08-05 15:15:05,7662940,truck
4763,2021-08-08 05:34:09,8418966,car
4764,2021-08-05 17:18:59,9573223,van
4765,2021-08-14 09:36:23,7949402,car
4766,2021-08-03 00:38:24,2811252,van
4767,2021-08-12 12:59:48,3043626,truck
4768,2021-07-31 22:30:23,8004368,car
4769,2021-08-17 01:02:17,4926862,truck
4770,2021-08-08 00:17:26,6844465,car
4771,2021-08-11 20:37:57,8300959,truck
4772,2021-08-12 05:24:34,4044873,car
4773,2021-08-11 03:21:04,3426215,car
4774,2021-08-15 16:18:47,4609479,van
4775,2021-08-13 05:37:14,6281324,car
4776,2021-08-19 11:48:07,4654755,van
4777,2021-08-17 23:15:10,7740183,car
4778,2021-08-04 15:26:17,4306873,car
4779,2021-08-16 18:59:43,905195,car
4780,2021-08-17 16:31:01,9134986,car
4781,2021-08-15 22:51:41,6874989,truck
4782,2021-08-22 17:21:57,5091739,van
4783,2021-07-30 18:05:24,6435651,car
4784,2021-08-09 13:20:44,3958549,car
4785,2021-08-20 23:49:35,2135181,truck
4786,2021-08-07 05:30:23,2782336,van
4787,2021-08-03 20:32:37,7029111,car
4788,2021-08-22 02:34:07,4628376,car
4789,2021-08-10 18:14:32,3721882,truck
4790,2021-08-03 13:05:37,2181958,car
4791,2021-08-11 15:23:21,2922490,car
4792,2021-08-10 06:44:33,6613652,van
4793,2021-08-04 21:49:20,7167521,truck
4794,2021-08-02 13:14:17,1992333,car
4795,2021-08-16 09:39:12,5686406,car
4796,2021-08-05 11:53:38,5392380,car
4797,2021-08-17 04:15:19,9770310,car
4798,2021-08-01 16:23:53,4478884,car
4799,2021-08-06 14:56:59,9042385,car
4800,2021-08-10 12:55:40,4358158,car
4801,2021-08-10 19:54:52,468065,car
4802,2021-08-17 15:55:06,5259821,car
4803,2021-08-17 10:07:59,2681653,van
4804,2021-08-02 23:51:31,7441444,car
4805,2021-08-20 05:10:56,531309,car
4806,2021-08-03 12:11:44,8838380,car
4807,2021-07-30 05:35:55,249223,car
4808,2021-08-16 21:19:38,1778530,car
4809,2021-08-21 23:05:52,7517039,car
4810,2021-08-14 22:25:26,6024809,car
4811,2021-08-12 10:41:53,8779284,car
4812,2021-08-21 01:00:15,93555,car
4813,2021-08-03 16:21:49,6500362,truck
4814,2021-08-14 06:06:07,5842907,car
4815,2021-08-04 10:24:33,4433721,car
4816,2021-08-08 06:55:44,1147316,truck
4817,2021-07-31 00:53:19,8758415,truck
4818,2021-08-20 00:08:00,9620584,car
4819,2021-08-15 00:57:32,9642259,car
4820,2021-08-22 05:00:59,4711404,car
4821,2021-08-09 14:40:21,3776737,car
4822,2021-08-02 13:04:05,9260318,car
4823,2021-08-21 07:34:38,2487143,car
4824,2021-08-16 01:04:15,3853462,car
4825,2021-08-13 19:50:01,8372274,van
4826,2021-08-12 02:06:08,9644412,car
4827,2021-08-14 23:54:33,4251576,van
4828,2021-08-01 16:40:37,6728356,truck
4829,2021-08-01 08:10:29,1450116,car
4830,2021-08-03 01:25:30,5688580,car
4831,2021-08-18 14:32:18,4522860,van
4832,2021-08-16 22:51:03,1513439,van
4833,2021-08-13 14:21:23,4343643,van
4834,2021-08-12 20:02:40,1429500,car
4835,2021-08-22 06:24:30,5549560,car
4836,2021-08-14 09:46:05,5814883,truck
4837,2021-08-12 08:46:47,6229791,van
4838,2021-08-07 01:06:47,5514843,car
4839,2021-08-16 20:25:02,3268356,van
4840,2021-08-21 10:57:11,9599545,van
4841,2021-08-06 14:41:36,6886766,car
4842,2021-08-08 07:46:39,5057421,car
4843,2021-08-07 23:16:20,6409800,car
4844,2021-08-10 18:30:59,1207146,van
4845,2021-08-12 20:09:02,6393963,car
4846,2021-08-13 02:21:52,2530043,truck
4847,2021-08-03 00:23:46,2030400,car
4848,2021-08-03 10:51:32,4372340,car
4849,2021-08-16 13:41:33,5788009,car
4850,2021-08-03 12:23:40,4662178,car
4851,2021-08-18 13:21:48,4730783,car
4852,2021-08-20 16:56:58,2284899,truck
4853,2021-08-15 14:29:57,2150764,car
4854,2021-07-31 14:50:32,7067444,truck
4855,2021-08-01 15:54:46,6149792,van
4856,2021-08-08 03:14:57,7425621,car
4857,2021-08-11 00:38:59,5915436,car
4858,2021-08-18 22:41:42,7170437,car
4859,2021-08-20 16:09:12,8399463,car
4860,2021-08-17 22:02:32,182652,car
4861,2021-08-04 18:50:39,722758,van
4862,2021-08-02 22:43:39,7383471,car
4863,2021-08-08 01:47:21,8255580,truck
4864,2021-08-14 03:08:19,5178725,truck
4865,2021-08-04 14:30:07,4151678,truck
4866,2021-08-22 08:09:28,5613493,truck
4867,2021-08-07 04:19:35,662922,van
4868,2021-08-19 02:52:40,2201024,van
4869,2021-08-17 16:02:44,6224324,truck
4870,2021-08-11 05:16:49,4385877,truck
4871,2021-08-04 22:18:09,5471533,van
4872,2021-08-19 09:21:53,4832570,truck
4873,2021-08-20 21:36:34,7499758,truck
4874,2021-08-16 17:01:25,9177112,car
4875,2021-07-29 14:00:32,6333069,car
4876,2021-08-13 06:10:52,2617387,car
4877,2021-08-11 13:55:42,3591721,truck
4878,2021-08-08 16:47:22,2261024,truck
4879,2021-08-02 18:25:47,9999293,car
4880,2021-08-05 16:25:00,7617439,car
4881,2021-08-15 03:12:39,3646204,car
4882,2021-08-02 13:47:24,4394233,van
4883,2021-08-11 03:11:55,4694026,truck
4884,2021-08-14 16:18:25,6913380,car
4885,2021-08-17 05:04:47,874496,car
4886,2021-08-13 23:08:06,3264647,car
4887,2021-08-04 16:05:44,1361730,car
4888,2021-07-30 18:56:48,26261,car
4889,2021-08-21 08:59:51,309924,car
4890,2021-08-10 12:08:17,4138330,truck
4891,2021-08-20 23:54:47,9517087,van
4892,2021-08-17 14:45:23,1727096,car
4893,2021-08-17 20:41:42,6967658,car
4894,2021-08-14 16:38:21,9121359,car
4895,2021-08-02 14:30:32,8150498,truck
4896,2021-08-06 00:43:42,6453196,car
4897,2021-07-31 23:59:04,8815111,car
4898,2021-08-04 19:53:12,3486476,car
4899,2021-08-06 06:32:51,3450092,truck
4900,2021-08-22 07:02:58,8152403,truck
4901,2021-08-07 06:08:05,803887,car
4902,2021-08-19 23:12:55,7254034,car
4903,2021-08-01 18:59:15,6385006,car
4904,2021-08-11 06:31:07,1554342,van
4905,2021-08-17 15:26:17,9607077,car
4906,2021-08-02 02:39:30,3785983,car
4907,2021-08-05 11:12:19,3399915,van
4908,2021-08-08 12:12:56,4906215,van
4909,2021-08-14 05:21:11,168310,car
4910,2021-08-16 08:29:39,1454699,car
4911,2021-07-29 15:26:37,3262095,truck
4912,2021-08-20 15:31:47,9094758,car
4913,2021-08-20 00:44:44,8885843,truck
4914,2021-08-22 02:15:05,3765165,car
4915,2021-08-08 13:17:59,3322919,car
4916,2021-08-09 16:17:15,7780617,car
4917,2021-07-31 02:27:45,7163077,car
4918,2021-08-01 17:28:26,3133877,truck
4919,2021-08-22 11:51:08,3853842,van
4920,2021-08-07 14:44:34,7081648,car
4921,2021-08-08 13:45:51,4476426,truck
4922,2021-08-03 22:37:56,5329579,car
4923,2021-08-08 00:24:28,6468902,truck
4924,2021-07-30 15:44:54,5007483,car
4925,2021-08-05 00:47:18,2686121,truck
4926,2021-08-22 13:28:40,4227534,car
4927,2021-08-11 20:01:40,1800171,car
4928,2021-08-03 23:01:52,937168,van
4929,2021-08-12 17:00:06,9459093,truck
4930,2021-08-01 11:29:38,72405,car
4931,2021-08-09 03:38:41,1196375,car
4932,2021-08-07 07:25:25,1634959,car
4933,2021-08-17 18:53:02,4748407,car
4934,2021-08-11 12:28:29,4809728,truck
4935,2021-08-11 13:49:48,2009979,van
4936,2021-08-09 06:43:13,777401,car
4937,2021-08-18 12:58:31,5393037,car
4938,2021-08-18 08:17:00,8901637,car
4939,2021-08-08 16:49:37,5051786,car
4940,2021-07-31 01:43:44,990091,van
4941,2021-08-03 20:54:03,9785303,van
4942,2021-08-18 09:15:22,953458,car
4943,2021-07-31 03:06:03,7427978,truck
4944,2021-08-16 18:31:38,9902505,car
4945,2021-08-19 12:02:58,3917885,car
4946,2021-08-12 17:47:16,8924139,car
4947,2021-08-08 16:16:57,6982500,car
4948,2021-08-03 12:54:03,6751332,van
4949,2021-08-08 15:25:24,3995894,truck
4950,2021-08-08 03:46:22,6641198,car
4951,2021-07-31 01:15:29,6630691,car
4952,2021-08-18 15:37:41,8914010,car
4953,2021-08-04 02:44:11,4013604,car
4954,2021-08-19 16:16:36,4282732,truck
4955,2021-07-31 14:14:02,1792842,truck
4956,2021-08-19 11:01:16,658665,van
4957,2021-08-09 02:55:56,1471875,truck
4958,2021-08-18 09:02:32,5982966,car
4959,2021-08-13 04:34:52,7529098,car
4960,2021-08-20 13:17:22,5623291,truck
4961,2021-08-15 23:42:24,2466052,car
4962,2021-08-04 19:57:54,9478810,car
4963,2021-08-13 23:53:08,4844804,car
4964,2021-08-11 15:05:21,9062504,car
4965,2021-08-10 04:29:50,9530895,car
4966,2021-08-20 15:12:25,5171148,van
4967,2021-08-17 10:13:35,561748,car
4968,2021-08-02 19:16:20,9676436,truck
4969,2021-08-21 15:43:47,9780168,van
4970,2021-08-22 00:32:31,5022784,car
4971,2021-08-08 15:51:23,2509606,truck
4972,2021-08-17 12:41:05,8887507,car
4973,2021-08-15 05:47:10,5573075,car
4974,2021-08-12 18:11:40,149406,car
4975,2021-08-10 00:07:47,1056264,truck
4976,2021-08-12 13:55:02,3808949,truck
4977,2021-08-12 06:12:03,4480580,car
4978,2021-08-18 12:23:18,4601397,car
4979,2021-08-21 00:20:02,1522216,car
4980,2021-08-08 04:32:40,9435909,van
4981,2021-08-04 22:43:46,5896843,truck
4982,2021-08-12 07:55:38,7451623,car
4983,2021-08-20 02:06:35,2036070,truck
4984,2021-08-19 22:30:47,8253457,car
4985,2021-08-17 06:46:19,554256,truck
4986,2021-08-17 20:26:52,4091140,car
4987,2021-08-02 12:32:55,4637409,car
4988,2021-08-10 16:04:40,506435,car
4989,2021-08-05 22:31:31,2995453,truck
4990,2021-08-06 22:19:05,1776039,car
4991,2021-08-02 14:35:28,3875305,car
4992,2021-08-07 04:05:47,4493623,car
4993,2021-08-05 20:02:48,5983173,car
4994,2021-08-09 04:36:55,2826928,car
4995,2021-08-01 18:44:33,4767446,car
4996,2021-07-30 21:57:09,6774142,car
4997,2021-08-04 22:50:00,3310804,car
4998,2021-08-11 06:06:15,1700401,truck
4999,2021-08-07 06:48:15,2815461,truck
5000,2021-08-16 19:36:19,5294773,truck
5001,2021-08-11 01:40:37,5481161,car
5002,2021-08-13 09:01:20,5094036,car
5003,2021-08-08 19:46:26,9983710,truck
5004,2021-08-12 23:55:23,9697093,car
5005,2021-08-12 10:31:11,355412,car
5006,2021-08-03 13:02:05,23389,truck
5007,2021-08-06 13:39:00,4463406,car
5008,2021-08-14 22:44:49,3061196,car
5009,2021-08-17 06:41:48,4975255,car
5010,2021-08-05 15:26:36,7883382,car
5011,2021-08-16 09:20:44,5967111,car
5012,2021-08-17 16:20:44,1898135,car
5013,2021-08-03 01:36:33,9860680,car
5014,2021-08-17 22:58:31,7318496,car
5015,2021-08-22 14:14:32,8399951,truck
5016,2021-08-15 02:17:49,2039279,van
5017,2021-07-31 01:25:51,5967985,car
5018,2021-08-20 08:21:05,2524951,car
5019,2021-08-07 00:03:46,9624402,car
5020,2021-08-15 10:24:42,8917894,van
5021,2021-08-06 17:26:53,6922687,car
5022,2021-08-18 17:50:53,9407373,car
5023,2021-08-07 18:34:08,4973381,car
5024,2021-08-17 11:06:28,9934355,car
5025,2021-08-12 15:19:26,1576125,truck
5026,2021-08-03 07:26:24,4933811,car
5027,2021-08-01 07:03:28,5863364,car
5028,2021-08-14 05:30:02,3833999,car
5029,2021-08-17 04:01:58,7688864,car
5030,2021-08-16 22:23:31,6480001,car
5031,2021-08-17 17:07:02,9702127,car
5032,2021-08-01 12:04:49,7364891,car
5033,2021-08-01 09:45:45,3211151,car
5034,2021-08-20 05:16:14,9767201,van
5035,2021-08-02 22:34:27,6146629,truck
5036,2021-08-09 16:33:25,5464159,car
5037,2021-08-05 02:54:30,8527473,car
5038,2021-07-30 19:30:18,1938378,car
5039,2021-08-19 18:43:50,2062442,car
5040,2021-08-20 19:34:16,7508459,car
5041,2021-08-19 13:26:32,7806051,truck
5042,2021-08-17 06:27:34,4538431,car
5043,2021-08-13 09:08:11,3193522,car
5044,2021-08-16 06:57:47,1004333,car
5045,2021-08-20 19:29:29,3061025,car
5046,2021-08-14 21:32:21,1778331,car
5047,2021-08-10 02:44:40,6674198,car
5048,2021-08-20 12:25:10,5997222,car
5049,2021-08-15 13:20:19,5164734,van
5050,2021-08-17 02:25:41,774900,car
5051,2021-08-22 13:57:36,9879378,van
5052,2021-08-07 19:14:32,8195092,van
5053,2021-08-02 12:01:17,3738865,car
5054,2021-08-22 15:50:47,5471103,car
5055,2021-08-15 22:19:09,3660843,van
5056,2021-08-01 19:42:02,897726,car
5057,2021-08-12 09:15:22,5712196,car
5058,2021-08-22 17:04:52,2389471,van
5059,2021-08-17 14:27:44,1861658,truck
5060,2021-08-15 20:01:31,8074232,van
5061,2021-08-03 00:45:25,4951911,car
5062,2021-08-20 20:07:48,4438053,car
5063,2021-08-20 21:31:19,9451710,car
5064,2021-08-07 09:55:06,6778928,car
5065,2021-08-15 13:40:50,26613,van
5066,2021-08-11 01:17:55,6817980,car
5067,2021-08-07 00:56:26,9745041,car
5068,2021-08-12 05:28:55,1839974,car
5069,2021-07-31 23:34:48,83863,car
5070,2021-08-14 11:33:30,364420,car
5071,2021-08-18 15:15:58,5057488,truck
5072,2021-08-03 19:36:18,9933311,car
5073,2021-08-13 17:53:23,7009460,car
5074,2021-08-15 00:51:21,5020802,car
5075,2021-08-01 06:07:28,2017857,car
5076,2021-08-05 15:55:01,8825698,car
5077,2021-08-04 14:41:37,3081632,car
5078,2021-08-04 02:17:43,7294315,car
5079,2021-07-31 22:57:11,6404517,car
5080,2021-08-10 13:19:05,7068921,car
5081,2021-08-06 12:37:28,7919181,van
5082,2021-08-19 03:08:07,3482490,truck
5083,2021-08-06 20:02:19,5796213,car
5084,2021-08-17 01:15:01,7238098,car
5085,2021-08-15 11:40:54,5908130,van
5086,2021-08-06 20:40:29,7110175,truck
5087,2021-07-30 10:21:05,2331580,car
5088,2021-08-07 06:21:51,4839987,truck
5089,2021-08-04 05:07:00,682665,van
5090,2021-08-16 18:28:20,5470491,car
5091,2021-08-08 23:23:00,241190,car
5092,2021-08-14 06:00:07,7520661,car
5093,2021-07-30 16:22:20,9572038,car
5094,2021-08-13 14:08:52,648281,car
5095,2021-08-15 01:18:58,3024170,car
5096,2021-08-01 13:55:50,2904897,car
5097,2021-08-06 09:21:12,7458210,truck
5098,2021-08-03 00:50:49,1565682,car
5099,2021-08-13 00:32:54,5581458,car
5100,2021-08-05 10:05:33,3206847,car
5101,2021-08-22 18:15:54,3079578,truck
5102,2021-08-16 09:39:55,8053124,truck
5103,2021-08-04 06:11:58,4611288,car
5104,2021-08-19 16:05:03,7987112,car
5105,2021-07-31 09:56:46,8753258,van
5106,2021-08-07 10:15:10,1952669,truck
5107,2021-08-08 01:42:18,1771697,van
5108,2021-08-18 18:31:05,3753085,car
5109,2021-08-07 05:35:06,1558629,van
5110,2021-08-16 17:23:32,786106,car
5111,2021-08-22 09:44:47,8858266,truck
5112,2021-08-17 17:24:29,5224427,car
5113,2021-07-31 16:29:56,839218,car
5114,2021-08-14 10:27:56,8577380,truck
5115,2021-08-12 16:41:19,2598024,truck
5116,2021-08-13 23:47:09,6411231,van
5117,2021-08-04 08:51:25,1672843,car
5118,2021-08-19 01:07:59,3145296,truck
5119,2021-08-06 10:46:25,4303153,van
5120,2021-08-17 17:51:51,4525505,car
5121,2021-08-02 14:31:49,5891598,car
5122,2021-08-13 00:47:31,8358616,car
5123,2021-08-14 03:53:59,7559158,car
5124,2021-08-03 13:14:27,8521902,car
5125,2021-08-15 03:51:39,360603,car
5126,2021-08-22 01:43:06,1585628,car
5127,2021-07-30 15:05:37,1713998,truck
5128,2021-08-03 23:05:14,1418920,car
5129,2021-08-19 15:04:41,7013811,car
5130,2021-08-12 18:45:40,7360900,van
5131,2021-08-14 05:41:05,9266589,car
5132,2021-08-08 22:19:22,7941778,car
5133,2021-08-05 00:58:15,5591655,truck
5134,2021-08-02 14:25:47,7109853,car
5135,2021-08-04 11:37:39,3749920,car
5136,2021-08-07 22:16:57,7151854,car
5137,2021-08-05 10:51:36,7319503,car
5138,2021-08-18 09:54:09,2881876,truck
5139,2021-08-10 07:32:10,9651540,van
5140,2021-08-19 04:16:32,58743,car
5141,2021-08-05 20:16:45,6379002,truck
5142,2021-08-07 16:09:53,1470038,car
5143,2021-08-07 12:54:04,5256557,car
5144,2021-08-06 15:05:20,9504017,car
5145,2021-08-01 17:30:33,7553879,van
5146,2021-07-31 00:29:23,5063476,truck
5147,2021-08-03 03:59:37,1338077,car
5148,2021-08-16 02:30:53,8965783,van
5149,2021-08-01 13:38:05,7355472,car
5150,2021-08-20 15:26:20,9981798,car
5151,2021-08-20 08:49:13,4743944,car
5152,2021-08-19 04:18:48,4378293,car
5153,2021-08-18 12:20:39,7067587,car
5154,2021-08-02 19:26:20,1461259,truck
5155,2021-08-21 19:46:56,5472384,car
5156,2021-07-31 10:28:40,929087,car
5157,2021-08-10 13:06:38,1733519,car
5158,2021-08-07 12:16:01,194888,truck
5159,2021-08-16 00:14:58,6437963,car
5160,2021-08-19 11:20:57,2354754,car
5161,2021-07-30 03:06:39,6176700,truck
5162,2021-08-14 03:42:08,8866816,car
5163,2021-08-13 00:50:42,2316094,car
5164,2021-08-03 16:56:26,2104755,car
5165,2021-07-29 22:42:32,4109496,car
5166,2021-08-03 10:14:21,6207981,car
5167,2021-08-19 09:26:17,8825210,truck
5168,2021-08-10 19:04:59,8066838,truck
5169,2021-07-31 06:32:48,4318020,car
5170,2021-08-16 18:03:10,2637864,car
5171,2021-08-02 18:30:20,1981467,truck
5172,2021-08-01 10:57:13,2645141,car
5173,2021-07-30 20:49:02,9344277,car
5174,2021-08-19 17:20:39,4746178,van
5175,2021-08-13 04:14:32,9512747,car
5176,2021-08-10 18:39:54,4281587,car
5177,2021-08-01 21:28:02,2324204,car
5178,2021-08-14 07:43:13,6477861,car
5179,2021-08-22 06:45:40,4605565,truck
5180,2021-08-08 06:38:33,5237552,truck
5181,2021-07-30 23:04:34,9008954,car
5182,2021-08-18 00:36:59,4293766,van
5183,2021-08-13 10:29:43,937159,truck
5184,2021-08-07 01:00:28,540538,car
5185,2021-08-14 19:54:34,2556962,truck
5186,2021-08-09 14:24:29,8829621,car
5187,2021-08-21 06:23:17,1346726,car
5188,2021-08-12 23:54:11,8916430,car
5189,2021-08-04 23:40:57,4960176,car
5190,2021-08-08 22:03:28,9968900,car
5191,2021-08-07 12:02:14,1633019,car
5192,2021-08-22 11:30:40,5818590,car
5193,2021-08-01 04:43:14,9706758,car
5194,2021-08-10 17:31:06,146709,car
5195,2021-08-12 21:31:17,3359335,truck
5196,2021-08-05 09:09:36,9189718,car
5197,2021-08-13 11:26:05,6974042,car
5198,2021-08-06 11:47:52,301256,van
5199,2021-08-08 21:20:18,1052573,car
5200,2021-08-13 19:38:43,4959029,van
5201,2021-07-30 09:59:28,5063075,car
5202,2021-08-02 08:57:04,6593531,car
5203,2021-08-20 16:51:42,1147885,van
5204,2021-08-03 08:31:50,2124867,car
5205,2021-07-31 17:14:45,8549220,car
5206,2021-08-21 20:23:17,3247682,car
5207,2021-08-02 22:14:45,6499331,van
5208,2021-08-04 11:43:32,2827443,car
5209,2021-08-21 13:44:26,3266872,car
5210,2021-08-11 03:09:54,1279754,van
5211,2021-08-13 02:01:26,5958545,car
5212,2021-08-08 09:26:58,7964151,car
5213,2021-08-09 15:05:32,8046997,car
5214,2021-08-06 14:26:42,2821451,car
5215,2021-08-02 20:00:29,6055426,car
5216,2021-07-29 18:12:16,1852286,truck
5217,2021-08-08 20:22:03,1778660,truck
5218,2021-08-19 13:21:34,8468539,truck
5219,2021-08-21 09:16:39,2488795,car
5220,2021-08-13 05:27:27,1270847,van
5221,2021-08-01 17:30:39,1303833,car
5222,2021-08-11 00:39:22,424246,car
5223,2021-08-01 14:09:59,3249067,truck
5224,2021-08-19 23:01:18,9723309,car
5225,2021-08-10 08:35:49,8568968,truck
5226,2021-08-02 11:18:11,9420145,car
5227,2021-08-06 20:12:03,624805,car
5228,2021-08-01 19:41:43,7955497,car
5229,2021-08-15 06:29:24,2986822,van
5230,2021-08-05 04:31:01,3156350,car
5231,2021-08-20 11:25:20,4449444,truck
5232,2021-08-14 03:20:26,5162077,truck
5233,2021-07-29 18:37:09,9139068,car
5234,2021-07-29 17:50:10,7931001,car
5235,2021-08-13 13:12:48,3060021,car
5236,2021-08-16 07:06:58,4036497,car
5237,2021-08-18 12:08:09,4312097,truck
5238,2021-08-09 12:21:33,9935356,car
5239,2021-08-10 17:41:27,7747127,car
5240,2021-08-15 05:37:25,6675746,van
5241,2021-08-22 07:25:27,5892251,car
5242,2021-08-18 04:12:24,8318158,car
5243,2021-08-04 22:11:43,7944463,car
5244,2021-08-05 09:38:34,7046941,truck
5245,2021-08-04 06:28:02,8110643,car
5246,2021-08-10 15:15:46,4501645,car
5247,2021-08-14 10:07:23,1237880,car
5248,2021-07-30 04:40:16,3970600,car
5249,2021-08-01 00:47:27,5178273,car
5250,2021-08-22 13:20:54,7940221,truck
5251,2021-08-13 20:36:47,6969663,truck
5252,2021-08-14 18:19:35,4871406,van
5253,2021-08-04 15:39:59,3646964,car
5254,2021-08-05 06:16:30,6336032,truck
5255,2021-07-31 04:08:35,8805092,car
5256,2021-08-17 08:46:35,4335142,car
5257,2021-07-31 07:41:17,3197452,car
5258,2021-08-13 14:39:17,7289454,car
5259,2021-08-02 01:03:42,9492377,car
5260,2021-08-08 08:35:19,1091669,car
5261,2021-08-07 05:08:08,6205495,car
5262,2021-08-05 16:54:54,3811784,car
5263,2021-08-04 16:58:34,3790647,car
5264,2021-08-10 19:45:55,8224961,truck
5265,2021-08-03 00:19:47,8295250,car
5266,2021-08-19 22:25:28,5069961,car
5267,2021-08-12 15:35:52,9193995,truck
5268,2021-08-13 19:15:20,8458593,car
5269,2021-07-30 06:56:03,4820830,truck
5270,2021-07-30 17:28:48,8907404,car
5271,2021-08-16 14:13:04,9699900,van
5272,2021-08-15 21:45:27,5382149,car
5273,2021-08-02 11:22:10,5555474,car
5274,2021-08-07 22:54:05,5260250,van
5275,2021-08-11 22:44:33,134116,car
5276,2021-08-08 22:08:05,6381831,car
5277,2021-08-08 14:02:28,5314863,truck
5278,2021-08-10 21:30:40,1337867,car
5279,2021-08-05 02:14:56,4455367,car
5280,2021-08-19 16:44:58,2274715,car
5281,2021-08-02 23:15:17,392152,car
5282,2021-07-30 15:50:37,1707828,car
5283,2021-08-03 05:28:21,3547842,car
5284,2021-08-18 00:33:25,4839267,van
5285,2021-08-09 22:57:00,7313231,car
5286,2021-08-04 21:28:26,9180727,car
5287,2021-08-10 04:17:57,9186689,car
5288,2021-08-20 15:52:00,5700151,car
5289,2021-08-11 04:22:19,8593632,van
5290,2021-08-21 04:01:51,8895138,car
5291,2021-08-06 08:33:25,2031598,car
5292,2021-08-20 21:04:54,4523860,car
5293,2021-08-11 21:00:20,764501,car
5294,2021-08-05 11:24:17,3763202,van
5295,2021-08-17 19:41:04,7347087,car
5296,2021-08-14 16:06:07,7512115,car
5297,2021-08-19 03:48:12,8799707,car
5298,2021-08-04 09:48:13,703619,van
5299,2021-08-18 20:46:33,7877080,car
5300,2021-08-17 06:44:31,8323022,car
5301,2021-08-15 05:15:49,3270542,car
5302,2021-08-10 05:45:22,977603,van
5303,2021-08-19 12:03:23,3518064,car
5304,2021-08-09 09:32:02,1767926,car
5305,2021-08-17 18:09:36,9258951,car
5306,2021-08-18 18:17:51,1358745,car
5307,2021-08-14 20:32:06,5920039,car
5308,2021-08-07 04:59:08,3858005,car
5309,2021-08-06 04:30:00,5155124,car
5310,2021-08-02 21:25:20,2906667,car
5311,2021-08-21 00:20:43,2197892,car
5312,2021-08-16 06:22:34,6105245,car
5313,2021-07-29 20:16:54,8201342,car
5314,2021-08-21 12:31:54,3994166,car
5315,2021-08-17 16:58:14,6961908,car
5316,2021-08-17 01:29:30,5083000,truck
5317,2021-08-02 14:22:34,1287613,truck
5318,2021-08-04 21:42:58,8724744,truck
5319,2021-08-13 22:30:55,536140,truck
5320,2021-08-11 19:22:21,3568830,car
5321,2021-08-21 16:27:36,2343254,car
5322,2021-08-06 22:43:06,9689051,car
5323,2021-08-02 04:41:34,8146085,car
5324,2021-08-05 13:03:13,5444400,car
5325,2021-08-10 10:53:47,5221097,truck
5326,2021-08-11 13:10:33,4920784,car
5327,2021-08-08 21:22:41,8938039,car
5328,2021-08-05 06:24:29,4633228,car
5329,2021-08-12 21:35:56,5173034,truck
5330,2021-07-31 00:24:28,6470540,car
5331,2021-08-11 00:12:58,1448972,van
5332,2021-08-11 11:48:09,3774811,truck
5333,2021-08-09 20:39:58,1570000,truck
5334,2021-08-03 13:28:34,7324264,car
5335,2021-08-19 17:01:21,569060,truck
5336,2021-08-10 19:30:17,8211477,car
5337,2021-08-03 07:17:08,8516497,car
5338,2021-08-14 06:01:04,2704108,truck
5339,2021-08-01 10:13:20,6951824,car
5340,2021-08-15 05:41:38,3573269,car
5341,2021-08-16 23:25:32,3291791,car
5342,2021-08-13 10:27:01,6845343,truck
5343,2021-08-17 09:23:55,8177852,car
5344,2021-08-03 21:38:41,5318422,truck
5345,2021-08-03 07:08:38,2928113,car
5346,2021-08-17 21:14:39,82256,car
5347,2021-08-01 13:34:39,7285141,car
5348,2021-08-05 08:19:59,9988364,car
5349,2021-08-18 17:20:03,4855435,van
5350,2021-08-19 15:38:03,5995963,car
5351,2021-08-13 03:51:24,2129205,car
5352,2021-07-30 18:33:03,997529,car
5353,2021-08-07 05:43:53,108387,van
5354,2021-08-10 15:26:59,7021072,car
5355,2021-08-10 10:48:37,2550288,car
5356,2021-08-17 19:56:59,7340345,car
5357,2021-08-09 02:32:35,1374895,van
5358,2021-08-08 08:17:58,2715580,van
5359,2021-08-01 20:51:28,6056522,car
5360,2021-08-01 15:01:07,6954728,car
5361,2021-07-30 03:28:26,6784265,van
5362,2021-08-07 07:15:33,4518878,car
5363,2021-08-02 02:07:07,7984951,car
5364,2021-08-21 08:35:14,5972746,van
5365,2021-08-11 07:28:21,4697289,car
5366,2021-08-19 23:15:12,5951386,car
5367,2021-08-12 03:57:53,2001101,car
5368,2021-07-31 02:49:27,6347367,car
5369,2021-08-22 13:30:06,7777270,car
5370,2021-08-08 00:03:54,7722064,car
5371,2021-08-01 18:29:25,482747,truck
5372,2021-08-18 03:29:31,6746302,car
5373,2021-08-12 21:39:54,50872,car
5374,2021-08-21 02:38:34,1419013,truck
5375,2021-08-12 14:47:30,9912911,car
5376,2021-08-01 13:52:03,9823816,car
5377,2021-08-20 14:20:19,6995512,car
5378,2021-08-21 12:39:45,3857104,car
5379,2021-08-11 23:22:13,5857374,van
5380,2021-08-07 13:38:21,9947026,truck
5381,2021-08-22 05:55:23,4151756,truck
5382,2021-08-15 02:24:43,2461559,truck
5383,2021-08-12 06:30:58,6362631,van
5384,2021-08-08 21:50:30,112930,car
5385,2021-08-09 02:41:19,7610174,car
5386,2021-08-10 19:06:25,8915157,car
5387,2021-08-12 03:51:07,103876,car
5388,2021-08-11 22:52:08,7641676,truck
5389,2021-08-21 06:47:15,9574193,van
5390,2021-08-01 10:16:31,4625092,car
5391,2021-08-20 04:20:47,6629260,car
5392,2021-08-11 14:42:36,2237347,truck
5393,2021-07-31 20:48:41,1862322,truck
5394,2021-08-18 11:16:15,9968624,car
5395,2021-08-16 12:17:30,9538946,van
5396,2021-08-21 23:22:32,7288239,car
5397,2021-08-22 18:02:28,2041550,car
5398,2021-08-19 13:51:27,581557,truck
5399,2021-08-07 12:51:08,9501632,truck
5400,2021-08-04 07:44:20,5432057,car
5401,2021-08-18 06:27:21,3546562,truck
5402,2021-08-16 13:30:38,2147157,car
5403,2021-07-29 22:10:31,8355099,truck
5404,2021-08-04 09:28:13,2707940,car
5405,2021-08-17 14:46:17,4743133,truck
5406,2021-08-03 11:47:10,3137393,car
5407,2021-08-11 14:21:31,5545497,truck
5408,2021-08-05 05:37:21,6927601,van
5409,2021-08-15 06:06:20,3996259,van
5410,2021-08-05 01:53:27,2396233,car
5411,2021-08-14 12:01:13,2716365,car
5412,2021-08-12 21:41:28,92132,car
5413,2021-08-09 12:29:31,8648554,truck
5414,2021-08-03 09:34:28,2482590,van
5415,2021-07-31 02:55:59,1938092,car
5416,2021-08-02 19:25:22,6030952,car
5417,2021-08-13 14:22:40,6034700,truck
5418,2021-08-18 17:29:43,9034648,car
5419,2021-08-06 00:02:08,6124034,car
5420,2021-08-07 08:31:43,2830217,car
5421,2021-08-14 05:36:35,4844188,truck
5422,2021-08-06 21:35:08,3949258,van
5423,2021-08-13 10:26:08,1436888,car
5424,2021-08-17 13:56:18,3443044,truck
5425,2021-07-31 03:07:51,1329351,truck
5426,2021-07-30 09:20:11,1378797,car
5427,2021-08-17 01:32:22,2430585,car
5428,2021-08-12 12:24:35,5694484,car
5429,2021-08-03 14:49:00,314361,car
5430,2021-08-20 22:51:52,9852761,car
5431,2021-08-13 17:03:50,1341996,car
5432,2021-08-12 10:06:10,8029750,truck
5433,2021-08-15 01:59:26,3069557,truck
5434,2021-08-09 22:36:20,8134289,car
5435,2021-08-08 15:07:41,564173,car
5436,2021-07-31 21:00:44,2880414,car
5437,2021-08-11 22:00:18,7747516,car
5438,2021-08-16 19:12:12,2316914,car
5439,2021-08-22 13:42:21,4799490,car
5440,2021-08-04 03:48:41,3137041,van
5441,2021-08-01 06:02:35,6340965,car
5442,2021-07-30 14:24:41,8577160,truck
5443,2021-07-29 16:54:52,8725412,car
5444,2021-08-05 01:35:29,2404535,van
5445,2021-08-14 05:01:47,4786021,van
5446,2021-08-01 05:50:31,7148781,van
5447,2021-08-15 12:14:37,5909986,car
5448,2021-08-02 12:47:37,754813,truck
5449,2021-07-29 15:08:48,1218454,car
5450,2021-07-30 01:57:24,1459177,van
5451,2021-07-29 23:25:13,3311920,car
5452,2021-08-21 07:10:17,2108901,car
5453,2021-08-01 06:07:49,6927332,van
5454,2021-08-02 00:21:00,8728026,van
5455,2021-08-08 00:37:13,5731034,car
5456,2021-08-06 17:50:10,9444706,car
5457,2021-08-08 04:44:35,4433393,van
5458,2021-08-17 20:21:10,1488490,truck
5459,2021-08-08 01:33:12,6931818,car
5460,2021-08-05 17:27:19,2613646,car
5461,2021-08-06 14:22:21,4569893,van
5462,2021-07-31 19:02:10,2798614,truck
5463,2021-08-05 07:26:09,4266679,car
5464,2021-08-02 01:22:13,9464981,car
5465,2021-07-30 23:15:58,3548648,car
5466,2021-08-06 06:49:14,883884,truck
5467,2021-08-18 06:12:59,5930271,car
5468,2021-08-08 18:52:01,9189382,car
5469,2021-08-22 04:44:32,8479319,truck
5470,2021-08-07 02:11:08,6290477,car
5471,2021-08-03 20:24:45,7794110,truck
5472,2021-08-09 14:34:37,2564064,van
5473,2021-08-19 01:32:21,2754498,car
5474,2021-08-04 19:18:54,1463193,car
5475,2021-08-12 17:24:22,800701,car
5476,2021-08-14 04:35:56,3901372,car
5477,2021-07-31 07:30:56,9145876,truck
5478,2021-08-06 15:53:25,2842464,car
5479,2021-08-22 17:37:43,6029248,truck
5480,2021-08-22 14:57:24,367717,car
5481,2021-08-18 03:56:58,9286413,car
5482,2021-08-10 08:38:49,1530901,truck
5483,2021-08-12 04:50:40,4057068,car
5484,2021-08-18 05:14:00,8813130,van
5485,2021-07-30 06:36:42,9397110,car
5486,2021-08-15 14:27:35,7578064,car
5487,2021-08-17 21:57:24,6090539,car
5488,2021-07-30 04:12:24,6682066,car
5489,2021-08-09 22:25:22,5155420,car
5490,2021-08-10 22:11:57,9223395,truck
5491,2021-08-15 02:53:37,3554289,car
5492,2021-08-10 17:24:47,8349916,car
5493,2021-08-08 22:20:21,1716819,car
5494,2021-08-20 12:43:15,4556900,truck
5495,2021-08-04 13:02:27,9179669,car
5496,2021-08-11 16:53:50,8544393,van
5497,2021-08-03 19:50:44,9292581,truck
5498,2021-08-21 17:44:45,6777833,car
5499,2021-08-01 12:34:54,8044469,truck
5500,2021-08-20 22:04:08,2867600,car
5501,2021-08-06 20:48:58,7573227,car
5502,2021-08-11 12:20:17,1432731,car
5503,2021-08-10 08:58:50,5114304,truck
5504,2021-08-20 06:49:34,1306322,car
5505,2021-08-01 10:48:38,1619643,car
5506,2021-08-02 23:53:15,2469644,van
5507,2021-08-16 17:52:44,8324430,car
5508,2021-08-10 14:38:23,3400959,car
5509,2021-08-02 11:57:03,7677733,car
5510,2021-08-15 05:23:21,5709788,car
5511,2021-08-16 10:29:42,9797598,truck
5512,2021-08-08 03:48:06,1274218,car
5513,2021-08-01 00:34:12,9201033,truck
5514,2021-08-12 03:50:40,320290,car
5515,2021-08-18 12:44:43,5795036,car
5516,2021-08-05 09:10:20,7228866,car
5517,2021-08-16 08:20:50,7167614,car
5518,2021-08-05 21:14:07,5787670,truck
5519,2021-08-07 21:42:11,6412580,van
5520,2021-08-19 12:21:45,4966079,car
5521,2021-08-20 00:51:54,6908393,van
5522,2021-08-19 00:27:52,1250880,truck
5523,2021-08-12 14:19:16,4232878,car
5524,2021-07-31 00:12:56,7368404,truck
5525,2021-08-22 10:22:05,5736734,truck
5526,2021-08-01 22:41:32,842892,truck
5527,2021-07-31 03:38:49,1386373,car
5528,2021-07-30 06:28:02,5880025,car
5529,2021-07-31 09:29:35,1484820,car
5530,2021-08-22 08:32:28,6608521,truck
5531,2021-08-21 19:26:07,6657965,truck
5532,2021-08-17 04:13:04,4251686,truck
5533,2021-08-07 11:59:51,8108462,car
5534,2021-08-19 13:52:08,8723255,truck
5535,2021-08-05 20:02:04,8248602,truck
5536,2021-08-13 07:36:44,2141447,car
5537,2021-07-30 18:10:47,2071850,truck
5538,2021-08-01 05:45:54,2278440,car
5539,2021-07-30 14:00:00,949549,car
5540,2021-07-30 02:49:25,7571091,truck
5541,2021-08-18 16:12:12,1633920,car
5542,2021-08-18 06:53:43,1590284,car
5543,2021-08-02 07:29:26,1703902,car
5544,2021-08-13 17:03:06,451888,car
5545,2021-08-15 16:34:52,7831206,car
5546,2021-08-19 17:29:18,5604288,car
5547,2021-08-06 21:22:18,4054602,car
5548,2021-08-09 02:21:49,9004921,car
5549,2021-08-21 10:28:07,6332268,car
5550,2021-08-03 00:39:22,4128072,car
5551,2021-08-14 14:07:47,6528401,car
5552,2021-07-30 22:48:02,6094289,car
5553,2021-08-16 05:14:01,1910954,van
5554,2021-08-13 09:32:58,1639822,car
5555,2021-08-12 10:31:41,9656000,van
5556,2021-07-30 12:05:20,4718936,truck
5557,2021-08-08 23:37:10,2768756,van
5558,2021-08-09 13:57:42,633914,car
5559,2021-08-09 06:08:28,263355,car
5560,2021-08-14 11:53:02,3878361,truck
5561,2021-08-18 14:02:01,1642821,van
5562,2021-07-30 18:44:21,9522867,van
5563,2021-08-19 22:20:30,3942100,car
5564,2021-07-30 07:22:23,3321429,van
5565,2021-08-06 01:00:06,9730729,car
5566,2021-08-20 08:32:57,3016039,truck
5567,2021-07-31 20:21:06,2399923,car
5568,2021-08-15 05:31:08,7103231,car
5569,2021-08-04 08:56:13,4703384,truck
5570,2021-08-04 08:04:28,6133381,truck
5571,2021-08-17 15:57:01,3596638,car
5572,2021-08-22 08:49:05,5337171,car
5573,2021-08-09 11:19:51,1869988,truck
5574,2021-08-06 01:01:27,6489903,car
5575,2021-08-10 21:44:45,4788888,car
5576,2021-07-30 13:07:20,9408641,car
5577,2021-08-11 01:36:56,5131226,truck
5578,2021-08-11 07:23:02,5534897,car
5579,2021-08-09 01:29:20,6436184,van
5580,2021-07-31 13:37:48,1327765,car
5581,2021-08-17 15:08:08,9107276,car
5582,2021-08-17 02:47:52,4627911,car
5583,2021-08-12 00:35:53,917338,car
5584,2021-08-22 04:54:22,3444465,car
5585,2021-07-30 05:17:07,9625641,truck
5586,2021-08-21 01:09:56,4362548,car
5587,2021-08-04 00:43:51,946624,truck
5588,2021-07-30 00:54:11,6543426,truck
5589,2021-08-22 02:17:27,7934685,car
5590,2021-08-07 07:17:39,4945976,car
5591,2021-08-20 16:28:17,2595149,car
5592,2021-08-20 03:35:53,4631208,truck
5593,2021-08-14 07:01:53,2570195,car
5594,2021-08-08 18:14:55,6872864,car
5595,2021-07-30 23:59:23,2555833,car
5596,2021-08-15 08:36:05,8475775,car
5597,2021-07-30 08:09:47,5661897,car
5598,2021-08-20 12:20:36,2212861,van
5599,2021-08-18 14:26:24,3003301,van
5600,2021-08-04 02:38:27,4287993,car
5601,2021-08-01 19:29:38,1759634,car
5602,2021-08-19 19:26:10,5773875,car
5603,2021-08-14 20:16:06,5003281,car
5604,2021-08-07 13:43:13,5162340,van
5605,2021-08-02 03:05:08,7411439,truck
5606,2021-07-30 13:20:26,9754368,car
5607,2021-08-06 12:13:51,888309,van
5608,2021-08-15 09:46:28,6826474,van
5609,2021-08-09 13:09:07,6176961,car
5610,2021-07-31 02:51:06,7456772,car
5611,2021-08-13 08:36:48,3616870,van
5612,2021-08-02 15:09:51,1911695,van
5613,2021-08-10 16:23:38,4880556,truck
5614,2021-08-09 07:12:03,4042194,car
5615,2021-08-19 14:52:18,2449632,car
5616,2021-08-14 11:55:49,8832616,car
5617,2021-08-12 15:57:46,5211066,truck
5618,2021-08-06 23:29:25,1652497,truck
5619,2021-08-14 12:53:19,7444017,car
5620,2021-08-09 02:24:17,2757121,car
5621,2021-08-19 11:28:28,666222,truck
5622,2021-08-20 03:30:11,7647644,truck
5623,2021-08-19 18:50:05,6558267,car
5624,2021-08-01 06:43:33,5339029,truck
5625,2021-08-21 14:14:35,3207156,car
5626,2021-08-01 14:51:15,8589603,van
5627,2021-08-09 03:02:25,2659194,car
5628,2021-08-07 12:38:09,9910344,car
5629,2021-08-09 12:59:28,2308648,car
5630,2021-07-30 06:51:16,875759,car
5631,2021-08-20 05:31:25,6283770,truck
5632,2021-08-02 20:28:33,7256108,car
5633,2021-08-13 18:31:18,7358441,car
5634,2021-08-06 00:53:16,7431007,car
5635,2021-07-29 12:28:36,7174566,van
5636,2021-08-15 02:38:37,9452861,car
5637,2021-08-11 13:06:49,8330150,car
5638,2021-08-16 19:04:14,9084361,truck
5639,2021-08-18 03:38:00,2968816,truck
5640,2021-08-20 19:38:16,436365,truck
5641,2021-08-03 22:26:49,1167275,car
5642,2021-08-05 11:38:55,7907735,truck
5643,2021-08-19 00:21:58,7202841,car
5644,2021-08-19 07:43:08,5876575,car
5645,2021-08-20 08:04:50,1285237,car
5646,2021-08-14 10:14:54,4168856,car
5647,2021-07-31 22:50:27,2367749,car
5648,2021-08-07 13:21:33,5116803,car
5649,2021-08-20 21:02:51,6036463,van
5650,2021-08-16 15:48:16,2872131,truck
5651,2021-08-16 08:18:22,5466852,car
5652,2021-08-05 15:23:25,4020498,car
5653,2021-08-10 01:44:19,6990601,car
5654,2021-08-11 19:13:30,5975342,car
5655,2021-08-21 16:03:35,4926564,car
5656,2021-08-15 02:51:21,9772170,car
5657,2021-08-12 20:29:27,5396493,van
5658,2021-08-01 16:25:02,6919347,car
5659,2021-08-10 15:04:40,5768565,car
5660,2021-08-02 05:19:05,168444,car
5661,2021-08-19 08:31:56,7914242,car
5662,2021-08-20 12:09:30,5460939,van
5663,2021-08-22 15:16:19,2687182,car
5664,2021-08-01 06:57:05,4313438,car
5665,2021-08-07 20:43:39,2088008,car
5666,2021-08-17 09:43:56,9163696,car
5667,2021-08-14 07:41:36,7620891,truck
5668,2021-08-06 08:02:58,5103231,van
5669,2021-08-20 08:51:17,2667558,car
5670,2021-08-19 14:21:24,4507389,car
5671,2021-08-14 20:16:56,9570193,car
5672,2021-08-22 06:56:29,4287454,car
5673,2021-08-10 21:39:10,6745669,car
5674,2021-07-30 13:17:05,2834998,van
5675,2021-07-29 15:54:39,6297152,car
5676,2021-08-20 03:06:12,7280660,car
5677,2021-08-05 21:55:31,1960275,car
5678,2021-08-16 10:11:58,5559931,van
5679,2021-08-07 05:06:56,1454898,truck
5680,2021-08-04 16:22:48,7689267,van
5681,2021-08-15 23:14:22,6118277,van
5682,2021-08-06 22:13:22,6138445,car
5683,2021-07-31 18:22:40,41393,truck
5684,2021-08-18 02:37:04,7414155,van
5685,2021-08-08 02:59:10,1451534,car
5686,2021-08-20 14:19:53,9342020,car
5687,2021-07-31 22:19:37,2816284,car
5688,2021-08-13 14:50:57,4472339,car
5689,2021-07-31 08:08:10,3138121,car
5690,2021-08-14 20:28:54,6144482,car
5691,2021-08-16 16:19:45,8378835,truck
5692,2021-08-09 18:13:28,3355463,car
5693,2021-07-30 06:29:07,3731290,car
5694,2021-08-12 14:10:53,3286144,truck
5695,2021-08-01 21:39:07,9983528,truck
5696,2021-08-11 07:58:11,200962,van
5697,2021-07-30 23:20:18,4061243,car
5698,2021-07-30 23:28:25,7524570,truck
5699,2021-08-18 21:50:26,3085768,car
5700,2021-08-09 22:51:17,2489642,truck
5701,2021-07-31 10:13:48,2201229,car
5702,2021-08-12 13:57:30,6491678,car
5703,2021-08-22 18:31:48,9380211,car
5704,2021-08-10 16:05:11,2605315,car
5705,2021-08-07 13:24:27,1559561,car
5706,2021-08-05 18:08:42,1056457,car
5707,2021-08-07 01:29:41,3132407,car
5708,2021-08-19 06:43:08,8304522,car
5709,2021-08-04 23:23:18,7493771,truck
5710,2021-08-21 18:48:44,8568383,truck
5711,2021-08-13 02:01:13,2132099,truck
5712,2021-08-05 12:48:14,9910448,car
5713,2021-08-15 03:44:09,6604315,car
5714,2021-08-07 03:23:32,8274515,car
5715,2021-08-22 12:44:37,6881242,car
5716,2021-08-04 11:57:36,6793335,truck
5717,2021-08-14 03:38:12,4746746,car
5718,2021-08-18 11:47:26,1389505,truck
5719,2021-08-06 20:10:40,9778062,car
5720,2021-08-08 06:30:42,3794611,van
5721,2021-07-31 02:23:48,9138525,car
5722,2021-08-01 21:13:43,6088359,car
5723,2021-08-07 06:14:17,6575817,car
5724,2021-08-20 12:46:11,1401509,car
5725,2021-08-15 18:33:08,2707952,car
5726,2021-08-08 22:39:41,287249,car
5727,2021-07-30 00:37:47,4440060,car
5728,2021-08-19 11:25:05,9676943,car
5729,2021-08-14 13:13:21,6337685,car
5730,2021-08-01 15:05:40,678267,truck
5731,2021-08-05 02:05:54,2264319,truck
5732,2021-08-18 05:20:24,5371818,car
5733,2021-07-31 03:41:55,5463755,truck
5734,2021-08-14 16:43:11,9431339,truck
5735,2021-08-17 11:50:08,2255440,van
5736,2021-08-08 06:28:55,2633165,car
5737,2021-08-08 07:14:19,2139623,van
5738,2021-08-05 18:17:26,4094470,car
5739,2021-08-09 00:56:56,6981296,van
5740,2021-08-21 01:39:54,2249517,truck
5741,2021-08-11 00:19:35,9653901,truck
5742,2021-08-02 02:22:21,4130964,truck
5743,2021-08-11 22:05:01,2536228,car
5744,2021-08-07 02:43:53,3836730,truck
5745,2021-08-17 18:24:22,6275128,car
5746,2021-08-09 21:59:24,3035742,van
5747,2021-08-14 08:19:30,4399571,car
5748,2021-08-12 05:13:59,5450376,van
5749,2021-08-11 22:54:00,6230811,car
5750,2021-08-02 17:28:27,7518976,car
5751,2021-08-04 16:34:41,7890197,car
5752,2021-08-16 09:38:27,3282674,truck
5753,2021-08-04 19:41:49,638539,car
5754,2021-08-07 13:07:27,6659348,truck
5755,2021-08-06 08:39:56,9617913,car
5756,2021-08-01 10:20:51,4548944,car
5757,2021-08-06 15:55:45,6277654,car
5758,2021-08-15 21:36:52,6809416,car
5759,2021-08-10 00:32:20,8038891,car
5760,2021-08-02 05:13:43,4368029,car
5761,2021-08-09 02:02:41,2570619,car
5762,2021-08-09 15:44:16,8095485,car
5763,2021-08-16 22:47:11,8803360,truck
5764,2021-08-13 00:30:00,462422,van
5765,2021-07-31 02:49:31,6541243,car
5766,2021-08-04 11:10:28,9622998,car
5767,2021-08-01 18:48:12,3290308,car
5768,2021-08-19 05:44:09,7589629,truck
5769,2021-08-03 19:29:32,7892086,car
5770,2021-08-16 02:39:30,9519595,van
5771,2021-08-20 00:48:52,8922611,truck
5772,2021-08-05 19:06:21,4143221,van
5773,2021-08-12 05:51:58,2198198,van
5774,2021-08-17 10:50:06,9033545,van
5775,2021-08-22 04:29:08,5345165,van
5776,2021-08-02 09:20:37,4171817,van
5777,2021-08-19 13:06:28,1983709,car
5778,2021-08-17 16:28:34,8847288,car
5779,2021-08-22 07:53:53,7779534,van
5780,2021-08-16 16:39:55,5542637,van
5781,2021-08-04 15:09:12,7143440,van
5782,2021-08-06 19:08:22,1885041,van
5783,2021-08-21 22:12:42,132233,truck
5784,2021-08-19 09:48:44,8953200,car
5785,2021-08-04 14:29:46,9531585,car
5786,2021-08-09 05:42:32,2429442,car
5787,2021-08-11 14:30:55,3512234,car
5788,2021-08-03 01:59:53,6753468,car
5789,2021-08-05 07:35:43,3022962,car
5790,2021-08-13 07:36:50,8740173,car
5791,2021-08-18 01:51:45,6361318,truck
5792,2021-08-14 06:59:15,2583089,car
5793,2021-08-05 18:20:19,5248241,car
5794,2021-08-03 16:20:19,1586810,car
5795,2021-08-17 11:30:47,6021276,car
5796,2021-08-20 15:02:01,2042932,car
5797,2021-08-17 22:31:43,1833489,truck
5798,2021-08-03 15:29:38,7314052,car
5799,2021-08-20 20:30:34,470908,van
5800,2021-08-16 05:12:00,391477,car
5801,2021-07-31 16:37:07,2240227,car
5802,2021-08-12 01:21:45,9566329,car
5803,2021-08-18 11:10:26,8218745,car
5804,2021-08-17 14:57:56,7307021,truck
5805,2021-08-15 13:43:38,2251865,truck
5806,2021-08-05 06:57:50,8874240,car
5807,2021-08-03 15:24:40,6272157,car
5808,2021-08-12 22:04:37,5501083,truck
5809,2021-08-09 18:05:46,4803475,car
5810,2021-08-06 02:51:02,330797,truck
5811,2021-08-07 02:18:55,5319869,car
5812,2021-08-09 11:23:06,8580866,van
5813,2021-08-16 19:02:57,4781400,truck
5814,2021-08-17 18:38:39,2888284,van
5815,2021-08-01 07:44:41,2857529,car
5816,2021-07-30 10:11:09,5203172,car
5817,2021-08-10 09:20:38,5652940,car
5818,2021-08-03 07:16:17,124045,truck
5819,2021-08-03 18:51:18,8335570,car
5820,2021-08-08 13:33:55,6477596,truck
5821,2021-08-03 00:55:54,8004123,car
5822,2021-08-04 06:01:38,7955580,van
5823,2021-08-15 01:26:10,8569253,van
5824,2021-08-20 13:31:41,577541,car
5825,2021-08-04 13:13:14,660171,van
5826,2021-07-30 20:22:47,7483733,car
5827,2021-08-09 18:59:45,4256733,car
5828,2021-08-11 01:21:40,3162563,car
5829,2021-08-21 10:59:26,9438596,car
5830,2021-08-06 00:54:57,461962,car
5831,2021-07-30 04:29:12,9103923,car
5832,2021-08-14 17:52:15,3203679,truck
5833,2021-08-11 22:55:21,5235885,car
5834,2021-08-15 10:08:20,5097958,car
5835,2021-08-07 03:27:50,7316755,car
5836,2021-08-13 04:10:36,4419013,car
5837,2021-08-10 19:04:36,2120752,car
5838,2021-08-19 20:14:35,4759684,car
5839,2021-07-29 13:17:08,6304600,car
5840,2021-08-13 18:12:04,7093479,car
5841,2021-07-29 12:47:27,4939611,truck
5842,2021-08-05 05:29:56,7563617,car
5843,2021-08-01 06:24:20,9269769,car
5844,2021-08-17 00:16:12,8016304,van
5845,2021-08-12 07:02:58,7032727,car
5846,2021-08-11 11:46:52,7312965,car
5847,2021-08-02 16:22:27,6205577,van
5848,2021-08-22 15:30:49,2193044,car
5849,2021-08-15 15:05:54,9942125,car
5850,2021-07-31 07:01:25,682481,car
5851,2021-08-16 03:28:10,1009820,car
5852,2021-08-19 02:11:22,2891101,car
5853,2021-08-10 01:01:19,6182711,car
5854,2021-08-21 07:28:29,8825276,car
5855,2021-08-10 08:11:18,8740684,car
5856,2021-08-01 00:17:32,8247059,car
5857,2021-08-13 13:51:25,2524523,car
5858,2021-08-11 14:34:20,2947533,car
5859,2021-08-13 06:44:25,9730075,truck
5860,2021-08-12 12:04:22,3941549,car
5861,2021-08-03 10:00:25,9178225,car
5862,2021-08-15 19:36:36,685266,car
5863,2021-08-22 07:51:44,4405798,van
5864,2021-08-20 13:12:14,3267525,car
5865,2021-08-18 06:06:15,6783722,car
5866,2021-07-30 01:19:44,3966360,truck
5867,2021-08-22 17:26:49,4376919,car
5868,2021-08-16 10:45:12,7585536,truck
5869,2021-08-05 16:28:46,1702675,car
5870,2021-08-08 17:55:19,3334896,car
5871,2021-08-15 13:55:58,2118082,truck
5872,2021-08-06 17:51:39,6332848,truck
5873,2021-08-02 09:47:36,8480642,truck
5874,2021-08-04 00:07:16,622837,car
5875,2021-08-10 17:30:16,1871104,truck
5876,2021-08-03 07:41:04,245404,truck
5877,2021-08-16 06:23:05,9209550,van
5878,2021-08-01 03:26:49,2733497,truck
5879,2021-08-19 08:13:18,791991,car
5880,2021-07-29 23:45:01,5593794,truck
5881,2021-07-30 20:34:02,609994,truck
5882,2021-08-16 10:54:12,4155880,car
5883,2021-08-15 04:22:02,5020403,van
5884,2021-07-30 08:41:10,6682026,car
5885,2021-08-20 06:33:36,2157469,van
5886,2021-08-21 06:06:12,7300982,car
5887,2021-08-18 15:49:47,8029176,car
5888,2021-08-17 22:23:48,6049726,car
5889,2021-08-04 10:52:01,7315120,car
5890,2021-08-18 23:10:15,785701,car
5891,2021-08-08 12:28:24,5219238,van
5892,2021-08-15 02:36:59,327171,truck
5893,2021-08-14 22:34:36,4145196,car
5894,2021-08-05 04:15:38,1582984,truck
5895,2021-08-16 04:56:08,7757973,car
5896,2021-08-10 08:34:39,8882351,car
5897,2021-08-12 08:08:54,4960138,car
5898,2021-08-18 08:32:15,4008834,car
5899,2021-08-04 06:17:28,8720320,car
5900,2021-08-09 09:08:51,622149,car
5901,2021-08-16 10:42:45,1678052,car
5902,2021-08-05 19:08:00,3271576,van
5903,2021-07-31 14:07:56,8341934,car
5904,2021-08-21 11:52:05,4409380,truck
5905,2021-08-04 05:56:54,7681166,car
5906,2021-07-31 12:07:28,84689,car
5907,2021-08-16 11:26:59,4693087,truck
5908,2021-08-01 10:19:02,1687485,truck
5909,2021-08-06 05:03:05,8032454,truck
5910,2021-08-02 01:38:17,7994643,truck
5911,2021-08-21 16:45:12,8455595,truck
5912,2021-08-10 20:15:05,6572335,truck
5913,2021-08-11 14:34:17,3571399,truck
5914,2021-08-01 21:39:05,5796031,car
5915,2021-08-03 09:08:37,2269174,van
5916,2021-08-13 06:10:41,5858922,car
5917,2021-08-17 04:07:37,5621421,car
5918,2021-08-20 18:35:48,2137592,car
5919,2021-08-11 14:33:34,1090734,car
5920,2021-07-31 05:23:30,5150630,truck
5921,2021-08-04 09:55:39,3781296,truck
5922,2021-08-11 17:56:20,4597516,car
5923,2021-08-17 08:54:35,2101536,car
5924,2021-08-03 09:37:39,3786840,car
5925,2021-08-17 12:12:03,1077720,car
5926,2021-08-12 10:35:01,6742213,car
5927,2021-08-10 16:39:28,2565855,truck
5928,2021-08-10 04:21:11,4620541,car
5929,2021-08-11 03:16:18,6494935,car
5930,2021-08-07 18:39:02,8628067,truck
5931,2021-08-13 02:28:43,2302123,truck
5932,2021-08-05 05:27:24,8078617,truck
5933,2021-08-22 14:29:48,477533,car
5934,2021-08-06 16:07:13,6477493,van
5935,2021-08-16 10:14:43,7360399,car
5936,2021-08-20 02:58:46,86880,car
5937,2021-08-06 14:49:10,2529667,van
5938,2021-08-20 09:39:14,514741,car
5939,2021-08-01 14:57:07,1620807,car
5940,2021-07-29 23:10:46,4709305,van
5941,2021-08-21 22:37:27,2533587,truck
5942,2021-08-10 07:31:20,4874164,car
5943,2021-08-10 15:08:08,4491041,van
5944,2021-08-02 06:01:13,751441,car
5945,2021-07-30 08:51:59,3293647,truck
5946,2021-08-18 13:06:43,921492,car
5947,2021-08-11 17:11:00,838687,truck
5948,2021-08-07 00:33:10,1765185,car
5949,2021-08-06 15:30:33,5216740,car
5950,2021-08-12 08:21:40,3839435,car
5951,2021-08-06 13:51:25,4163183,car
5952,2021-07-30 17:59:44,1543578,truck
5953,2021-08-05 01:38:08,5051759,car
5954,2021-08-11 20:16:49,3190249,car
5955,2021-08-09 02:46:24,3994398,car
5956,2021-08-17 13:27:53,5393760,car
5957,2021-08-03 05:17:10,2128695,car
5958,2021-07-31 12:45:29,4857692,truck
5959,2021-08-20 18:10:04,9485989,car
5960,2021-08-11 16:19:39,6604819,van
5961,2021-07-31 21:57:04,4514683,truck
5962,2021-08-18 19:47:43,2913339,truck
5963,2021-08-18 02:06:14,8212212,truck
5964,2021-08-06 21:44:58,6019007,van
5965,2021-08-14 14:32:58,3123728,car
5966,2021-08-01 10:50:24,5006481,truck
5967,2021-08-18 00:02:51,6805646,car
5968,2021-08-15 06:32:56,9878829,car
5969,2021-08-02 05:06:36,2988099,car
5970,2021-08-07 16:42:04,6308632,van
5971,2021-08-05 04:18:21,5210646,car
5972,2021-08-18 23:38:47,5940387,car
5973,2021-08-07 15:54:05,2979070,car
5974,2021-08-14 16:13:05,9300422,car
5975,2021-08-05 01:38:19,7425116,car
5976,2021-08-14 11:17:25,4497978,car
5977,2021-08-20 11:37:13,6592729,car
5978,2021-08-11 02:05:22,316816,van
5979,2021-08-02 02:27:24,1545973,car
5980,2021-08-09 17:31:45,5215856,van
5981,2021-08-09 17:45:27,3310074,car
5982,2021-08-15 23:43:20,4528694,car
5983,2021-08-22 18:03:45,2487000,car
5984,2021-07-31 03:47:06,6915357,car
5985,2021-08-02 07:10:45,2904412,car
5986,2021-08-19 23:02:30,7107187,car
5987,2021-08-14 03:58:03,3684906,car
5988,2021-08-19 13:36:17,8722043,car
5989,2021-07-30 18:44:05,6263885,car
5990,2021-08-10 00:44:30,9246705,car
5991,2021-08-14 05:33:16,6389742,truck
5992,2021-08-14 12:51:58,8984820,truck
5993,2021-07-31 02:50:31,3973158,car
5994,2021-08-05 13:42:48,1926502,car
5995,2021-08-05 04:02:35,359330,car
5996,2021-07-29 18:30:00,751524,van
5997,2021-08-13 01:58:14,9756984,car
5998,2021-08-17 02:13:33,4225678,truck
5999,2021-08-10 01:22:15,7440601,car
6000,2021-08-17 01:42:50,4654218,car
6001,2021-08-05 05:59:28,5780010,car
6002,2021-08-16 12:34:26,3462151,car
6003,2021-08-06 15:10:50,6939650,truck
6004,2021-08-06 20:39:17,8368608,car
6005,2021-08-08 21:34:00,4211520,car
6006,2021-08-16 07:31:55,3292179,car
6007,2021-08-22 04:44:21,7122258,truck
6008,2021-08-10 08:48:06,5366950,car
6009,2021-08-08 03:55:15,6974142,van
6010,2021-08-14 04:50:09,2050329,car
6011,2021-08-09 15:38:37,7541460,car
6012,2021-08-12 07:05:46,432452,van
6013,2021-08-20 04:59:34,9243130,car
6014,2021-08-17 09:36:57,822914,car
6015,2021-08-22 04:44:13,9613657,van
6016,2021-08-07 10:06:42,6824462,car
6017,2021-07-30 17:41:26,7632875,truck
6018,2021-08-15 22:33:37,5404429,van
6019,2021-08-15 14:38:33,2015043,van
6020,2021-07-31 04:21:58,6565048,car
6021,2021-08-14 21:08:30,4003339,car
6022,2021-08-03 19:51:38,5495796,car
6023,2021-08-16 06:33:41,9056213,car
6024,2021-08-17 16:42:26,3853157,car
6025,2021-07-31 01:56:16,816572,truck
6026,2021-08-20 03:45:26,1543003,car
6027,2021-08-18 15:33:09,8500820,car
6028,2021-08-17 22:09:45,4369460,truck
6029,2021-08-05 10:39:34,1296429,car
6030,2021-08-02 01:07:25,6776338,car
6031,2021-08-04 08:16:55,889851,van
6032,2021-08-22 18:42:11,3783615,van
6033,2021-08-03 05:59:19,6924838,car
6034,2021-08-19 18:18:02,4219171,truck
6035,2021-08-21 11:01:36,217253,car
6036,2021-08-03 17:26:24,8386199,car
6037,2021-08-16 20:00:57,2608171,truck
6038,2021-08-14 11:36:34,9844286,car
6039,2021-08-08 22:42:55,1257187,car
6040,2021-08-17 11:02:07,2252044,car
6041,2021-08-18 12:59:25,5486972,car
6042,2021-08-11 15:07:18,3993327,car
6043,2021-08-02 03:45:00,3595645,car
6044,2021-08-01 22:11:57,3131291,car
6045,2021-08-17 18:05:10,7421119,van
6046,2021-08-07 17:15:10,5923851,car
6047,2021-08-09 16:18:29,1536084,car
6048,2021-08-06 02:35:11,7423774,truck
6049,2021-08-21 18:52:18,6298074,truck
6050,2021-07-31 18:49:24,4586120,car
6051,2021-08-06 01:34:09,6989397,car
6052,2021-07-30 07:06:19,7612122,car
6053,2021-08-10 12:10:39,9211207,car
6054,2021-08-22 02:24:14,3901152,car
6055,2021-08-16 02:58:14,2477977,car
6056,2021-08-15 08:38:53,6806988,car
6057,2021-08-15 19:26:44,6130826,car
6058,2021-08-01 04:10:16,1393572,car
6059,2021-08-18 03:13:34,5604081,car
6060,2021-08-20 07:39:19,2910601,car
6061,2021-08-03 18:57:05,6817195,van
6062,2021-08-06 08:30:19,5268094,van
6063,2021-08-20 10:53:21,6273700,car
6064,2021-08-15 10:18:56,2861974,van
6065,2021-08-13 16:54:53,2284913,car
6066,2021-08-21 13:14:58,1119115,truck
6067,2021-08-21 00:21:43,6539218,van
6068,2021-08-09 12:18:16,4900727,car
6069,2021-07-29 23:05:03,3262246,car
6070,2021-08-04 22:15:30,3085342,van
6071,2021-07-31 14:38:41,4772864,car
6072,2021-08-03 12:26:02,7449750,car
6073,2021-08-18 18:09:16,1900910,truck
6074,2021-08-15 09:23:50,3112887,car
6075,2021-08-01 14:42:19,97520,truck
6076,2021-08-05 10:29:04,7982823,car
6077,2021-08-17 10:31:39,2514597,car
6078,2021-08-07 12:26:48,8239378,truck
6079,2021-08-09 17:22:06,2072565,van
6080,2021-08-03 19:52:35,6962790,car
6081,2021-08-07 17:42:12,3212303,car
6082,2021-08-16 11:56:21,4855453,car
6083,2021-08-02 08:57:30,2827646,truck
6084,2021-08-04 07:36:42,2908184,car
6085,2021-08-02 10:10:54,6267876,car
6086,2021-08-09 12:50:38,8629265,car
6087,2021-08-03 13:44:22,3899252,truck
6088,2021-07-31 17:09:39,6440793,car
6089,2021-08-18 06:52:41,3607176,truck
6090,2021-08-22 08:13:56,9406164,car
6091,2021-08-07 23:53:15,4195093,van
6092,2021-08-13 16:38:22,1554419,car
6093,2021-08-02 09:11:44,7595061,car
6094,2021-07-31 06:42:00,4566898,truck
6095,2021-07-31 20:19:31,8474663,truck
6096,2021-08-11 00:28:57,8838928,car
6097,2021-08-03 14:38:48,618958,car
6098,2021-08-06 15:07:04,6380265,truck
6099,2021-08-20 07:58:02,5294457,car
6100,2021-08-07 15:09:17,8412969,car
6101,2021-08-18 14:35:15,1021720,car
6102,2021-08-12 19:15:39,1166293,truck
6103,2021-08-19 08:51:47,7821143,car
6104,2021-08-05 08:20:32,6158553,truck
6105,2021-08-19 08:19:51,5597049,car
6106,2021-08-04 18:12:17,141980,car
6107,2021-08-11 21:57:50,8480410,car
6108,2021-07-30 18:30:37,3662329,truck
6109,2021-07-31 13:51:27,9100177,van
6110,2021-08-11 18:42:03,1738728,car
6111,2021-08-21 00:42:31,3007769,car
6112,2021-08-08 18:06:49,60878,van
6113,2021-08-11 16:54:26,1422794,car
6114,2021-08-10 21:58:07,2140887,car
6115,2021-08-17 11:44:24,4560507,car
6116,2021-07-29 16:15:57,2287361,car
6117,2021-08-18 02:36:19,5302308,car
6118,2021-07-29 20:30:36,1490219,car
6119,2021-08-12 04:57:59,2314784,truck
6120,2021-08-04 06:22:57,4363043,car
6121,2021-08-13 05:09:02,1255712,car
6122,2021-08-19 07:43:54,9790326,car
6123,2021-08-15 05:31:49,2338995,car
6124,2021-08-07 09:00:33,7644672,truck
6125,2021-08-22 03:02:11,2568249,car
6126,2021-08-17 11:48:08,29896,car
6127,2021-08-22 17:23:34,5995749,van
6128,2021-08-05 12:45:50,6501186,car
6129,2021-08-08 19:34:05,4296383,car
6130,2021-07-29 18:39:27,8014982,van
6131,2021-08-14 18:38:01,843641,car
6132,2021-08-03 09:00:49,1861758,car
6133,2021-08-01 00:04:36,2308749,car
6134,2021-08-04 04:48:46,6593300,car
6135,2021-08-19 04:59:23,8210088,car
6136,2021-08-16 00:04:05,2618082,car
6137,2021-08-13 18:47:21,4901571,truck
6138,2021-08-02 12:00:31,2758267,car
6139,2021-07-31 01:39:25,7689792,truck
6140,2021-08-09 15:44:10,7327060,car
6141,2021-08-15 19:38:52,3520254,car
6142,2021-08-21 21:28:11,513821,car
6143,2021-07-30 14:04:33,8408693,car
6144,2021-07-29 19:42:32,166208,car
6145,2021-08-16 01:06:40,8346480,truck
6146,2021-08-20 19:08:36,5499073,car
6147,2021-08-10 08:40:04,2958137,car
6148,2021-08-17 04:56:04,2919708,car
6149,2021-08-14 05:03:47,7393062,car
6150,2021-08-21 03:41:29,8575479,car
6151,2021-07-30 14:57:34,5190940,truck
6152,2021-08-05 22:53:20,2443845,car
6153,2021-08-04 09:38:51,6719584,car
6154,2021-08-03 16:28:00,7121881,truck
6155,2021-08-02 13:02:20,9259801,truck
6156,2021-08-01 13:20:31,4165136,car
6157,2021-08-15 17:54:26,3116865,van
6158,2021-08-13 13:29:52,7354010,truck
6159,2021-08-03 12:23:46,6919642,car
6160,2021-07-31 14:53:24,8721556,car
6161,2021-08-19 23:49:01,4927270,car
6162,2021-08-12 11:22:31,9413440,car
6163,2021-08-12 12:07:05,6673806,truck
6164,2021-08-13 19:30:45,1543542,car
6165,2021-08-07 13:38:53,8543678,car
6166,2021-08-17 21:25:08,8339200,car
6167,2021-08-08 12:23:24,9888402,van
6168,2021-08-21 16:51:35,4895787,car
6169,2021-08-13 22:40:59,6550602,car
6170,2021-08-12 11:13:47,3752956,car
6171,2021-08-17 11:51:06,5665463,car
6172,2021-08-10 09:25:42,9351862,car
6173,2021-07-29 13:23:44,5515218,truck
6174,2021-08-22 01:43:43,9567046,car
6175,2021-08-13 07:00:49,1652645,truck
6176,2021-08-03 04:14:42,8601332,truck
6177,2021-08-02 05:11:59,801406,car
6178,2021-07-30 07:25:33,7095860,car
6179,2021-08-06 23:36:38,178705,car
6180,2021-08-16 19:55:39,9049473,truck
6181,2021-08-18 14:36:29,3785849,car
6182,2021-08-04 17:09:17,5569548,car
6183,2021-08-18 17:44:41,4681914,car
6184,2021-08-01 08:58:00,1771202,car
6185,2021-08-11 19:53:36,1256221,car
6186,2021-08-14 16:33:17,3320060,truck
6187,2021-08-11 12:50:15,9378511,car
6188,2021-08-09 19:58:15,8445696,car
6189,2021-07-30 09:15:11,170189,car
6190,2021-08-03 08:28:08,1645209,car
6191,2021-08-14 08:27:23,7226078,truck
6192,2021-08-06 04:45:32,2926167,truck
6193,2021-08-10 07:49:27,2300290,van
6194,2021-08-16 20:53:14,3585516,car
6195,2021-08-02 12:04:46,2759058,car
6196,2021-08-13 22:51:05,9951011,truck
6197,2021-08-20 07:21:29,3131494,truck
6198,2021-08-14 12:33:39,5423456,car
6199,2021-08-14 21:37:14,8496463,car
6200,2021-08-04 17:40:14,1486800,car
6201,2021-08-19 13:15:27,7679427,car
6202,2021-08-18 18:56:57,6679017,car
6203,2021-08-13 04:43:51,1370073,car
6204,2021-08-02 01:17:11,9720785,car
6205,2021-08-20 01:23:44,3571822,car
6206,2021-08-02 06:56:58,2731933,car
6207,2021-08-20 19:15:53,2837696,car
6208,2021-08-14 14:44:48,1264138,van
6209,2021-08-06 05:31:16,3086638,car
6210,2021-08-18 08:04:31,1583174,car
6211,2021-07-30 08:49:23,6685658,car
6212,2021-08-15 11:35:29,2949354,car
6213,2021-08-13 16:27:27,689552,truck
6214,2021-08-21 02:06:53,3791411,van
6215,2021-08-15 01:18:40,1748684,van
6216,2021-08-21 05:35:32,5525065,car
6217,2021-08-07 21:19:24,5672220,car
6218,2021-08-16 13:58:32,3678323,car
6219,2021-08-08 02:41:45,7679602,car
6220,2021-08-10 14:34:46,709376,truck
6221,2021-08-20 11:34:14,9114881,car
6222,2021-08-22 17:48:10,9685574,truck
6223,2021-08-09 08:22:49,8232430,van
6224,2021-08-13 13:18:53,8106546,car
6225,2021-08-06 12:01:32,5818976,truck
6226,2021-08-11 08:34:25,5939321,car
6227,2021-08-16 23:41:29,1194405,car
6228,2021-08-07 02:46:21,227413,car
6229,2021-08-02 22:24:30,8134969,car
6230,2021-08-13 23:53:27,3949138,car
6231,2021-08-09 23:31:51,2260793,car
6232,2021-08-15 23:46:50,3462403,truck
6233,2021-08-10 12:25:08,2760394,truck
6234,2021-08-12 07:30:44,4421397,car
6235,2021-08-15 06:07:23,290890,car
6236,2021-08-12 09:35:18,7468447,car
6237,2021-08-01 20:45:28,1800404,van
6238,2021-08-04 00:43:47,748101,car
6239,2021-08-22 00:33:44,1983568,truck
6240,2021-08-01 03:16:08,3613014,car
6241,2021-08-17 14:40:54,5055885,car
6242,2021-08-18 11:39:01,4444663,car
6243,2021-08-07 23:06:40,8150855,car
6244,2021-08-14 01:09:10,6829590,car
6245,2021-08-16 03:56:29,5187763,car
6246,2021-08-08 04:46:30,3204048,car
6247,2021-08-09 07:36:41,9013600,car
6248,2021-08-07 06:22:31,5866251,car
6249,2021-08-03 22:16:19,7655221,car
6250,2021-08-21 19:05:53,1353632,car
6251,2021-08-07 08:32:29,2552406,car
6252,2021-08-12 00:27:33,7820793,car
6253,2021-08-19 03:36:56,6412248,truck
6254,2021-08-19 16:54:19,1181036,car
6255,2021-08-17 07:55:04,6092132,truck
6256,2021-07-30 16:17:13,6367173,car
6257,2021-08-06 04:52:34,8669740,car
6258,2021-08-13 14:45:13,6759111,truck
6259,2021-08-15 07:35:03,439846,truck
6260,2021-08-14 22:24:53,1082448,truck
6261,2021-08-02 16:14:23,4371089,car
6262,2021-08-20 21:47:41,4779555,truck
6263,2021-08-09 17:02:06,4649682,car
6264,2021-08-18 00:59:32,4368970,truck
6265,2021-08-08 17:56:23,8612204,truck
6266,2021-08-07 18:57:42,8943176,car
6267,2021-08-03 10:53:49,2524499,car
6268,2021-08-14 01:14:49,2318343,car
6269,2021-07-31 15:40:38,6602425,car
6270,2021-08-12 23:21:23,9483786,van
6271,2021-08-19 15:10:40,8277092,car
6272,2021-08-14 01:39:10,8978591,truck
6273,2021-07-31 19:41:58,2877479,van
6274,2021-08-05 05:31:09,6878583,car
6275,2021-08-19 03:37:22,8562677,truck
6276,2021-08-12 18:33:33,8778322,truck
6277,2021-08-16 08:28:13,3342450,truck
6278,2021-08-18 15:05:20,8199681,van
6279,2021-08-10 17:48:06,3311866,car
6280,2021-08-20 08:28:34,1732804,car
6281,2021-08-08 01:51:41,3917993,car
6282,2021-08-04 14:32:42,2293847,car
6283,2021-08-07 20:05:42,3476903,car
6284,2021-08-14 07:09:14,386627,car
6285,2021-08-11 16:49:41,6808328,van
6286,2021-08-01 00:14:00,9824658,van
6287,2021-08-12 03:23:43,3180711,car
6288,2021-08-15 00:15:23,7437434,car
6289,2021-08-18 13:45:10,1469487,car
6290,2021-08-03 06:55:34,3668673,car
6291,2021-07-30 17:37:14,5474426,car
6292,2021-08-09 16:11:54,5400949,car
6293,2021-08-21 06:14:06,8795230,car
6294,2021-07-31 00:20:47,6680965,car
6295,2021-08-16 20:21:20,6739424,car
6296,2021-07-30 03:23:39,662648,van
6297,2021-08-10 14:50:16,6519970,car
6298,2021-08-19 10:15:12,868376,truck
6299,2021-08-22 00:19:35,7832177,truck
6300,2021-08-07 08:07:17,4606228,car
6301,2021-08-04 05:56:40,6597438,car
6302,2021-08-12 01:31:31,3984410,van
6303,2021-08-09 11:19:39,9790701,car
6304,2021-08-04 20:31:18,7512393,car
6305,2021-08-09 18:20:50,4948238,car
6306,2021-08-07 15:31:27,6676021,truck
6307,2021-07-30 21:26:07,7213806,car
6308,2021-08-04 05:35:44,8299805,car
6309,2021-08-15 14:28:09,6689696,car
6310,2021-08-12 15:07:58,7152734,car
6311,2021-08-22 01:41:22,5508033,car
6312,2021-08-12 11:01:12,8802704,car
6313,2021-08-10 14:23:39,2856749,van
6314,2021-07-30 10:12:36,269760,car
6315,2021-08-03 09:16:47,7872952,car
6316,2021-08-10 09:41:04,5982825,van
6317,2021-08-13 19:30:58,4825459,van
6318,2021-08-12 21:06:25,8125961,car
6319,2021-08-14 07:28:24,4498648,truck
6320,2021-08-06 06:33:37,8852436,van
6321,2021-08-05 22:03:30,9270521,truck
6322,2021-08-03 00:55:12,8952634,car
6323,2021-08-12 21:34:36,3183507,car
6324,2021-08-18 10:51:42,6491266,truck
6325,2021-08-07 03:25:47,6908880,car
6326,2021-07-30 00:10:25,3550884,car
6327,2021-08-20 12:33:56,6896089,truck
6328,2021-08-11 17:38:02,1499548,car
6329,2021-08-04 08:39:05,5011948,car
6330,2021-08-06 03:31:29,2338045,car
6331,2021-08-02 19:37:07,4024440,car
6332,2021-07-30 15:12:23,6533851,car
6333,2021-08-16 02:17:18,2672203,car
6334,2021-08-20 06:15:10,1689183,truck
6335,2021-08-06 04:03:27,4595859,van
6336,2021-08-20 14:26:17,3620106,car
6337,2021-08-04 16:33:33,1077009,truck
6338,2021-08-13 20:15:38,4155777,truck
6339,2021-08-08 19:55:54,6082049,car
6340,2021-07-30 15:46:44,7766208,truck
6341,2021-08-17 06:52:18,981676,van
6342,2021-08-10 12:31:36,1754960,car
6343,2021-08-10 18:36:58,7084278,car
6344,2021-08-12 12:41:35,8466564,car
6345,2021-08-19 16:08:28,6955075,car
6346,2021-08-07 07:28:45,9851495,car
6347,2021-07-30 19:00:53,4131854,truck
6348,2021-08-18 04:09:50,1101311,truck
6349,2021-07-31 00:01:09,5691870,truck
6350,2021-08-01 17:23:05,6178042,car
6351,2021-08-21 19:38:44,4012602,van
6352,2021-08-21 02:34:45,6280147,truck
6353,2021-08-02 05:26:02,3253652,car
6354,2021-07-30 20:20:32,1862380,car
6355,2021-07-31 11:04:18,9152509,car
6356,2021-08-18 14:12:57,8350599,car
6357,2021-08-21 21:15:31,1060290,car
6358,2021-08-19 13:00:57,5669004,car
6359,2021-08-19 09:44:41,2327952,car
6360,2021-08-09 07:45:17,6573880,car
6361,2021-08-02 18:09:10,9780148,truck
6362,2021-08-05 02:34:03,2456908,car
6363,2021-08-06 12:13:22,5951141,car
6364,2021-08-03 04:34:56,1847689,car
6365,2021-08-03 05:11:24,5169408,car
6366,2021-08-17 14:40:31,3806221,car
6367,2021-08-14 04:49:41,5270025,van
6368,2021-08-02 05:27:18,1180657,car
6369,2021-08-20 14:52:05,9988102,car
6370,2021-08-13 14:55:48,5281925,car
6371,2021-08-03 05:38:01,3779119,car
6372,2021-08-09 03:53:11,6546677,van
6373,2021-08-15 14:38:46,8148581,car
6374,2021-08-13 07:45:40,7518451,truck
6375,2021-08-21 02:04:52,5458544,car
6376,2021-08-02 17:30:37,7674226,car
6377,2021-08-05 09:47:44,6420742,car
6378,2021-08-19 05:44:04,8800861,car
6379,2021-08-20 17:56:41,8397189,car
6380,2021-07-30 00:00:10,9429242,car
6381,2021-08-20 10:29:04,7313035,car
6382,2021-08-01 20:54:37,1938796,car
6383,2021-08-13 09:18:57,8751262,car
6384,2021-07-30 08:09:36,6881568,car
6385,2021-08-04 00:55:24,6637560,car
6386,2021-08-19 04:58:51,6225032,car
6387,2021-08-11 20:54:41,5794212,truck
6388,2021-08-04 15:39:13,8280628,car
6389,2021-08-13 16:45:38,1210591,truck
6390,2021-07-31 11:13:31,6670191,van
6391,2021-08-03 21:24:23,3278407,car
6392,2021-08-08 05:53:46,3831656,car
6393,2021-08-01 19:50:36,9943724,car
6394,2021-08-01 06:49:50,2744116,van
6395,2021-07-31 07:17:11,7758875,car
6396,2021-08-21 03:28:55,200220,van
6397,2021-08-19 10:57:23,6532873,van
6398,2021-08-11 08:26:10,4511754,car
6399,2021-08-07 09:23:00,1441848,truck
6400,2021-08-20 03:37:58,1738779,car
6401,2021-08-19 12:17:02,3142496,truck
6402,2021-07-29 12:33:00,6333894,car
6403,2021-08-05 00:47:19,3030422,truck
6404,2021-07-30 09:28:04,4148300,truck
6405,2021-07-30 03:43:03,8228076,car
6406,2021-08-22 00:49:37,6492950,van
6407,2021-08-05 09:15:54,9304035,car
6408,2021-08-12 14:04:14,7246327,car
6409,2021-08-13 21:00:40,4443437,van
6410,2021-07-30 03:09:06,6078657,car
6411,2021-08-08 12:05:24,1453497,car
6412,2021-08-13 17:04:49,4092119,van
6413,2021-08-12 06:06:06,6635703,truck
6414,2021-08-03 00:59:52,3276114,car
6415,2021-08-07 17:43:15,6293458,car
6416,2021-08-11 23:39:48,3454969,truck
6417,2021-08-05 11:38:10,140764,van
6418,2021-08-19 00:27:53,2073541,car
6419,2021-08-19 14:12:36,1316700,car
6420,2021-08-09 19:31:32,5487108,car
6421,2021-08-20 06:23:54,4496704,car
6422,2021-08-08 03:53:51,9304884,car
6423,2021-08-15 02:19:29,9158547,car
6424,2021-08-15 15:20:53,4628822,car
6425,2021-08-21 19:36:45,4820710,car
6426,2021-08-20 13:26:06,2878976,car
6427,2021-08-18 06:19:34,1602865,van
6428,2021-08-16 02:55:45,6263132,truck
6429,2021-08-01 22:34:58,3221240,van
6430,2021-08-21 07:36:35,1585664,truck
6431,2021-08-09 13:22:09,9616334,car
6432,2021-08-21 01:34:37,8239197,van
6433,2021-08-09 17:59:03,4371762,car
6434,2021-08-20 08:23:33,9622181,car
6435,2021-08-22 16:27:29,6981270,car
6436,2021-08-22 18:01:32,7718772,truck
6437,2021-08-07 18:33:47,1327352,van
6438,2021-07-30 01:10:06,490266,car
6439,2021-08-14 09:48:09,6845904,truck
6440,2021-08-22 12:54:11,2186514,car
6441,2021-08-14 11:19:46,4906181,car
6442,2021-07-30 14:20:04,3151974,truck
6443,2021-08-12 09:58:50,8151541,car
6444,2021-08-06 14:27:03,8756483,van
6445,2021-08-05 15:19:59,4933652,car
6446,2021-08-16 12:41:47,1951855,car
6447,2021-08-10 08:21:22,4045401,car
6448,2021-08-13 14:17:32,2410258,truck
6449,2021-08-08 14:30:48,9352232,car
6450,2021-08-18 16:29:04,143791,car
6451,2021-08-12 21:27:29,4132867,car
6452,2021-08-03 02:29:19,8033144,car
6453,2021-08-04 23:48:58,6162143,car
6454,2021-08-07 00:11:41,9867199,car
6455,2021-08-15 14:49:48,66722,van
6456,2021-08-07 14:08:56,1853314,car
6457,2021-07-31 15:36:54,566891,truck
6458,2021-07-30 00:45:31,1104200,car
6459,2021-08-09 20:16:59,5356292,car
6460,2021-07-30 22:05:59,5555440,car
6461,2021-08-05 00:59:35,9795514,car
6462,2021-08-20 02:37:33,5697800,van
6463,2021-08-21 21:01:35,4797792,car
6464,2021-07-29 22:34:16,1005796,van
6465,2021-08-11 07:50:37,5311506,van
6466,2021-08-12 10:53:52,8213402,truck
6467,2021-08-13 20:01:00,6090266,car
6468,2021-08-22 16:25:01,4754453,car
6469,2021-08-22 00:12:36,5336460,car
6470,2021-08-17 16:30:38,546709,car
6471,2021-08-17 06:33:31,7970885,car
6472,2021-08-12 08:10:57,7772020,car
6473,2021-08-14 19:25:59,6447244,truck
6474,2021-08-14 03:58:33,7837464,truck
6475,2021-08-14 19:57:39,9138169,truck
6476,2021-08-11 00:57:12,571773,car
6477,2021-08-04 23:39:53,7623253,car
6478,2021-08-09 13:57:26,5160997,truck
6479,2021-08-02 13:28:30,9826011,truck
6480,2021-08-05 04:22:13,2245750,truck
6481,2021-08-06 10:57:38,9105296,truck
6482,2021-08-20 16:13:03,9677518,car
6483,2021-07-29 22:49:02,9447576,car
6484,2021-08-20 04:34:51,277881,car
6485,2021-08-03 05:05:02,8494068,car
6486,2021-08-03 14:30:25,6126414,car
6487,2021-08-04 18:43:25,9792878,car
6488,2021-08-18 02:50:30,3341046,truck
6489,2021-08-11 22:33:20,3683038,car
6490,2021-08-04 07:08:26,8975642,car
6491,2021-08-03 14:30:57,4613591,truck
6492,2021-08-06 06:49:44,5016879,van
6493,2021-08-08 18:15:47,9789287,truck
6494,2021-08-07 23:14:05,983226,car
6495,2021-08-06 05:31:54,2407875,car
6496,2021-08-22 14:57:12,9378703,truck
6497,2021-08-12 06:00:31,3909229,car
6498,2021-08-04 11:19:52,3687166,car
6499,2021-07-29 20:26:27,1425121,car
6500,2021-08-16 19:49:42,9857474,car
6501,2021-08-14 12:56:42,360909,truck
6502,2021-08-13 17:30:22,1595750,car
6503,2021-08-11 05:40:22,8956321,car
6504,2021-08-14 21:31:05,2711750,car
6505,2021-08-03 20:34:03,8208577,car
6506,2021-08-16 02:32:20,7169495,car
6507,2021-08-13 05:16:27,4754281,car
6508,2021-07-31 03:55:32,1468073,car
6509,2021-08-01 07:35:32,1523638,van
6510,2021-08-22 10:07:43,1528855,car
6511,2021-08-08 05:52:47,9322598,car
6512,2021-08-05 04:36:56,6739096,car
6513,2021-08-20 09:42:48,1732352,car
6514,2021-08-17 00:49:24,2591459,car
6515,2021-08-14 01:57:50,4361893,car
6516,2021-08-08 17:17:27,1543050,car
6517,2021-08-06 22:24:49,2135574,car
6518,2021-08-04 13:11:35,1898613,van
6519,2021-08-08 03:46:46,6543966,van
6520,2021-08-22 08:44:03,9966239,truck
6521,2021-08-15 06:54:04,7951199,truck
6522,2021-08-09 08:35:37,8058038,truck
6523,2021-07-30 02:32:16,2008469,car
6524,2021-08-10 17:38:16,6570614,truck
6525,2021-07-29 15:04:33,6470485,car
6526,2021-08-10 18:15:25,1278066,car
6527,2021-08-11 05:46:06,1108006,car
6528,2021-08-03 14:02:13,3298398,truck
6529,2021-08-22 09:48:01,8217502,car
6530,2021-08-20 19:56:05,8910811,car
6531,2021-08-01 21:43:29,3893900,car
6532,2021-08-01 01:11:34,1946295,car
6533,2021-08-01 02:10:00,5570653,van
6534,2021-08-16 18:10:54,8522385,car
6535,2021-07-29 23:39:42,7830038,car
6536,2021-08-08 13:34:10,7815048,car
6537,2021-08-12 02:37:08,5843916,car
6538,2021-08-10 16:44:21,4012948,van
6539,2021-08-02 22:43:12,367244,truck
6540,2021-08-19 14:33:57,6362765,car
6541,2021-08-16 08:09:34,9893489,car
6542,2021-08-15 18:03:20,1981161,van
6543,2021-08-19 05:05:01,7299518,car
6544,2021-08-09 19:34:34,8133131,van
6545,2021-08-07 03:59:01,5277939,car
6546,2021-08-14 13:34:32,4952253,truck
6547,2021-08-19 18:23:05,1184258,car
6548,2021-08-16 00:42:19,617969,car
6549,2021-08-16 23:20:18,2123627,van
6550,2021-08-16 09:23:11,1129931,car
6551,2021-08-21 02:57:49,9169455,car
6552,2021-07-29 18:53:40,7452123,car
6553,2021-08-03 00:16:44,5578585,truck
6554,2021-08-01 12:39:27,7175956,car
6555,2021-08-13 00:08:52,367667,truck
6556,2021-08-19 06:53:17,9914664,truck
6557,2021-08-16 17:08:30,9878421,van
6558,2021-08-11 15:36:39,5792978,truck
6559,2021-08-13 01:58:13,2685223,truck
6560,2021-08-01 07:04:36,668503,truck
6561,2021-08-03 05:45:38,7946319,truck
6562,2021-08-17 16:24:07,572476,car
6563,2021-08-11 21:57:19,8194454,truck
6564,2021-08-08 08:59:59,1392444,car
6565,2021-08-01 17:33:27,5020797,truck
6566,2021-08-13 16:45:17,313904,truck
6567,2021-08-06 16:00:26,8040965,car
6568,2021-08-11 22:50:53,1803952,car
6569,2021-08-19 13:53:43,1853614,van
6570,2021-08-21 01:13:47,4210083,car
6571,2021-08-03 07:52:26,9586781,van
6572,2021-08-02 08:48:05,8013527,truck
6573,2021-08-03 22:11:25,3358128,car
6574,2021-08-12 18:58:38,8033887,van
6575,2021-08-15 22:39:47,9800715,car
6576,2021-08-10 13:02:32,8787462,truck
6577,2021-08-09 01:59:18,3003188,car
6578,2021-07-31 01:34:18,3190303,car
6579,2021-08-20 10:05:11,9131620,truck
6580,2021-07-31 22:04:21,7365963,truck
6581,2021-07-29 13:22:07,9338540,car
6582,2021-08-01 06:18:51,4392682,truck
6583,2021-08-16 22:08:44,9357096,car
6584,2021-08-02 09:51:23,4775175,car
6585,2021-08-09 18:20:01,485029,car
6586,2021-08-18 23:30:24,1597629,truck
6587,2021-08-19 00:44:30,2040214,car
6588,2021-08-02 02:34:04,5901469,car
6589,2021-08-18 16:16:03,5025180,car
6590,2021-07-31 15:47:12,474452,truck
6591,2021-08-06 12:57:10,8370992,car
6592,2021-08-11 02:13:15,5519114,truck
6593,2021-08-21 19:47:26,7150667,car
6594,2021-08-08 13:44:53,7909411,car
6595,2021-08-05 08:02:04,4945875,car
6596,2021-08-19 19:25:29,2948148,car
6597,2021-08-04 15:20:27,2074636,car
6598,2021-08-22 14:56:36,3785083,car
6599,2021-08-08 09:49:50,7271234,car
6600,2021-08-04 10:12:49,8088215,van
6601,2021-08-20 01:52:01,4436532,car
6602,2021-08-02 14:40:59,9652796,van
6603,2021-08-10 15:22:18,2253490,van
6604,2021-08-17 23:44:36,5072481,truck
6605,2021-08-14 10:05:40,2238626,car
6606,2021-08-20 18:50:30,1687180,van
6607,2021-08-07 11:29:04,1790621,car
6608,2021-08-10 16:08:06,1906164,van
6609,2021-07-30 15:40:17,8945362,van
6610,2021-08-15 22:22:24,5744254,car
6611,2021-07-31 12:41:53,8064573,truck
6612,2021-08-13 06:46:47,8756016,car
6613,2021-07-29 22:59:46,7528434,car
6614,2021-08-15 13:01:31,7143640,car
6615,2021-08-20 01:00:32,9184553,car
6616,2021-08-07 06:25:05,4811102,car
6617,2021-08-02 06:41:50,9232978,car
6618,2021-08-19 18:49:37,8913787,car
6619,2021-08-13 07:40:50,7447233,car
6620,2021-08-08 07:44:34,4355637,truck
6621,2021-07-29 19:55:56,5594430,car
6622,2021-08-13 02:22:12,8501187,truck
6623,2021-08-14 16:37:42,998658,truck
6624,2021-08-12 21:11:32,4271488,car
6625,2021-08-05 14:22:06,6480661,van
6626,2021-08-08 14:53:43,1168435,car
6627,2021-08-14 13:01:30,4445543,car
6628,2021-08-02 15:57:39,9435214,car
6629,2021-08-01 23:15:17,2745374,truck
6630,2021-08-08 01:37:06,3827285,truck
6631,2021-08-22 08:01:57,8679891,car
6632,2021-08-03 00:06:47,2834528,car
6633,2021-08-15 20:51:06,5996271,van
6634,2021-08-20 23:16:40,9645673,car
6635,2021-08-09 05:31:00,490523,car
6636,2021-08-12 11:13:19,3752647,car
6637,2021-08-09 09:39:43,147985,car
6638,2021-08-08 21:59:55,736217,car
6639,2021-08-13 08:05:46,9890446,truck
6640,2021-08-10 09:40:31,4509224,car
6641,2021-08-10 10:28:19,4646853,car
6642,2021-08-19 04:51:24,4974881,car
6643,2021-08-09 19:33:19,388965,car
6644,2021-08-02 00:28:00,7014537,car
6645,2021-08-04 02:04:05,14785,truck
6646,2021-08-12 19:40:34,8283894,truck
6647,2021-07-31 00:40:28,5507098,car
6648,2021-08-02 13:04:06,1823242,car
6649,2021-08-01 10:07:34,2926550,truck
6650,2021-08-15 01:50:46,1356961,truck
6651,2021-08-09 02:21:00,5982296,car
6652,2021-08-14 12:27:49,1948011,car
6653,2021-08-08 14:05:12,9579032,car
6654,2021-08-01 09:00:47,6636801,car
6655,2021-08-20 10:09:04,5591121,car
6656,2021-08-02 04:01:43,4924788,car
6657,2021-08-02 16:01:35,8390314,van
6658,2021-08-19 03:05:07,9329771,car
6659,2021-08-12 19:52:24,7589746,car
6660,2021-08-07 11:15:49,1088514,car
6661,2021-08-09 07:27:15,7265695,car
6662,2021-08-21 22:09:26,6228888,truck
6663,2021-08-15 17:12:05,682247,van
6664,2021-08-08 05:04:17,5179514,van
6665,2021-08-01 03:21:35,8924597,car
6666,2021-08-10 08:52:44,6197965,car
6667,2021-08-01 03:44:44,103239,van
6668,2021-08-14 18:54:20,2546390,car
6669,2021-08-09 09:16:07,3868700,car
6670,2021-08-21 07:42:27,7010426,car
6671,2021-08-05 10:28:12,5361657,car
6672,2021-08-06 04:34:50,8235838,car
6673,2021-07-30 04:48:36,2723522,car
6674,2021-08-19 23:32:09,2482739,car
6675,2021-08-08 23:10:02,4807539,van
6676,2021-08-02 09:43:57,1346376,car
6677,2021-07-31 07:42:36,8271541,car
6678,2021-08-16 11:11:18,7291605,car
6679,2021-08-10 16:03:03,504247,truck
6680,2021-07-29 16:21:55,3931209,car
6681,2021-08-01 12:54:01,2640920,truck
6682,2021-08-07 03:50:59,5127807,truck
6683,2021-08-01 21:48:57,3290670,truck
6684,2021-07-31 01:56:27,7474768,car
6685,2021-08-11 15:47:55,1155463,car
6686,2021-08-12 23:21:19,1941667,van
6687,2021-08-04 02:56:38,7699919,truck
6688,2021-08-11 08:55:20,30663,van
6689,2021-08-05 19:10:58,3508179,car
6690,2021-08-03 21:10:51,2996533,truck
6691,2021-08-19 01:10:41,710266,car
6692,2021-08-05 19:47:41,3625487,car
6693,2021-08-09 01:46:33,3804289,van
6694,2021-08-15 01:29:46,3633222,truck
6695,2021-08-20 08:34:58,7234994,car
6696,2021-08-19 21:07:32,8537102,truck
6697,2021-08-10 19:41:15,5636293,car
6698,2021-08-06 21:21:13,6318531,car
6699,2021-08-12 19:44:56,1813661,truck
6700,2021-08-22 08:14:44,8311174,car
6701,2021-08-10 05:33:26,9695983,car
6702,2021-08-20 07:10:12,3661251,car
6703,2021-08-03 13:58:29,8284384,van
6704,2021-08-22 06:01:51,1527216,car
6705,2021-08-06 00:11:27,63803,truck
6706,2021-08-04 14:54:13,1699956,car
6707,2021-08-14 10:04:10,1326692,car
6708,2021-08-21 23:10:31,7114063,car
6709,2021-08-03 20:06:22,9648481,truck
6710,2021-08-11 22:35:04,3060365,car
6711,2021-08-04 05:00:09,4573127,car
6712,2021-08-18 20:39:25,5306644,car
6713,2021-08-11 04:59:08,1148277,car
6714,2021-07-30 23:03:59,640775,van
6715,2021-07-30 06:31:56,168191,car
6716,2021-08-10 00:09:27,8841223,car
6717,2021-08-19 10:30:41,12232,car
6718,2021-08-07 11:31:06,4836654,car
6719,2021-08-21 00:03:05,3435608,car
6720,2021-08-20 17:53:14,8122285,car
6721,2021-08-03 10:53:08,5252826,car
6722,2021-08-11 07:50:34,8852409,car
6723,2021-08-20 04:48:16,4177009,truck
6724,2021-08-12 17:01:57,4742987,car
6725,2021-08-07 04:10:26,2697545,truck
6726,2021-07-30 05:16:11,4864525,van
6727,2021-08-06 00:45:18,781473,car
6728,2021-08-10 17:36:52,3659825,car
6729,2021-08-06 22:59:08,9177267,van
6730,2021-08-17 08:44:32,4304060,car
6731,2021-08-12 15:11:28,7507437,car
6732,2021-08-13 15:57:28,824080,car
6733,2021-08-01 12:15:35,4402574,truck
6734,2021-08-21 07:03:50,4777388,car
6735,2021-08-13 17:01:06,7034558,car
6736,2021-08-17 17:48:17,7468158,van
6737,2021-08-19 20:15:40,5037030,truck
6738,2021-08-09 13:10:35,3553647,truck
6739,2021-07-31 17:49:22,2969300,truck
6740,2021-08-18 19:17:56,8848240,car
6741,2021-08-05 20:29:39,9299841,car
6742,2021-08-08 02:48:07,3083270,van
6743,2021-08-15 00:36:20,312168,car
6744,2021-08-13 10:54:59,5262503,car
6745,2021-08-07 10:09:18,9592823,car
6746,2021-08-01 14:35:08,9226397,car
6747,2021-08-16 19:36:06,9342836,car
6748,2021-08-10 00:32:28,7945787,car
6749,2021-08-01 04:47:09,2117317,truck
6750,2021-08-14 07:51:48,4366092,car
6751,2021-07-30 06:20:04,2458366,truck
6752,2021-07-30 13:57:19,748254,car
6753,2021-08-19 20:59:26,9604965,truck
6754,2021-08-04 01:31:14,6749342,van
6755,2021-08-17 02:37:13,4354076,truck
6756,2021-08-05 07:15:39,2685363,car
6757,2021-08-16 23:20:15,3665885,truck
6758,2021-08-02 03:41:41,411656,car
6759,2021-08-06 11:58:08,7141939,truck
6760,2021-08-06 15:37:10,2436279,truck
6761,2021-08-02 14:20:19,2603545,truck
6762,2021-08-06 14:41:17,4191313,car
6763,2021-08-20 16:13:05,1930006,truck
6764,2021-08-11 22:45:29,1903722,truck
6765,2021-08-12 02:58:41,1672932,car
6766,2021-08-17 00:36:28,8159470,car
6767,2021-08-03 18:39:41,3414314,car
6768,2021-08-09 22:39:56,9791955,car
6769,2021-08-15 01:55:47,4810234,car
6770,2021-08-15 05:42:48,8160937,car
6771,2021-08-16 18:50:37,5796760,car
6772,2021-08-06 11:38:25,8317427,car
6773,2021-08-13 04:17:14,1645359,car
6774,2021-08-13 09:48:21,8985790,car
6775,2021-08-02 12:10:37,3167933,car
6776,2021-08-18 03:45:41,9362304,car
6777,2021-08-04 18:37:01,2888854,car
6778,2021-08-18 04:36:40,5588176,car
6779,2021-08-19 15:57:50,4641181,car
6780,2021-08-02 22:59:42,3734630,car
6781,2021-08-16 16:20:31,9417795,truck
6782,2021-08-04 11:03:55,582786,van
6783,2021-08-03 09:18:38,606997,truck
6784,2021-08-02 12:58:14,4216405,truck
6785,2021-08-04 18:23:29,9117427,car
6786,2021-08-12 07:52:28,3488938,car
6787,2021-08-21 18:09:33,1118353,car
6788,2021-08-07 16:09:38,6622258,truck
6789,2021-08-19 03:10:23,7666487,car
6790,2021-08-08 17:44:06,6733383,van
6791,2021-08-15 00:33:05,2455797,car
6792,2021-08-20 05:35:01,79083,car
6793,2021-07-31 13:42:29,1690102,truck
6794,2021-07-31 07:00:51,2091012,car
6795,2021-08-11 23:36:37,9018407,car
6796,2021-08-05 05:27:32,2481299,truck
6797,2021-08-10 06:52:17,5000871,truck
6798,2021-08-02 02:58:33,9924365,car
6799,2021-08-18 19:56:18,7747691,truck
6800,2021-08-13 09:58:34,6848367,car
6801,2021-08-04 03:00:03,8540973,car
6802,2021-08-04 08:51:06,3986034,car
6803,2021-08-12 22:59:36,8414000,car
6804,2021-08-04 12:29:31,2549259,car
6805,2021-08-13 22:36:36,2059759,van
6806,2021-08-01 19:47:53,3561667,car
6807,2021-08-06 20:31:16,6082300,truck
6808,2021-08-04 13:01:20,9034370,car
6809,2021-08-03 05:42:47,2336325,car
6810,2021-08-08 18:29:57,9240631,van
6811,2021-08-11 20:23:08,3108168,truck
6812,2021-08-10 16:10:36,9162939,truck
6813,2021-08-07 12:54:13,8526644,truck
6814,2021-08-14 02:16:08,5308046,car
6815,2021-08-03 04:46:00,1280026,car
6816,2021-08-06 07:56:57,3033558,car
6817,2021-08-10 00:17:47,9944408,van
6818,2021-08-02 01:50:09,6927231,car
6819,2021-08-05 12:58:41,9799267,car
6820,2021-08-02 07:44:19,697544,car
6821,2021-07-30 02:51:24,1711193,truck
6822,2021-08-11 21:07:39,1263218,truck
6823,2021-08-02 21:26:37,8089759,car
6824,2021-08-13 18:13:30,272840,car
6825,2021-08-01 20:08:06,9732634,van
6826,2021-08-19 13:32:37,2134615,car
6827,2021-08-18 03:35:16,8538797,car
6828,2021-08-11 19:48:12,7425018,truck
6829,2021-08-02 03:24:30,7048516,car
6830,2021-08-22 03:42:56,7762491,truck
6831,2021-08-05 08:07:43,2134784,car
6832,2021-08-15 18:25:58,2919527,car
6833,2021-08-19 14:20:32,9371216,car
6834,2021-08-10 21:48:38,8392318,van
6835,2021-08-05 17:02:00,40825,van
6836,2021-08-01 16:03:24,9464209,car
6837,2021-08-13 21:04:11,9751026,van
6838,2021-08-16 20:58:09,6545838,van
6839,2021-08-15 05:43:07,549385,car
6840,2021-07-31 01:22:03,5335181,car
6841,2021-08-02 10:17:41,4446524,car
6842,2021-08-08 09:53:04,9266793,truck
6843,2021-08-22 13:23:19,1686340,truck
6844,2021-08-04 04:41:10,43974,car
6845,2021-08-03 20:33:10,5816446,car
6846,2021-08-11 09:46:45,1773380,truck
6847,2021-08-18 01:06:18,4697284,car
6848,2021-08-18 16:11:39,1237320,car
6849,2021-07-29 16:16:32,2368172,car
6850,2021-08-03 16:01:00,5020996,truck
6851,2021-08-14 13:05:09,9665259,car
6852,2021-08-05 10:10:25,1507104,truck
6853,2021-07-31 17:14:59,4700492,van
6854,2021-08-16 15:01:29,7964441,car
6855,2021-08-05 09:22:03,1589749,car
6856,2021-08-09 11:57:00,3228226,car
6857,2021-08-15 07:22:33,3970804,van
6858,2021-08-20 09:20:53,804025,truck
6859,2021-08-05 19:25:56,9128744,car
6860,2021-08-17 02:51:09,4573515,van
6861,2021-08-08 20:10:22,1135068,car
6862,2021-08-13 14:48:26,8120061,car
6863,2021-08-18 07:19:20,2996135,truck
6864,2021-08-17 03:24:05,9668892,car
6865,2021-08-07 05:28:12,3909382,car
6866,2021-07-31 09:28:22,2992957,van
6867,2021-08-20 17:32:11,7805499,car
6868,2021-08-13 01:31:21,1370339,truck
6869,2021-08-08 06:23:26,9404211,truck
6870,2021-08-21 18:23:28,9608239,car
6871,2021-08-03 20:20:19,9631725,car
6872,2021-08-18 05:56:06,7883950,car
6873,2021-08-04 09:49:48,1874391,car
6874,2021-08-06 03:33:17,4930113,truck
6875,2021-08-15 08:52:49,6337095,car
6876,2021-08-09 07:52:38,9984804,truck
6877,2021-08-07 18:41:19,9195174,truck
6878,2021-08-19 15:15:13,9847385,truck
6879,2021-08-04 13:56:54,341386,car
6880,2021-08-03 23:16:36,3474953,truck
6881,2021-08-08 23:29:31,3202586,car
6882,2021-08-17 13:00:51,5556570,car
6883,2021-08-15 03:10:47,571529,car
6884,2021-08-19 10:03:45,7660033,car
6885,2021-08-15 12:11:42,5670123,car
6886,2021-07-30 21:01:12,7300493,car
6887,2021-08-12 20:16:30,7698042,car
6888,2021-08-01 22:45:14,4633261,truck
6889,2021-08-22 06:53:09,9443170,car
6890,2021-08-18 02:46:29,5587584,car
6891,2021-08-19 00:09:42,9614371,car
6892,2021-08-19 11:22:48,7606756,truck
6893,2021-08-14 06:57:30,2177353,car
6894,2021-08-08 02:06:23,1646137,car
6895,2021-08-01 07:57:33,2004404,truck
6896,2021-08-12 13:23:55,3876148,car
6897,2021-08-03 18:51:32,7787410,car
6898,2021-08-18 09:47:03,9671274,car
6899,2021-08-11 17:22:57,9952289,car
6900,2021-08-09 08:21:50,700763,car
6901,2021-08-14 22:17:09,1389849,car
6902,2021-08-19 22:32:11,6354950,car
6903,2021-08-05 08:50:50,2366739,truck
6904,2021-08-12 02:03:07,3678243,truck
6905,2021-08-07 21:58:40,3888948,truck
6906,2021-08-05 12:44:58,3922240,van
6907,2021-08-11 10:53:59,2227560,truck
6908,2021-08-14 03:42:18,2075230,car
6909,2021-08-06 17:59:55,6372683,car
6910,2021-08-19 23:32:01,7768371,car
6911,2021-08-08 05:08:35,2945721,car
6912,2021-08-20 07:00:23,1027747,truck
6913,2021-08-18 10:04:39,270667,car
6914,2021-08-12 09:08:33,2319453,truck
6915,2021-07-30 15:42:11,4972942,car
6916,2021-08-12 23:48:19,9160000,car
6917,2021-08-11 19:05:41,2877036,car
6918,2021-08-06 15:39:18,7098269,truck
6919,2021-08-01 21:18:07,176324,van
6920,2021-07-31 23:11:33,7540628,car
6921,2021-08-15 06:16:49,608204,car
6922,2021-08-09 07:54:02,3020203,van
6923,2021-08-04 09:18:32,6256915,car
6924,2021-08-15 10:07:39,8189785,car
6925,2021-08-11 19:35:42,3008646,car
6926,2021-08-02 22:38:50,9971713,car
6927,2021-08-03 23:51:47,7075618,car
6928,2021-08-20 21:15:06,4254466,truck
6929,2021-08-07 00:44:56,6355154,truck
6930,2021-08-20 14:39:28,4354724,car
6931,2021-08-21 04:05:43,3801504,car
6932,2021-08-17 03:20:12,3926467,car
6933,2021-07-30 14:52:16,7733200,car
6934,2021-08-14 11:31:03,279892,car
6935,2021-08-14 12:32:47,2584377,truck
6936,2021-08-09 00:27:32,8668529,truck
6937,2021-08-08 03:55:40,7514841,car
6938,2021-08-06 18:27:10,7655492,car
6939,2021-08-20 06:44:35,6960526,car
6940,2021-07-31 23:36:58,1598025,car
6941,2021-08-15 20:01:02,5736842,truck
6942,2021-08-14 19:56:02,8264075,car
6943,2021-08-20 00:29:04,4497416,car
6944,2021-08-12 03:35:08,3564102,car
6945,2021-08-03 22:44:45,4829077,car
6946,2021-08-03 22:00:29,3843870,car
6947,2021-08-02 17:27:37,2995415,car
6948,2021-08-22 07:24:13,3041518,van
6949,2021-08-13 15:29:58,517733,car
6950,2021-08-22 18:21:09,5409280,car
6951,2021-08-12 03:01:44,4328528,car
6952,2021-08-17 00:56:25,9173555,truck
6953,2021-08-08 16:53:47,9698488,car
6954,2021-08-03 07:35:21,5148295,van
6955,2021-08-11 10:45:51,2899557,truck
6956,2021-08-14 01:18:10,5743419,car
6957,2021-07-30 20:28:35,292240,car
6958,2021-08-13 19:20:50,6583771,car
6959,2021-07-31 22:28:45,8690944,van
6960,2021-08-20 11:38:33,4502646,car
6961,2021-07-30 23:17:47,5413374,van
6962,2021-08-13 15:54:52,6798467,car
6963,2021-07-30 15:18:34,5195832,car
6964,2021-08-06 06:18:22,4327979,car
6965,2021-08-19 09:52:16,7779569,car
6966,2021-08-19 12:23:57,2322660,car
6967,2021-08-01 06:25:25,3618907,car
6968,2021-08-17 00:05:37,4488225,car
6969,2021-08-09 12:59:21,3345109,car
6970,2021-08-11 11:26:38,3602190,truck
6971,2021-08-16 10:50:09,7386578,car
6972,2021-08-22 09:06:17,5984294,car
6973,2021-08-08 04:14:44,4048166,truck
6974,2021-08-03 23:30:31,8168940,van
6975,2021-08-02 01:04:29,6014573,truck
6976,2021-08-17 19:57:12,296190,car
6977,2021-08-05 20:40:09,3735856,car
6978,2021-08-06 13:14:45,9772546,truck
6979,2021-08-22 04:02:43,2997310,car
6980,2021-08-11 14:58:37,5532290,truck
6981,2021-08-11 23:29:26,1667596,truck
6982,2021-08-19 13:03:07,9414861,car
6983,2021-08-14 10:03:44,6770153,car
6984,2021-08-04 03:08:32,9811274,car
6985,2021-08-17 23:42:20,2468403,car
6986,2021-08-11 04:47:10,8517173,car
6987,2021-08-20 23:24:07,988745,car
6988,2021-08-07 13:10:46,4201408,car
6989,2021-08-21 17:34:51,9094621,truck
6990,2021-08-08 21:29:19,5163311,car
6991,2021-08-14 19:12:49,6268431,truck
6992,2021-08-06 20:40:29,418387,car
6993,2021-08-07 22:42:23,19075,car
6994,2021-08-18 14:08:37,2857048,car
6995,2021-08-10 22:12:33,2757237,truck
6996,2021-08-18 18:46:12,5876148,truck
6997,2021-08-13 14:29:37,9969540,car
6998,2021-08-16 03:30:55,5387359,car
6999,2021-08-12 12:26:55,249440,truck
7000,2021-07-30 03:16:21,1796752,van
7001,2021-08-07 13:38:38,8189017,car
7002,2021-07-29 21:53:33,3724928,truck
7003,2021-08-16 22:44:17,214800,truck
7004,2021-08-16 04:01:43,5720789,car
7005,2021-08-21 19:36:16,2233954,car
7006,2021-08-19 09:45:02,6324239,van
7007,2021-08-22 10:43:35,1565746,car
7008,2021-08-14 07:53:18,8187556,car
7009,2021-08-16 10:06:52,5968079,truck
7010,2021-08-17 13:24:19,3141662,truck
7011,2021-08-09 19:51:50,1933849,car
7012,2021-08-15 06:07:21,4469228,truck
7013,2021-08-16 10:11:45,6864126,car
7014,2021-08-07 04:15:00,2809871,car
7015,2021-08-19 14:01:51,2362338,car
7016,2021-08-04 03:56:13,4271460,car
7017,2021-08-14 11:15:34,4012897,van
7018,2021-08-06 19:41:31,4858124,truck
7019,2021-08-06 15:08:59,9746324,car
7020,2021-08-13 07:44:35,3514219,car
7021,2021-08-12 12:25:11,4715073,car
7022,2021-08-19 20:47:47,6076372,truck
7023,2021-08-15 15:40:45,7487765,truck
7024,2021-08-15 15:39:40,8783798,truck
7025,2021-08-07 11:12:13,5795504,truck
7026,2021-08-10 11:12:55,644964,truck
7027,2021-08-14 05:33:20,9000301,car
7028,2021-08-14 06:33:52,2121915,car
7029,2021-08-01 13:13:41,825510,car
7030,2021-08-08 10:18:27,8757177,car
7031,2021-07-30 22:38:44,1419437,car
7032,2021-08-01 18:51:50,8222107,truck
7033,2021-08-18 10:53:06,6016741,car
7034,2021-08-17 16:38:18,3893041,car
7035,2021-08-06 18:17:49,112187,car
7036,2021-08-10 01:12:08,1793000,truck
7037,2021-08-21 10:44:24,5782884,van
7038,2021-08-11 17:42:16,3283337,car
7039,2021-07-31 02:14:12,1421988,car
7040,2021-07-30 15:23:14,7633094,car
7041,2021-08-02 17:35:53,9617704,car
7042,2021-08-06 23:21:21,5486761,car
7043,2021-08-03 03:11:56,6772147,car
7044,2021-08-11 05:45:14,275720,car
7045,2021-08-02 01:28:40,4836752,car
7046,2021-08-21 17:34:03,6825087,car
7047,2021-08-13 12:29:02,1910520,car
7048,2021-08-10 03:44:07,1048256,van
7049,2021-08-14 06:50:40,3530327,car
7050,2021-08-03 20:26:54,5462580,car
7051,2021-08-14 20:09:40,5792807,car
7052,2021-08-05 07:27:13,1805951,van
7053,2021-08-09 22:53:02,3919031,car
7054,2021-08-17 01:02:24,8312259,car
7055,2021-08-15 07:47:39,2462490,car
7056,2021-08-02 07:09:14,9222869,car
7057,2021-08-13 08:53:58,7018716,truck
7058,2021-08-14 14:16:48,2800520,car
7059,2021-07-31 14:02:16,6939539,truck
7060,2021-08-20 11:34:26,8251117,truck
7061,2021-08-22 12:52:38,1881572,car
7062,2021-08-18 15:31:36,6545275,car
7063,2021-08-13 11:01:34,1077750,car
7064,2021-08-20 00:53:41,3946940,truck
7065,2021-08-11 14:10:59,1753896,car
7066,2021-07-30 21:50:41,5552569,car
7067,2021-08-20 04:05:14,5977726,truck
7068,2021-08-09 03:02:17,2440441,car
7069,2021-08-11 06:19:34,6973520,van
7070,2021-08-18 00:53:32,258281,car
7071,2021-08-10 06:45:04,6954019,truck
7072,2021-08-09 05:51:32,2503602,car
7073,2021-08-13 21:49:37,9102175,truck
7074,2021-07-30 10:33:11,1725485,car
7075,2021-08-04 17:49:43,8693285,truck
7076,2021-08-10 03:55:40,7733439,car
7077,2021-08-02 12:07:37,5186288,car
7078,2021-08-10 01:37:35,3379522,car
7079,2021-08-21 23:07:00,2675303,car
7080,2021-08-16 11:12:42,6713135,van
7081,2021-08-04 17:04:47,3395505,car
7082,2021-08-05 23:08:44,4250255,car
7083,2021-08-03 20:28:08,4413087,car
7084,2021-08-13 19:57:32,3396981,truck
7085,2021-08-21 17:37:03,4884423,car
7086,2021-08-18 19:40:33,2751525,car
7087,2021-08-04 21:59:29,7896256,car
7088,2021-08-20 18:32:17,7831665,van
7089,2021-08-09 10:07:20,8166010,van
7090,2021-08-15 21:31:55,6302952,car
7091,2021-08-05 19:56:49,4448353,truck
7092,2021-08-02 18:28:43,7670268,car
7093,2021-08-01 08:02:46,9952318,car
7094,2021-08-02 18:40:48,8068184,car
7095,2021-08-21 08:58:43,3711578,car
7096,2021-08-21 16:41:10,8532382,van
7097,2021-08-03 19:07:55,7850103,car
7098,2021-08-20 17:50:19,9603069,car
7099,2021-08-04 06:54:42,5328477,car
7100,2021-08-06 10:49:09,2222719,van
7101,2021-07-31 12:39:12,4862441,truck
7102,2021-08-01 07:24:53,9939262,car
7103,2021-08-17 20:27:11,3089942,van
7104,2021-08-10 18:34:07,7352530,truck
7105,2021-08-05 07:23:20,6377584,car
7106,2021-08-13 05:35:12,9430063,car
7107,2021-08-04 08:36:49,4211153,truck
7108,2021-08-15 07:26:10,3586734,truck
7109,2021-08-18 00:33:26,2590479,car
7110,2021-08-10 08:18:11,3988548,truck
7111,2021-08-18 14:15:34,3873822,truck
7112,2021-08-01 02:56:29,1875089,truck
7113,2021-08-21 10:01:51,8977750,truck
7114,2021-08-19 06:38:57,1791874,car
7115,2021-08-14 21:03:15,5702937,van
7116,2021-08-22 14:33:31,7809591,car
7117,2021-07-30 21:56:54,1654517,truck
7118,2021-07-31 04:30:43,3040078,car
7119,2021-08-08 21:09:47,6188580,truck
7120,2021-08-21 16:45:32,6150462,car
7121,2021-07-31 21:33:08,392890,car
7122,2021-08-19 01:59:05,7025235,car
7123,2021-08-10 13:50:58,3711651,car
7124,2021-08-04 11:48:15,7414779,car
7125,2021-08-09 19:41:13,2791701,car
7126,2021-08-18 05:45:07,9597627,car
7127,2021-07-30 07:24:10,1401377,van
7128,2021-08-04 14:55:05,2694569,car
7129,2021-08-09 15:44:39,8347059,car
7130,2021-08-11 22:52:09,4504551,car
7131,2021-08-12 21:43:42,3840540,car
7132,2021-08-22 14:13:08,5361998,car
7133,2021-08-18 19:54:00,4444048,truck
7134,2021-08-17 02:04:07,7209303,car
7135,2021-08-02 06:46:58,1658335,car
7136,2021-08-20 06:48:26,7165031,car
7137,2021-07-31 07:59:46,6338734,car
7138,2021-08-22 10:07:01,9198537,car
7139,2021-08-19 03:36:43,4611003,truck
7140,2021-08-01 01:56:33,7129803,car
7141,2021-07-30 21:05:07,7058276,car
7142,2021-08-05 22:21:57,4667299,car
7143,2021-07-31 15:32:18,8484812,car
7144,2021-08-07 15:47:01,4046868,truck
7145,2021-08-11 03:25:02,308888,truck
7146,2021-08-06 14:08:41,6586760,car
7147,2021-08-05 02:48:25,3217556,car
7148,2021-08-12 10:01:54,71285,truck
7149,2021-08-15 02:37:49,5881866,car
7150,2021-08-06 02:42:44,8868593,car
7151,2021-08-04 12:58:02,1528265,car
7152,2021-08-08 16:11:58,11356,car
7153,2021-08-13 07:01:07,7932970,van
7154,2021-08-17 21:12:37,6320552,car
7155,2021-08-12 23:28:57,3195984,car
7156,2021-08-03 04:31:58,6923493,van
7157,2021-08-14 23:49:22,8526274,truck
7158,2021-08-05 18:58:07,6450365,car
7159,2021-08-13 14:41:44,1636428,car
7160,2021-08-03 12:27:34,531867,car
7161,2021-08-21 23:31:08,1578923,car
7162,2021-08-01 20:25:54,8628401,car
7163,2021-08-21 01:33:32,5705022,truck
7164,2021-08-01 06:51:46,985058,car
7165,2021-08-10 10:17:33,6494607,truck
7166,2021-08-06 00:52:51,3964123,van
7167,2021-08-10 15:15:12,1888458,car
7168,2021-07-30 10:05:28,7270059,car
7169,2021-08-10 07:59:41,1637846,car
7170,2021-08-10 11:35:57,4584198,truck
7171,2021-08-21 06:31:55,3823140,truck
7172,2021-08-06 14:40:31,7242254,car
7173,2021-08-03 13:57:16,9256734,truck
7174,2021-08-13 04:49:10,8461026,car
7175,2021-08-01 20:08:54,6537746,car
7176,2021-08-08 21:11:48,5355624,car
7177,2021-08-12 00:18:38,7980827,car
7178,2021-08-01 06:32:58,4464623,car
7179,2021-08-10 00:49:58,9478786,car
7180,2021-08-03 07:18:25,8680167,car
7181,2021-08-05 11:48:29,2873420,truck
7182,2021-08-11 13:30:54,9848907,truck
7183,2021-08-02 14:25:13,8047166,car
7184,2021-08-13 22:26:35,8186674,van
7185,2021-08-18 08:31:40,7605217,car
7186,2021-08-05 01:23:09,1676162,truck
7187,2021-08-02 16:48:32,2877850,truck
7188,2021-08-12 04:29:45,3192928,truck
7189,2021-08-04 02:14:24,5785744,van
7190,2021-08-07 20:49:00,762087,car
7191,2021-08-06 22:54:41,2468628,car
7192,2021-08-17 03:53:44,2974896,truck
7193,2021-08-09 13:36:18,2967780,car
7194,2021-08-10 23:14:04,8843623,car
7195,2021-08-16 19:51:41,4193558,car
7196,2021-08-18 11:55:50,2804429,truck
7197,2021-07-30 12:18:57,8918752,car
7198,2021-08-05 17:23:02,9233363,truck
7199,2021-08-06 01:49:34,4112741,car
7200,2021-08-20 02:22:48,7305240,car
7201,2021-07-30 06:01:05,2635763,truck
7202,2021-07-30 20:47:55,7173773,car
7203,2021-08-10 19:15:26,1642270,van
7204,2021-08-09 20:08:04,4719904,car
7205,2021-08-13 08:33:25,5667407,van
7206,2021-08-13 02:20:30,4164453,van
7207,2021-08-17 02:32:32,2957515,truck
7208,2021-08-03 12:57:05,4514043,car
7209,2021-08-19 18:12:11,4267928,car
7210,2021-08-21 09:31:01,4209390,car
7211,2021-08-21 02:07:52,8461378,car
7212,2021-08-04 13:40:27,8876413,truck
7213,2021-08-21 23:02:15,7941867,van
7214,2021-08-21 05:58:20,2860601,truck
7215,2021-08-19 02:36:11,4288911,truck
7216,2021-08-14 00:25:29,3210350,car
7217,2021-08-05 10:15:50,8439531,car
7218,2021-08-15 20:22:41,7478395,car
7219,2021-07-29 19:31:02,1118614,car
7220,2021-08-12 04:06:16,8135421,car
7221,2021-08-22 05:22:13,8506504,truck
7222,2021-08-06 18:03:25,3207282,car
7223,2021-08-15 19:49:38,9022626,van
7224,2021-08-12 13:46:09,6640181,car
7225,2021-08-21 15:07:23,1006590,car
7226,2021-07-31 07:42:50,8624455,car
7227,2021-08-18 03:29:15,4709169,car
7228,2021-08-05 20:56:32,3569129,truck
7229,2021-08-20 18:36:39,6120475,car
7230,2021-08-02 22:35:24,1203326,car
7231,2021-07-31 13:57:22,7737097,car
7232,2021-08-03 14:12:59,7612759,car
7233,2021-08-03 01:13:15,801688,truck
7234,2021-08-15 06:52:38,756036,car
7235,2021-08-16 07:30:10,4106817,truck
7236,2021-08-18 21:12:24,6855831,truck
7237,2021-08-18 22:13:27,7031721,car
7238,2021-08-04 17:58:03,9897906,car
7239,2021-08-05 16:21:40,6910488,car
7240,2021-08-02 20:43:26,2802080,truck
7241,2021-08-14 08:44:06,1640898,car
7242,2021-07-30 06:34:19,3632230,car
7243,2021-08-22 05:40:45,3022626,truck
7244,2021-08-04 00:51:46,6430933,car
7245,2021-08-18 00:22:30,2881960,truck
7246,2021-08-11 23:43:58,5271455,car
7247,2021-08-07 04:19:37,9006045,truck
7248,2021-08-11 13:15:50,7292815,van
7249,2021-07-31 05:28:06,432573,truck
7250,2021-08-12 08:44:33,5862574,car
7251,2021-08-01 11:14:51,4651816,car
7252,2021-08-02 11:45:52,5970721,car
7253,2021-08-19 07:52:12,7654651,car
7254,2021-08-19 17:30:31,4391553,car
7255,2021-08-12 01:08:33,6291654,car
7256,2021-08-12 22:44:26,3750860,truck
7257,2021-08-17 17:13:32,9368516,car
7258,2021-08-22 05:23:29,7778402,van
7259,2021-08-20 06:44:02,8114125,car
7260,2021-08-14 02:18:36,3693464,car
7261,2021-08-12 23:03:56,7766565,car
7262,2021-08-09 11:28:59,1755074,car
7263,2021-08-05 22:50:41,6379943,truck
7264,2021-08-19 00:16:20,6505063,car
7265,2021-08-10 05:22:19,6432473,car
7266,2021-08-07 09:31:17,7454217,car
7267,2021-08-18 12:32:13,3063172,truck
7268,2021-08-10 05:40:26,1140416,car
7269,2021-07-31 05:47:02,7818922,car
7270,2021-08-14 19:02:48,5392274,van
7271,2021-08-19 04:08:14,4317437,car
7272,2021-08-01 18:13:22,1803159,car
7273,2021-08-08 00:29:14,1168242,car
7274,2021-08-06 10:41:00,9488428,truck
7275,2021-07-30 02:22:13,3792126,van
7276,2021-08-09 04:43:24,1240188,car
7277,2021-08-10 16:21:45,3419055,car
7278,2021-07-29 17:31:04,5272421,car
7279,2021-08-20 12:29:26,3977087,car
7280,2021-07-31 16:55:20,6217656,car
7281,2021-07-31 11:30:43,9330978,car
7282,2021-08-20 14:26:40,4837613,car
7283,2021-08-05 02:19:41,7169227,van
7284,2021-08-22 17:17:07,1308958,car
7285,2021-08-01 04:44:18,1148440,car
7286,2021-08-08 16:47:22,5726075,truck
7287,2021-08-20 11:03:58,434592,truck
7288,2021-08-03 01:42:16,4182140,car
7289,2021-08-02 16:22:54,72354,car
7290,2021-08-21 05:02:25,7722699,van
7291,2021-08-10 02:30:54,4420042,car
7292,2021-08-02 00:50:51,7614968,car
7293,2021-08-17 08:07:30,2132847,van
7294,2021-08-05 22:19:09,96759,car
7295,2021-08-14 13:36:34,8783437,car
7296,2021-08-08 05:03:06,3340918,van
7297,2021-08-22 02:50:25,4021012,van
7298,2021-07-30 22:25:24,7013369,car
7299,2021-08-11 10:54:59,6659539,car
7300,2021-08-14 04:06:14,4489783,car
7301,2021-08-19 08:53:30,3101830,truck
7302,2021-08-10 00:14:15,5680076,car
7303,2021-08-18 16:15:31,801049,van
7304,2021-08-06 14:29:25,3803995,truck
7305,2021-08-12 14:20:36,295668,van
7306,2021-08-08 02:06:05,8907100,car
7307,2021-08-04 15:37:45,7503478,van
7308,2021-08-19 04:07:46,809143,car
7309,2021-08-18 08:50:45,4138839,truck
7310,2021-08-03 22:37:10,8935573,truck
7311,2021-08-06 07:28:32,1270504,car
7312,2021-08-02 00:41:52,8795744,truck
7313,2021-08-15 00:46:24,1469001,car
7314,2021-08-18 05:19:32,4543689,truck
7315,2021-08-19 09:34:30,6842928,truck
7316,2021-08-02 19:08:12,3467996,car
7317,2021-08-17 07:31:41,8346012,car
7318,2021-08-12 15:00:21,5895590,car
7319,2021-07-31 23:40:41,6786826,car
7320,2021-08-13 10:53:00,1370599,car
7321,2021-08-05 13:51:10,659156,car
7322,2021-07-30 01:48:23,9598940,car
7323,2021-07-31 23:04:04,1255033,car
7324,2021-08-02 13:26:21,3116152,car
7325,2021-08-13 14:27:20,7242535,car
7326,2021-08-09 10:09:09,97464,van
7327,2021-08-09 03:28:53,7096686,car
7328,2021-08-19 05:29:25,315177,truck
7329,2021-08-22 09:51:38,6233193,car
7330,2021-08-08 13:09:47,9488110,car
7331,2021-08-11 13:05:49,3694035,car
7332,2021-08-20 22:00:15,9626701,car
7333,2021-07-30 17:43:35,8248112,car
7334,2021-08-21 09:15:14,7616556,car
7335,2021-08-16 02:10:08,9887429,truck
7336,2021-08-12 19:01:08,8110344,truck
7337,2021-08-15 16:06:54,8981206,truck
7338,2021-08-08 18:55:48,9345058,van
7339,2021-08-20 02:49:37,888294,truck
7340,2021-08-18 18:51:36,3964472,car
7341,2021-08-07 23:18:57,7304651,van
7342,2021-08-06 21:39:24,8238680,car
7343,2021-08-15 12:00:44,104055,truck
7344,2021-08-17 03:45:09,6467751,truck
7345,2021-08-08 03:36:53,8553165,truck
7346,2021-08-21 00:14:30,991062,car
7347,2021-08-22 00:58:39,8976338,car
7348,2021-08-12 00:24:17,4072251,car
7349,2021-08-08 20:03:52,5024897,van
7350,2021-08-08 08:46:37,4100895,car
7351,2021-08-01 07:39:20,7246216,car
7352,2021-08-07 07:47:17,7257949,car
7353,2021-08-07 05:14:35,6803312,car
7354,2021-08-01 09:56:03,1915730,car
7355,2021-08-08 00:20:15,8456005,car
7356,2021-07-30 12:25:29,7049379,truck
7357,2021-07-30 15:58:31,5730650,car
7358,2021-08-19 18:53:27,7157967,truck
7359,2021-08-01 18:01:51,294126,car
7360,2021-08-14 14:14:36,1355998,car
7361,2021-08-10 04:14:08,800537,car
7362,2021-08-15 17:27:01,812123,truck
7363,2021-07-29 18:44:32,5490524,car
7364,2021-08-01 22:39:55,2504838,car
7365,2021-08-07 13:34:30,8569220,car
7366,2021-08-11 13:45:44,6871833,car
7367,2021-08-13 10:51:40,5108693,car
7368,2021-08-05 17:40:36,259067,truck
7369,2021-08-03 02:02:26,825649,car
7370,2021-08-02 22:14:11,3625450,car
7371,2021-07-29 20:40:37,674265,van
7372,2021-08-17 08:12:59,8926159,truck
7373,2021-08-01 06:46:07,4544397,car
7374,2021-07-31 10:59:15,9220840,truck
7375,2021-08-21 22:56:45,8345287,van
7376,2021-07-30 10:37:25,8769009,car
7377,2021-08-22 15:14:23,1446613,truck
7378,2021-08-21 15:28:26,3358014,car
7379,2021-07-31 03:22:33,8462299,car
7380,2021-08-05 07:14:37,6770868,car
7381,2021-08-21 00:16:26,589967,car
7382,2021-08-04 11:17:21,6618332,car
7383,2021-08-07 15:56:17,5064867,car
7384,2021-08-05 18:51:20,7989151,car
7385,2021-08-04 08:27:05,5434221,car
7386,2021-08-05 07:17:46,6102059,van
7387,2021-08-19 12:57:29,4616928,car
7388,2021-08-20 12:39:32,4039181,car
7389,2021-08-07 20:44:22,8033144,car
7390,2021-08-08 05:09:01,952579,truck
7391,2021-08-18 07:03:32,4430740,van
7392,2021-08-18 19:12:53,7735955,car
7393,2021-08-03 14:01:34,9061262,car
7394,2021-08-08 06:51:44,7629123,car
7395,2021-08-13 19:50:11,2764399,van
7396,2021-08-11 16:54:49,4756011,car
7397,2021-08-01 03:31:50,45623,car
7398,2021-08-06 19:41:14,2374376,van
7399,2021-08-04 14:11:29,6949823,car
7400,2021-08-13 01:03:27,8323458,van
7401,2021-08-07 12:02:58,8255952,car
7402,2021-08-17 03:00:13,5769834,car
7403,2021-08-08 10:41:35,2198483,truck
7404,2021-08-14 10:37:26,2452517,car
7405,2021-08-01 03:37:09,7880390,car
7406,2021-08-18 16:26:39,7109333,truck
7407,2021-08-13 15:41:29,512580,van
7408,2021-08-19 12:44:20,8552656,truck
7409,2021-08-20 12:35:24,1289420,truck
7410,2021-08-10 13:39:59,6168234,truck
7411,2021-07-29 13:17:44,7197444,car
7412,2021-08-18 23:37:12,2041034,van
7413,2021-08-01 16:01:29,5166136,truck
7414,2021-08-15 04:12:44,4541542,truck
7415,2021-08-03 03:19:18,5902170,car
7416,2021-08-13 16:44:17,2220745,car
7417,2021-08-20 21:32:41,4219311,truck
7418,2021-08-01 16:29:44,490955,truck
7419,2021-08-13 11:54:18,8818164,truck
7420,2021-08-18 05:56:26,379233,van
7421,2021-08-08 10:00:50,2992343,car
7422,2021-08-17 11:46:00,9841923,truck
7423,2021-08-18 07:11:42,964657,truck
7424,2021-08-03 06:15:42,4029113,car
7425,2021-08-11 03:29:05,4783665,car
7426,2021-08-03 01:55:10,8346607,car
7427,2021-08-07 01:16:02,1848717,car
7428,2021-08-10 23:56:21,8905734,car
7429,2021-08-14 17:47:32,4648211,car
7430,2021-08-09 00:07:40,3455217,car
7431,2021-08-06 18:23:24,6780969,car
7432,2021-08-10 17:02:02,4311346,car
7433,2021-08-16 11:17:18,6633247,car
7434,2021-08-19 22:26:44,674703,car
7435,2021-08-09 02:13:28,1494760,car
7436,2021-08-10 17:17:49,6390843,car
7437,2021-08-01 05:14:28,3305657,car
7438,2021-08-21 20:01:17,3613530,car
7439,2021-08-11 00:51:16,9529224,van
7440,2021-08-10 20:01:01,7234460,car
7441,2021-08-15 04:28:09,9929633,car
7442,2021-08-13 23:46:44,9001607,van
7443,2021-08-20 13:00:13,6477654,car
7444,2021-08-20 13:28:25,9667759,car
7445,2021-08-19 19:47:29,1032802,car
7446,2021-08-20 20:13:09,9391216,van
7447,2021-08-07 20:41:28,3227757,truck
7448,2021-08-11 18:52:04,966997,car
7449,2021-08-18 12:44:15,6068700,car
7450,2021-08-16 23:19:51,7234287,truck
7451,2021-08-02 09:43:12,9014426,car
7452,2021-08-02 19:45:45,9703019,truck
7453,2021-08-09 03:55:50,8348284,car
7454,2021-08-08 18:08:29,6982317,car
7455,2021-08-01 19:23:36,2646415,car
7456,2021-08-16 02:02:08,8780611,car
7457,2021-08-01 08:40:06,8587375,van
7458,2021-08-10 16:43:45,7246447,car
7459,2021-08-14 15:57:10,8451281,car
7460,2021-08-04 23:44:24,9036090,car
7461,2021-08-14 00:48:10,9093330,truck
7462,2021-07-30 08:37:56,862362,truck
7463,2021-08-22 17:49:22,9702665,car
7464,2021-08-06 09:56:49,410145,truck
7465,2021-08-10 01:49:29,5645452,car
7466,2021-08-21 10:30:33,1612198,car
7467,2021-08-14 12:24:05,5901280,car
7468,2021-08-05 13:52:50,6796054,truck
7469,2021-07-31 09:32:41,1992959,car
7470,2021-08-09 18:29:36,7209387,truck
7471,2021-08-13 19:03:52,5296234,truck
7472,2021-07-30 11:24:26,7335844,car
7473,2021-08-22 16:22:08,6792681,car
7474,2021-08-12 06:23:36,9104372,truck
7475,2021-08-03 13:07:59,5618047,truck
7476,2021-08-14 20:46:37,4152765,car
7477,2021-08-14 07:54:38,4053477,car
7478,2021-07-29 19:43:49,5389815,truck
7479,2021-08-11 13:29:39,4349516,truck
7480,2021-08-11 09:04:13,4800837,car
7481,2021-08-16 05:51:42,5881803,car
7482,2021-08-02 22:45:20,9860862,truck
7483,2021-07-30 22:08:42,1692651,car
7484,2021-08-08 10:37:34,5621410,truck
7485,2021-08-04 13:55:14,4870051,van
7486,2021-08-10 01:33:47,9498827,truck
7487,2021-07-31 12:47:26,6760071,truck
7488,2021-08-10 19:57:49,5141987,van
7489,2021-08-12 00:53:50,7947604,car
7490,2021-08-11 07:32:11,1413444,car
7491,2021-08-05 16:43:57,5716021,car
7492,2021-08-11 08:47:39,5841590,car
7493,2021-08-20 18:11:07,9024498,car
7494,2021-08-13 13:00:07,6133315,car
7495,2021-08-15 15:37:07,6515917,car
7496,2021-08-04 05:13:07,6347155,car
7497,2021-08-09 07:45:41,4969561,car
7498,2021-08-20 01:59:03,58199,car
7499,2021-08-14 18:26:09,6346468,van
7500,2021-08-07 05:54:10,2324397,truck
7501,2021-08-02 09:50:29,816490,truck
7502,2021-08-21 09:54:25,3772652,truck
7503,2021-08-14 19:48:49,5888244,car
7504,2021-08-16 20:44:54,3406255,truck
7505,2021-07-30 06:12:01,7082052,car
7506,2021-08-11 23:33:47,3879644,car
7507,2021-08-15 04:42:06,8429940,truck
7508,2021-08-09 16:34:33,2967575,truck
7509,2021-08-07 16:14:31,9870647,car
7510,2021-08-08 04:34:00,9265512,car
7511,2021-08-07 01:11:01,1596969,car
7512,2021-08-15 17:27:22,93487,car
7513,2021-08-06 08:57:20,9792648,car
7514,2021-08-11 00:14:07,2201161,car
7515,2021-08-20 23:38:54,568730,car
7516,2021-08-15 22:16:08,9183023,truck
7517,2021-08-14 22:20:41,7833192,car
7518,2021-08-12 03:16:26,8807069,car
7519,2021-07-30 21:40:54,6371442,car
7520,2021-08-20 19:57:29,3128917,car
7521,2021-08-20 13:07:36,3668632,van
7522,2021-08-03 16:27:56,208234,van
7523,2021-08-03 09:58:40,9173387,car
7524,2021-08-09 02:00:47,5640081,car
7525,2021-08-01 04:30:40,2764435,truck
7526,2021-07-31 09:10:59,6452737,truck
7527,2021-08-16 23:18:51,5757073,van
7528,2021-08-04 07:59:43,1178900,truck
7529,2021-08-21 09:43:19,899324,truck
7530,2021-08-17 16:13:54,9574603,truck
7531,2021-08-07 01:44:03,2081108,van
7532,2021-08-06 14:55:45,4740662,car
7533,2021-08-21 09:03:36,3618781,car
7534,2021-08-07 12:40:24,6185491,car
7535,2021-08-03 23:11:13,4338100,car
7536,2021-08-03 11:04:59,8424797,car
7537,2021-08-05 03:51:14,165359,car
7538,2021-08-21 00:24:30,9058629,car
7539,2021-08-18 14:04:45,9958604,car
7540,2021-08-18 11:00:13,3479197,car
7541,2021-08-14 23:39:05,2778975,car
7542,2021-08-13 04:50:34,2047308,van
7543,2021-08-04 00:29:30,4815094,car
7544,2021-08-14 02:36:15,4194215,car
7545,2021-08-01 20:48:55,5449441,truck
7546,2021-08-09 14:31:42,1433563,truck
7547,2021-08-05 23:03:44,4724577,car
7548,2021-08-21 02:59:56,1135297,car
7549,2021-08-02 19:14:54,4118323,car
7550,2021-08-02 23:56:41,1759098,car
7551,2021-08-10 20:55:24,4394805,truck
7552,2021-08-01 05:21:00,3335462,car
7553,2021-08-19 12:10:37,8466858,car
7554,2021-08-01 12:25:34,2709049,car
7555,2021-08-21 04:00:10,6374057,van
7556,2021-08-17 00:45:49,3417476,truck
7557,2021-08-03 03:09:04,3470409,car
7558,2021-08-16 08:22:22,2940095,car
7559,2021-08-15 01:39:04,8969452,van
7560,2021-08-08 18:19:46,4816177,van
7561,2021-07-30 12:52:19,2113519,car
7562,2021-08-04 13:12:12,9932709,car
7563,2021-08-13 06:10:03,3317671,car
7564,2021-08-04 15:02:34,74724,van
7565,2021-08-03 18:51:05,7688729,car
7566,2021-08-14 16:43:04,3773933,car
7567,2021-08-12 04:59:45,9622885,car
7568,2021-08-05 02:35:11,9441642,car
7569,2021-07-31 18:42:48,4976965,van
7570,2021-08-03 21:35:42,2414647,car
7571,2021-08-08 09:19:33,9302092,car
7572,2021-07-31 06:52:52,3641613,van
7573,2021-08-10 09:43:31,6201049,van
7574,2021-07-31 20:47:48,1335290,van
7575,2021-07-30 05:01:39,4451873,car
7576,2021-08-15 23:41:33,9009426,truck
7577,2021-08-12 21:40:26,3287081,truck
7578,2021-08-04 05:46:38,2944991,van
7579,2021-08-14 09:48:58,413297,truck
7580,2021-08-16 20:26:01,5347923,van
7581,2021-08-04 15:36:12,5798273,car
7582,2021-08-06 18:13:12,6630874,truck
7583,2021-08-17 14:44:54,3159247,van
7584,2021-08-18 04:16:55,2089708,car
7585,2021-08-21 02:23:42,2959754,truck
7586,2021-08-16 04:27:49,2236368,truck
7587,2021-07-30 22:54:47,5857808,truck
7588,2021-08-13 21:56:06,9971291,car
7589,2021-08-19 12:06:03,288889,van
7590,2021-08-05 16:50:09,3970118,truck
7591,2021-08-15 18:28:50,5924323,car
7592,2021-08-07 00:20:57,2286964,car
7593,2021-08-19 22:25:18,2560687,car
7594,2021-07-30 22:42:04,8489484,truck
7595,2021-08-05 11:28:59,5693581,truck
7596,2021-08-11 07:57:44,2558396,car
7597,2021-07-29 19:34:47,5713776,truck
7598,2021-08-09 21:47:12,8079496,car
7599,2021-08-06 04:30:35,5156402,car
7600,2021-08-07 16:49:49,8426006,truck
7601,2021-08-11 23:12:55,8115928,car
7602,2021-08-13 06:27:47,4388771,car
7603,2021-08-11 23:19:50,4825245,truck
7604,2021-08-09 06:11:23,4274407,car
7605,2021-08-22 10:50:58,3034204,van
7606,2021-08-21 07:08:46,5993276,car
7607,2021-08-11 00:02:48,6802820,truck
7608,2021-08-16 22:01:43,3240699,car
7609,2021-08-03 22:33:25,1589877,car
7610,2021-08-15 02:38:40,3273059,van
7611,2021-08-09 19:59:35,9573243,car
7612,2021-08-20 11:40:54,4608773,car
7613,2021-08-14 17:51:09,9689611,car
7614,2021-08-01 09:38:28,1657894,car
7615,2021-08-21 20:17:22,5148112,truck
7616,2021-08-17 05:53:39,4719776,car
7617,2021-08-15 21:24:58,222550,van
7618,2021-08-16 04:37:51,1398298,car
7619,2021-08-14 22:21:17,4414791,car
7620,2021-08-01 06:07:11,3970197,van
7621,2021-08-06 09:19:53,651627,car
7622,2021-07-30 14:16:26,1506338,truck
7623,2021-07-29 22:40:02,3919803,van
7624,2021-08-02 23:58:13,272280,car
7625,2021-08-18 12:02:16,7774983,car
7626,2021-08-06 05:53:20,4474490,truck
7627,2021-08-16 14:53:11,7657397,car
7628,2021-08-08 04:14:07,7266983,van
7629,2021-08-22 17:34:13,3660800,car
7630,2021-08-10 05:43:34,2513964,car
7631,2021-08-01 14:01:44,8707477,car
7632,2021-08-17 16:46:38,326999,car
7633,2021-08-12 23:44:31,3531096,car
7634,2021-08-02 16:41:41,5425914,car
7635,2021-08-03 10:37:10,9457018,car
7636,2021-08-09 01:56:56,5275678,truck
7637,2021-08-15 23:35:37,1505533,truck
7638,2021-08-14 03:46:23,1587977,van
7639,2021-08-02 14:10:30,1805802,car
7640,2021-07-31 07:33:35,5747626,van
7641,2021-08-06 11:26:38,4801660,car
7642,2021-08-12 09:36:59,8014921,truck
7643,2021-08-21 01:18:40,7228081,car
7644,2021-08-19 22:15:13,5872678,car
7645,2021-08-22 02:12:21,3243364,car
7646,2021-07-30 02:31:53,453696,car
7647,2021-08-12 21:35:29,1595146,car
7648,2021-07-29 18:44:01,6399483,car
7649,2021-08-13 12:28:08,2533308,car
7650,2021-07-31 07:32:46,5901857,van
7651,2021-08-16 15:45:07,799844,car
7652,2021-08-11 01:55:38,6075034,truck
7653,2021-08-20 10:16:59,1959769,car
7654,2021-07-29 17:58:13,9307517,van
7655,2021-08-17 15:30:18,6034027,car
7656,2021-08-06 14:29:41,9183111,car
7657,2021-08-12 15:02:07,4130918,car
7658,2021-08-18 18:07:06,6965737,car
7659,2021-08-03 18:18:57,7477951,car
7660,2021-08-13 17:19:02,6075575,car
7661,2021-08-10 04:50:29,2435174,car
7662,2021-08-18 05:30:20,395407,car
7663,2021-08-15 11:25:15,898913,car
7664,2021-08-04 12:05:39,371432,car
7665,2021-08-16 14:42:18,7398235,car
7666,2021-08-10 18:36:54,2966024,car
7667,2021-08-08 01:18:20,6898449,car
7668,2021-08-12 12:07:18,1092379,car
7669,2021-08-14 15:57:35,6906934,truck
7670,2021-08-14 22:26:11,1957260,car
7671,2021-08-22 14:09:43,1291329,car
7672,2021-08-20 23:23:56,3235714,van
7673,2021-08-08 15:10:29,3737460,truck
7674,2021-08-21 21:42:11,3012583,car
7675,2021-08-16 02:07:10,5673854,car
7676,2021-08-13 23:23:08,3668420,car
7677,2021-08-08 01:31:19,2989266,car
7678,2021-08-11 19:42:14,4656676,car
7679,2021-07-31 23:37:14,6899405,truck
7680,2021-08-03 07:14:46,1054248,truck
7681,2021-08-10 08:08:01,9824896,car
7682,2021-08-07 08:03:13,5019344,truck
7683,2021-08-14 17:34:23,3480218,van
7684,2021-08-09 12:37:49,8122358,car
7685,2021-08-09 23:32:05,1876106,truck
7686,2021-08-09 05:01:19,6905876,car
7687,2021-08-02 04:53:27,9137619,truck
7688,2021-08-15 02:20:17,2291085,car
7689,2021-08-22 00:59:12,5314961,car
7690,2021-08-16 14:19:38,1937069,car
7691,2021-08-17 08:03:41,367838,car
7692,2021-08-17 15:01:19,9906248,van
7693,2021-08-01 18:44:44,1037071,truck
7694,2021-08-15 10:07:45,2415525,car
7695,2021-08-21 07:45:05,2292281,car
7696,2021-08-18 00:15:19,155831,truck
7697,2021-08-12 20:42:49,1363903,car
7698,2021-08-14 10:27:11,9452493,van
7699,2021-08-05 01:29:52,5494192,car
7700,2021-08-16 05:32:51,1142804,car
7701,2021-08-19 11:45:18,8202025,van
7702,2021-08-11 06:45:00,6941002,car
7703,2021-08-08 16:01:23,6122794,car
7704,2021-08-10 22:06:55,8833966,car
7705,2021-08-19 16:38:42,1425830,truck
7706,2021-08-13 12:12:08,6423319,truck
7707,2021-08-01 02:33:20,7331025,car
7708,2021-08-11 04:05:26,1126576,truck
7709,2021-08-12 05:07:19,4932187,truck
7710,2021-08-06 07:45:17,2737632,truck
7711,2021-08-04 12:03:21,9128975,car
7712,2021-08-01 13:30:19,3809237,car
7713,2021-08-13 09:17:09,8558751,car
7714,2021-08-09 20:21:51,3305738,car
7715,2021-08-19 15:47:49,3902021,truck
7716,2021-08-21 17:16:58,1783201,van
7717,2021-08-05 17:25:34,1923804,van
7718,2021-08-12 17:12:26,3429569,car
7719,2021-08-19 12:50:45,7847002,van
7720,2021-08-11 19:30:28,1115981,van
7721,2021-07-31 03:21:15,1446586,car
7722,2021-08-07 05:02:32,3924916,car
7723,2021-08-22 17:19:15,1289777,van
7724,2021-07-30 23:15:34,7503567,van
7725,2021-08-12 20:33:11,9497120,truck
7726,2021-08-12 19:59:40,9064936,car
7727,2021-08-09 20:01:11,2424277,truck
7728,2021-08-03 03:15:59,5638516,truck
7729,2021-08-06 20:40:44,4041316,car
7730,2021-08-05 01:27:52,2560021,car
7731,2021-08-12 07:06:22,7741898,car
7732,2021-08-14 05:20:01,1011203,car
7733,2021-08-11 04:23:46,6353123,car
7734,2021-08-09 04:34:35,7864611,car
7735,2021-07-30 14:30:38,1964748,car
7736,2021-08-17 06:58:31,31334,truck
7737,2021-08-10 01:17:55,281570,truck
7738,2021-08-07 19:04:56,1880686,car
7739,2021-08-12 13:53:10,4145419,truck
7740,2021-08-06 09:32:21,2832453,car
7741,2021-08-22 04:34:35,6252020,car
7742,2021-08-21 04:52:55,2141521,car
7743,2021-08-09 02:53:42,1992282,van
7744,2021-08-07 09:29:02,8005909,car
7745,2021-08-06 03:58:17,9582423,car
7746,2021-08-09 13:59:04,2659310,car
7747,2021-08-17 03:13:11,1211762,car
7748,2021-08-02 01:02:51,3888175,truck
7749,2021-08-13 04:56:19,7922192,truck
7750,2021-08-11 15:48:15,1970163,car
7751,2021-08-05 11:53:40,5971486,car
7752,2021-08-08 23:45:07,5386277,truck
7753,2021-07-29 22:14:40,7313715,car
7754,2021-08-20 21:25:26,9503798,truck
7755,2021-08-05 01:30:57,5634772,car
7756,2021-08-03 20:04:48,5751770,car
7757,2021-08-07 14:37:40,2664763,truck
7758,2021-08-07 02:13:01,3557151,car
7759,2021-08-15 16:28:10,1609590,car
7760,2021-07-30 10:06:19,1980965,truck
7761,2021-07-30 18:15:39,3876776,truck
7762,2021-08-08 05:36:32,3640101,car
7763,2021-08-14 14:10:54,361670,car
7764,2021-08-11 23:47:24,9788209,truck
7765,2021-08-17 20:58:46,6890380,car
7766,2021-08-02 05:55:48,6998838,car
7767,2021-08-16 04:10:15,3327941,car
7768,2021-08-19 18:44:57,5885862,truck
7769,2021-08-11 08:09:12,2493008,car
7770,2021-07-30 16:15:44,3523447,van
7771,2021-07-29 13:01:17,6304380,car
7772,2021-08-16 03:30:48,210388,car
7773,2021-08-11 23:38:53,591160,car
7774,2021-08-02 04:46:19,3267965,van
7775,2021-07-30 15:51:33,7896726,car
7776,2021-08-02 12:30:17,3082018,truck
7777,2021-08-08 04:31:54,634742,truck
7778,2021-08-10 20:47:11,4669729,car
7779,2021-07-29 13:18:20,8353645,truck
7780,2021-08-05 04:56:07,5914845,car
7781,2021-07-30 23:48:42,6752034,car
7782,2021-08-05 05:46:51,5920747,car
7783,2021-08-14 01:09:21,3244696,car
7784,2021-08-16 20:08:15,6409585,car
7785,2021-08-15 02:09:10,8395702,car
7786,2021-08-05 00:55:37,3521209,car
7787,2021-08-07 10:07:06,6091596,car
7788,2021-08-02 12:57:57,1606861,truck
7789,2021-07-30 00:35:05,4230824,truck
7790,2021-07-31 14:46:55,5724714,truck
7791,2021-08-16 07:00:38,5332568,truck
7792,2021-08-20 14:21:25,6012009,van
7793,2021-08-11 04:16:48,1358656,truck
7794,2021-08-14 15:51:51,2003600,car
7795,2021-08-04 17:29:13,2266624,truck
7796,2021-07-31 17:44:10,2843626,car
7797,2021-08-14 23:11:03,585517,truck
7798,2021-08-08 10:28:58,9580088,car
7799,2021-08-03 22:04:19,7924239,car
7800,2021-08-14 00:17:08,6017546,truck
7801,2021-08-16 13:57:58,9439085,truck
7802,2021-08-12 07:48:15,2310333,car
7803,2021-08-07 15:33:53,8954375,truck
7804,2021-08-01 02:57:39,1087005,car
7805,2021-08-05 02:16:42,606152,truck
7806,2021-08-07 20:18:25,410859,van
7807,2021-08-01 07:09:25,6323656,van
7808,2021-08-02 03:43:54,927225,car
7809,2021-08-04 12:41:20,4132281,car
7810,2021-08-18 17:41:30,46521,car
7811,2021-08-02 23:34:46,5109250,car
7812,2021-08-21 11:46:35,8359183,car
7813,2021-08-12 02:54:10,8421623,truck
7814,2021-07-30 21:15:59,8276423,truck
7815,2021-08-13 20:58:58,9201415,truck
7816,2021-08-19 18:52:07,2033457,truck
7817,2021-08-01 07:36:36,6584702,van
7818,2021-08-22 05:05:21,6528806,truck
7819,2021-08-02 10:06:31,1448667,car
7820,2021-08-05 12:53:12,8603979,car
7821,2021-07-30 09:57:11,8620089,car
7822,2021-08-15 05:29:57,2411859,truck
7823,2021-08-06 12:37:34,93963,truck
7824,2021-08-18 22:32:50,1729123,car
7825,2021-08-17 15:40:28,2256659,car
7826,2021-08-02 00:42:19,7417174,car
7827,2021-08-16 12:53:59,2381445,truck
7828,2021-07-31 23:49:36,1370095,car
7829,2021-08-16 09:42:30,352003,truck
7830,2021-07-30 10:02:55,4768818,car
7831,2021-07-30 18:19:18,8763918,van
7832,2021-08-22 04:47:34,6510825,truck
7833,2021-08-19 22:55:39,314813,car
7834,2021-08-01 08:56:38,7263962,car
7835,2021-08-16 12:08:40,5946738,car
7836,2021-08-15 19:53:23,6996603,car
7837,2021-08-22 17:28:06,4266637,car
7838,2021-08-20 21:41:29,6715637,car
7839,2021-08-20 07:24:53,3600501,van
7840,2021-08-15 01:53:21,8485342,van
7841,2021-08-19 08:27:33,5072928,car
7842,2021-08-12 10:00:43,5089115,car
7843,2021-08-20 13:03:50,3748738,car
7844,2021-08-08 16:17:39,3810415,car
7845,2021-08-03 04:18:16,4956756,van
7846,2021-08-15 01:13:05,2294923,car
7847,2021-08-04 12:40:29,8176759,truck
7848,2021-07-29 11:46:20,9142101,car
7849,2021-08-10 18:33:36,8245292,car
7850,2021-08-08 05:23:38,8654951,car
7851,2021-08-21 09:13:02,4288128,truck
7852,2021-08-13 00:28:05,8169247,van
7853,2021-08-12 01:02:11,4848640,truck
7854,2021-08-20 03:54:29,7404478,car
7855,2021-08-17 15:49:06,5020008,truck
7856,2021-07-31 10:38:39,217788,car
7857,2021-08-04 19:00:22,6683356,truck
7858,2021-08-13 14:34:21,5114429,car
7859,2021-07-31 09:42:50,5705268,car
7860,2021-08-06 02:05:34,3278641,truck
7861,2021-08-03 01:50:49,8170612,truck
7862,2021-08-15 15:07:32,3809650,car
7863,2021-08-01 01:26:15,8750433,car
7864,2021-08-04 15:12:24,6324802,van
7865,2021-08-18 12:21:31,4372120,car
7866,2021-08-11 14:34:11,1098853,truck
7867,2021-08-07 16:21:15,4560509,truck
7868,2021-08-05 15:22:13,2215730,car
7869,2021-08-06 17:16:17,2749770,car
7870,2021-08-10 10:19:55,3545826,car
7871,2021-08-14 07:45:17,2497910,truck
7872,2021-08-14 17:47:37,6141852,car
7873,2021-08-16 10:27:56,7450959,car
7874,2021-08-02 22:42:43,6186942,car
7875,2021-08-09 03:48:47,5107897,van
7876,2021-08-14 14:15:36,3227609,car
7877,2021-08-17 12:02:53,171674,car
7878,2021-08-12 01:03:35,901299,car
7879,2021-07-30 20:29:08,2250293,truck
7880,2021-08-05 10:26:20,3398884,car
7881,2021-08-15 22:03:44,1975451,car
7882,2021-08-05 19:36:43,808933,truck
7883,2021-08-11 14:31:56,8467359,car
7884,2021-08-10 02:18:42,1070452,van
7885,2021-08-19 07:22:16,626375,truck
7886,2021-08-04 03:22:46,5787154,car
7887,2021-08-10 15:45:09,9361101,van
7888,2021-08-06 22:08:28,5036976,truck
7889,2021-08-14 15:58:50,505175,car
7890,2021-08-18 05:39:22,1402410,car
7891,2021-08-20 08:15:01,349489,car
7892,2021-08-12 07:37:32,1279891,van
7893,2021-08-10 22:07:53,6418470,van
7894,2021-08-19 10:10:26,2441775,truck
7895,2021-08-10 00:08:34,7504773,car
7896,2021-08-21 21:48:32,3638570,truck
7897,2021-07-29 20:19:38,1182569,truck
7898,2021-08-03 13:03:58,3129706,car
7899,2021-08-12 21:44:02,4513305,van
7900,2021-08-01 10:47:41,9266205,car
7901,2021-08-07 05:47:28,4875404,car
7902,2021-08-20 20:10:34,1977397,car
7903,2021-08-18 12:46:14,9398106,car
7904,2021-08-10 07:40:57,4585608,truck
7905,2021-07-29 19:34:50,9526444,car
7906,2021-08-14 08:46:05,3768034,van
7907,2021-08-07 09:10:54,8976458,car
7908,2021-08-14 13:38:10,7187468,van
7909,2021-08-17 18:14:26,2542786,truck
7910,2021-08-18 21:12:08,4556794,car
7911,2021-08-14 12:22:44,5238283,car
7912,2021-08-21 20:06:00,855883,van
7913,2021-07-30 08:28:38,3820686,car
7914,2021-08-08 13:13:35,3693553,truck
7915,2021-08-21 08:10:01,4890311,car
7916,2021-08-17 05:55:28,8765356,van
7917,2021-08-06 20:20:26,5388161,car
7918,2021-08-09 19:58:02,3891802,car
7919,2021-08-05 11:56:28,5365149,car
7920,2021-08-06 05:29:18,7348680,truck
7921,2021-08-15 11:52:41,3377692,car
7922,2021-08-19 01:49:12,4965262,car
7923,2021-07-30 19:03:10,2476064,truck
7924,2021-08-15 17:03:34,4628297,car
7925,2021-08-13 06:06:05,931785,car
7926,2021-08-07 10:47:08,413779,car
7927,2021-08-12 11:55:11,8457633,van
7928,2021-08-20 16:50:12,9679050,truck
7929,2021-08-02 03:20:31,6146959,car
7930,2021-08-16 22:14:58,9228681,car
7931,2021-08-08 10:05:28,3267230,car
7932,2021-08-02 07:00:11,7651983,car
7933,2021-08-07 16:14:42,130151,car
7934,2021-08-15 00:59:55,7452820,car
7935,2021-08-16 09:42:02,5576025,car
7936,2021-08-04 13:41:53,5860265,car
7937,2021-08-09 14:06:32,309448,truck
7938,2021-08-18 22:52:56,9292153,car
7939,2021-08-12 13:58:44,3199063,car
7940,2021-08-11 15:46:48,7937445,truck
7941,2021-08-22 12:53:39,5988353,truck
7942,2021-08-18 23:12:49,6005205,van
7943,2021-08-05 05:51:04,1410520,car
7944,2021-08-15 15:09:52,9019602,truck
7945,2021-08-11 11:34:54,5462098,truck
7946,2021-08-18 23:19:19,8867592,truck
7947,2021-08-03 23:19:30,3214640,car
7948,2021-08-11 07:14:15,308723,car
7949,2021-07-31 21:00:03,5186193,car
7950,2021-08-20 18:07:20,4795616,car
7951,2021-08-22 10:23:34,7032551,van
7952,2021-08-07 01:20:53,770925,van
7953,2021-08-12 02:25:30,2639964,car
7954,2021-07-30 21:35:06,5754138,car
7955,2021-08-16 00:26:51,7334710,van
7956,2021-08-21 12:09:43,5143005,truck
7957,2021-08-15 22:12:33,8364390,car
7958,2021-08-07 19:49:09,4986272,car
7959,2021-08-21 10:05:51,9768554,car
7960,2021-08-13 14:18:19,6712631,car
7961,2021-08-09 08:24:43,5773630,van
7962,2021-08-21 17:19:09,3410656,truck
7963,2021-08-09 11:29:04,1166785,car
7964,2021-08-12 13:00:47,8283876,truck
7965,2021-08-11 14:45:05,738334,car
7966,2021-08-18 20:19:12,9060519,truck
7967,2021-08-21 11:52:40,2713838,car
7968,2021-08-11 17:37:19,2629555,car
7969,2021-08-09 14:58:43,385544,truck
7970,2021-07-29 21:44:14,1652111,car
7971,2021-08-06 04:02:29,9240149,car
7972,2021-08-18 17:51:48,7984027,truck
7973,2021-08-20 15:47:19,7477542,car
7974,2021-08-21 05:09:49,1972381,car
7975,2021-08-14 16:50:26,1427799,car
7976,2021-08-18 22:55:39,2134270,car
7977,2021-08-10 00:08:48,5539719,car
7978,2021-08-18 16:11:11,9982542,car
7979,2021-08-06 08:15:12,5769531,car
7980,2021-08-08 15:38:45,8931718,car
7981,2021-08-05 09:30:32,6780922,truck
7982,2021-08-20 01:35:36,4171823,car
7983,2021-08-18 05:05:04,2667387,car
7984,2021-08-01 15:47:54,9293032,van
7985,2021-08-21 09:00:18,793322,car
7986,2021-07-31 14:11:33,3436962,car
7987,2021-08-10 06:23:15,8172584,car
7988,2021-08-21 11:57:23,6682316,van
7989,2021-08-20 23:04:04,178571,truck
7990,2021-08-12 05:19:12,22028,car
7991,2021-08-08 04:05:58,4829742,car
7992,2021-08-12 20:01:33,7736261,car
7993,2021-08-02 09:44:10,7101276,car
7994,2021-08-16 00:36:32,3900743,car
7995,2021-07-31 18:27:17,8018641,car
7996,2021-08-22 18:27:24,1215508,car
7997,2021-08-10 22:06:35,9185033,car
7998,2021-08-03 18:36:42,7972769,truck
7999,2021-08-19 12:24:40,9731744,car
8000,2021-07-31 14:47:38,3697392,car
8001,2021-08-08 16:48:37,1137230,car
8002,2021-08-21 22:22:25,9076209,car
8003,2021-08-05 17:56:27,9471109,car
8004,2021-08-14 20:37:56,9743203,car
8005,2021-08-05 03:46:52,5782771,car
8006,2021-07-31 07:44:54,2370728,van
8007,2021-08-04 16:13:08,4614512,truck
8008,2021-08-11 20:39:17,9706786,car
8009,2021-08-20 06:15:20,4068744,truck
8010,2021-08-05 05:46:35,6788918,van
8011,2021-08-19 07:39:17,1344672,car
8012,2021-08-03 03:53:55,2820905,truck
8013,2021-08-19 09:34:22,4821926,car
8014,2021-08-07 22:55:14,2372591,car
8015,2021-08-15 13:45:24,8347465,car
8016,2021-08-02 13:54:37,6341055,car
8017,2021-08-08 06:44:41,8591057,van
8018,2021-08-12 17:24:39,5748245,van
8019,2021-08-03 09:51:15,2426854,truck
8020,2021-07-30 02:29:14,9176758,car
8021,2021-07-31 23:06:37,9560794,truck
8022,2021-08-03 22:08:18,4306812,car
8023,2021-08-16 05:09:39,6695198,car
8024,2021-08-05 18:31:47,9056945,car
8025,2021-08-18 01:21:41,8975102,car
8026,2021-08-12 18:58:08,2671345,car
8027,2021-07-31 08:38:06,4428358,car
8028,2021-08-07 22:02:30,2136178,car
8029,2021-08-08 02:56:00,9192559,car
8030,2021-08-18 19:31:43,9139839,truck
8031,2021-08-08 18:34:04,794399,car
8032,2021-08-12 10:19:51,3762149,car
8033,2021-08-18 10:00:41,4098307,van
8034,2021-08-20 08:19:52,9500697,truck
8035,2021-08-12 18:29:08,675311,car
8036,2021-08-12 05:15:23,2269689,car
8037,2021-08-13 18:47:58,4485663,car
8038,2021-08-11 21:17:58,3237735,truck
8039,2021-08-16 02:49:16,7579809,car
8040,2021-08-16 01:25:17,5438002,car
8041,2021-07-29 17:42:01,6881411,van
8042,2021-08-12 06:40:48,4273486,car
8043,2021-08-03 04:28:25,2758792,van
8044,2021-08-20 12:05:46,7396373,truck
8045,2021-08-04 00:13:18,9067382,car
8046,2021-08-13 09:27:51,8490800,car
8047,2021-08-22 13:23:48,5725183,car
8048,2021-08-10 15:48:54,2692752,car
8049,2021-08-14 05:21:22,9588732,truck
8050,2021-08-07 19:00:20,425412,truck
8051,2021-08-01 07:07:51,8843367,car
8052,2021-08-03 12:51:04,8667329,car
8053,2021-08-15 13:04:39,9075489,car
8054,2021-08-17 17:15:09,6789029,car
8055,2021-08-19 05:52:49,7313312,car
8056,2021-08-10 18:31:44,3274379,van
8057,2021-07-29 18:08:40,8236627,truck
8058,2021-08-03 01:56:15,8223818,truck
8059,2021-08-03 05:10:00,7618402,car
8060,2021-08-01 05:25:08,6069599,truck
8061,2021-08-04 10:59:18,9414515,car
8062,2021-08-10 18:37:36,5623528,car
8063,2021-08-20 15:42:28,2485173,car
8064,2021-08-01 22:28:38,9876481,car
8065,2021-08-13 13:49:44,1635396,truck
8066,2021-08-14 02:07:21,769053,car
8067,2021-08-12 17:08:05,957949,car
8068,2021-07-29 19:00:58,1514815,car
8069,2021-08-19 05:45:06,3321941,truck
8070,2021-08-12 10:36:39,3842168,car
8071,2021-08-21 17:33:51,5446005,car
8072,2021-08-02 01:03:25,1648969,truck
8073,2021-08-17 04:13:13,1190594,truck
8074,2021-08-18 15:11:27,1467655,truck
8075,2021-08-12 02:14:13,4507079,truck
8076,2021-08-01 16:30:43,3267963,car
8077,2021-08-13 03:14:41,1416260,truck
8078,2021-08-18 06:27:00,4169264,car
8079,2021-08-16 02:04:19,3035778,car
8080,2021-08-17 19:22:44,1234332,truck
8081,2021-08-01 00:18:53,3659841,car
8082,2021-08-15 03:26:02,6878750,van
8083,2021-08-06 01:00:24,7219602,car
8084,2021-08-17 03:54:59,2754998,van
8085,2021-08-17 07:01:54,635736,car
8086,2021-08-04 20:04:33,674870,truck
8087,2021-08-21 13:05:29,2202845,car
8088,2021-08-08 11:45:47,941595,car
8089,2021-08-08 05:03:21,4892001,car
8090,2021-08-12 05:21:46,1996276,truck
8091,2021-08-16 15:13:50,9248594,car
8092,2021-08-14 08:52:34,1014734,car
8093,2021-08-04 01:48:18,2286589,car
8094,2021-08-09 02:17:24,4050257,van
8095,2021-08-17 02:16:22,7032854,van
8096,2021-08-08 06:36:11,8420501,car
8097,2021-08-15 19:33:55,4060699,car
8098,2021-07-29 18:46:15,1425073,car
8099,2021-08-10 07:18:40,5111715,car
8100,2021-08-19 14:48:35,7116804,car
8101,2021-07-31 14:06:11,901669,car
8102,2021-08-07 21:39:46,6995160,car
8103,2021-08-11 11:06:52,7113896,car
8104,2021-08-03 14:12:43,5462662,car
8105,2021-08-15 09:46:43,4763732,truck
8106,2021-08-17 15:08:07,5301967,car
8107,2021-08-03 07:00:49,3831073,car
8108,2021-08-18 00:21:30,2772633,truck
8109,2021-08-22 13:19:48,4827467,truck
8110,2021-08-14 09:49:55,6370744,truck
8111,2021-08-04 19:59:14,1551612,car
8112,2021-08-02 10:05:50,8625041,truck
8113,2021-08-16 22:13:53,5507182,car
8114,2021-07-30 03:03:21,3618484,truck
8115,2021-08-18 08:56:37,1720345,car
8116,2021-08-18 21:41:58,4474527,car
8117,2021-07-30 09:06:38,8040294,car
8118,2021-08-11 16:58:21,2613000,car
8119,2021-08-08 23:00:52,7659236,car
8120,2021-08-05 04:52:15,274829,car
8121,2021-08-13 01:10:46,5157302,truck
8122,2021-08-16 02:17:52,3672888,van
8123,2021-08-21 11:31:16,6500970,truck
8124,2021-08-02 11:34:48,6586355,car
8125,2021-08-05 23:58:32,6413690,car
8126,2021-08-16 00:21:00,1397184,truck
8127,2021-08-04 12:40:32,1622942,car
8128,2021-08-17 15:57:47,1495567,car
8129,2021-08-13 04:09:57,6343077,car
8130,2021-08-17 20:53:00,431864,car
8131,2021-08-09 21:16:46,430105,car
8132,2021-08-21 05:51:43,7855215,car
8133,2021-08-06 03:58:21,2861935,van
8134,2021-08-22 02:23:21,739031,car
8135,2021-07-31 03:03:00,8771884,car
8136,2021-08-18 22:00:54,248195,car
8137,2021-08-02 17:55:13,3663037,car
8138,2021-08-19 11:56:12,8437262,van
8139,2021-08-20 09:38:29,334466,car
8140,2021-08-11 15:02:19,9980546,car
8141,2021-08-17 22:53:12,9436536,car
8142,2021-08-21 13:31:39,3070607,car
8143,2021-08-11 08:53:57,8321694,truck
8144,2021-08-16 18:09:48,6575583,car
8145,2021-08-04 21:40:40,4561219,truck
8146,2021-08-10 04:16:05,5969255,car
8147,2021-08-07 19:26:21,9362694,van
8148,2021-08-05 23:50:34,4629983,van
8149,2021-08-09 16:32:35,695637,car
8150,2021-07-30 01:33:40,1812793,car
8151,2021-08-17 09:51:54,9954253,truck
8152,2021-07-30 10:44:58,8258952,van
8153,2021-08-06 15:34:58,2365594,car
8154,2021-08-10 04:58:59,1630309,car
8155,2021-08-18 07:22:20,3230007,car
8156,2021-07-30 10:52:43,4989020,car
8157,2021-08-19 12:45:58,9064209,car
8158,2021-08-11 10:12:47,3160462,car
8159,2021-08-06 14:12:07,5479413,car
8160,2021-08-06 20:49:26,8902464,van
8161,2021-08-15 03:07:49,8141321,car
8162,2021-08-11 14:22:42,3727401,car
8163,2021-07-29 13:17:21,3285156,van
8164,2021-08-08 12:19:11,3409071,car
8165,2021-08-02 23:52:17,7431106,car
8166,2021-08-19 11:40:40,6874812,car
8167,2021-08-10 00:56:58,1452415,car
8168,2021-08-17 07:17:37,4097697,car
8169,2021-08-12 07:46:39,5495608,truck
8170,2021-08-07 23:54:29,547443,car
8171,2021-08-17 16:27:48,8499980,car
8172,2021-08-18 00:06:51,7517746,van
8173,2021-08-06 00:52:11,4229412,car
8174,2021-08-02 11:36:30,8958803,car
8175,2021-08-07 16:29:52,768529,car
8176,2021-08-07 23:55:59,7850255,truck
8177,2021-08-12 17:21:54,7597656,car
8178,2021-07-30 08:41:54,2197437,truck
8179,2021-08-14 08:33:42,7037736,car
8180,2021-08-06 23:56:18,6641473,van
8181,2021-08-16 12:36:16,6491981,car
8182,2021-08-06 15:26:59,8834336,car
8183,2021-08-12 00:00:15,5549304,car
8184,2021-08-01 07:07:53,7011179,van
8185,2021-08-09 20:26:42,541237,car
8186,2021-08-11 14:20:20,4645419,truck
8187,2021-08-20 20:17:55,5186182,car
8188,2021-08-21 15:08:55,5222466,van
8189,2021-08-02 07:15:58,1146039,truck
8190,2021-08-08 03:11:50,7921448,car
8191,2021-08-17 18:19:35,6311586,car
8192,2021-08-18 10:53:01,6324534,car
8193,2021-07-30 07:51:28,3077932,car
8194,2021-08-18 23:14:41,6205760,truck
8195,2021-08-10 18:31:44,4912454,truck
8196,2021-08-05 20:24:40,7990205,car
8197,2021-08-10 14:02:13,2478774,car
8198,2021-08-21 00:55:16,3871666,car
8199,2021-08-11 13:00:52,2175169,car
8200,2021-07-30 14:47:54,2498085,car
8201,2021-08-21 23:21:28,9079200,van
8202,2021-08-09 02:39:22,7973552,car
8203,2021-08-01 11:28:02,8556512,car
8204,2021-08-02 10:15:07,7454092,truck
8205,2021-08-20 16:29:20,1268106,car
8206,2021-08-03 02:03:08,6439964,van
8207,2021-08-13 12:38:07,9170295,van
8208,2021-08-03 03:15:11,7620241,car
8209,2021-08-18 13:26:34,7844259,van
8210,2021-08-11 22:35:37,9906172,car
8211,2021-08-02 21:16:04,9506960,van
8212,2021-07-30 19:26:39,5856972,car
8213,2021-08-16 00:45:41,6484714,car
8214,2021-08-01 12:57:17,3136346,car
8215,2021-07-29 13:27:48,2145409,car
8216,2021-08-09 06:05:38,9436636,car
8217,2021-08-08 22:14:28,6707512,van
8218,2021-08-02 17:40:28,3768394,truck
8219,2021-08-16 10:47:00,553224,truck
8220,2021-08-05 15:51:30,5558325,van
8221,2021-08-02 17:26:54,9990042,car
8222,2021-08-14 18:09:24,9180206,truck
8223,2021-08-16 02:09:39,2473889,truck
8224,2021-08-03 03:57:21,8212274,car
8225,2021-08-20 20:57:35,5275562,van
8226,2021-08-13 09:23:52,9870307,car
8227,2021-08-21 06:39:41,5285457,truck
8228,2021-08-02 03:38:01,8498599,van
8229,2021-08-02 14:19:46,3564976,truck
8230,2021-08-21 16:26:31,3984333,truck
8231,2021-08-21 22:40:16,6715168,car
8232,2021-08-17 05:04:59,9749844,van
8233,2021-08-16 11:27:09,1739088,car
8234,2021-08-10 21:26:38,5291843,car
8235,2021-08-12 05:05:43,8615899,car
8236,2021-08-08 06:45:44,3377464,car
8237,2021-08-20 09:56:25,1773772,car
8238,2021-08-17 14:45:43,9214180,truck
8239,2021-08-11 04:08:41,9470339,car
8240,2021-08-01 18:59:35,3705633,car
8241,2021-08-17 06:08:12,8623977,truck
8242,2021-08-17 16:45:13,7523353,car
8243,2021-08-01 16:39:36,6491662,truck
8244,2021-08-15 08:40:36,3088242,car
8245,2021-08-13 13:50:41,255446,car
8246,2021-08-18 06:40:05,4927609,car
8247,2021-08-02 01:01:55,7034476,car
8248,2021-08-06 08:10:47,9079371,truck
8249,2021-08-08 15:34:50,526333,car
8250,2021-08-21 06:21:57,8617285,car
8251,2021-08-20 09:31:21,4464432,car
8252,2021-08-13 21:27:23,3651501,car
8253,2021-08-01 13:20:31,9898506,car
8254,2021-08-01 16:07:36,9271351,van
8255,2021-08-10 20:59:31,6043353,truck
8256,2021-07-30 08:58:17,3741636,van
8257,2021-08-17 11:59:32,8888611,car
8258,2021-07-30 15:15:35,4050923,truck
8259,2021-08-19 21:38:13,5633078,car
8260,2021-08-14 17:55:00,2383237,truck
8261,2021-07-29 13:48:24,3955694,car
8262,2021-07-31 14:06:35,3943448,truck
8263,2021-08-07 02:12:50,1759528,truck
8264,2021-08-04 14:10:41,4575151,car
8265,2021-07-31 12:09:29,4906201,car
8266,2021-08-21 09:41:51,4977122,car
8267,2021-08-18 05:40:46,210843,car
8268,2021-08-13 07:28:43,5058068,car
8269,2021-08-20 10:26:43,4602273,truck
8270,2021-08-10 04:20:00,5158614,car
8271,2021-08-06 21:04:52,5393992,car
8272,2021-08-03 02:04:51,8991371,van
8273,2021-08-07 14:32:32,8283919,car
8274,2021-08-17 16:37:09,9216679,car
8275,2021-08-04 23:39:57,8957085,car
8276,2021-08-09 23:48:22,5164511,truck
8277,2021-07-30 20:01:48,5404322,van
8278,2021-08-03 17:03:28,258906,truck
8279,2021-08-02 20:13:12,9300555,car
8280,2021-08-09 17:19:11,6159910,truck
8281,2021-08-21 03:48:09,1852075,car
8282,2021-08-17 13:10:23,4970775,car
8283,2021-08-14 21:58:54,9691350,car
8284,2021-08-09 16:19:26,3151732,car
8285,2021-08-09 11:37:48,4702072,truck
8286,2021-08-05 09:17:30,8275824,car
8287,2021-08-10 13:11:06,2939967,car
8288,2021-08-13 01:06:14,6992376,car
8289,2021-08-16 08:27:30,5862558,car
8290,2021-08-10 09:16:47,7769093,car
8291,2021-08-06 07:47:12,8379594,car
8292,2021-08-11 02:42:39,8720916,car
8293,2021-07-30 01:17:30,6861283,car
8294,2021-08-13 18:25:16,5842282,car
8295,2021-08-03 13:17:14,5725111,car
8296,2021-08-01 01:13:21,4945696,car
8297,2021-08-08 05:31:09,3125006,car
8298,2021-08-11 17:14:50,8300638,truck
8299,2021-08-06 18:29:21,5511826,car
8300,2021-08-17 08:32:27,4000670,car
8301,2021-08-15 00:06:23,4351368,car
8302,2021-08-08 06:51:19,1442783,van
8303,2021-08-08 21:18:27,5681925,car
8304,2021-07-29 22:32:06,5100954,car
8305,2021-08-21 02:35:10,7237674,car
8306,2021-08-02 20:00:57,1492207,car
8307,2021-08-08 11:53:44,9221867,car
8308,2021-08-19 00:03:56,9379753,car
8309,2021-08-01 02:24:10,2102436,truck
8310,2021-08-03 21:50:24,5838388,car
8311,2021-07-29 22:09:00,1648297,car
8312,2021-08-12 06:09:26,978232,van
8313,2021-08-12 12:22:38,953519,truck
8314,2021-08-16 04:24:36,8337087,car
8315,2021-08-22 12:22:41,6469284,car
8316,2021-08-11 10:19:49,614353,car
8317,2021-08-06 03:04:18,99513,car
8318,2021-08-18 23:25:51,2345027,car
8319,2021-08-08 00:07:39,3597618,car
8320,2021-08-07 09:24:37,7674498,van
8321,2021-08-21 18:32:14,645107,car
8322,2021-08-02 08:18:27,5521608,car
8323,2021-08-09 05:42:14,7648722,car
8324,2021-08-21 23:48:38,621218,van
8325,2021-08-03 12:51:45,4887321,truck
8326,2021-08-13 23:08:36,8754723,car
8327,2021-08-04 17:46:50,7518545,car
8328,2021-08-18 03:27:21,2396734,van
8329,2021-07-31 22:58:24,9085272,car
8330,2021-07-30 12:42:27,9832884,car
8331,2021-08-07 23:22:29,1955025,car
8332,2021-08-07 05:30:13,8266672,truck
8333,2021-08-10 04:03:26,2104868,truck
8334,2021-08-12 14:32:23,8208577,van
8335,2021-08-17 22:54:15,2972082,car
8336,2021-08-02 20:28:06,7713223,car
8337,2021-08-01 15:02:59,797267,truck
8338,2021-08-20 21:27:55,1370623,car
8339,2021-08-14 03:02:33,6064120,truck
8340,2021-08-03 10:32:06,2105382,truck
8341,2021-08-02 08:09:50,4237519,car
8342,2021-08-12 01:55:24,1554584,car
8343,2021-07-29 17:57:46,3787241,truck
8344,2021-08-17 15:43:40,2652266,car
8345,2021-08-04 11:23:36,3635833,car
8346,2021-08-11 04:07:28,9005255,van
8347,2021-08-06 22:52:27,3823058,car
8348,2021-08-18 23:12:47,7492274,truck
8349,2021-08-15 17:02:07,8747866,car
8350,2021-08-09 06:24:56,3169560,car
8351,2021-07-29 22:41:01,6529144,car
8352,2021-08-15 07:48:13,1711124,car
8353,2021-07-29 23:08:51,8795670,truck
8354,2021-08-15 02:45:48,8397107,car
8355,2021-08-07 13:23:00,5472256,car
8356,2021-07-30 14:37:51,9016605,car
8357,2021-08-01 11:20:01,7326756,car
8358,2021-08-12 08:08:34,348970,truck
8359,2021-08-04 23:51:24,7249116,car
8360,2021-08-06 02:56:55,393761,car
8361,2021-08-01 16:31:09,1303899,car
8362,2021-08-05 00:45:19,5590957,car
8363,2021-08-10 01:52:06,4635796,car
8364,2021-08-21 02:19:13,4435136,car
8365,2021-08-05 21:08:38,8655228,truck
8366,2021-08-02 04:55:52,9600670,car
8367,2021-08-04 08:09:01,3416717,van
8368,2021-08-02 09:06:25,3094827,truck
8369,2021-08-08 23:56:22,5189374,car
8370,2021-08-10 15:51:32,8127863,car
8371,2021-08-13 22:08:04,8558170,car
8372,2021-08-13 00:51:04,8834251,car
8373,2021-08-01 15:30:54,6502525,car
8374,2021-08-03 15:56:43,4921770,car
8375,2021-08-22 04:50:50,3624718,van
8376,2021-08-18 06:17:37,931001,truck
8377,2021-08-20 14:10:37,2837201,car
8378,2021-08-13 20:01:42,2044018,car
8379,2021-08-18 12:23:45,2112502,car
8380,2021-08-19 02:07:27,8672956,car
8381,2021-08-22 06:14:57,9552553,car
8382,2021-08-09 22:04:19,4223646,truck
8383,2021-08-15 07:26:30,593264,car
8384,2021-08-06 05:41:12,9835241,car
8385,2021-07-29 22:29:59,7876529,truck
8386,2021-08-05 11:43:00,7544156,car
8387,2021-08-21 06:39:25,2751912,car
8388,2021-07-30 01:28:40,4637683,van
8389,2021-08-01 10:53:23,2277951,car
8390,2021-08-12 10:39:56,8170862,car
8391,2021-08-08 22:11:42,9986753,car
8392,2021-08-02 12:02:32,274814,van
8393,2021-07-30 15:37:47,7303373,truck
8394,2021-07-29 20:59:32,7749481,truck
8395,2021-08-04 01:26:43,2387036,truck
8396,2021-08-13 22:09:02,6127462,car
8397,2021-08-17 01:10:27,8231389,car
8398,2021-08-21 08:01:56,6336470,truck
8399,2021-08-08 03:17:48,6250184,car
8400,2021-08-01 18:43:20,401574,car
8401,2021-08-18 07:49:45,6581814,car
8402,2021-08-08 06:00:04,2154383,car
8403,2021-08-10 21:17:10,5071918,car
8404,2021-08-01 21:35:29,6400126,car
8405,2021-08-01 23:44:30,7868537,truck
8406,2021-08-22 17:07:08,7372483,car
8407,2021-08-14 07:29:37,5820590,car
8408,2021-08-05 06:27:01,4185310,car
8409,2021-08-17 08:58:31,5507905,car
8410,2021-08-06 23:20:56,2356221,car
8411,2021-08-03 02:49:04,3924783,truck
8412,2021-08-21 13:16:17,6833234,truck
8413,2021-08-09 15:34:44,230476,van
8414,2021-07-31 02:47:18,4562644,truck
8415,2021-08-11 11:26:50,4063284,truck
8416,2021-07-31 06:43:54,8318845,car
8417,2021-08-01 07:30:31,7797951,car
8418,2021-08-03 20:07:45,2718597,car
8419,2021-08-14 12:51:12,8986329,car
8420,2021-07-30 05:23:52,9640321,truck
8421,2021-08-05 16:17:12,7963268,car
8422,2021-07-31 08:12:05,8352111,car
8423,2021-08-08 13:26:16,2219293,car
8424,2021-08-10 11:28:06,8346782,truck
8425,2021-08-08 06:39:31,2225982,truck
8426,2021-08-18 12:36:02,9236522,van
8427,2021-07-31 06:28:16,9191707,car
8428,2021-08-09 17:46:51,4044411,truck
8429,2021-08-08 20:58:07,7605886,car
8430,2021-08-14 02:04:13,6517851,van
8431,2021-08-16 18:00:32,2389461,car
8432,2021-07-30 13:22:47,1550317,truck
8433,2021-08-10 22:15:49,9849990,truck
8434,2021-08-14 01:36:45,4582806,car
8435,2021-08-05 21:18:35,4135891,truck
8436,2021-08-14 14:21:34,2154997,car
8437,2021-08-16 17:58:21,4960975,car
8438,2021-08-16 12:29:52,230223,truck
8439,2021-08-12 20:53:14,9624930,van
8440,2021-08-14 22:44:10,3538985,car
8441,2021-08-12 09:38:38,950130,car
8442,2021-08-22 02:51:44,1356196,car
8443,2021-07-31 05:42:50,7376951,car
8444,2021-08-13 03:03:31,6885677,truck
8445,2021-07-31 18:53:25,3142673,car
8446,2021-08-12 16:00:07,2996023,car
8447,2021-08-19 04:06:00,960832,car
8448,2021-08-08 16:47:19,3151565,car
8449,2021-08-16 22:52:55,296161,car
8450,2021-08-16 03:48:17,4251894,car
8451,2021-08-03 16:28:18,2357502,car
8452,2021-08-11 01:27:47,6595185,car
8453,2021-07-30 17:55:47,3137683,car
8454,2021-08-19 13:24:31,7955597,car
8455,2021-08-09 05:23:30,9649067,car
8456,2021-08-02 20:53:33,9650170,truck
8457,2021-08-05 04:56:56,2210444,car
8458,2021-08-10 03:00:39,871948,truck
8459,2021-08-11 23:23:48,3072600,car
8460,2021-08-05 21:08:04,151206,car
8461,2021-08-18 09:01:23,938735,truck
8462,2021-07-30 14:33:19,4054191,car
8463,2021-08-21 02:05:45,7219687,truck
8464,2021-07-31 11:20:58,2607963,truck
8465,2021-08-08 23:44:56,2130560,car
8466,2021-08-09 04:25:10,8329033,truck
8467,2021-08-01 06:39:54,1840148,car
8468,2021-08-12 03:34:15,7399926,car
8469,2021-08-16 10:30:25,7749812,van
8470,2021-08-22 04:41:42,5006132,van
8471,2021-08-17 15:31:20,8464535,car
8472,2021-08-09 07:25:16,2610238,car
8473,2021-08-09 21:01:40,6153649,car
8474,2021-08-17 11:21:08,1543287,car
8475,2021-08-01 21:24:11,2063253,car
8476,2021-08-01 10:44:59,1061295,car
8477,2021-08-06 11:53:05,2527358,truck
8478,2021-08-08 15:44:34,9185590,car
8479,2021-08-02 00:57:48,9277316,van
8480,2021-08-02 20:24:02,9142056,car
8481,2021-08-05 09:02:54,2476630,van
8482,2021-08-03 16:40:29,4799875,truck
8483,2021-08-08 11:12:22,5215838,car
8484,2021-08-15 17:16:12,482573,car
8485,2021-08-20 23:07:15,5941477,car
8486,2021-08-02 00:13:39,8050522,truck
8487,2021-08-18 18:55:16,9769488,van
8488,2021-07-31 10:36:02,9980303,car
8489,2021-08-13 22:41:17,830236,truck
8490,2021-08-11 05:40:52,9411278,car
8491,2021-08-11 03:53:07,4341836,van
8492,2021-08-14 20:25:15,9581496,car
8493,2021-08-08 16:09:21,4171166,car
8494,2021-08-09 21:05:12,1025866,car
8495,2021-08-01 12:16:41,3053925,car
8496,2021-08-10 17:18:12,9071474,car
8497,2021-08-01 04:57:07,8536396,truck
8498,2021-08-12 15:06:22,4424227,car
8499,2021-08-17 14:44:16,1510463,van
8500,2021-08-19 02:02:43,1597203,car
8501,2021-08-10 16:43:26,8541712,car
8502,2021-08-07 02:02:08,6461855,truck
8503,2021-08-01 00:44:34,8177959,car
8504,2021-08-20 11:09:54,1540962,car
8505,2021-08-09 11:02:13,4382548,car
8506,2021-08-22 13:13:15,5705632,truck
8507,2021-08-08 21:57:36,343809,car
8508,2021-08-18 05:41:57,4951088,truck
8509,2021-08-18 03:14:03,1608282,van
8510,2021-08-16 23:08:36,223180,truck
8511,2021-08-11 06:30:22,5758325,car
8512,2021-08-09 03:12:59,2909311,truck
8513,2021-08-17 09:46:24,8681880,car
8514,2021-07-30 13:59:28,9188062,van
8515,2021-08-17 10:55:12,9075719,car
8516,2021-08-12 21:50:29,4650221,car
8517,2021-08-22 02:36:07,9469552,car
8518,2021-08-13 12:29:13,4182862,car
8519,2021-08-08 06:08:03,9521366,car
8520,2021-08-12 03:41:49,5779104,truck
8521,2021-08-01 17:05:13,7545697,car
8522,2021-08-17 00:42:27,9872714,car
8523,2021-08-13 12:50:29,7635215,car
8524,2021-08-08 18:55:48,8673351,van
8525,2021-08-17 02:09:29,1943194,truck
8526,2021-08-06 16:15:55,1516019,car
8527,2021-07-30 12:53:08,9356107,van
8528,2021-08-16 17:28:10,9166150,car
8529,2021-08-02 07:55:57,8233790,truck
8530,2021-08-02 22:59:06,1546130,truck
8531,2021-08-09 16:59:12,9644904,car
8532,2021-08-13 02:41:15,733962,truck
8533,2021-08-18 11:55:11,7437723,truck
8534,2021-08-05 12:23:46,6139856,truck
8535,2021-08-09 11:27:44,8354816,car
8536,2021-08-19 13:05:55,3217203,van
8537,2021-08-02 14:30:59,2587163,truck
8538,2021-08-19 23:16:32,8228837,car
8539,2021-08-01 23:00:02,4082579,car
8540,2021-08-12 07:41:51,5998048,truck
8541,2021-08-14 03:12:25,2575618,car
8542,2021-08-08 08:03:15,7955318,car
8543,2021-07-29 13:30:47,4716858,truck
8544,2021-08-16 07:10:35,5068531,truck
8545,2021-08-21 06:59:57,5412124,truck
8546,2021-08-16 16:30:11,1481380,truck
8547,2021-08-21 04:18:29,1958577,car
8548,2021-08-04 01:44:51,6388344,car
8549,2021-08-10 10:01:09,8882736,car
8550,2021-08-15 18:56:51,6813790,car
8551,2021-08-02 23:10:09,8187469,van
8552,2021-08-17 00:48:07,2603976,car
8553,2021-08-04 21:26:40,6370336,car
8554,2021-08-20 20:01:17,2344517,car
8555,2021-08-22 11:24:54,7016070,car
8556,2021-08-02 08:21:14,6353620,car
8557,2021-08-16 07:58:53,9181059,truck
8558,2021-08-05 16:41:26,6485957,car
8559,2021-08-16 07:31:21,4203541,car
8560,2021-08-15 11:48:17,8194871,car
8561,2021-08-04 20:48:33,1405197,car
8562,2021-08-17 13:50:39,9756792,truck
8563,2021-08-18 01:08:20,89608,car
8564,2021-08-03 23:41:16,517758,car
8565,2021-08-09 06:25:55,5739366,van
8566,2021-08-14 12:05:34,2461595,truck
8567,2021-08-15 13:32:24,1358313,car
8568,2021-08-10 18:15:30,3556803,car
8569,2021-08-22 06:32:55,5740225,car
8570,2021-07-31 05:35:13,4696898,car
8571,2021-08-13 02:12:39,7090716,car
8572,2021-08-03 07:06:58,7413479,truck
8573,2021-08-22 14:02:33,6998240,car
8574,2021-08-05 02:52:39,8910631,car
8575,2021-08-01 06:32:09,8877743,car
8576,2021-08-08 07:29:06,7245885,van
8577,2021-08-06 19:40:18,1333698,car
8578,2021-08-05 03:10:16,7532593,car
8579,2021-08-18 05:10:26,8459938,car
8580,2021-08-06 03:52:01,5783272,car
8581,2021-08-13 23:13:37,5261889,truck
8582,2021-08-14 10:06:23,695279,car
8583,2021-08-21 00:57:11,2804715,car
8584,2021-08-09 10:57:02,7858541,truck
8585,2021-08-15 07:55:34,529430,truck
8586,2021-08-04 02:28:06,8034133,van
8587,2021-08-14 12:42:07,4738595,van
8588,2021-08-21 10:27:16,326146,car
8589,2021-08-03 01:18:31,7125521,car
8590,2021-08-13 18:49:41,9735073,truck
8591,2021-08-11 07:58:47,2240976,truck
8592,2021-08-05 13:51:01,8389189,car
8593,2021-08-03 06:13:09,2497392,car
8594,2021-07-30 18:19:03,9217376,car
8595,2021-08-04 14:43:10,5166854,car
8596,2021-08-12 00:27:31,3589109,truck
8597,2021-08-15 01:31:18,2672490,truck
8598,2021-08-17 01:34:21,746416,car
8599,2021-08-19 14:20:58,5118799,car
8600,2021-08-02 22:53:06,4764871,truck
8601,2021-08-02 23:02:31,5184229,car
8602,2021-08-22 05:29:53,375626,van
8603,2021-07-29 14:07:42,8260595,car
8604,2021-08-13 13:24:05,1320317,car
8605,2021-08-12 05:47:32,7799178,car
8606,2021-08-05 00:15:25,1941060,truck
8607,2021-08-06 18:15:12,1375608,van
8608,2021-08-20 10:41:07,5248927,truck
8609,2021-08-01 10:16:15,8522490,truck
8610,2021-08-13 18:27:51,8149164,car
8611,2021-07-29 23:56:37,6810506,car
8612,2021-08-22 11:34:44,8572774,car
8613,2021-07-31 20:20:29,6909466,car
8614,2021-08-10 21:19:55,394608,truck
8615,2021-08-13 15:43:02,3681495,car
8616,2021-08-10 22:17:17,1166100,car
8617,2021-08-01 08:40:13,305185,car
8618,2021-07-30 00:11:57,9253449,van
8619,2021-08-13 00:08:12,9043086,car
8620,2021-08-16 03:05:09,3856647,car
8621,2021-08-18 02:07:34,9720589,car
8622,2021-07-30 23:53:23,3121390,van
8623,2021-07-31 12:47:00,7712166,truck
8624,2021-08-04 14:52:45,9406695,car
8625,2021-08-06 12:47:56,8509476,car
8626,2021-08-11 07:23:34,2834435,car
8627,2021-08-20 08:53:25,3833539,car
8628,2021-08-16 22:34:15,5927895,truck
8629,2021-07-30 22:55:30,7756946,car
8630,2021-08-11 21:31:35,9820140,truck
8631,2021-08-05 18:01:55,4600511,truck
8632,2021-08-13 23:00:52,6211488,car
8633,2021-08-09 06:19:05,1233609,truck
8634,2021-08-16 16:53:48,17385,van
8635,2021-08-09 23:31:24,2558367,car
8636,2021-08-06 21:47:37,5120922,car
8637,2021-07-29 14:44:17,4029806,van
8638,2021-08-17 19:32:21,8053594,car
8639,2021-08-14 19:46:26,1907405,car
8640,2021-08-04 23:25:09,8474334,truck
8641,2021-08-09 12:36:50,7756365,car
8642,2021-08-10 00:09:14,2170087,car
8643,2021-07-31 01:16:21,1970134,car
8644,2021-08-02 16:37:54,6985399,truck
8645,2021-07-30 18:00:43,13127,truck
8646,2021-08-04 22:15:47,5008713,car
8647,2021-08-21 17:56:11,7671827,car
8648,2021-08-02 22:39:10,8843086,van
8649,2021-08-12 09:24:56,423018,truck
8650,2021-08-16 16:59:23,7982360,van
8651,2021-08-12 22:51:32,9216382,car
8652,2021-08-15 05:55:33,5387350,car
8653,2021-08-12 12:06:58,3460140,van
8654,2021-08-09 01:45:08,7545538,car
8655,2021-08-14 12:39:12,9865617,van
8656,2021-08-03 02:47:38,6158234,truck
8657,2021-08-14 19:23:47,5793391,car
8658,2021-08-21 16:56:28,3528420,van
8659,2021-08-21 22:23:18,7459428,car
8660,2021-08-20 03:31:40,2966968,car
8661,2021-08-02 00:55:20,6451318,truck
8662,2021-08-10 13:54:35,9437553,car
8663,2021-08-14 07:53:07,1338646,car
8664,2021-08-11 04:08:24,4637408,car
8665,2021-08-02 01:16:22,1534601,car
8666,2021-08-19 09:13:33,6054269,car
8667,2021-08-15 04:32:50,1431280,car
8668,2021-08-08 04:34:47,159511,van
8669,2021-08-04 01:34:29,8623013,car
8670,2021-08-18 14:15:24,7113925,car
8671,2021-08-03 00:39:08,2206412,truck
8672,2021-08-06 14:01:24,4902687,car
8673,2021-08-22 02:04:23,6851901,car
8674,2021-08-20 22:55:01,2453425,truck
8675,2021-07-30 09:29:25,5947523,car
8676,2021-07-31 06:31:32,9479749,car
8677,2021-08-07 01:12:38,1609663,truck
8678,2021-08-16 22:48:53,7265598,car
8679,2021-08-21 03:07:56,4411428,truck
8680,2021-08-16 13:23:01,1593728,car
8681,2021-08-14 18:26:02,19770,truck
8682,2021-08-12 02:47:56,32003,car
8683,2021-08-08 03:07:03,9117175,car
8684,2021-08-11 16:54:47,8904423,truck
8685,2021-08-11 08:46:59,4768419,car
8686,2021-08-19 23:04:26,199372,van
8687,2021-08-20 22:57:13,9594606,car
8688,2021-08-17 19:55:25,6305754,truck
8689,2021-08-02 19:20:15,3534375,car
8690,2021-08-22 04:26:34,5352839,car
8691,2021-08-21 21:13:10,3900305,car
8692,2021-08-02 11:17:17,4612923,car
8693,2021-08-11 22:30:18,4173084,car
8694,2021-07-30 16:33:57,9713672,truck
8695,2021-08-03 03:57:44,7363966,car
8696,2021-08-11 06:16:31,5113640,truck
8697,2021-08-01 14:02:15,4171183,truck
8698,2021-08-13 02:10:58,4022812,truck
8699,2021-08-08 02:36:45,1930581,truck
8700,2021-08-18 15:31:31,4788719,car
8701,2021-08-01 01:28:00,7664307,truck
8702,2021-08-12 08:00:49,6505247,car
8703,2021-08-07 23:04:59,316405,van
8704,2021-08-17 21:24:03,9101421,car
8705,2021-07-30 19:30:27,1108758,truck
8706,2021-08-09 08:26:04,447165,car
8707,2021-07-31 08:09:55,9924825,car
8708,2021-08-07 20:30:21,6384575,van
8709,2021-08-01 02:38:34,2554818,car
8710,2021-08-09 14:03:29,6031441,car
8711,2021-08-01 22:53:16,2826580,truck
8712,2021-08-16 14:01:30,9155404,car
8713,2021-08-19 04:11:34,2149612,truck
8714,2021-08-01 23:48:30,7490652,car
8715,2021-08-04 09:25:14,3245550,car
8716,2021-08-17 15:37:07,7912981,car
8717,2021-08-16 00:38:44,3178983,truck
8718,2021-08-15 22:44:38,1551388,car
8719,2021-08-02 09:51:03,9480798,car
8720,2021-08-22 14:49:54,3226225,van
8721,2021-08-22 03:21:17,804411,car
8722,2021-08-18 08:18:57,401598,car
8723,2021-08-13 21:06:04,1637233,car
8724,2021-08-19 00:47:53,8624755,car
8725,2021-08-21 10:56:54,2993665,car
8726,2021-08-22 00:53:14,4645559,truck
8727,2021-08-06 10:15:13,4655658,truck
8728,2021-08-09 10:29:17,835986,car
8729,2021-08-07 07:08:03,1536175,truck
8730,2021-08-17 18:36:13,9962483,van
8731,2021-08-07 14:37:20,3568115,van
8732,2021-08-14 07:01:31,4304471,car
8733,2021-07-29 14:42:58,9001622,truck
8734,2021-08-21 05:19:52,7534817,car
8735,2021-07-29 12:27:49,4490564,car
8736,2021-07-29 20:44:03,8887618,van
8737,2021-08-22 10:37:51,1097839,car
8738,2021-07-31 21:42:16,6349665,car
8739,2021-08-09 02:50:04,9965775,truck
8740,2021-08-16 05:49:59,7609885,car
8741,2021-08-04 12:58:19,782070,truck
8742,2021-07-29 15:13:13,4048467,car
8743,2021-08-04 15:50:23,6847908,car
8744,2021-08-12 12:27:26,6299916,car
8745,2021-08-01 09:13:01,8950782,truck
8746,2021-08-17 05:00:21,4857168,car
8747,2021-07-30 16:02:21,6653387,truck
8748,2021-08-09 09:31:50,960165,car
8749,2021-08-05 02:40:54,6060231,car
8750,2021-08-05 09:20:58,8204287,car
8751,2021-08-11 14:11:34,2584715,truck
8752,2021-08-21 19:04:51,5485409,truck
8753,2021-08-06 00:32:53,4366609,truck
8754,2021-08-11 15:55:23,7160715,car
8755,2021-07-29 22:15:58,6457771,car
8756,2021-08-10 12:55:37,2990790,car
8757,2021-08-22 01:10:16,2891827,car
8758,2021-07-31 16:56:47,2102039,truck
8759,2021-08-18 02:49:23,2880908,car
8760,2021-08-02 15:00:15,8956647,car
8761,2021-08-15 14:20:40,698098,car
8762,2021-08-13 23:46:12,6991614,car
8763,2021-07-30 10:14:02,9989311,car
8764,2021-08-20 22:39:58,5722696,car
8765,2021-08-16 15:06:50,3104338,car
8766,2021-08-16 16:09:20,6815680,truck
8767,2021-08-20 03:39:06,5990468,van
8768,2021-08-20 17:22:21,4460015,car
8769,2021-08-04 06:13:59,1674939,van
8770,2021-08-19 11:18:43,2717588,truck
8771,2021-08-06 15:54:55,8904811,car
8772,2021-08-16 00:29:55,6053471,car
8773,2021-08-10 14:33:15,9588212,car
8774,2021-08-06 18:59:22,6213453,truck
8775,2021-08-15 11:18:32,2109446,truck
8776,2021-08-02 02:49:33,2657742,car
8777,2021-08-15 22:41:29,2661879,car
8778,2021-08-05 14:25:09,6766008,van
8779,2021-08-08 22:29:13,7399346,car
8780,2021-08-06 16:39:21,6028388,truck
8781,2021-08-09 22:56:18,8465035,car
8782,2021-07-30 21:57:53,5684887,car
8783,2021-08-02 01:00:50,5502304,truck
8784,2021-08-14 09:05:45,823064,car
8785,2021-08-10 16:07:22,6172774,truck
8786,2021-08-13 06:36:53,722796,car
8787,2021-08-21 05:17:38,9578106,car
8788,2021-08-10 20:01:04,3551078,truck
8789,2021-08-11 21:24:52,560353,truck
8790,2021-08-16 21:32:10,3864651,car
8791,2021-08-20 06:24:35,2377193,car
8792,2021-08-17 15:11:20,6489840,car
8793,2021-08-02 09:44:17,415453,car
8794,2021-08-16 02:07:29,235190,truck
8795,2021-08-02 02:14:43,8065696,truck
8796,2021-08-17 15:52:09,2304588,car
8797,2021-07-29 16:54:50,8223239,truck
8798,2021-08-03 12:32:49,8157266,car
8799,2021-08-02 04:09:59,5424134,car
8800,2021-08-11 00:13:34,3260835,car
8801,2021-08-13 06:06:42,4380778,car
8802,2021-08-08 05:27:17,4449572,car
8803,2021-08-17 19:16:30,8170021,car
8804,2021-08-02 07:30:22,5923005,car
8805,2021-08-06 04:14:11,9564664,car
8806,2021-08-01 04:49:08,5306558,truck
8807,2021-08-07 04:54:11,5927132,car
8808,2021-08-17 18:05:21,2802127,truck
8809,2021-08-15 12:08:06,4783933,van
8810,2021-08-22 06:22:58,9137489,car
8811,2021-08-05 23:59:16,1613297,car
8812,2021-08-12 04:02:05,2357596,car
8813,2021-08-02 13:47:41,6279924,car
8814,2021-07-31 18:45:02,8741918,truck
8815,2021-08-14 00:00:24,2786605,van
8816,2021-08-18 15:28:19,7577072,truck
8817,2021-07-29 21:40:06,4865284,car
8818,2021-08-16 05:07:46,9209523,car
8819,2021-08-09 08:06:29,8230025,car
8820,2021-08-22 14:53:02,488471,car
8821,2021-08-07 14:03:57,2612620,van
8822,2021-08-13 07:55:25,7013203,car
8823,2021-08-09 01:38:53,5321997,car
8824,2021-08-03 06:32:41,8119427,car
8825,2021-08-12 16:08:33,6699026,truck
8826,2021-07-30 18:52:08,7831774,truck
8827,2021-08-21 23:47:45,7036293,car
8828,2021-08-18 08:57:20,6118661,car
8829,2021-08-10 18:37:38,2577930,car
8830,2021-08-06 03:01:13,4895274,car
8831,2021-08-04 06:26:47,2204759,truck
8832,2021-08-22 18:05:14,8823761,car
8833,2021-08-01 05:51:32,3438676,car
8834,2021-08-22 12:21:22,4645548,truck
8835,2021-08-09 21:11:55,6109554,car
8836,2021-07-30 08:43:16,5592313,car
8837,2021-08-07 08:27:51,797517,truck
8838,2021-08-03 08:49:58,6902269,car
8839,2021-08-01 05:15:33,8679359,car
8840,2021-07-29 15:50:00,9536087,car
8841,2021-08-14 00:47:37,7140344,car
8842,2021-07-30 00:57:41,4773565,car
8843,2021-08-05 03:35:26,1615088,car
8844,2021-08-08 22:36:38,3248393,car
8845,2021-08-18 12:38:16,7100506,car
8846,2021-08-05 06:12:48,3093076,van
8847,2021-08-03 16:47:55,9361137,truck
8848,2021-08-02 04:56:08,9873316,car
8849,2021-08-12 13:56:54,1523642,car
8850,2021-08-13 10:46:28,3724430,truck
8851,2021-07-30 11:13:20,1595172,van
8852,2021-08-15 11:19:54,4906038,car
8853,2021-08-10 08:59:27,9530390,car
8854,2021-08-10 16:21:16,413217,truck
8855,2021-08-19 15:51:00,9320395,car
8856,2021-07-31 10:22:57,6423981,car
8857,2021-08-21 10:15:55,4724252,car
8858,2021-08-17 17:36:06,7725321,car
8859,2021-08-20 14:12:06,3910083,car
8860,2021-08-20 07:38:54,4578030,car
8861,2021-08-13 04:43:22,5528034,van
8862,2021-08-10 12:16:02,2488403,car
8863,2021-08-11 01:59:05,6905731,van
8864,2021-08-13 15:23:14,1429727,car
8865,2021-08-09 02:02:30,5449713,car
8866,2021-07-30 06:02:24,2231846,truck
8867,2021-08-15 05:43:56,8397013,car
8868,2021-08-03 05:55:40,6419884,car
8869,2021-08-11 02:47:56,2668801,car
8870,2021-08-01 00:11:24,6453726,car
8871,2021-08-04 10:34:58,3906554,car
8872,2021-08-21 12:52:10,7577249,car
8873,2021-07-31 21:10:34,2582272,car
8874,2021-08-01 18:38:32,3947903,car
8875,2021-08-10 09:54:20,863123,truck
8876,2021-08-04 01:53:13,60271,car
8877,2021-08-16 22:44:13,1291788,truck
8878,2021-08-12 04:33:53,7756178,car
8879,2021-08-19 06:31:25,3000212,van
8880,2021-08-07 13:41:59,125351,car
8881,2021-08-05 16:42:07,4856689,truck
8882,2021-08-02 09:15:16,9462266,truck
8883,2021-07-30 12:19:59,9560595,car
8884,2021-08-03 21:22:32,2987435,car
8885,2021-08-12 10:50:05,6340891,car
8886,2021-08-08 01:07:59,1286742,truck
8887,2021-08-15 10:17:37,9539930,car
8888,2021-08-11 04:32:48,4873235,truck
8889,2021-08-19 09:41:26,8409197,car
8890,2021-08-12 21:21:59,5320988,truck
8891,2021-08-07 17:34:11,908405,car
8892,2021-07-30 08:17:33,4169052,car
8893,2021-08-06 11:17:06,3459114,van
8894,2021-08-03 04:21:59,1337726,car
8895,2021-07-30 06:22:13,7615695,car
8896,2021-08-09 23:55:24,8237812,car
8897,2021-08-07 19:29:55,9668474,van
8898,2021-08-02 07:12:35,5062028,car
8899,2021-08-01 13:06:40,3347618,truck
8900,2021-08-05 17:26:18,7008963,car
8901,2021-08-16 04:47:45,4528780,car
8902,2021-08-11 22:07:29,9683525,van
8903,2021-08-08 21:29:09,8586002,van
8904,2021-07-29 12:37:43,3011625,car
8905,2021-08-10 17:28:12,599917,car
8906,2021-08-12 07:09:03,1164184,car
8907,2021-07-30 06:24:33,5057604,car
8908,2021-08-16 11:26:05,2167812,car
8909,2021-08-16 01:21:17,2725774,van
8910,2021-08-01 08:29:23,8412229,car
8911,2021-08-20 18:26:44,1001727,car
8912,2021-08-18 04:16:00,4529136,car
8913,2021-08-17 22:51:28,9544757,car
8914,2021-08-09 05:13:41,8933341,car
8915,2021-08-05 12:35:37,5116067,truck
8916,2021-08-04 05:40:18,9558728,car
8917,2021-08-02 09:39:37,1328045,truck
8918,2021-08-02 22:42:05,5065267,car
8919,2021-08-02 13:44:38,7713955,car
8920,2021-08-11 17:14:24,1697477,car
8921,2021-08-15 12:41:34,4615223,car
8922,2021-08-18 11:12:53,4240599,car
8923,2021-08-07 01:50:21,4847593,car
8924,2021-08-14 18:23:28,9849271,car
8925,2021-08-22 04:42:45,8815758,car
8926,2021-08-11 01:43:28,1514401,car
8927,2021-08-16 23:57:42,8747304,truck
8928,2021-08-14 09:54:49,6782114,van
8929,2021-08-15 20:00:09,1408902,van
8930,2021-08-01 18:52:35,3485637,car
8931,2021-08-21 02:39:37,925055,car
8932,2021-08-22 08:03:27,5577792,car
8933,2021-08-19 06:27:08,1206278,truck
8934,2021-08-18 19:02:15,6850011,truck
8935,2021-07-31 06:31:52,8615614,van
8936,2021-08-17 04:23:47,5379073,truck
8937,2021-08-08 20:48:03,2607070,van
8938,2021-08-18 10:10:17,1175767,truck
8939,2021-08-14 06:44:14,2547228,car
8940,2021-08-17 18:35:00,932487,car
8941,2021-08-03 01:09:25,1155817,truck
8942,2021-08-07 13:11:25,2794083,truck
8943,2021-08-05 21:31:27,3697527,car
8944,2021-08-02 06:22:10,7239353,car
8945,2021-08-12 02:14:24,8250011,truck
8946,2021-08-08 14:22:17,3916305,car
8947,2021-08-11 01:19:30,564172,van
8948,2021-08-08 22:46:53,2689477,car
8949,2021-08-22 07:12:02,9792003,car
8950,2021-08-03 06:52:39,258071,car
8951,2021-08-10 11:55:19,2790457,truck
8952,2021-08-20 21:24:17,2729023,car
8953,2021-08-07 17:19:11,5898003,car
8954,2021-08-03 03:03:22,2178014,truck
8955,2021-08-22 04:01:12,5062113,van
8956,2021-07-31 15:36:04,2580172,truck
8957,2021-08-21 07:21:54,3949285,car
8958,2021-08-14 19:56:08,9236087,truck
8959,2021-08-18 08:34:14,7587380,car
8960,2021-08-14 02:28:50,4308676,car
8961,2021-08-05 03:43:09,5532156,truck
8962,2021-08-05 07:33:21,7330341,car
8963,2021-08-11 09:49:16,3121168,truck
8964,2021-08-19 05:24:40,9647786,car
8965,2021-08-07 23:16:05,680794,car
8966,2021-08-15 21:35:00,4366300,truck
8967,2021-08-03 21:40:07,949034,car
8968,2021-08-10 20:18:17,6586253,car
8969,2021-08-22 04:12:56,1602839,car
8970,2021-08-01 13:12:50,6103034,car
8971,2021-08-15 21:21:22,9946567,car
8972,2021-08-22 07:34:00,324386,truck
8973,2021-08-04 19:38:25,3050632,car
8974,2021-08-07 20:12:39,5812437,car
8975,2021-08-01 18:23:49,5139631,car
8976,2021-08-22 17:36:02,7120039,truck
8977,2021-08-04 00:33:56,359800,truck
8978,2021-08-15 00:29:25,2435887,truck
8979,2021-08-01 12:48:23,8106302,car
8980,2021-08-17 17:16:42,5922566,car
8981,2021-08-19 16:35:11,2194584,truck
8982,2021-08-02 13:36:59,6116447,car
8983,2021-08-04 15:31:05,6816805,car
8984,2021-08-04 15:00:53,8129333,car
8985,2021-08-18 22:59:27,7337024,car
8986,2021-08-06 16:28:25,2532142,truck
8987,2021-08-22 09:56:31,3069061,car
8988,2021-08-09 20:33:10,5362342,car
8989,2021-08-02 10:18:12,2361545,truck
8990,2021-08-18 11:39:42,9331722,van
8991,2021-07-31 19:35:10,9362339,car
8992,2021-08-06 04:35:50,1649267,truck
8993,2021-08-13 12:23:04,5311509,car
8994,2021-08-16 07:11:11,6521616,car
8995,2021-08-14 09:27:53,2830399,truck
8996,2021-08-13 15:53:00,4869162,car
8997,2021-08-12 14:12:00,1001647,truck
8998,2021-08-22 02:05:47,9454756,car
8999,2021-08-19 18:35:21,9697668,truck
9000,2021-08-16 16:20:19,1228229,car
9001,2021-08-14 08:14:54,7746438,car
9002,2021-08-10 14:20:10,9547035,truck
9003,2021-08-05 01:20:24,8812006,van
9004,2021-08-13 10:03:49,172170,car
9005,2021-08-21 03:17:43,1741263,car
9006,2021-08-02 19:14:53,7278752,car
9007,2021-08-10 02:46:34,6943706,car
9008,2021-08-19 13:00:44,9187661,van
9009,2021-08-05 22:21:17,5203172,car
9010,2021-08-01 11:48:54,6730434,car
9011,2021-08-19 20:09:32,7152499,truck
9012,2021-08-12 12:03:41,3318014,car
9013,2021-08-07 10:06:19,1009837,car
9014,2021-08-21 07:12:27,2995268,car
9015,2021-08-04 12:12:09,8886584,truck
9016,2021-08-09 19:46:14,4250505,car
9017,2021-08-04 14:23:37,4622788,car
9018,2021-08-05 22:32:23,9547103,car
9019,2021-08-04 01:08:49,4964657,car
9020,2021-08-08 14:40:11,3313968,truck
9021,2021-08-09 14:10:02,1877380,car
9022,2021-08-01 09:02:18,8941659,van
9023,2021-08-05 14:13:08,1192347,truck
9024,2021-08-02 12:27:39,2867913,car
9025,2021-08-02 06:27:48,107470,car
9026,2021-08-06 17:43:27,97385,car
9027,2021-08-16 21:45:37,127032,car
9028,2021-08-05 23:02:12,5637348,car
9029,2021-08-09 04:33:25,157827,car
9030,2021-08-12 06:16:27,3200527,truck
9031,2021-07-30 23:41:32,2625803,car
9032,2021-08-02 02:10:19,8134972,car
9033,2021-08-19 07:49:33,3288819,truck
9034,2021-08-16 20:23:39,3666863,car
9035,2021-08-17 20:48:05,4121795,car
9036,2021-08-17 02:49:37,4570551,car
9037,2021-08-18 08:27:04,8023175,van
9038,2021-08-02 19:54:57,237587,car
9039,2021-08-09 19:39:42,2599331,truck
9040,2021-08-15 20:52:46,8180913,car
9041,2021-08-02 00:40:22,1607392,truck
9042,2021-08-06 10:03:45,6421659,truck
9043,2021-08-07 14:35:11,1263376,car
9044,2021-08-21 15:54:45,9992955,car
9045,2021-08-20 21:41:14,8633945,car
9046,2021-07-31 04:25:46,7964288,car
9047,2021-08-17 17:37:18,7545050,truck
9048,2021-07-31 15:27:56,55540,car
9049,2021-08-15 05:54:53,48146,car
9050,2021-08-09 03:42:29,7508367,car
9051,2021-08-11 00:21:56,6529680,car
9052,2021-08-01 11:31:37,3284589,car
9053,2021-08-20 19:50:27,1541415,car
9054,2021-08-22 10:17:33,8439347,car
9055,2021-08-05 16:09:14,6739053,truck
9056,2021-07-30 11:45:56,8846875,car
9057,2021-08-08 17:13:29,8799156,car
9058,2021-08-10 00:42:51,6953999,car
9059,2021-08-19 08:29:01,8903100,car
9060,2021-08-12 01:39:05,9954289,truck
9061,2021-08-14 20:32:48,8733129,van
9062,2021-08-17 20:41:57,6894919,car
9063,2021-08-14 04:57:53,4146800,car
9064,2021-08-10 05:09:40,4045049,truck
9065,2021-08-17 19:01:11,2389357,car
9066,2021-08-19 05:12:42,6836618,car
9067,2021-08-12 07:56:44,7547863,truck
9068,2021-08-02 16:29:39,4867045,car
9069,2021-08-03 08:53:43,4379657,truck
9070,2021-08-17 02:41:57,1635259,truck
9071,2021-08-02 11:45:37,7920768,van
9072,2021-08-19 08:49:39,2946473,car
9073,2021-08-20 22:42:45,2038375,truck
9074,2021-08-04 00:27:43,509844,truck
9075,2021-08-06 03:28:13,6431234,car
9076,2021-08-02 04:31:51,2843945,car
9077,2021-08-10 20:09:55,5422658,car
9078,2021-08-17 06:43:18,8534341,van
9079,2021-08-14 21:18:00,2532637,van
9080,2021-08-08 17:55:13,5083511,truck
9081,2021-08-20 02:11:51,9174196,van
9082,2021-08-13 07:37:14,528538,van
9083,2021-08-06 04:58:31,2205730,truck
9084,2021-08-21 12:26:48,2534532,car
9085,2021-08-03 10:07:48,8642724,car
9086,2021-08-19 21:41:59,6937226,car
9087,2021-07-30 21:30:30,4365518,car
9088,2021-08-03 14:02:47,5222960,truck
9089,2021-08-06 00:38:05,5894781,car
9090,2021-08-01 12:21:16,835059,car
9091,2021-08-07 17:00:51,7929218,car
9092,2021-08-12 01:31:25,559578,car
9093,2021-08-15 17:37:54,54952,car
9094,2021-08-16 23:57:21,9711016,car
9095,2021-08-12 13:40:40,1766099,car
9096,2021-07-30 02:02:31,2884331,car
9097,2021-08-01 19:18:41,8904635,car
9098,2021-08-03 10:35:03,6432412,car
9099,2021-08-18 10:09:06,3958667,car
9100,2021-08-21 20:26:28,3282844,truck
9101,2021-08-07 14:04:17,6164063,van
9102,2021-08-12 17:04:04,2772651,truck
9103,2021-08-06 10:34:06,8142532,car
9104,2021-08-07 05:19:39,762036,car
9105,2021-08-17 03:25:55,5889282,car
9106,2021-08-11 06:07:55,1931215,truck
9107,2021-08-22 16:07:39,8099289,truck
9108,2021-08-08 09:43:00,702359,car
9109,2021-08-09 16:04:21,8546827,truck
9110,2021-07-30 02:06:11,1958974,car
9111,2021-08-15 01:36:36,6895284,car
9112,2021-08-17 04:01:19,3570803,van
9113,2021-08-16 16:55:56,3017442,car
9114,2021-07-29 15:44:32,7597785,truck
9115,2021-08-03 08:49:39,7656460,car
9116,2021-08-04 19:26:57,7886043,car
9117,2021-08-13 05:31:21,8927315,car
9118,2021-08-11 22:10:15,9006726,truck
9119,2021-08-11 06:49:17,797136,truck
9120,2021-08-02 02:25:33,1537404,car
9121,2021-08-01 07:06:09,3216286,car
9122,2021-08-08 21:21:37,6024875,car
9123,2021-08-10 20:13:43,9903701,car
9124,2021-08-21 20:52:54,1793050,car
9125,2021-08-21 16:28:33,159835,truck
9126,2021-08-11 07:15:54,2776049,truck
9127,2021-08-05 06:29:19,9506002,truck
9128,2021-07-30 19:46:59,9479692,car
9129,2021-08-19 19:26:29,8871199,car
9130,2021-08-15 22:33:56,3171835,car
9131,2021-08-02 01:29:02,8708775,truck
9132,2021-07-30 19:05:18,7014069,car
9133,2021-08-06 18:50:42,96743,car
9134,2021-08-19 03:35:41,7391731,car
9135,2021-08-20 21:43:00,1662257,car
9136,2021-08-07 02:03:00,4935733,van
9137,2021-08-15 00:58:13,7551198,truck
9138,2021-08-20 12:46:48,1284686,car
9139,2021-08-02 04:18:23,2260599,car
9140,2021-08-18 08:07:25,1094216,car
9141,2021-08-19 00:35:11,635357,car
9142,2021-08-18 22:51:44,9735476,van
9143,2021-08-15 15:25:07,5173035,truck
9144,2021-08-14 20:50:10,1788209,car
9145,2021-08-17 08:09:15,1269851,van
9146,2021-08-09 21:28:40,5662112,car
9147,2021-08-09 08:29:17,7374290,car
9148,2021-08-01 00:19:51,2334801,car
9149,2021-08-09 17:15:10,3051270,car
9150,2021-08-20 19:22:59,4243767,car
9151,2021-08-13 07:41:57,6107919,car
9152,2021-08-02 15:24:29,5314516,car
9153,2021-08-16 10:17:00,2624089,van
9154,2021-08-12 00:59:38,7012714,car
9155,2021-08-22 16:20:21,5129735,car
9156,2021-07-30 15:33:45,2075605,car
9157,2021-08-07 13:31:49,6332790,truck
9158,2021-08-16 23:36:29,3032583,truck
9159,2021-08-13 05:08:13,1026528,car
9160,2021-08-22 16:58:33,1752269,van
9161,2021-08-20 10:30:12,3407914,truck
9162,2021-08-22 10:37:55,9734005,truck
9163,2021-08-07 13:10:17,9037108,car
9164,2021-08-11 11:05:36,4238274,car
9165,2021-08-07 21:11:43,8750667,van
9166,2021-07-31 09:44:54,3890038,car
9167,2021-08-20 00:47:19,2513530,van
9168,2021-08-11 16:55:56,1014198,car
9169,2021-08-09 13:45:27,3295981,car
9170,2021-08-08 14:30:03,730281,car
9171,2021-08-12 01:42:01,6268240,car
9172,2021-08-10 14:49:35,578281,car
9173,2021-08-09 20:27:40,4181325,car
9174,2021-08-04 01:45:34,531718,car
9175,2021-07-29 23:35:28,1370244,truck
9176,2021-08-08 23:21:06,8292071,car
9177,2021-08-04 10:40:04,4748178,van
9178,2021-08-17 23:29:10,6875727,truck
9179,2021-08-01 10:37:50,892900,van
9180,2021-08-11 20:43:28,8318194,car
9181,2021-08-14 16:32:38,5276850,van
9182,2021-08-13 10:23:26,6352724,car
9183,2021-08-02 21:54:41,6137941,car
9184,2021-08-14 22:21:12,3721355,car
9185,2021-08-05 07:26:35,6714861,car
9186,2021-08-02 15:26:18,8462307,car
9187,2021-07-29 17:53:36,7555614,car
9188,2021-08-04 23:25:12,7242062,car
9189,2021-08-07 08:42:58,486571,car
9190,2021-07-29 13:14:53,9833400,car
9191,2021-08-10 23:14:18,9253622,truck
9192,2021-08-17 16:40:49,4749649,van
9193,2021-08-22 14:56:27,7255048,car
9194,2021-08-02 22:55:07,4048367,car
9195,2021-08-03 19:54:38,3880570,car
9196,2021-08-19 05:54:03,2251855,car
9197,2021-08-09 15:03:38,6019724,truck
9198,2021-08-13 17:55:25,6935289,truck
9199,2021-08-14 08:02:07,3044908,car
9200,2021-08-14 14:05:51,1722491,car
9201,2021-08-17 13:09:36,9926377,van
9202,2021-08-01 02:37:00,8876722,truck
9203,2021-08-02 01:23:57,9936493,truck
9204,2021-07-30 15:50:30,8288623,car
9205,2021-08-12 09:45:55,923474,car
9206,2021-08-20 01:34:09,746819,car
9207,2021-08-16 01:43:26,4654522,car
9208,2021-08-15 01:09:11,488343,car
9209,2021-07-31 09:27:12,9269850,car
9210,2021-08-03 00:43:58,4637222,truck
9211,2021-07-29 21:01:40,1921474,truck
9212,2021-08-15 18:00:21,9968595,car
9213,2021-08-05 05:39:00,1028209,van
9214,2021-08-19 18:41:36,5558931,van
9215,2021-08-14 03:24:12,9014445,car
9216,2021-08-04 17:01:49,4705128,truck
9217,2021-08-14 20:28:39,3192612,van
9218,2021-08-14 18:46:38,9994469,car
9219,2021-08-11 10:37:18,5973767,car
9220,2021-08-05 11:33:02,1490082,car
9221,2021-08-22 07:23:25,7235031,car
9222,2021-08-04 15:08:14,9016669,car
9223,2021-08-03 20:16:57,191548,car
9224,2021-08-12 09:43:33,2516900,truck
9225,2021-08-01 19:18:44,4663115,car
9226,2021-08-02 12:05:50,67426,car
9227,2021-08-22 01:13:55,5612673,car
9228,2021-08-15 19:57:09,3398219,truck
9229,2021-08-04 07:03:22,5417571,car
9230,2021-08-13 10:52:40,8241854,truck
9231,2021-08-17 20:01:09,5229796,van
9232,2021-08-01 03:33:37,6484804,car
9233,2021-08-16 12:11:45,3902867,car
9234,2021-08-21 04:56:05,2703740,truck
9235,2021-08-10 13:27:35,7692197,truck
9236,2021-08-15 16:21:38,5293287,car
9237,2021-08-21 00:28:16,9530825,truck
9238,2021-08-18 10:05:39,9648226,car
9239,2021-08-10 12:31:36,5191265,car
9240,2021-08-06 15:51:59,6092274,car
9241,2021-08-03 03:36:42,4956476,car
9242,2021-08-03 18:32:00,7691465,truck
9243,2021-08-04 08:16:02,6357681,car
9244,2021-08-01 22:18:47,6649208,car
9245,2021-08-07 09:18:25,9708660,car
9246,2021-08-11 07:05:47,9981569,car
9247,2021-08-07 06:56:53,9100821,truck
9248,2021-08-16 14:35:00,5851901,car
9249,2021-08-16 18:44:47,1399135,van
9250,2021-08-14 06:59:35,3583471,truck
9251,2021-08-20 19:31:28,3000466,car
9252,2021-08-06 18:55:50,3469493,car
9253,2021-08-06 23:00:57,6801750,truck
9254,2021-08-09 08:26:00,8471320,car
9255,2021-08-05 06:09:41,8899026,car
9256,2021-08-04 03:07:47,682891,car
9257,2021-07-31 17:15:46,2571874,van
9258,2021-08-09 16:03:01,7279287,truck
9259,2021-08-01 04:05:07,1225815,car
9260,2021-08-17 02:54:45,3753017,car
9261,2021-08-19 09:18:51,7365391,car
9262,2021-08-19 09:49:30,8407052,car
9263,2021-08-10 15:17:34,3784504,car
9264,2021-08-22 07:31:41,9027270,truck
9265,2021-08-17 04:19:14,884668,car
9266,2021-08-20 09:15:49,2275109,car
9267,2021-08-11 15:20:40,9528653,car
9268,2021-08-10 17:49:02,77608,truck
9269,2021-08-10 11:03:29,9793722,van
9270,2021-08-04 17:49:43,4737489,car
9271,2021-07-29 11:46:06,4161657,car
9272,2021-08-02 00:48:05,5363723,car
9273,2021-08-17 15:39:24,2196820,truck
9274,2021-08-12 00:34:30,5348545,truck
9275,2021-08-07 21:47:32,3403077,car
9276,2021-08-20 07:24:09,6253818,truck
9277,2021-08-07 01:01:59,399237,car
9278,2021-08-14 21:26:45,5989933,truck
9279,2021-08-05 23:56:02,6981441,car
9280,2021-07-30 07:14:01,2593066,car
9281,2021-08-20 18:35:40,1456578,truck
9282,2021-08-16 09:56:19,9045059,car
9283,2021-08-14 01:58:49,4527777,car
9284,2021-08-09 05:46:12,583152,car
9285,2021-08-11 00:41:52,8723898,car
9286,2021-08-06 01:41:20,1878923,car
9287,2021-08-22 01:59:16,3075680,car
9288,2021-08-10 17:15:19,2721914,car
9289,2021-08-15 05:19:12,2676447,car
9290,2021-08-20 07:34:10,8488790,van
9291,2021-08-13 07:37:30,4848388,truck
9292,2021-08-13 20:03:58,7577857,truck
9293,2021-08-14 04:56:46,2131750,car
9294,2021-08-19 19:44:20,8031766,car
9295,2021-08-18 22:10:34,9579819,truck
9296,2021-08-12 20:26:04,151132,car
9297,2021-08-07 10:11:20,3307765,car
9298,2021-08-05 17:50:14,2086396,car
9299,2021-08-20 23:05:47,8588231,car
9300,2021-08-11 07:21:51,7406399,car
9301,2021-08-05 19:40:10,2779800,car
9302,2021-08-07 21:40:55,6264949,truck
9303,2021-08-18 18:54:54,5166723,car
9304,2021-08-18 12:36:32,9468903,car
9305,2021-08-14 04:44:00,9783924,truck
9306,2021-08-10 07:07:04,9265154,car
9307,2021-08-16 01:49:27,4991116,car
9308,2021-08-15 22:54:01,1926218,van
9309,2021-08-05 02:35:28,9747658,car
9310,2021-08-22 03:51:21,8788377,truck
9311,2021-08-15 08:01:58,9025746,truck
9312,2021-08-09 03:23:14,6763952,van
9313,2021-08-16 02:46:20,6260844,car
9314,2021-08-17 17:55:04,83942,van
9315,2021-08-14 14:26:25,6142684,van
9316,2021-08-08 21:10:41,7169430,car
9317,2021-08-09 08:27:16,2497912,car
9318,2021-08-21 18:13:46,566797,car
9319,2021-08-03 12:50:54,8956690,car
9320,2021-08-06 03:05:48,5057656,car
9321,2021-08-18 16:58:43,2843878,car
9322,2021-08-11 04:44:30,7206297,van
9323,2021-08-06 05:04:16,8772021,car
9324,2021-08-01 22:43:45,3488743,car
9325,2021-08-08 09:37:43,9078677,truck
9326,2021-08-05 22:00:48,707382,car
9327,2021-08-04 18:22:46,7676380,car
9328,2021-08-14 00:45:01,7763250,truck
9329,2021-07-30 12:52:36,3273691,car
9330,2021-08-06 16:42:33,2813322,car
9331,2021-08-09 16:16:17,8579977,car
9332,2021-08-02 01:08:12,3398149,car
9333,2021-08-10 09:55:04,8696860,car
9334,2021-08-13 01:51:10,1134376,truck
9335,2021-08-05 03:47:58,5610608,van
9336,2021-08-09 01:41:26,9934544,car
9337,2021-08-17 07:13:38,6062518,car
9338,2021-08-10 02:39:06,2590390,car
9339,2021-08-18 00:35:26,3751219,car
9340,2021-08-20 10:23:32,6190424,van
9341,2021-08-11 16:20:40,5904413,car
9342,2021-08-21 01:02:07,8669815,car
9343,2021-08-17 11:23:00,2649555,car
9344,2021-08-17 15:44:36,3468553,car
9345,2021-08-02 12:32:22,5052430,car
9346,2021-07-30 02:27:10,7140135,car
9347,2021-08-17 06:26:06,3336312,car
9348,2021-08-14 08:48:10,8457705,car
9349,2021-08-11 11:30:51,7345005,truck
9350,2021-08-02 01:18:17,5008855,car
9351,2021-08-11 19:43:17,9413397,car
9352,2021-07-29 15:43:24,7971612,van
9353,2021-08-16 06:12:45,6294961,car
9354,2021-08-09 17:19:26,9999026,car
9355,2021-08-11 06:23:45,8010819,car
9356,2021-08-02 07:23:08,1137301,truck
9357,2021-08-22 03:10:36,7585363,truck
9358,2021-08-22 14:37:22,8521937,car
9359,2021-08-21 11:58:02,46393,car
9360,2021-08-01 02:49:38,3756417,car
9361,2021-08-02 02:59:13,1599459,truck
9362,2021-08-12 18:07:12,9799284,truck
9363,2021-08-14 05:03:59,8220119,truck
9364,2021-08-02 02:46:11,6325430,truck
9365,2021-08-14 05:07:36,5190320,car
9366,2021-08-01 20:57:23,6959051,car
9367,2021-07-29 17:52:03,1748636,car
9368,2021-08-16 04:14:30,1157649,car
9369,2021-08-06 04:03:43,9611676,car
9370,2021-08-22 13:18:41,3039594,car
9371,2021-07-29 11:27:55,1782179,car
9372,2021-08-18 14:41:00,4308716,car
9373,2021-08-07 14:14:41,6809850,car
9374,2021-08-12 16:03:21,9508843,truck
9375,2021-08-18 19:24:27,5727564,car
9376,2021-08-05 15:16:39,2776833,truck
9377,2021-07-30 16:07:00,1171409,car
9378,2021-08-07 04:26:43,28046,truck
9379,2021-08-10 06:14:57,1632439,car
9380,2021-08-17 03:56:10,5678090,car
9381,2021-08-10 17:26:31,4107532,car
9382,2021-08-11 06:09:33,3750731,car
9383,2021-08-06 23:14:15,4483641,car
9384,2021-08-07 15:32:03,7016536,car
9385,2021-08-02 22:12:57,7511346,truck
9386,2021-07-30 23:17:32,1530202,car
9387,2021-08-15 13:10:06,2051480,truck
9388,2021-08-15 21:28:57,8146286,car
9389,2021-07-30 02:46:58,4741858,car
9390,2021-08-09 04:04:39,8687557,truck
9391,2021-08-04 04:35:48,4641240,truck
9392,2021-08-06 05:24:28,28625,car
9393,2021-08-17 13:16:56,3891161,car
9394,2021-08-12 02:27:21,5893087,truck
9395,2021-08-21 07:50:43,7334353,car
9396,2021-08-09 05:58:33,5653671,truck
9397,2021-08-03 05:42:15,9662220,car
9398,2021-08-12 06:10:09,2499334,car
9399,2021-08-13 09:54:11,1209964,car
9400,2021-08-10 01:56:17,8904011,car
9401,2021-08-14 19:45:11,5996064,car
9402,2021-08-19 06:39:13,5517940,truck
9403,2021-08-21 10:53:22,9458845,truck
9404,2021-08-22 07:03:09,1631935,car
9405,2021-08-06 23:59:41,5059817,car
9406,2021-08-12 07:36:30,1560796,truck
9407,2021-08-05 12:06:14,6505764,car
9408,2021-08-15 10:26:05,2679158,car
9409,2021-08-15 18:24:45,4191614,car
9410,2021-08-19 15:19:20,1746055,car
9411,2021-08-21 19:00:37,764297,car
9412,2021-08-08 08:42:18,3147561,car
9413,2021-08-05 08:51:53,1445358,car
9414,2021-08-06 15:16:09,6793624,car
9415,2021-08-13 03:05:48,3359727,truck
9416,2021-08-02 01:34:39,1963624,car
9417,2021-08-18 18:36:29,2812052,car
9418,2021-08-01 15:19:48,83028,car
9419,2021-08-18 19:07:33,4087039,van
9420,2021-07-30 17:07:06,6019350,truck
9421,2021-07-29 22:13:33,8150747,truck
9422,2021-07-29 22:11:46,1654362,truck
9423,2021-08-14 04:32:34,8916594,van
9424,2021-08-06 14:20:39,8490029,truck
9425,2021-08-21 17:11:39,9193058,van
9426,2021-08-15 15:22:22,5093920,car
9427,2021-08-21 09:03:21,4116893,truck
9428,2021-08-10 12:57:05,1788150,car
9429,2021-08-06 04:43:05,9771871,van
9430,2021-08-08 20:01:52,7670129,car
9431,2021-08-08 13:11:30,590238,truck
9432,2021-08-17 14:26:06,5282413,car
9433,2021-08-14 16:48:46,6717370,car
9434,2021-07-30 04:35:46,9700090,van
9435,2021-07-31 20:45:18,4599967,truck
9436,2021-07-31 21:09:30,1510079,car
9437,2021-08-01 00:15:30,4841672,van
9438,2021-08-11 20:10:58,701738,car
9439,2021-08-08 16:42:03,2775233,car
9440,2021-08-19 11:56:17,3440406,truck
9441,2021-08-20 20:31:44,1356883,car
9442,2021-07-29 19:04:54,3729089,car
9443,2021-08-16 22:09:22,3200574,car
9444,2021-08-21 10:26:26,8676961,car
9445,2021-07-31 01:08:46,8652033,truck
9446,2021-08-09 06:54:27,1457141,truck
9447,2021-08-11 12:49:53,4387827,truck
9448,2021-07-31 03:28:46,9595322,car
9449,2021-08-03 06:53:02,8764946,car
9450,2021-08-22 01:51:05,3934868,car
9451,2021-08-19 06:38:08,5644500,car
9452,2021-08-10 21:32:55,6121803,car
9453,2021-08-02 03:00:04,7531587,car
9454,2021-08-15 07:40:55,1643120,truck
9455,2021-08-19 16:18:34,3898669,car
9456,2021-08-01 23:28:46,4949252,car
9457,2021-08-16 03:32:44,5091786,car
9458,2021-07-30 08:29:00,1645651,car
9459,2021-08-20 07:59:23,6244723,truck
9460,2021-08-09 02:02:54,2432668,car
9461,2021-07-29 16:48:21,2865356,car
9462,2021-08-02 14:18:03,7015152,car
9463,2021-08-13 02:12:24,4441926,truck
9464,2021-08-02 02:32:12,4721344,car
9465,2021-08-06 02:21:41,5691099,car
9466,2021-08-09 03:48:15,5203236,van
9467,2021-08-06 10:17:09,8241849,van
9468,2021-08-09 18:47:39,3686123,car
9469,2021-08-14 02:03:26,1213340,van
9470,2021-08-19 08:41:40,3274510,car
9471,2021-08-09 08:00:40,3678794,car
9472,2021-08-07 15:33:30,1181857,car
9473,2021-08-02 02:34:49,6771854,car
9474,2021-08-14 06:07:18,3401894,car
9475,2021-08-09 23:17:50,8930862,van
9476,2021-08-05 12:04:29,5592512,car
9477,2021-08-03 11:58:24,7924282,car
9478,2021-08-02 19:19:40,883633,car
9479,2021-08-13 21:49:59,7389262,car
9480,2021-08-21 06:54:27,8603752,truck
9481,2021-08-10 03:10:34,7031191,car
9482,2021-08-18 20:28:12,2739489,truck
9483,2021-08-19 12:51:49,7966917,car
9484,2021-08-02 01:19:21,2204464,truck
9485,2021-08-07 02:55:28,1458709,car
9486,2021-07-29 21:11:52,8947649,car
9487,2021-08-18 10:13:28,4422725,car
9488,2021-08-08 17:54:39,3919728,car
9489,2021-08-03 11:52:04,7043642,car
9490,2021-08-22 01:33:03,9923742,truck
9491,2021-08-22 17:49:32,7651635,car
9492,2021-08-18 05:29:45,4886742,car
9493,2021-08-08 03:16:30,1402729,truck
9494,2021-08-06 14:22:14,9062700,car
9495,2021-08-03 01:52:59,9107520,car
9496,2021-07-29 22:59:36,4788648,truck
9497,2021-08-19 16:05:30,3210047,van
9498,2021-07-31 09:11:52,1387469,car
9499,2021-08-14 10:49:05,4356623,truck
9500,2021-08-20 09:40:13,2109132,truck
9501,2021-08-02 21:00:03,7295351,car
9502,2021-08-14 05:14:34,500200,car
9503,2021-08-17 12:25:36,6414611,car
9504,2021-08-15 16:58:05,5554412,car
9505,2021-07-31 22:14:22,7415599,car
9506,2021-08-08 08:10:18,983506,van
9507,2021-08-10 00:47:21,6619837,van
9508,2021-08-07 21:58:23,6297444,truck
9509,2021-08-04 09:29:22,7396343,van
9510,2021-08-15 00:40:39,146310,car
9511,2021-08-13 16:08:43,4202385,car
9512,2021-08-05 00:18:59,2298759,truck
9513,2021-08-16 09:01:35,2250050,truck
9514,2021-08-18 17:41:43,2075520,truck
9515,2021-08-06 18:43:59,7698240,car
9516,2021-08-11 19:50:12,7767476,car
9517,2021-08-10 07:44:36,5823098,car
9518,2021-08-05 15:41:34,9506994,truck
9519,2021-08-08 13:08:02,3055773,truck
9520,2021-08-19 04:26:40,9406073,van
9521,2021-08-04 07:28:53,4296266,truck
9522,2021-08-05 17:19:31,4046036,car
9523,2021-08-01 11:28:06,798152,car
9524,2021-08-19 14:07:12,146591,van
9525,2021-08-18 20:25:48,9564860,car
9526,2021-08-08 17:33:51,6812818,truck
9527,2021-07-30 05:25:00,6008000,car
9528,2021-08-06 23:54:27,2222089,car
9529,2021-08-19 04:34:31,3961414,car
9530,2021-08-07 07:44:25,1001144,car
9531,2021-07-31 15:16:43,9574290,car
9532,2021-08-07 13:37:41,1010900,car
9533,2021-07-30 02:40:23,617673,car
9534,2021-08-07 05:13:49,1645827,truck
9535,2021-08-11 11:02:04,8508174,car
9536,2021-08-14 15:37:06,1911334,van
9537,2021-08-05 16:27:15,9792513,car
9538,2021-08-12 12:19:38,3666385,car
9539,2021-08-08 16:04:53,7696012,car
9540,2021-07-30 01:59:50,9251754,car
9541,2021-08-01 05:38:07,4358254,van
9542,2021-08-08 05:37:01,6812747,car
9543,2021-08-02 01:56:12,9552003,car
9544,2021-08-21 03:19:04,2124478,car
9545,2021-08-15 23:49:06,7876573,truck
9546,2021-08-12 00:19:16,9417457,truck
9547,2021-07-30 01:56:40,5127626,car
9548,2021-08-04 15:18:56,4590030,truck
9549,2021-08-13 05:20:19,9057318,car
9550,2021-08-10 01:20:37,1490598,car
9551,2021-08-03 01:25:50,4725154,car
9552,2021-08-18 19:14:39,5287564,car
9553,2021-08-10 17:01:01,7664660,car
9554,2021-08-22 07:09:55,577200,car
9555,2021-08-21 14:25:26,7711735,truck
9556,2021-08-20 13:10:37,8307150,car
9557,2021-07-30 09:45:25,5547403,car
9558,2021-07-29 20:19:12,5550308,van
9559,2021-08-05 07:33:54,5753387,car
9560,2021-08-06 09:35:48,6008087,truck
9561,2021-08-06 17:05:43,9718032,car
9562,2021-08-03 21:09:21,7942527,truck
9563,2021-08-18 09:25:56,2711737,car
9564,2021-08-21 08:26:56,1977398,truck
9565,2021-08-06 22:20:46,6235507,car
9566,2021-08-16 02:02:34,3335335,truck
9567,2021-07-29 13:41:35,8322676,car
9568,2021-08-09 17:51:53,1697154,car
9569,2021-08-01 15:19:13,1938244,car
9570,2021-08-12 05:30:40,1286414,car
9571,2021-08-02 14:35:02,7792796,truck
9572,2021-08-09 05:35:02,2281321,van
9573,2021-08-03 02:51:23,6267677,car
9574,2021-08-01 17:35:23,5309933,truck
9575,2021-08-15 19:46:57,6603095,car
9576,2021-08-22 12:50:35,4884370,car
9577,2021-08-17 00:01:28,1422677,truck
9578,2021-07-29 11:35:16,9202795,car
9579,2021-08-04 12:43:34,84018,truck
9580,2021-08-22 18:26:40,8112557,car
9581,2021-07-31 14:06:41,4632098,truck
9582,2021-08-19 02:09:15,1311059,truck
9583,2021-08-09 07:10:03,8701111,truck
9584,2021-07-30 21:42:30,1858357,car
9585,2021-07-30 23:08:04,4540088,truck
9586,2021-07-31 16:09:33,2995150,van
9587,2021-08-06 20:49:26,1942981,truck
9588,2021-08-14 12:22:25,250182,van
9589,2021-08-18 20:15:17,8801285,car
9590,2021-08-01 06:31:34,4362380,car
9591,2021-08-04 18:02:56,6526693,car
9592,2021-08-08 09:31:12,5305975,car
9593,2021-07-29 11:55:43,5510444,car
9594,2021-08-21 16:43:48,1422771,car
9595,2021-08-05 18:41:17,2764131,car
9596,2021-08-05 06:13:10,9119372,van
9597,2021-08-10 02:47:15,7063295,car
9598,2021-08-16 02:01:15,7150634,car
9599,2021-08-11 11:13:01,1013346,truck
9600,2021-07-31 04:54:42,9967613,car
9601,2021-08-01 09:35:07,5843845,truck
9602,2021-08-13 03:36:01,2986260,car
9603,2021-08-15 11:54:27,326457,truck
9604,2021-08-02 06:20:14,1422434,car
9605,2021-08-04 23:43:50,2932216,car
9606,2021-07-30 18:49:37,174845,van
9607,2021-08-20 07:17:50,4649332,car
9608,2021-08-08 01:18:47,2725671,car
9609,2021-08-19 15:35:01,180003,truck
9610,2021-08-09 03:01:29,7870067,car
9611,2021-08-03 00:32:53,8399188,car
9612,2021-08-10 21:42:48,9587407,car
9613,2021-08-15 04:18:11,7045547,car
9614,2021-08-08 01:44:57,1140200,van
9615,2021-08-09 16:42:50,3951989,truck
9616,2021-08-03 07:22:34,6196290,car
9617,2021-08-06 04:07:55,8763857,car
9618,2021-08-18 09:46:21,6974614,truck
9619,2021-08-07 23:04:32,2342216,car
9620,2021-08-06 11:53:38,1070602,truck
9621,2021-08-01 21:10:46,185947,car
9622,2021-08-20 15:54:40,4298104,car
9623,2021-08-04 02:38:17,3950740,van
9624,2021-07-30 06:52:01,4015663,car
9625,2021-08-03 22:52:39,3889023,car
9626,2021-07-31 02:00:14,2861980,car
9627,2021-08-12 19:09:50,3296038,van
9628,2021-08-19 11:43:06,641335,car
9629,2021-08-11 02:20:21,3862703,car
9630,2021-08-21 05:25:44,2063286,car
9631,2021-08-02 04:17:16,2369440,car
9632,2021-08-16 16:41:46,4952094,car
9633,2021-07-29 19:53:50,5712166,car
9634,2021-08-16 13:44:47,2908046,car
9635,2021-08-18 20:14:49,8116508,car
9636,2021-08-11 12:39:15,9563852,car
9637,2021-08-22 09:09:22,6021550,car
9638,2021-08-16 11:40:31,229060,van
9639,2021-08-08 20:54:42,4606761,van
9640,2021-08-12 17:47:20,9448352,truck
9641,2021-08-08 01:14:23,5867847,truck
9642,2021-08-16 03:31:09,4064169,car
9643,2021-07-31 07:20:31,237547,truck
9644,2021-07-31 01:13:15,8230651,car
9645,2021-08-01 03:30:21,7163735,truck
9646,2021-08-01 03:14:24,5628988,car
9647,2021-08-01 15:47:48,9028762,van
9648,2021-08-16 05:38:44,5096820,car
9649,2021-07-31 20:42:41,1016405,van
9650,2021-08-10 08:05:59,8782196,car
9651,2021-08-14 21:02:43,3987978,van
9652,2021-08-15 03:47:21,2980374,car
9653,2021-08-16 03:45:37,8728677,truck
9654,2021-08-08 08:52:53,7866722,van
9655,2021-08-08 15:54:53,5042345,truck
9656,2021-08-03 15:37:33,4026775,truck
9657,2021-08-05 21:36:53,9818682,car
9658,2021-08-22 01:07:31,3899975,car
9659,2021-08-16 22:49:57,9363353,car
9660,2021-07-30 12:37:41,1473508,van
9661,2021-07-30 01:34:16,6546784,car
9662,2021-08-07 06:42:20,2159835,car
9663,2021-08-01 09:55:22,7073369,car
9664,2021-08-03 19:15:51,6068990,car
9665,2021-08-18 04:58:53,5333586,truck
9666,2021-08-12 18:16:34,9334189,car
9667,2021-08-06 18:24:24,7495377,car
9668,2021-08-13 13:15:02,9450550,car
9669,2021-07-29 18:35:49,2607363,car
9670,2021-07-29 20:13:47,4556956,truck
9671,2021-08-13 01:48:30,7491597,car
9672,2021-08-17 07:39:41,7223953,car
9673,2021-08-22 07:54:32,7523401,car
9674,2021-08-05 15:01:42,9326729,van
9675,2021-07-29 16:47:33,9952704,van
9676,2021-08-08 22:27:57,2866840,van
9677,2021-08-11 16:43:57,2288757,truck
9678,2021-08-01 22:48:53,4398891,car
9679,2021-08-07 12:32:08,3176127,van
9680,2021-08-03 10:18:22,8470455,car
9681,2021-08-12 04:31:30,8765704,car
9682,2021-08-02 01:59:31,247024,truck
9683,2021-08-13 21:00:41,9042929,truck
9684,2021-08-12 12:43:04,1972634,truck
9685,2021-08-13 23:48:46,9643418,car
9686,2021-08-17 00:09:19,2442171,car
9687,2021-08-05 03:12:40,5393743,van
9688,2021-08-07 23:51:14,2464009,truck
9689,2021-07-31 00:00:23,6708380,car
9690,2021-08-04 03:18:22,4375005,car
9691,2021-08-14 12:34:39,1238910,truck
9692,2021-08-05 06:27:41,3891855,truck
9693,2021-08-15 16:04:04,2932641,truck
9694,2021-08-14 19:33:38,3676235,car
9695,2021-08-17 07:23:15,8340417,car
9696,2021-07-29 18:36:25,8941706,truck
9697,2021-07-29 21:39:52,6904361,car
9698,2021-08-18 21:34:15,4739277,car
9699,2021-08-19 18:25:21,7684743,car
9700,2021-08-09 14:07:52,7304427,car
9701,2021-07-29 19:58:53,4264602,truck
9702,2021-08-14 02:29:57,9500595,van
9703,2021-08-18 02:46:00,7942258,truck
9704,2021-08-20 23:43:27,9528142,car
9705,2021-08-13 22:59:55,5507403,car
9706,2021-08-11 21:42:37,85693,car
9707,2021-08-08 01:51:46,9172244,car
9708,2021-08-19 08:10:24,6153219,car
9709,2021-08-20 08:29:47,4488178,car
9710,2021-08-01 17:57:39,7020704,truck
9711,2021-08-21 07:38:18,4373034,car
9712,2021-08-10 16:15:15,6098190,car
9713,2021-07-30 00:07:57,1408519,car
9714,2021-08-06 13:48:19,9811049,truck
9715,2021-08-22 02:05:44,5982216,truck
9716,2021-08-09 10:52:57,2160778,car
9717,2021-08-16 11:10:41,3282619,car
9718,2021-08-14 07:25:05,705797,car
9719,2021-08-13 04:14:17,7669078,car
9720,2021-07-31 22:39:14,2050314,car
9721,2021-07-30 01:04:26,7952934,car
9722,2021-08-19 14:21:44,5744617,car
9723,2021-08-17 05:36:24,3568808,car
9724,2021-08-19 16:49:19,1945658,car
9725,2021-08-06 16:14:14,244356,car
9726,2021-08-20 02:19:13,4745681,truck
9727,2021-08-15 23:22:12,9961386,car
9728,2021-08-02 22:58:09,4397315,car
9729,2021-08-22 07:46:01,6563695,car
9730,2021-08-15 07:41:55,7329800,car
9731,2021-08-07 00:58:58,2853004,van
9732,2021-08-08 18:19:33,1078564,car
9733,2021-08-01 21:13:42,8353156,truck
9734,2021-08-04 14:55:27,8020178,car
9735,2021-08-10 13:57:39,9039035,car
9736,2021-08-01 06:03:45,7738887,van
9737,2021-08-07 12:04:36,1847041,truck
9738,2021-08-18 05:05:25,7624479,car
9739,2021-08-08 18:09:18,4583772,car
9740,2021-08-03 02:29:33,1333626,car
9741,2021-08-03 01:50:17,7011169,car
9742,2021-08-20 10:07:59,4822017,van
9743,2021-08-02 10:46:10,1934820,van
9744,2021-08-12 22:24:38,8214992,car
9745,2021-08-14 01:07:18,1675106,truck
9746,2021-08-03 00:08:26,7458367,van
9747,2021-08-18 22:28:22,2433521,car
9748,2021-08-03 21:32:52,2563177,car
9749,2021-08-15 08:22:32,6647017,van
9750,2021-08-01 06:17:12,5910206,truck
9751,2021-08-17 14:49:02,1591974,car
9752,2021-08-04 00:28:18,6781791,car
9753,2021-07-30 01:31:56,3985577,car
9754,2021-08-07 02:01:23,6789126,car
9755,2021-08-19 04:11:59,2898956,truck
9756,2021-08-13 16:12:05,7394552,truck
9757,2021-08-12 12:21:06,6914512,car
9758,2021-08-21 19:21:41,1226180,car
9759,2021-08-22 13:43:58,3771599,van
9760,2021-08-20 02:59:00,4868638,car
9761,2021-07-31 08:56:30,4654288,car
9762,2021-08-04 17:29:21,3343210,car
9763,2021-08-15 16:51:20,4745906,van
9764,2021-08-01 06:19:52,8088195,car
9765,2021-07-30 01:48:54,6094096,car
9766,2021-08-05 03:16:40,2588714,truck
9767,2021-08-13 14:12:22,246208,car
9768,2021-08-02 01:09:05,7248719,truck
9769,2021-08-11 15:09:41,2279173,truck
9770,2021-08-21 17:01:20,1696210,truck
9771,2021-08-01 12:22:51,9768138,car
9772,2021-08-17 21:32:40,7356461,car
9773,2021-08-03 03:48:13,1947570,car
9774,2021-07-30 20:22:17,8133225,van
9775,2021-08-06 17:14:16,1167367,car
9776,2021-08-16 13:44:09,750743,truck
9777,2021-08-17 07:04:20,5405452,car
9778,2021-08-02 18:21:44,4261352,car
9779,2021-08-02 02:57:28,2854439,van
9780,2021-08-03 22:34:49,3335357,car
9781,2021-08-01 23:36:21,6943932,car
9782,2021-07-31 15:51:08,2111483,van
9783,2021-08-10 16:34:15,2412639,car
9784,2021-08-04 14:16:02,2486503,car
9785,2021-08-09 22:29:40,4897711,truck
9786,2021-08-15 02:13:30,3312577,car
9787,2021-08-06 00:20:52,9958931,truck
9788,2021-08-06 03:06:36,7255232,truck
9789,2021-08-16 11:39:58,9128917,car
9790,2021-07-31 03:02:04,4092704,truck
9791,2021-08-10 17:13:58,9486242,truck
9792,2021-08-19 19:32:47,996753,truck
9793,2021-07-30 22:16:28,4610441,car
9794,2021-08-15 22:46:48,4289065,van
9795,2021-08-09 06:34:40,2711732,car
9796,2021-08-06 03:51:42,6347297,car
9797,2021-08-04 12:55:06,559553,truck
9798,2021-08-08 20:09:03,8899427,car
9799,2021-07-30 18:29:37,9470294,car
9800,2021-08-18 10:42:19,2182803,car
9801,2021-08-08 17:27:35,4355878,car
9802,2021-08-05 10:16:36,2328033,van
9803,2021-08-07 08:55:39,7536685,van
9804,2021-08-06 18:14:52,5585073,truck
9805,2021-08-14 00:22:28,9635272,car
9806,2021-08-06 16:08:34,202724,car
9807,2021-08-18 21:30:44,927824,van
9808,2021-08-05 05:38:44,6660207,van
9809,2021-08-06 19:34:16,35602,truck
9810,2021-08-11 03:07:00,1526242,truck
9811,2021-08-02 15:22:07,1183687,car
9812,2021-08-02 16:01:55,1430267,van
9813,2021-08-12 02:57:41,2510681,car
9814,2021-08-16 19:36:51,385545,car
9815,2021-08-09 08:33:46,7677801,car
9816,2021-08-08 19:36:48,3225636,car
9817,2021-08-11 20:16:50,8845930,car
9818,2021-08-11 16:34:46,4619453,car
9819,2021-08-08 13:08:13,8425372,car
9820,2021-08-12 23:21:16,6265628,truck
9821,2021-08-10 00:00:54,3206554,car
9822,2021-08-03 11:48:33,5736790,car
9823,2021-08-04 20:50:48,789646,truck
9824,2021-08-18 03:55:16,7703957,truck
9825,2021-08-13 01:54:22,5800318,car
9826,2021-08-05 03:29:28,6152403,car
9827,2021-08-16 03:38:59,6580150,car
9828,2021-08-07 22:25:54,3352795,truck
9829,2021-08-15 18:11:09,6233523,car
9830,2021-08-02 04:29:28,5830777,car
9831,2021-07-29 11:33:04,5555605,truck
9832,2021-08-01 09:22:17,7284644,van
9833,2021-08-16 07:28:58,868054,car
9834,2021-08-16 14:59:14,8299101,van
9835,2021-08-13 17:54:27,5425361,car
9836,2021-08-03 02:50:41,2631887,car
9837,2021-08-15 03:13:45,127304,truck
9838,2021-08-19 21:16:28,3251416,truck
9839,2021-08-10 03:40:50,1465207,car
9840,2021-08-18 13:36:38,5686621,car
9841,2021-08-08 01:57:51,8141204,truck
9842,2021-08-13 08:36:55,5506150,car
9843,2021-08-06 08:17:13,7381335,truck
9844,2021-08-16 01:28:21,6759474,car
9845,2021-08-01 10:53:06,1664565,car
9846,2021-08-03 05:22:02,5370708,car
9847,2021-08-06 19:14:02,6356224,car
9848,2021-08-03 04:01:35,1150489,car
9849,2021-07-30 10:31:53,7956266,car
9850,2021-08-09 00:34:34,8314694,car
9851,2021-08-04 06:08:57,44895,car
9852,2021-07-30 12:23:09,567192,car
9853,2021-08-05 21:52:08,8637695,truck
9854,2021-08-02 16:47:03,3344180,car
9855,2021-08-19 20:07:27,8512908,car
9856,2021-08-05 08:50:46,7065511,car
9857,2021-08-15 05:45:03,2647050,car
9858,2021-08-03 20:47:09,5979641,car
9859,2021-08-11 04:50:12,3916811,truck
9860,2021-08-08 00:55:58,3481119,car
9861,2021-08-11 20:32:54,9840627,truck
9862,2021-08-09 20:17:26,4055215,car
9863,2021-08-12 01:03:24,6670138,car
9864,2021-08-08 02:17:09,6908220,car
9865,2021-08-05 15:31:27,4449294,car
9866,2021-08-16 21:41:43,2302845,truck
9867,2021-08-02 18:37:30,6760459,truck
9868,2021-08-08 12:46:26,6116705,van
9869,2021-08-21 15:13:44,7910850,car
9870,2021-08-07 23:01:28,7137638,car
9871,2021-08-16 00:58:55,5992856,car
9872,2021-08-19 00:25:59,7772199,truck
9873,2021-08-19 07:02:05,175068,car
9874,2021-08-16 09:23:49,5588173,van
9875,2021-08-13 09:45:20,6571736,car
9876,2021-08-12 23:44:06,7065156,car
9877,2021-08-18 09:14:13,2259227,car
9878,2021-08-10 19:05:00,3758146,truck
9879,2021-08-08 11:37:36,5756649,car
9880,2021-07-30 18:44:10,7609434,car
9881,2021-07-31 01:00:38,4612737,truck
9882,2021-08-18 12:20:10,9471878,car
9883,2021-08-03 17:24:52,245090,car
9884,2021-08-09 20:42:43,9455546,car
9885,2021-08-14 13:13:53,9394455,car
9886,2021-08-04 03:52:45,3842287,car
9887,2021-08-16 01:39:48,99545,car
9888,2021-08-22 15:40:41,9008486,car
9889,2021-08-07 23:05:08,3026459,car
9890,2021-08-21 03:01:38,354355,car
9891,2021-08-13 22:06:10,9606153,van
9892,2021-08-22 10:19:39,7864916,van
9893,2021-08-02 05:35:43,5703486,car
9894,2021-07-30 17:33:06,7672660,van
9895,2021-08-10 08:14:10,1101990,van
9896,2021-08-13 21:51:40,2879633,car
9897,2021-08-14 10:39:10,7974503,car
9898,2021-08-11 09:46:21,217903,car
9899,2021-08-04 07:41:26,221444,car
9900,2021-08-13 06:41:35,4391839,truck
9901,2021-08-15 04:12:26,3857242,truck
9902,2021-08-21 17:37:58,1641905,car
9903,2021-08-10 21:15:02,7191101,car
9904,2021-08-03 11:33:16,8046923,car
9905,2021-08-09 04:24:36,9381307,car
9906,2021-08-06 22:36:53,2276940,car
9907,2021-08-06 03:03:46,177501,truck
9908,2021-08-05 18:05:34,5874149,truck
9909,2021-08-16 14:21:52,5035625,van
9910,2021-08-09 20:39:19,7332586,car
9911,2021-07-29 21:03:13,8287359,car
9912,2021-08-02 18:35:54,1784828,car
9913,2021-08-20 16:30:29,8155294,car
9914,2021-08-16 12:52:13,1549478,van
9915,2021-08-09 08:26:48,3015139,truck
9916,2021-08-21 01:15:30,4286410,car
9917,2021-08-11 06:44:19,6676316,car
9918,2021-08-20 07:23:07,4141750,car
9919,2021-07-29 23:27:35,2727338,truck
9920,2021-08-11 22:08:55,7396516,car
9921,2021-08-15 12:57:19,2905298,car
9922,2021-08-19 05:37:56,7825326,car
9923,2021-08-20 15:52:13,6432959,van
9924,2021-08-03 09:18:13,5418703,car
9925,2021-07-30 07:09:31,4491510,car
9926,2021-08-13 17:46:43,279757,car
9927,2021-08-04 06:47:49,473325,truck
9928,2021-08-09 09:59:12,7505129,car
9929,2021-08-08 02:16:53,5562159,car
9930,2021-08-02 20:57:20,4283636,car
9931,2021-08-10 18:23:37,2937721,car
9932,2021-08-22 02:34:25,9848020,car
9933,2021-08-14 06:59:14,473853,truck
9934,2021-08-02 16:12:07,5237399,car
9935,2021-08-10 11:32:17,4104467,car
9936,2021-08-03 09:40:28,1388424,car
9937,2021-08-12 05:32:47,1359389,car
9938,2021-08-09 06:50:15,9579236,car
9939,2021-08-12 13:41:46,2935598,van
9940,2021-08-02 22:24:19,3197910,van
9941,2021-08-08 13:11:19,8098320,car
9942,2021-08-21 14:06:44,2448293,car
9943,2021-08-09 08:32:13,9250769,truck
9944,2021-07-29 14:56:49,5789927,car
9945,2021-08-22 06:19:51,7357645,car
9946,2021-08-02 06:42:44,3899484,car
9947,2021-08-16 20:29:53,8880869,car
9948,2021-08-01 23:47:39,8513516,car
9949,2021-08-08 03:18:56,8508705,van
9950,2021-08-18 04:39:58,8729296,car
9951,2021-08-08 01:15:36,7679569,truck
9952,2021-08-14 08:41:09,417655,car
9953,2021-08-04 18:06:45,1033041,truck
9954,2021-08-11 04:42:43,4441670,car
9955,2021-08-19 09:18:11,6355655,car
9956,2021-08-12 01:08:35,2738289,car
9957,2021-07-31 13:47:57,6573025,car
9958,2021-08-20 16:50:19,7533609,van
9959,2021-08-02 05:24:04,3942354,car
9960,2021-08-18 06:51:23,8339827,car
9961,2021-08-11 14:24:21,7472645,car
9962,2021-08-01 18:23:46,9250929,car
9963,2021-08-12 04:31:04,2796055,car
9964,2021-08-13 01:28:49,8983955,car
9965,2021-08-16 22:21:43,2806413,truck
9966,2021-08-01 03:44:02,8165518,car
9967,2021-08-03 02:41:15,7561645,car
9968,2021-08-07 15:15:14,7359149,truck
9969,2021-08-20 15:01:18,6268009,truck
9970,2021-08-12 01:40:25,3222746,car
9971,2021-08-01 20:10:51,1835750,car
9972,2021-08-02 12:37:30,8505794,car
9973,2021-08-20 09:35:30,8100735,car
9974,2021-08-10 02:41:12,5122909,car
9975,2021-08-20 17:16:25,6124662,van
9976,2021-08-05 07:52:31,8637341,van
9977,2021-08-13 02:16:08,698798,truck
9978,2021-08-08 18:19:13,6288309,truck
9979,2021-08-09 12:48:52,9545877,car
9980,2021-08-08 06:34:12,7521531,truck
9981,2021-08-13 10:10:36,1542174,van
9982,2021-08-08 10:09:27,580831,truck
9983,2021-07-31 00:46:40,2928677,van
9984,2021-08-09 09:57:30,3881358,truck
9985,2021-08-08 05:03:19,2410366,car
9986,2021-08-10 03:27:11,1096962,truck
9987,2021-08-04 19:51:42,4028726,van
9988,2021-08-14 14:31:56,3898216,truck
9989,2021-08-02 08:18:44,2514329,car
9990,2021-08-01 05:31:27,8876318,car
9991,2021-08-03 14:48:18,8031139,car
9992,2021-08-10 13:01:41,2668955,truck
9993,2021-08-20 08:22:47,7895579,van
9994,2021-08-04 03:11:33,8971547,truck
9995,2021-08-14 13:20:43,172096,truck
9996,2021-08-15 03:02:27,3369206,car
9997,2021-08-07 04:24:08,5886709,truck
9998,2021-08-09 02:58:26,917421,truck
9999,2021-08-17 18:41:00,2601682,truck
10000,2021-08-09 22:56:50,4833266,car
