Type_of_Payment_Code,Vehicle_Code
2B7,PTE V
F9E,PTP V
8B2,PTE V
12A,PTP V
ECD,PTE V
F4D,PTE V
AC9,PTE V
A14,PTE V
8D5,PTP V
DCF,PTC V
A05,PTE V
343,PTC V
F13,PTP V
6EC,PTE V
190,PTC V
BFA,PTE V
2D7,PTC V
F4D,PTP V
767,PTP V
C15,PTP V
AFE,PTC V
21F,PTP V
115,PTP V
EBB,PTP V
872,PTE V
71E,PTP V
DCE,PTE V
3DF,PTP V
637,PTE V
CED,PTE V
6ED,PTE V
5F9,PTE V
AD4,PTP V
51B,PTE V
950,PTE V
453,PTC V
2D8,PTP V
507,PTE V
57A,PTC V
CD9,PTE V
B0A,PTC V
099,PTE V
320,PTP V
598,PTE V
130,PTP V
952,PTP V
E8F,PTC V
8F9,PTE V
422,PTE V
9A7,PTP V
190,PTC V
114,PTC V
E92,PTP V
F9E,PTP V
27C,PTC V
0F2,PTP V
9BC,PTC V
D54,PTC V
D3D,PTE V
DD4,PTC V
6A5,PTC V
6BE,PTP V
03B,PTP V
5AD,PTC V
1E1,PTC V
0C0,PTC V
156,PTC V
6E6,PTE V
DE8,PTP V
1F9,PTP V
749,PTP V
C34,PTC V
AE8,PTC V
A9D,PTP V
6A1,PTE V
64E,PTP V
EAD,PTE V
FFA,PTE V
76E,PTC V
3A7,PTE V
A79,PTP V
735,PTC V
11B,PTC V
910,PTC V
796,PTC V
A56,PTP V
00F,PTP V
F2E,PTE V
851,PTC V
694,PTE V
6C9,PTC V
664,PTP V
D38,PTP V
95F,PTC V
33E,PTE V
057,PTP V
E22,PTC V
8BF,PTC V
D54,PTP V
5AC,PTC V
002,PTP V
627,PTE V
250,PTE V
70B,PTP V
B50,PTE V
983,PTP V
B8E,PTE V
3B7,PTC V
E92,PTP V
687,PTP V
209,PTC V
A8E,PTP V
D63,PTP V
DB5,PTE V
62F,PTE V
754,PTC V
459,PTE V
9BC,PTC V
3DF,PTE V
6DF,PTC V
0ED,PTC V
DB5,PTE V
252,PTE V
E1B,PTP V
B19,PTE V
252,PTP V
B4E,PTE V
9AE,PTE V
CD3,PTP V
C7A,PTC V
F13,PTC V
6C9,PTE V
D38,PTC V
C17,PTP V
C08,PTE V
3B6,PTE V
4A0,PTE V
378,PTP V
410,PTE V
E76,PTE V
4B8,PTP V
982,PTP V
602,PTC V
7C5,PTE V
B78,PTE V
0C5,PTC V
B01,PTE V
FE0,PTE V
7CA,PTE V
EBB,PTC V
E25,PTE V
B3F,PTP V
F7C,PTP V
AFE,PTC V
454,PTP V
A73,PTE V
E00,PTE V
6FF,PTP V
E9B,PTC V
822,PTP V
999,PTC V
C98,PTP V
CE8,PTC V
CEF,PTE V
BB0,PTP V
C98,PTE V
8A2,PTP V
E5B,PTC V
90D,PTC V
A14,PTE V
D80,PTC V
6C9,PTC V
69D,PTE V
96F,PTP V
DA5,PTP V
119,PTE V
E48,PTP V
EDC,PTP V
9B2,PTE V
EAD,PTC V
4BE,PTC V
EA6,PTE V
156,PTE V
3B9,PTP V
D38,PTP V
0A9,PTC V
D2C,PTC V
9AE,PTP V
463,PTE V
E1B,PTE V
377,PTC V
D50,PTC V
EBF,PTP V
D12,PTC V
A05,PTE V
777,PTP V
12A,PTP V
5AC,PTC V
33E,PTE V
950,PTE V
7C5,PTE V
947,PTP V
851,PTE V
F23,PTE V
07E,PTP V
22A,PTE V
572,PTP V
767,PTE V
572,PTP V
259,PTP V
E9B,PTC V
B36,PTP V
0F3,PTP V
D7B,PTC V
F85,PTE V
F20,PTP V
DEA,PTP V
D6A,PTC V
9FD,PTE V
406,PTC V
6D7,PTE V
C5D,PTC V
270,PTE V
C82,PTE V
33E,PTC V
0DB,PTP V
E77,PTC V
0D8,PTE V
572,PTC V
99B,PTC V
CD3,PTC V
EAD,PTE V
72F,PTC V
185,PTC V
E0F,PTE V
E85,PTC V
AD5,PTP V
A14,PTE V
C8D,PTP V
D38,PTE V
E32,PTE V
888,PTE V
BAF,PTP V
8F3,PTC V
B34,PTE V
AB9,PTE V
37B,PTP V
4A0,PTC V
8B2,PTE V
6DA,PTC V
3B3,PTE V
86F,PTP V
5A7,PTC V
D38,PTC V
D29,PTE V
8AB,PTC V
A56,PTC V
D39,PTE V
059,PTE V
965,PTC V
63A,PTE V
451,PTE V
1E2,PTC V
1FC,PTC V
E77,PTP V
8F3,PTC V
BEE,PTE V
A3E,PTP V
C34,PTC V
F6B,PTP V
28E,PTE V
1E1,PTE V
359,PTP V
423,PTC V
103,PTE V
9FB,PTC V
FC1,PTC V
E8F,PTE V
2C2,PTE V
79C,PTC V
B36,PTP V
66E,PTE V
E09,PTC V
441,PTC V
1F6,PTP V
C6D,PTE V
749,PTC V
965,PTP V
FE0,PTC V
919,PTP V
725,PTC V
CA4,PTP V
51B,PTC V
4C6,PTE V
F89,PTP V
1A8,PTC V
70D,PTP V
964,PTE V
4A2,PTP V
C04,PTC V
494,PTE V
F89,PTE V
1F6,PTE V
754,PTC V
187,PTE V
0DB,PTC V
A39,PTP V
528,PTC V
438,PTP V
794,PTC V
7FE,PTE V
676,PTE V
825,PTC V
A1E,PTP V
094,PTC V
301,PTP V
F51,PTP V
D3D,PTC V
8D5,PTC V
C6D,PTP V
F13,PTE V
6EC,PTP V
ED3,PTE V
E4D,PTC V
F87,PTC V
214,PTP V
8E4,PTP V
38A,PTP V
4B8,PTP V
8C6,PTE V
463,PTP V
CD9,PTP V
3F9,PTC V
9F9,PTC V
565,PTE V
973,PTC V
E25,PTP V
01F,PTC V
CFB,PTC V
E1B,PTE V
5C7,PTP V
CA9,PTC V
6A2,PTC V
72C,PTE V
3B3,PTP V
6BA,PTE V
55F,PTP V
E32,PTE V
627,PTE V
9B4,PTP V
9D1,PTP V
423,PTC V
FC5,PTP V
EBF,PTP V
964,PTE V
720,PTP V
CD9,PTC V
6EC,PTE V
B31,PTC V
61B,PTP V
86D,PTE V
5CE,PTC V
0F2,PTC V
594,PTE V
8FA,PTE V
21D,PTC V
270,PTP V
BE5,PTP V
5F9,PTC V
D42,PTC V
453,PTP V
369,PTE V
E11,PTE V
D87,PTC V
324,PTC V
378,PTP V
E42,PTP V
5B9,PTC V
E09,PTC V
C1C,PTE V
C15,PTC V
CF9,PTP V
DCE,PTP V
15B,PTP V
DB3,PTP V
A8E,PTP V
70A,PTP V
D29,PTC V
DA5,PTC V
A9D,PTE V
95C,PTC V
3DE,PTC V
3B6,PTC V
17A,PTP V
AD0,PTE V
DC0,PTC V
3DF,PTE V
1F9,PTC V
718,PTP V
F23,PTE V
7A9,PTC V
0A7,PTE V
72C,PTC V
483,PTP V
087,PTC V
5A7,PTE V
14E,PTP V
A64,PTC V
62F,PTE V
18E,PTE V
987,PTC V
A65,PTE V
C98,PTP V
DB3,PTP V
BB2,PTC V
246,PTE V
BA6,PTE V
B2F,PTE V
0DB,PTC V
04B,PTP V
748,PTP V
C63,PTE V
C82,PTP V
5BF,PTC V
72F,PTP V
744,PTE V
01A,PTP V
209,PTP V
5B2,PTC V
B48,PTE V
664,PTP V
B19,PTE V
073,PTP V
6B1,PTE V
F09,PTP V
773,PTE V
1BB,PTP V
F13,PTE V
8A2,PTP V
A67,PTP V
E9B,PTP V
591,PTE V
DC9,PTP V
465,PTE V
5F1,PTE V
71E,PTP V
114,PTE V
979,PTE V
E2A,PTE V
A3E,PTP V
001,PTE V
5B4,PTP V
B8A,PTP V
FB7,PTP V
538,PTE V
F34,PTC V
F14,PTC V
955,PTE V
A56,PTP V
BF4,PTE V
F53,PTE V
7A3,PTE V
AB0,PTE V
16D,PTE V
D97,PTE V
96F,PTE V
777,PTP V
464,PTE V
9B4,PTE V
973,PTP V
B8E,PTP V
9B3,PTP V
7FF,PTP V
17E,PTP V
061,PTP V
7C5,PTP V
F48,PTE V
815,PTC V
602,PTC V
9F9,PTE V
0AD,PTC V
F86,PTP V
754,PTC V
A2D,PTP V
46E,PTP V
B59,PTP V
CB2,PTE V
087,PTP V
718,PTE V
F20,PTE V
50C,PTC V
864,PTE V
DB2,PTE V
69D,PTE V
11B,PTC V
3F9,PTC V
502,PTE V
3B7,PTP V
CEB,PTP V
9F9,PTP V
4BC,PTC V
ADA,PTC V
E92,PTP V
DA9,PTC V
103,PTP V
47B,PTE V
28A,PTC V
1E1,PTE V
33F,PTE V
4DE,PTE V
A04,PTP V
059,PTE V
5D7,PTC V
471,PTP V
950,PTP V
973,PTP V
A46,PTP V
0C6,PTE V
507,PTC V
B39,PTP V
259,PTE V
8E9,PTP V
8AB,PTE V
119,PTC V
47F,PTC V
5AD,PTC V
42B,PTC V
A80,PTE V
A56,PTP V
5F9,PTC V
9B2,PTE V
4A1,PTE V
9CF,PTP V
B22,PTE V
D60,PTC V
888,PTC V
FC1,PTP V
A40,PTP V
451,PTP V
039,PTP V
CED,PTP V
40E,PTC V
6BE,PTP V
2B7,PTE V
5CE,PTP V
864,PTP V
950,PTC V
B3F,PTE V
4D1,PTE V
441,PTP V
2E5,PTP V
D7F,PTE V
FE3,PTP V
C63,PTC V
D97,PTP V
343,PTC V
F7C,PTE V
9CF,PTP V
FC1,PTE V
02C,PTE V
DEA,PTE V
95F,PTE V
E6F,PTP V
C15,PTE V
24A,PTP V
C98,PTP V
DBB,PTP V
07A,PTP V
68E,PTP V
F74,PTP V
940,PTC V
BC4,PTE V
DDF,PTP V
D2C,PTE V
ACA,PTP V
D56,PTP V
378,PTC V
19A,PTP V
0C6,PTE V
246,PTP V
0C5,PTP V
CCB,PTE V
82C,PTP V
708,PTC V
A2D,PTE V
519,PTE V
483,PTC V
AFE,PTP V
0C0,PTE V
FD8,PTC V
C82,PTC V
115,PTP V
27C,PTC V
B68,PTP V
6A5,PTP V
F79,PTC V
CD8,PTC V
DF3,PTC V
C5E,PTE V
835,PTP V
F51,PTC V
779,PTC V
D40,PTP V
342,PTE V
41D,PTC V
087,PTC V
094,PTC V
02C,PTP V
3DE,PTC V
D63,PTP V
964,PTC V
059,PTC V
F53,PTP V
A17,PTE V
D56,PTP V
CE8,PTE V
3A7,PTP V
BA6,PTC V
0F1,PTC V
F9E,PTE V
301,PTP V
5CF,PTP V
AA8,PTP V
8AA,PTC V
087,PTE V
25D,PTC V
DDF,PTC V
459,PTE V
DA9,PTE V
96C,PTP V
E82,PTE V
3F8,PTE V
A73,PTP V
060,PTC V
627,PTP V
941,PTC V
CCB,PTE V
DF5,PTC V
710,PTC V
C17,PTE V
E22,PTP V
63A,PTE V
F53,PTE V
158,PTC V
44D,PTE V
789,PTE V
CE7,PTC V
72C,PTE V
A56,PTE V
471,PTC V
8FA,PTC V
833,PTC V
7A9,PTC V
71A,PTP V
4DE,PTE V
910,PTP V
108,PTE V
3FC,PTC V
FC5,PTC V
B82,PTE V
9E2,PTE V
BA6,PTP V
754,PTC V
0D8,PTE V
061,PTE V
E67,PTC V
A79,PTC V
B82,PTC V
114,PTP V
ACB,PTE V
82C,PTC V
B81,PTC V
088,PTC V
987,PTP V
23F,PTC V
687,PTC V
FB7,PTC V
3A3,PTE V
919,PTE V
CD8,PTE V
544,PTP V
AB0,PTE V
3A7,PTE V
5C7,PTE V
D4B,PTP V
FD8,PTC V
B2F,PTC V
950,PTC V
23F,PTP V
F86,PTC V
2C2,PTE V
1EB,PTP V
CE7,PTP V
1EB,PTE V
2E5,PTE V
714,PTE V
955,PTP V
955,PTE V
220,PTP V
8D5,PTE V
99C,PTC V
B22,PTP V
A40,PTC V
F20,PTC V
99E,PTP V
6A8,PTE V
737,PTE V
119,PTP V
FDA,PTC V
376,PTC V
441,PTC V
C6B,PTP V
E50,PTC V
E0F,PTP V
C98,PTP V
1AC,PTC V
950,PTP V
851,PTP V
512,PTC V
0D8,PTP V
C31,PTE V
CF3,PTP V
463,PTP V
E8F,PTP V
AA8,PTE V
8AB,PTP V
471,PTP V
678,PTC V
B48,PTP V
DD4,PTC V
E48,PTP V
B3F,PTP V
3A6,PTE V
EC0,PTP V
BB2,PTC V
B68,PTC V
754,PTE V
9B1,PTP V
55C,PTE V
113,PTC V
F8A,PTC V
ABD,PTE V
B31,PTC V
F13,PTP V
68E,PTC V
21E,PTC V
A3C,PTE V
113,PTC V
71E,PTC V
54E,PTP V
941,PTE V
EBF,PTC V
376,PTE V
0C0,PTC V
528,PTE V
DF2,PTC V
59B,PTP V
694,PTE V
0C0,PTC V
955,PTE V
C1C,PTC V
8C6,PTP V
8A2,PTC V
07E,PTP V
BBD,PTP V
FC1,PTP V
602,PTE V
463,PTC V
052,PTC V
B6F,PTC V
EE1,PTP V
101,PTC V
DCB,PTP V
B19,PTE V
AD0,PTE V
76A,PTE V
2E5,PTE V
0FA,PTC V
1B8,PTP V
E8F,PTC V
A1A,PTP V
B48,PTP V
149,PTP V
3B7,PTP V
33E,PTP V
209,PTP V
103,PTP V
54E,PTC V
C93,PTP V
BEC,PTC V
CD8,PTE V
1F6,PTP V
103,PTE V
4D1,PTP V
694,PTP V
24A,PTC V
0DC,PTP V
987,PTC V
00C,PTC V
825,PTC V
317,PTC V
55E,PTP V
EF4,PTC V
B5B,PTP V
FAD,PTP V
A1D,PTC V
1F6,PTC V
940,PTE V
418,PTP V
8F3,PTE V
5B9,PTE V
A9D,PTP V
F20,PTE V
DA5,PTE V
D29,PTP V
1F6,PTP V
604,PTC V
413,PTE V
3B7,PTC V
E70,PTP V
DCB,PTC V
0FE,PTE V
987,PTP V
E92,PTE V
DDF,PTC V
EBA,PTP V
96C,PTP V
6A6,PTC V
720,PTE V
F79,PTC V
1F6,PTE V
66E,PTC V
4BE,PTC V
E85,PTP V
602,PTP V
D4B,PTC V
4E2,PTC V
CF3,PTC V
BC9,PTE V
DA9,PTP V
F6B,PTP V
BF4,PTE V
9B2,PTC V
888,PTE V
B0A,PTE V
BBD,PTC V
A23,PTP V
9A7,PTE V
C6D,PTC V
8B2,PTP V
317,PTE V
17A,PTE V
C34,PTC V
9B4,PTE V
D3D,PTP V
3BA,PTE V
410,PTP V
FDF,PTE V
195,PTP V
332,PTP V
789,PTE V
486,PTP V
B2F,PTP V
B5B,PTE V
A27,PTP V
ABD,PTP V
7AB,PTP V
B19,PTC V
A5E,PTC V
687,PTE V
8C6,PTC V
66E,PTC V
E5B,PTE V
DE2,PTE V
EF8,PTE V
129,PTC V
D23,PTC V
332,PTE V
6B0,PTP V
20B,PTC V
8F9,PTP V
48B,PTE V
1EC,PTP V
2BD,PTC V
E92,PTE V
E1B,PTC V
572,PTC V
CD2,PTE V
A96,PTC V
EEE,PTC V
7B9,PTC V
6FF,PTC V
735,PTC V
E85,PTE V
185,PTE V
950,PTE V
0D8,PTE V
6A5,PTP V
2D7,PTP V
BD8,PTP V
F7C,PTE V
441,PTE V
E8D,PTC V
6E6,PTC V
AFE,PTP V
9A3,PTC V
2A8,PTP V
64D,PTC V
C31,PTE V
99C,PTE V
5CF,PTE V
D63,PTP V
63A,PTE V
86D,PTE V
DE8,PTP V
AA8,PTE V
773,PTE V
E5B,PTE V
5B4,PTC V
0B2,PTP V
F7C,PTP V
B34,PTE V
04B,PTE V
572,PTC V
33C,PTP V
FA0,PTP V
452,PTC V
9FD,PTC V
14D,PTE V
F89,PTE V
F20,PTP V
129,PTE V
ACF,PTE V
2B7,PTE V
CAB,PTP V
FB7,PTP V
62F,PTP V
AFE,PTE V
802,PTP V
A71,PTE V
65A,PTE V
A39,PTE V
061,PTC V
D12,PTE V
471,PTC V
566,PTE V
5CE,PTC V
2CE,PTP V
D3B,PTE V
502,PTP V
7FF,PTE V
4C0,PTC V
A9D,PTC V
F20,PTE V
C3A,PTC V
DA5,PTP V
8F9,PTC V
471,PTE V
158,PTC V
AB5,PTC V
572,PTC V
C74,PTC V
043,PTP V
872,PTC V
DBB,PTE V
A3C,PTE V
63F,PTE V
923,PTE V
8BF,PTC V
8F9,PTE V
382,PTC V
220,PTP V
6E8,PTC V
7CA,PTP V
6EC,PTE V
6D7,PTP V
E48,PTC V
AB9,PTC V
9F9,PTC V
C5D,PTC V
8A9,PTC V
935,PTC V
3F9,PTP V
231,PTP V
5C8,PTC V
D1A,PTC V
FA5,PTP V
DE2,PTP V
EB7,PTE V
DE2,PTC V
F35,PTE V
452,PTE V
8D5,PTP V
DF0,PTP V
5C7,PTP V
BEC,PTC V
42B,PTP V
7C4,PTE V
D60,PTC V
463,PTC V
21E,PTE V
245,PTC V
CAB,PTC V
E48,PTC V
3DF,PTC V
919,PTP V
1E1,PTE V
627,PTE V
45D,PTC V
923,PTE V
8E9,PTC V
8BF,PTC V
A8E,PTP V
3B7,PTE V
FB3,PTE V
8A9,PTP V
5F9,PTP V
BFA,PTP V
FF5,PTP V
0B7,PTE V
8B2,PTE V
C6D,PTP V
FA3,PTE V
8A2,PTP V
CA4,PTE V
C9D,PTC V
301,PTP V
237,PTC V
227,PTE V
950,PTC V
A3E,PTC V
149,PTC V
754,PTE V
602,PTC V
A37,PTP V
A24,PTE V
AB6,PTE V
714,PTE V
5B2,PTE V
2D7,PTP V
A3E,PTC V
A3C,PTC V
243,PTC V
CB2,PTE V
69B,PTE V
FB5,PTC V
AE8,PTC V
6DF,PTP V
04B,PTP V
FF1,PTC V
6BE,PTP V
888,PTC V
AFE,PTE V
A9F,PTE V
B2F,PTC V
343,PTC V
0FA,PTE V
AB9,PTC V
4A2,PTC V
923,PTE V
C6D,PTP V
E32,PTE V
A5D,PTP V
B8E,PTP V
2B7,PTC V
D60,PTE V
44D,PTE V
9FD,PTE V
595,PTC V
28E,PTP V
CEB,PTP V
964,PTE V
979,PTP V
735,PTP V
E42,PTC V
2E5,PTP V
C17,PTC V
60B,PTE V
A9D,PTP V
EBB,PTC V
DF7,PTP V
72C,PTC V
459,PTE V
C8D,PTP V
D12,PTC V
6B1,PTC V
B8E,PTP V
1EB,PTC V
057,PTC V
7C5,PTC V
E9E,PTC V
226,PTP V
0B7,PTE V
9F9,PTE V
E7E,PTP V
8DC,PTP V
E5B,PTP V
114,PTP V
27C,PTP V
AC9,PTC V
EA4,PTP V
B55,PTC V
4DA,PTC V
802,PTC V
7FF,PTP V
E18,PTC V
987,PTP V
21D,PTP V
EBB,PTC V
BD8,PTP V
9BC,PTE V
86E,PTP V
1F4,PTC V
79C,PTC V
4C7,PTP V
9D4,PTC V
FC1,PTP V
8BB,PTC V
320,PTC V
519,PTC V
742,PTP V
843,PTE V
4DE,PTE V
3B6,PTP V
059,PTC V
9EC,PTC V
519,PTP V
0F3,PTP V
6D9,PTE V
A96,PTE V
359,PTC V
4C0,PTE V
BBC,PTC V
5D7,PTP V
34E,PTC V
E9E,PTP V
108,PTP V
494,PTE V
158,PTC V
5CE,PTE V
EB0,PTP V
F9E,PTE V
DCF,PTC V
518,PTE V
382,PTE V
341,PTC V
BE0,PTP V
B81,PTC V
D50,PTC V
D60,PTC V
7C5,PTP V
1F9,PTP V
113,PTP V
F13,PTC V
2E5,PTP V
492,PTC V
ECD,PTE V
FC1,PTP V
F6B,PTC V
955,PTP V
70A,PTC V
70D,PTP V
A17,PTC V
451,PTE V
524,PTP V
947,PTP V
4A1,PTC V
754,PTP V
965,PTE V
FE0,PTE V
51B,PTC V
16E,PTE V
3C1,PTE V
9BB,PTE V
1F3,PTE V
4C1,PTE V
E43,PTP V
DB5,PTC V
5D7,PTC V
70A,PTC V
725,PTP V
8BB,PTP V
70D,PTE V
945,PTC V
74E,PTC V
EF0,PTP V
888,PTP V
A64,PTE V
3E1,PTP V
2DA,PTP V
7C5,PTE V
5C8,PTP V
438,PTP V
2CB,PTP V
AFE,PTE V
63F,PTC V
EAD,PTP V
3C9,PTE V
8BF,PTP V
F53,PTC V
965,PTE V
BA1,PTC V
4B7,PTC V
AFE,PTE V
B6A,PTP V
3F8,PTP V
24C,PTC V
95D,PTC V
1F6,PTE V
8AB,PTC V
19A,PTC V
F85,PTP V
6EC,PTC V
FC1,PTE V
1DA,PTP V
48B,PTP V
3A3,PTE V
CA2,PTP V
382,PTC V
2AC,PTE V
094,PTC V
44D,PTP V
740,PTP V
459,PTE V
721,PTE V
B78,PTP V
4B8,PTP V
90A,PTP V
935,PTP V
3B0,PTP V
585,PTP V
B2F,PTE V
DCD,PTC V
572,PTP V
001,PTP V
317,PTP V
9E2,PTP V
B81,PTE V
410,PTC V
097,PTP V
14D,PTE V
CD2,PTP V
1D4,PTE V
3B3,PTE V
21F,PTC V
A37,PTE V
E48,PTP V
CAB,PTC V
FFE,PTC V
A1A,PTC V
0DC,PTE V
604,PTC V
6EC,PTE V
382,PTP V
4BC,PTP V
1DA,PTP V
317,PTE V
270,PTP V
19A,PTP V
DF3,PTP V
65A,PTC V
6E8,PTE V
C82,PTP V
754,PTC V
2F1,PTE V
3B6,PTE V
5F1,PTC V
4E2,PTE V
FB5,PTC V
2C2,PTC V
A39,PTE V
187,PTP V
FAD,PTE V
BF4,PTE V
3CF,PTC V
119,PTP V
16E,PTP V
AFE,PTC V
B83,PTP V
9FB,PTP V
524,PTC V
4F8,PTC V
2E5,PTE V
B1A,PTE V
464,PTE V
AB5,PTE V
9A3,PTC V
FC1,PTP V
0FE,PTP V
F6B,PTE V
24A,PTP V
BA6,PTC V
A40,PTP V
DC9,PTC V
43C,PTC V
0F2,PTC V
3C9,PTE V
BAF,PTP V
250,PTE V
2CE,PTP V
B6F,PTC V
F75,PTP V
5FE,PTP V
FF5,PTC V
825,PTE V
AD0,PTE V
D63,PTC V
14D,PTC V
0F2,PTE V
114,PTC V
9FB,PTP V
6EB,PTC V
D97,PTP V
3B1,PTE V
507,PTP V
07E,PTP V
2FC,PTC V
2C2,PTE V
507,PTC V
E42,PTC V
57A,PTP V
E48,PTP V
317,PTC V
DB2,PTC V
B22,PTC V
108,PTE V
46E,PTE V
F89,PTC V
DCB,PTC V
851,PTE V
A3C,PTP V
B83,PTP V
C61,PTE V
C3A,PTC V
DD4,PTP V
FA0,PTE V
64E,PTE V
4DA,PTE V
33F,PTP V
FB7,PTE V
DB3,PTP V
BC9,PTC V
773,PTP V
987,PTE V
CD9,PTC V
E0F,PTE V
B55,PTE V
D6A,PTP V
A64,PTC V
3DE,PTC V
6ED,PTP V
BB0,PTE V
34E,PTE V
B4E,PTC V
822,PTE V
E77,PTE V
ACB,PTE V
E03,PTP V
DCE,PTC V
7F1,PTC V
BFA,PTE V
C8E,PTC V
A24,PTC V
3E6,PTC V
CA1,PTP V
7AB,PTC V
0B7,PTC V
01F,PTE V
45F,PTP V
8F3,PTE V
64D,PTE V
E77,PTP V
98A,PTE V
815,PTC V
264,PTC V
69D,PTE V
43C,PTE V
12A,PTE V
B68,PTE V
CA2,PTP V
C6D,PTP V
964,PTC V
5BF,PTC V
FA3,PTE V
1AC,PTE V
C61,PTP V
33E,PTP V
4E2,PTE V
B2F,PTE V
C6B,PTE V
039,PTE V
DDB,PTP V
794,PTC V
378,PTP V
5F9,PTC V
941,PTC V
F8C,PTE V
3B0,PTE V
1EC,PTE V
512,PTC V
34B,PTE V
6EC,PTE V
23F,PTE V
3BA,PTC V
D29,PTC V
C6D,PTE V
A1D,PTP V
71A,PTE V
D3D,PTC V
AEF,PTE V
843,PTC V
113,PTP V
4BC,PTC V
E00,PTE V
8D5,PTC V
C9D,PTP V
796,PTE V
1E3,PTC V
D23,PTE V
913,PTP V
190,PTE V
19A,PTC V
8BE,PTP V
A9E,PTC V
F59,PTE V
2D8,PTP V
17A,PTC V
F86,PTC V
E3D,PTC V
AC7,PTP V
DB2,PTE V
7AB,PTP V
64E,PTE V
70B,PTE V
618,PTC V
13A,PTP V
438,PTC V
BA6,PTP V
99C,PTP V
AB9,PTE V
343,PTE V
964,PTE V
D8E,PTP V
9D1,PTC V
888,PTC V
03E,PTE V
2C2,PTE V
7F8,PTC V
F6B,PTE V
3F9,PTP V
885,PTC V
CDE,PTE V
BA9,PTP V
2CE,PTE V
C84,PTP V
33E,PTE V
950,PTP V
8BB,PTE V
E2A,PTC V
6E6,PTE V
02C,PTE V
0F1,PTC V
66E,PTE V
BD8,PTP V
6D7,PTE V
9A3,PTP V
987,PTE V
B3F,PTP V
5AC,PTC V
888,PTC V
B78,PTP V
62A,PTE V
C74,PTP V
2E1,PTE V
D42,PTP V
B19,PTP V
B09,PTC V
A67,PTE V
8F3,PTC V
585,PTE V
FC1,PTP V
A9F,PTP V
E72,PTP V
EFD,PTC V
099,PTP V
43C,PTE V
1DA,PTP V
CA2,PTC V
3DF,PTP V
6DA,PTE V
0B7,PTC V
833,PTP V
369,PTC V
359,PTC V
FA0,PTE V
227,PTE V
68E,PTC V
17E,PTP V
1E1,PTP V
3B6,PTP V
11B,PTP V
86B,PTP V
E9E,PTC V
A46,PTP V
3BB,PTP V
D56,PTP V
097,PTC V
955,PTE V
AB6,PTC V
A3E,PTE V
9EC,PTE V
5D4,PTC V
FC1,PTE V
1F6,PTP V
6BE,PTE V
5CB,PTP V
F8C,PTE V
D97,PTE V
EF4,PTP V
108,PTC V
AD0,PTE V
6E6,PTC V
2AB,PTE V
01A,PTE V
C82,PTC V
70A,PTP V
767,PTC V
07E,PTP V
BC9,PTC V
585,PTP V
E25,PTP V
6B0,PTE V
F1B,PTC V
EF8,PTC V
606,PTP V
5CF,PTE V
604,PTE V
D42,PTP V
5CE,PTP V
6A8,PTE V
B50,PTC V
A46,PTE V
1F3,PTE V
B02,PTE V
21D,PTC V
192,PTE V
604,PTC V
389,PTC V
CB2,PTC V
6EC,PTE V
8AB,PTC V
3B7,PTP V
B07,PTE V
A2F,PTE V
4D1,PTC V
231,PTP V
A24,PTE V
B83,PTP V
694,PTC V
742,PTC V
3F9,PTP V
822,PTC V
63A,PTC V
359,PTE V
678,PTC V
389,PTC V
3C1,PTP V
EA6,PTE V
8F9,PTC V
E77,PTP V
250,PTC V
C7A,PTE V
438,PTE V
17E,PTC V
3C9,PTP V
CD8,PTC V
9D4,PTE V
76A,PTC V
965,PTP V
8E4,PTC V
FB7,PTC V
FA0,PTE V
754,PTE V
42A,PTP V
718,PTP V
46E,PTC V
115,PTC V
552,PTP V
594,PTE V
B81,PTC V
FDA,PTP V
F34,PTC V
5BF,PTE V
A79,PTP V
129,PTC V
482,PTC V
DF7,PTC V
341,PTP V
BCF,PTP V
A80,PTP V
B6F,PTC V
328,PTP V
86F,PTE V
72F,PTC V
964,PTC V
4C1,PTC V
C7A,PTE V
EDE,PTP V
00F,PTP V
6A2,PTP V
49A,PTE V
039,PTE V
07A,PTP V
5FC,PTE V
DB2,PTP V
1F6,PTC V
158,PTE V
6E6,PTC V
BC4,PTE V
885,PTC V
66E,PTC V
5B2,PTP V
4BC,PTP V
65A,PTE V
637,PTE V
0F2,PTE V
108,PTP V
797,PTC V
767,PTE V
C8E,PTC V
8DC,PTP V
E09,PTC V
777,PTP V
D3D,PTE V
FAD,PTC V
3CF,PTP V
21E,PTP V
B1A,PTP V
A24,PTC V
434,PTE V
987,PTC V
EE1,PTE V
6E7,PTE V
973,PTP V
017,PTC V
955,PTC V
4D0,PTC V
C6D,PTE V
108,PTC V
48B,PTC V
2F1,PTP V
AE8,PTE V
F6B,PTC V
4A2,PTP V
825,PTC V
014,PTP V
ECF,PTE V
C6D,PTC V
B8A,PTP V
77A,PTC V
2E5,PTE V
A73,PTP V
AB0,PTP V
494,PTP V
FF1,PTE V
BB6,PTE V
1DF,PTE V
DF2,PTP V
44D,PTC V
2C2,PTE V
A1D,PTE V
9F9,PTC V
2D8,PTE V
8BB,PTE V
5B9,PTC V
359,PTE V
3F8,PTP V
8DC,PTC V
8DF,PTC V
F6B,PTP V
341,PTE V
5B9,PTE V
E5B,PTC V
63A,PTP V
5CF,PTC V
964,PTC V
17E,PTC V
6E6,PTE V
483,PTP V
F74,PTP V
DCE,PTC V
8E9,PTE V
A73,PTE V
CB2,PTE V
D3D,PTC V
4DA,PTE V
96D,PTP V
28E,PTE V
270,PTE V
38A,PTP V
518,PTP V
83B,PTC V
22A,PTP V
5A7,PTP V
00F,PTC V
DC0,PTE V
108,PTP V
1AA,PTC V
2CB,PTE V
3B9,PTE V
03E,PTP V
FFA,PTE V
039,PTC V
DE2,PTE V
C6D,PTP V
42B,PTC V
9B4,PTE V
720,PTP V
502,PTC V
95F,PTP V
03B,PTP V
25D,PTE V
4F6,PTP V
158,PTP V
CF3,PTC V
720,PTP V
CB2,PTP V
BFC,PTE V
C27,PTE V
C1F,PTE V
83A,PTP V
27C,PTC V
908,PTP V
214,PTC V
96F,PTE V
220,PTC V
1A8,PTE V
2D8,PTC V
A65,PTP V
78F,PTE V
742,PTP V
060,PTE V
4E2,PTP V
987,PTE V
950,PTP V
EBA,PTC V
D29,PTC V
A2F,PTP V
E72,PTP V
DC0,PTE V
F20,PTP V
0C0,PTP V
E67,PTP V
F8C,PTE V
453,PTE V
B8E,PTC V
B09,PTE V
BBD,PTC V
14B,PTC V
D50,PTP V
E92,PTC V
C55,PTE V
42A,PTE V
E18,PTC V
664,PTE V
B48,PTE V
3A7,PTC V
231,PTE V
C9D,PTC V
A02,PTE V
A02,PTE V
4F8,PTC V
70D,PTP V
F85,PTE V
F75,PTC V
72F,PTP V
DB2,PTE V
4F8,PTP V
83A,PTC V
A56,PTE V
973,PTP V
4D0,PTE V
572,PTP V
55E,PTE V
AB6,PTE V
2AB,PTP V
F8C,PTC V
D50,PTC V
BC4,PTP V
9FB,PTP V
DF7,PTE V
D7B,PTP V
AD0,PTE V
822,PTE V
B78,PTE V
FAD,PTE V
FA0,PTP V
77A,PTC V
CDE,PTC V
66E,PTC V
214,PTP V
BEE,PTP V
FAD,PTC V
CEF,PTC V
CD3,PTP V
114,PTE V
1B8,PTP V
2AB,PTP V
2CB,PTP V
923,PTC V
5B4,PTE V
494,PTP V
14E,PTE V
3E6,PTC V
FC5,PTE V
CB2,PTP V
9FD,PTP V
F1B,PTE V
4A0,PTC V
43C,PTC V
1AC,PTC V
18E,PTC V
6B2,PTE V
2E1,PTC V
C1C,PTE V
C98,PTC V
11B,PTP V
B6F,PTE V
71E,PTE V
2E5,PTC V
2C2,PTE V
16D,PTC V
039,PTP V
1EC,PTP V
FF1,PTE V
595,PTC V
8AB,PTC V
D29,PTE V
B78,PTC V
07E,PTP V
F7D,PTE V
9F9,PTC V
5CB,PTP V
20B,PTP V
0DB,PTC V
517,PTE V
DBB,PTE V
9D4,PTC V
B48,PTC V
F6B,PTC V
E18,PTP V
36F,PTP V
15F,PTP V
6ED,PTC V
6D7,PTE V
D56,PTC V
9B4,PTE V
CEF,PTE V
E85,PTP V
D40,PTC V
D40,PTE V
964,PTC V
7C4,PTP V
14B,PTC V
6E8,PTE V
0B2,PTP V
72C,PTE V
5B9,PTP V
843,PTC V
A56,PTC V
741,PTC V
721,PTP V
8C6,PTP V
47F,PTP V
678,PTC V
0F3,PTE V
3CF,PTE V
BB2,PTE V
324,PTP V
359,PTP V
CA2,PTP V
AA8,PTE V
D29,PTP V
83A,PTC V
DCF,PTE V
75D,PTP V
ACA,PTC V
0B7,PTP V
962,PTC V
FFE,PTE V
1EC,PTE V
1F4,PTP V
DF3,PTC V
B22,PTE V
251,PTC V
908,PTC V
07A,PTP V
D7F,PTC V
8FE,PTP V
B81,PTP V
FAD,PTC V
16D,PTE V
999,PTP V
01F,PTE V
A17,PTC V
E18,PTE V
725,PTE V
9B1,PTE V
714,PTE V
95C,PTP V
101,PTC V
A9F,PTC V
263,PTE V
594,PTP V
F79,PTC V
8B8,PTC V
12A,PTC V
332,PTE V
14D,PTE V
338,PTC V
0F2,PTP V
6D9,PTE V
413,PTC V
737,PTC V
A8E,PTE V
A1C,PTC V
79E,PTC V
A39,PTP V
987,PTC V
0D8,PTC V
FAD,PTC V
F48,PTE V
BE5,PTE V
270,PTC V
231,PTE V
F6A,PTC V
C1F,PTC V
4D0,PTC V
754,PTC V
99B,PTE V
595,PTE V
678,PTP V
F60,PTP V
DA9,PTC V
C74,PTP V
9C6,PTC V
F20,PTC V
797,PTP V
17E,PTE V
5D7,PTE V
C98,PTE V
002,PTP V
DDF,PTE V
833,PTP V
968,PTE V
538,PTC V
6E7,PTC V
FB3,PTP V
BA9,PTP V
D80,PTE V
471,PTE V
524,PTP V
2AB,PTP V
FA0,PTC V
DC9,PTC V
95C,PTP V
941,PTC V
11B,PTP V
40E,PTC V
2CE,PTE V
422,PTP V
A2A,PTC V
317,PTE V
D7B,PTP V
C74,PTC V
0F2,PTP V
492,PTP V
4E2,PTE V
7C4,PTP V
C1F,PTE V
C85,PTC V
A3E,PTC V
E54,PTP V
4C0,PTP V
501,PTP V
195,PTP V
E72,PTE V
742,PTC V
D60,PTE V
099,PTP V
843,PTC V
5C7,PTP V
34E,PTP V
359,PTE V
FDA,PTE V
D12,PTP V
A8B,PTC V
637,PTP V
359,PTC V
908,PTE V
935,PTP V
45D,PTC V
A05,PTE V
E03,PTC V
DB5,PTC V
FFE,PTP V
A8B,PTE V
595,PTP V
95C,PTE V
864,PTE V
3A3,PTE V
C08,PTE V
3BA,PTC V
2DA,PTP V
796,PTP V
B8A,PTE V
737,PTC V
A7C,PTC V
227,PTP V
EA4,PTP V
55C,PTP V
471,PTE V
214,PTE V
637,PTP V
5A7,PTC V
5CF,PTC V
C61,PTP V
324,PTE V
F75,PTP V
1BB,PTC V
341,PTE V
A46,PTP V
263,PTE V
D80,PTC V
3B0,PTP V
3C9,PTP V
913,PTE V
1EC,PTP V
1CB,PTP V
C17,PTE V
DC9,PTE V
2F9,PTC V
C6D,PTC V
0C5,PTE V
FB3,PTP V
A62,PTP V
9B1,PTE V
968,PTP V
718,PTE V
F74,PTE V
B78,PTE V
233,PTP V
075,PTE V
908,PTP V
B8E,PTP V
DEA,PTC V
E85,PTP V
CD3,PTC V
5F3,PTE V
86B,PTE V
4D1,PTC V
17E,PTC V
FE0,PTC V
C18,PTE V
341,PTP V
ED3,PTC V
DB3,PTP V
301,PTP V
0B7,PTP V
1F3,PTC V
115,PTC V
E06,PTE V
C1F,PTC V
0B7,PTP V
8FE,PTC V
585,PTP V
245,PTE V
A87,PTE V
F89,PTC V
A51,PTE V
F20,PTC V
119,PTC V
D3B,PTP V
594,PTP V
D8E,PTE V
E06,PTC V
517,PTE V
E50,PTC V
8BF,PTC V
DF3,PTP V
ACF,PTE V
D8E,PTP V
3AD,PTC V
DD0,PTC V
328,PTP V
4F8,PTE V
ABD,PTE V
49A,PTC V
FA6,PTE V
507,PTE V
62F,PTE V
465,PTP V
1DA,PTC V
EC6,PTC V
A17,PTC V
952,PTP V
B22,PTE V
FE6,PTP V
0C5,PTC V
23F,PTE V
814,PTE V
9FD,PTC V
950,PTE V
F45,PTP V
6DF,PTC V
822,PTP V
464,PTP V
453,PTP V
CEF,PTC V
79C,PTP V
B8A,PTE V
25D,PTE V
07E,PTP V
DCB,PTP V
7AB,PTC V
492,PTC V
43C,PTC V
C55,PTC V
602,PTP V
129,PTE V
DF7,PTE V
3E1,PTE V
E09,PTP V
987,PTC V
4C0,PTE V
72F,PTC V
EFD,PTP V
CEF,PTC V
814,PTP V
1FC,PTC V
BA9,PTE V
F2E,PTC V
EC6,PTE V
AD4,PTC V
BFA,PTC V
2E5,PTP V
183,PTE V
AB5,PTC V
ED3,PTE V
EA4,PTC V
E32,PTC V
D7F,PTE V
434,PTC V
3DF,PTC V
00F,PTP V
968,PTE V
320,PTP V
FFE,PTC V
9CF,PTC V
F86,PTC V
E77,PTP V
CED,PTP V
517,PTC V
00F,PTC V
421,PTC V
544,PTE V
773,PTC V
F18,PTP V
E9E,PTP V
98A,PTE V
EBB,PTC V
04B,PTP V
E65,PTE V
CA9,PTE V
BFA,PTP V
F60,PTC V
E4A,PTC V
246,PTP V
264,PTP V
DD0,PTP V
B8E,PTP V
79C,PTP V
F13,PTE V
D23,PTP V
C98,PTC V
55C,PTE V
650,PTE V
A64,PTE V
0D8,PTP V
CA9,PTP V
B36,PTP V
A40,PTP V
9B1,PTC V
14B,PTE V
01A,PTE V
204,PTE V
E8D,PTP V
DCF,PTE V
421,PTE V
0B5,PTC V
BA6,PTP V
991,PTP V
002,PTP V
F23,PTC V
3DE,PTE V
40E,PTE V
4BC,PTC V
25D,PTC V
0C5,PTE V
F7C,PTP V
F48,PTE V
7A9,PTC V
22A,PTP V
3F9,PTC V
A5D,PTC V
465,PTP V
E54,PTC V
C63,PTP V
492,PTC V
343,PTC V
E0F,PTE V
FFE,PTE V
492,PTE V
1CB,PTP V
664,PTC V
4C1,PTC V
187,PTC V
02C,PTC V
AFE,PTE V
524,PTP V
70A,PTP V
E48,PTE V
2CE,PTP V
7F8,PTP V
710,PTC V
735,PTE V
1EB,PTC V
FA0,PTP V
78F,PTP V
066,PTP V
D80,PTP V
964,PTE V
B2F,PTP V
70E,PTE V
1EB,PTC V
9B1,PTC V
43C,PTE V
464,PTE V
A8B,PTP V
37B,PTC V
24C,PTC V
982,PTC V
2E5,PTP V
317,PTP V
BB6,PTC V
CB2,PTC V
86B,PTC V
406,PTP V
572,PTE V
C34,PTE V
4BE,PTP V
4C7,PTE V
EF0,PTC V
D4B,PTP V
5B4,PTC V
2CB,PTP V
A5E,PTE V
252,PTP V
4B7,PTP V
718,PTP V
A62,PTE V
341,PTE V
018,PTP V
5BB,PTP V
01A,PTE V
AD0,PTP V
23C,PTC V
6EB,PTC V
968,PTP V
069,PTC V
0F2,PTC V
AC9,PTP V
BB6,PTE V
AD0,PTP V
D3D,PTP V
0DC,PTP V
33F,PTC V
A9D,PTP V
8B8,PTE V
9B2,PTE V
D60,PTP V
406,PTP V
8C6,PTC V
F87,PTC V
EA6,PTE V
3C1,PTP V
7B9,PTP V
3B9,PTC V
E76,PTE V
71E,PTC V
389,PTC V
422,PTE V
A79,PTP V
F85,PTP V
4C1,PTC V
7E0,PTE V
069,PTC V
1A8,PTE V
14D,PTC V
DA9,PTE V
777,PTC V
3B0,PTE V
EF2,PTE V
494,PTP V
1A8,PTE V
2F1,PTP V
410,PTC V
A27,PTP V
4C1,PTE V
618,PTP V
502,PTC V
766,PTC V
E00,PTC V
5B9,PTC V
E8D,PTC V
9FD,PTP V
797,PTC V
192,PTP V
899,PTP V
6A8,PTP V
8D5,PTC V
C7A,PTC V
A40,PTC V
802,PTP V
F48,PTP V
C93,PTE V
6A6,PTE V
E32,PTE V
501,PTC V
434,PTC V
454,PTE V
0B7,PTC V
D42,PTE V
039,PTP V
F7C,PTP V
8B2,PTP V
B02,PTC V
E9B,PTP V
8BF,PTP V
263,PTP V
82C,PTE V
D3B,PTP V
B8E,PTC V
FAD,PTE V
888,PTE V
950,PTC V
2F1,PTE V
A9E,PTE V
C18,PTP V
725,PTE V
955,PTC V
8C6,PTC V
52B,PTC V
851,PTC V
CA1,PTP V
A9F,PTE V
964,PTE V
1FC,PTE V
05F,PTE V
BB6,PTP V
585,PTP V
465,PTP V
F1B,PTE V
494,PTC V
7FF,PTP V
5D4,PTC V
6E8,PTC V
9D0,PTC V
968,PTC V
EF4,PTP V
3BA,PTE V
C5E,PTP V
410,PTE V
65A,PTC V
EF4,PTP V
320,PTC V
9AE,PTC V
740,PTE V
627,PTC V
EA4,PTE V
95F,PTE V
A46,PTE V
103,PTP V
BE5,PTE V
844,PTP V
14D,PTE V
92D,PTE V
01A,PTC V
A1D,PTP V
D2C,PTC V
82C,PTC V
A79,PTP V
A3E,PTP V
F14,PTP V
F61,PTC V
8E4,PTC V
76E,PTE V
A24,PTC V
EA6,PTE V
0F2,PTE V
115,PTP V
DE2,PTP V
17A,PTP V
D38,PTE V
7EB,PTP V
DEA,PTC V
F34,PTE V
718,PTP V
3B9,PTP V
382,PTC V
2AC,PTC V
FC1,PTP V
039,PTP V
587,PTC V
EB0,PTE V
4DF,PTP V
DF5,PTE V
0DC,PTE V
E8F,PTP V
317,PTE V
FC1,PTP V
CB2,PTP V
0F3,PTP V
418,PTP V
EB7,PTE V
018,PTP V
317,PTE V
D50,PTP V
108,PTC V
9FD,PTE V
073,PTC V
ECD,PTP V
7AB,PTE V
554,PTP V
0A3,PTP V
C61,PTE V
502,PTP V
C5D,PTE V
406,PTE V
451,PTE V
23C,PTC V
48A,PTP V
708,PTE V
CF9,PTC V
694,PTC V
A62,PTE V
59B,PTP V
B31,PTC V
748,PTC V
796,PTE V
8FA,PTP V
45F,PTP V
C61,PTE V
BE5,PTC V
47F,PTE V
F6A,PTP V
A27,PTC V
5D7,PTE V
21D,PTC V
09B,PTC V
D60,PTE V
3DF,PTC V
DA9,PTP V
595,PTP V
A62,PTP V
565,PTC V
1F3,PTC V
69B,PTP V
A8E,PTC V
AB5,PTC V
923,PTC V
A05,PTC V
0F2,PTP V
23F,PTP V
099,PTP V
F6B,PTE V
3A6,PTP V
A39,PTE V
D29,PTC V
FFE,PTP V
95C,PTC V
3DF,PTC V
3E6,PTE V
A64,PTP V
22C,PTP V
343,PTP V
341,PTP V
259,PTC V
720,PTP V
0DB,PTC V
8A2,PTP V
9AE,PTP V
6C9,PTP V
7FF,PTP V
1CB,PTC V
D38,PTP V
43C,PTC V
DF3,PTP V
E85,PTE V
4A1,PTE V
8FA,PTE V
E65,PTP V
2AB,PTE V
70E,PTE V
5C6,PTE V
192,PTP V
BA6,PTC V
DF5,PTP V
A9F,PTE V
694,PTP V
D85,PTE V
E8D,PTP V
D8E,PTE V
C55,PTE V
097,PTC V
24C,PTC V
637,PTE V
86F,PTP V
24A,PTE V
0F3,PTP V
95D,PTE V
B81,PTP V
DE8,PTE V
A27,PTE V
14E,PTE V
C62,PTC V
4D1,PTE V
6DA,PTP V
9FB,PTC V
8F9,PTC V
DB0,PTC V
2DF,PTP V
0DC,PTE V
766,PTE V
099,PTC V
17E,PTE V
014,PTC V
923,PTP V
E4D,PTC V
AB5,PTC V
D7F,PTC V
833,PTC V
36F,PTE V
4B7,PTE V
2AC,PTE V
A9F,PTC V
DEA,PTE V
B5A,PTC V
039,PTE V
E1B,PTC V
594,PTC V
DB2,PTE V
1EB,PTP V
33F,PTC V
C85,PTE V
A9F,PTP V
F9E,PTE V
9D4,PTP V
CA9,PTC V
794,PTE V
4D0,PTP V
B78,PTC V
3B6,PTP V
3A6,PTE V
62F,PTP V
177,PTC V
BB4,PTE V
F8A,PTE V
113,PTC V
2BD,PTC V
D50,PTP V
5B7,PTC V
FA6,PTE V
4DE,PTE V
B15,PTC V
69B,PTP V
149,PTE V
C08,PTE V
DF5,PTP V
05F,PTC V
A1A,PTP V
08C,PTC V
122,PTE V
8D5,PTE V
F23,PTP V
8F9,PTP V
F9E,PTE V
FAD,PTC V
FB5,PTP V
A82,PTP V
ADA,PTC V
BA6,PTC V
FF0,PTP V
9A3,PTC V
E92,PTC V
FA3,PTE V
55F,PTP V
3DF,PTC V
3C1,PTC V
66E,PTE V
4A1,PTP V
377,PTC V
718,PTE V
8E4,PTC V
A9D,PTP V
E76,PTC V
3FC,PTP V
F60,PTE V
3DF,PTP V
185,PTE V
A56,PTC V
F86,PTE V
1BB,PTC V
54E,PTP V
E82,PTC V
A2F,PTP V
BE0,PTE V
518,PTC V
983,PTP V
6E6,PTC V
413,PTE V
86E,PTP V
2E5,PTP V
C1F,PTE V
C14,PTC V
369,PTC V
001,PTE V
3B3,PTC V
B5A,PTP V
CB2,PTP V
D4B,PTC V
979,PTE V
A79,PTE V
735,PTP V
2F1,PTP V
B68,PTP V
C5E,PTC V
2F1,PTP V
CD2,PTC V
C1F,PTC V
3A8,PTP V
7A3,PTE V
425,PTP V
ABD,PTE V
919,PTE V
3FC,PTP V
FF0,PTC V
E8F,PTE V
F7C,PTP V
EBC,PTP V
3B9,PTP V
3B9,PTC V
CEB,PTP V
754,PTP V
CE8,PTC V
4BE,PTE V
FC1,PTE V
E43,PTP V
A80,PTP V
931,PTC V
A40,PTE V
888,PTE V
65A,PTC V
20B,PTE V
5B2,PTE V
DA9,PTE V
4C0,PTC V
34E,PTE V
DBD,PTP V
36F,PTP V
9D0,PTE V
DCD,PTP V
F79,PTP V
72F,PTE V
777,PTC V
7F1,PTC V
55F,PTE V
E18,PTC V
968,PTP V
40E,PTP V
DCB,PTP V
185,PTE V
08C,PTE V
01F,PTE V
FAD,PTC V
CE7,PTC V
96D,PTP V
98A,PTE V
A71,PTE V
E1B,PTP V
8C6,PTC V
BCF,PTP V
2DF,PTC V
D3D,PTC V
03F,PTE V
138,PTC V
341,PTP V
839,PTP V
8AA,PTE V
A46,PTE V
E6F,PTE V
86D,PTP V
3A6,PTC V
F13,PTP V
1F7,PTE V
328,PTP V
7A3,PTP V
E92,PTE V
C93,PTE V
5CF,PTE V
0B7,PTP V
195,PTP V
964,PTP V
7CA,PTE V
4A2,PTC V
98A,PTP V
D87,PTP V
585,PTE V
F53,PTP V
1E2,PTE V
A23,PTC V
043,PTE V
C5D,PTP V
FA0,PTE V
44D,PTC V
70D,PTP V
BB0,PTP V
777,PTC V
9CF,PTP V
766,PTP V
BFA,PTC V
113,PTE V
B5A,PTE V
512,PTC V
1EC,PTE V
9E2,PTP V
A1E,PTP V
BC4,PTP V
56D,PTE V
464,PTP V
BC4,PTC V
5B2,PTP V
22A,PTC V
DCF,PTP V
5C8,PTE V
6A1,PTC V
E48,PTC V
E11,PTC V
103,PTE V
F92,PTE V
2F9,PTE V
CD8,PTE V
8DC,PTC V
766,PTC V
F8C,PTE V
BEC,PTE V
301,PTP V
79C,PTC V
624,PTE V
CD8,PTE V
DBB,PTE V
C15,PTP V
087,PTP V
DF2,PTE V
8EC,PTP V
844,PTP V
B2F,PTC V
99E,PTE V
03E,PTC V
6D7,PTE V
987,PTP V
CD2,PTP V
4D1,PTE V
41D,PTC V
931,PTP V
2D7,PTE V
D83,PTC V
F92,PTP V
463,PTE V
FF5,PTC V
F45,PTC V
8D5,PTP V
987,PTC V
0A3,PTE V
740,PTP V
1E1,PTP V
5FE,PTE V
DCF,PTP V
E5B,PTC V
C04,PTE V
33C,PTE V
C6B,PTP V
A04,PTE V
4C1,PTE V
E76,PTC V
A65,PTE V
4E2,PTE V
7FF,PTE V
A8B,PTC V
B01,PTE V
16E,PTE V
E5A,PTC V
CA8,PTP V
DEA,PTP V
108,PTP V
E85,PTE V
FA0,PTC V
F53,PTC V
D56,PTP V
DCE,PTE V
B19,PTP V
A23,PTC V
338,PTC V
B01,PTE V
58B,PTC V
63A,PTE V
C3B,PTE V
919,PTP V
E54,PTE V
190,PTC V
F18,PTC V
187,PTC V
687,PTP V
767,PTE V
039,PTE V
987,PTE V
6B2,PTC V
735,PTE V
F1B,PTP V
4D1,PTC V
75D,PTP V
0D9,PTC V
4D1,PTE V
5FD,PTP V
EDE,PTE V
572,PTE V
1F7,PTP V
36F,PTP V
E8D,PTP V
01A,PTE V
63A,PTE V
779,PTP V
0F1,PTP V
359,PTP V
99B,PTP V
F75,PTC V
2F9,PTE V
2DF,PTE V
6EC,PTC V
973,PTE V
D42,PTC V
453,PTP V
65A,PTP V
43C,PTP V
DB5,PTP V
B0A,PTP V
DB5,PTE V
CD2,PTP V
773,PTE V
A1E,PTP V
425,PTP V
1E2,PTC V
2DA,PTP V
6B0,PTP V
20B,PTC V
70E,PTC V
227,PTC V
AA8,PTE V
E85,PTE V
0A9,PTP V
406,PTP V
1DA,PTP V
6A1,PTE V
618,PTE V
5CE,PTP V
708,PTC V
8C6,PTP V
AB9,PTE V
A46,PTC V
E32,PTP V
982,PTP V
36F,PTE V
D2C,PTP V
B4E,PTE V
D60,PTE V
DF0,PTC V
2AB,PTE V
8B2,PTP V
7FE,PTE V
6BA,PTC V
EC6,PTE V
DB3,PTE V
45F,PTC V
EB7,PTC V
95D,PTE V
A96,PTE V
EC9,PTC V
E00,PTE V
A80,PTE V
02C,PTP V
A87,PTE V
D50,PTE V
3E6,PTC V
263,PTP V
82C,PTE V
725,PTP V
5D7,PTC V
01A,PTP V
28A,PTC V
B2F,PTP V
BCF,PTP V
E85,PTE V
7F8,PTC V
517,PTP V
90A,PTE V
369,PTP V
3B9,PTE V
F34,PTP V
E11,PTP V
15F,PTP V
95F,PTE V
57A,PTC V
441,PTP V
F1B,PTP V
664,PTE V
9A7,PTC V
6E6,PTC V
888,PTE V
DCE,PTC V
BEE,PTP V
BA6,PTP V
BB6,PTP V
060,PTP V
B55,PTP V
90A,PTC V
101,PTE V
DB4,PTC V
754,PTE V
987,PTP V
ACA,PTE V
204,PTP V
A65,PTC V
71E,PTE V
2AC,PTP V
451,PTE V
815,PTE V
740,PTE V
3DF,PTE V
E09,PTC V
814,PTC V
E9B,PTP V
413,PTE V
21E,PTP V
434,PTE V
250,PTE V
14D,PTE V
E22,PTP V
B55,PTE V
07A,PTC V
D97,PTE V
962,PTE V
24C,PTC V
01F,PTC V
C5D,PTC V
483,PTP V
A1E,PTC V
B0A,PTC V
C98,PTC V
F92,PTP V
4F6,PTE V
389,PTC V
E32,PTE V
F20,PTC V
12A,PTP V
9D4,PTE V
FF0,PTC V
9FB,PTP V
CD9,PTE V
A37,PTE V
CF6,PTC V
947,PTP V
48B,PTP V
DBD,PTE V
86F,PTP V
BEC,PTC V
5FC,PTP V
471,PTP V
B02,PTC V
913,PTC V
A5D,PTC V
6D7,PTP V
C7A,PTC V
4B7,PTC V
BF4,PTC V
BBD,PTP V
E06,PTE V
214,PTE V
C62,PTE V
825,PTC V
3F9,PTP V
0F2,PTP V
741,PTE V
E77,PTP V
DBB,PTP V
843,PTP V
B83,PTE V
9A8,PTC V
5B2,PTP V
735,PTE V
D1A,PTP V
1EC,PTE V
872,PTE V
4A0,PTP V
25D,PTE V
33F,PTC V
F85,PTE V
1E1,PTE V
8E4,PTP V
D23,PTE V
69B,PTC V
4C1,PTE V
8A9,PTC V
744,PTC V
46E,PTP V
1E6,PTE V
518,PTE V
544,PTC V
55E,PTP V
F75,PTC V
454,PTP V
45D,PTC V
70B,PTC V
742,PTC V
B07,PTC V
CF9,PTE V
4D0,PTC V
572,PTC V
9E2,PTP V
4C1,PTC V
12A,PTE V
243,PTC V
0C0,PTC V
4D0,PTE V
5F1,PTE V
BBC,PTE V
341,PTP V
2AB,PTP V
0F2,PTP V
843,PTC V
DCF,PTC V
03B,PTE V
2CE,PTP V
FA6,PTC V
2F1,PTP V
A64,PTC V
982,PTP V
F6B,PTC V
ECD,PTE V
D54,PTE V
1F6,PTE V
48A,PTP V
CA2,PTE V
A1E,PTP V
FE3,PTE V
060,PTC V
517,PTE V
F09,PTP V
DB4,PTC V
187,PTC V
83B,PTP V
07E,PTC V
259,PTE V
B50,PTP V
A9D,PTP V
AE8,PTP V
8D5,PTC V
02C,PTC V
901,PTP V
251,PTE V
039,PTP V
B5B,PTC V
00F,PTE V
987,PTP V
EC9,PTP V
465,PTE V
2D7,PTC V
940,PTC V
ED3,PTP V
D97,PTC V
968,PTC V
04B,PTC V
964,PTP V
34B,PTC V
789,PTP V
4C0,PTC V
4C1,PTC V
E82,PTE V
65A,PTC V
A23,PTE V
08C,PTP V
931,PTC V
425,PTE V
A5D,PTE V
595,PTC V
DEA,PTP V
5C6,PTC V
63A,PTP V
B8E,PTC V
DBD,PTE V
324,PTE V
512,PTC V
7A3,PTP V
ACF,PTP V
78F,PTP V
492,PTP V
E76,PTP V
4C1,PTE V
F09,PTE V
7CA,PTE V
F9E,PTC V
86D,PTP V
B31,PTC V
A1C,PTC V
9C6,PTC V
2E1,PTC V
E06,PTE V
9EC,PTE V
E05,PTE V
42A,PTE V
735,PTP V
EBF,PTE V
3E1,PTE V
9A8,PTC V
EC0,PTE V
CB2,PTC V
DF3,PTP V
BB6,PTP V
74E,PTP V
378,PTE V
A1E,PTP V
E8F,PTE V
565,PTC V
CD8,PTE V
964,PTC V
46E,PTC V
EBB,PTE V
62F,PTE V
149,PTE V
AB0,PTC V
E06,PTP V
973,PTE V
226,PTP V
0A7,PTP V
9EC,PTE V
D7B,PTC V
86D,PTP V
B6F,PTE V
0B2,PTE V
2E1,PTC V
A87,PTC V
052,PTE V
8AB,PTP V
687,PTC V
438,PTE V
9A7,PTP V
B2F,PTC V
CED,PTC V
742,PTP V
EDE,PTE V
57A,PTE V
3E6,PTC V
544,PTE V
A79,PTE V
789,PTE V
C14,PTC V
0ED,PTP V
133,PTC V
844,PTP V
A3C,PTP V
C98,PTC V
7FF,PTC V
A46,PTC V
AFE,PTE V
63F,PTC V
001,PTC V
6C9,PTC V
8D5,PTC V
7F1,PTC V
A64,PTC V
043,PTE V
04B,PTP V
AB0,PTE V
AB6,PTE V
15C,PTP V
F6B,PTC V
74E,PTC V
98A,PTC V
320,PTE V
059,PTP V
1FC,PTE V
624,PTP V
BFA,PTE V
AE7,PTP V
5D7,PTE V
066,PTE V
7A9,PTC V
245,PTC V
A46,PTE V
195,PTC V
544,PTE V
DF3,PTP V
9BC,PTC V
5B6,PTE V
14B,PTP V
814,PTP V
FF1,PTE V
E9E,PTC V
965,PTE V
A82,PTE V
FF0,PTP V
2F9,PTC V
48A,PTC V
8FE,PTC V
5C6,PTC V
AE8,PTC V
EA6,PTP V
DB3,PTP V
A87,PTC V
720,PTC V
C08,PTC V
113,PTE V
E72,PTP V
108,PTP V
B15,PTP V
CA9,PTP V
779,PTE V
5BF,PTE V
B8A,PTP V
1FC,PTE V
2CE,PTE V
3B3,PTP V
14B,PTP V
4A0,PTP V
A5E,PTE V
34B,PTP V
C04,PTE V
979,PTC V
338,PTC V
017,PTP V
6BA,PTE V
B8E,PTE V
EB7,PTE V
37B,PTC V
ABD,PTP V
0B5,PTC V
039,PTP V
22C,PTE V
187,PTE V
119,PTC V
78F,PTC V
231,PTC V
70D,PTE V
A7C,PTP V
A73,PTC V
C62,PTC V
A87,PTE V
FD8,PTC V
183,PTE V
BA6,PTP V
0A7,PTE V
18E,PTE V
D83,PTC V
833,PTC V
95C,PTP V
DD4,PTP V
4F6,PTC V
E65,PTE V
FFA,PTP V
77A,PTP V
FA0,PTC V
0D9,PTP V
34B,PTP V
FC1,PTP V
088,PTE V
594,PTP V
C63,PTE V
C68,PTP V
2F9,PTC V
7FE,PTP V
204,PTP V
6EC,PTE V
328,PTP V
C85,PTC V
465,PTC V
B0A,PTP V
8BE,PTP V
060,PTC V
E82,PTE V
802,PTP V
177,PTE V
71E,PTC V
E82,PTP V
7F8,PTE V
A64,PTC V
087,PTE V
5F9,PTE V
227,PTC V
5B7,PTE V
8DF,PTC V
7AB,PTP V
453,PTC V
494,PTE V
749,PTE V
061,PTE V
6A1,PTP V
71E,PTE V
BB2,PTP V
12A,PTE V
72F,PTC V
DCD,PTP V
3F8,PTE V
A7C,PTE V
AD0,PTC V
517,PTE V
EDC,PTP V
9CF,PTE V
03B,PTP V
CDE,PTC V
073,PTC V
2D8,PTE V
1EB,PTC V
5FC,PTE V
AB9,PTE V
DF2,PTC V
1EC,PTC V
BF3,PTC V
C62,PTC V
635,PTE V
2CB,PTC V
64E,PTC V
6D1,PTP V
BEE,PTE V
463,PTE V
A27,PTE V
66E,PTC V
F14,PTE V
CA2,PTE V
721,PTE V
92C,PTP V
EBC,PTP V
C98,PTC V
B1A,PTE V
65A,PTC V
6E7,PTE V
B83,PTE V
79E,PTC V
F89,PTP V
56D,PTC V
335,PTE V
BE0,PTE V
2F1,PTC V
9B4,PTE V
962,PTP V
CB2,PTP V
B6F,PTP V
F6A,PTC V
CA8,PTC V
5FC,PTE V
DC9,PTC V
6A1,PTC V
98A,PTP V
8D5,PTE V
D12,PTE V
5F9,PTP V
E0F,PTE V
AD0,PTP V
A02,PTC V
721,PTC V
62F,PTC V
5D4,PTE V
FB7,PTE V
0C0,PTE V
4D0,PTC V
6E6,PTE V
1BB,PTP V
246,PTC V
B8E,PTC V
F7C,PTC V
12A,PTE V
C7A,PTC V
15B,PTE V
F7D,PTE V
BC4,PTC V
5CF,PTC V
D54,PTE V
DB3,PTC V
FD8,PTP V
34B,PTC V
86B,PTE V
730,PTE V
982,PTP V
214,PTP V
3A7,PTP V
EF4,PTC V
2DE,PTC V
F87,PTP V
773,PTP V
C31,PTC V
001,PTP V
572,PTE V
DDB,PTC V
CA2,PTE V
33F,PTC V
95D,PTP V
018,PTP V
B82,PTP V
AEF,PTE V
718,PTE V
E5B,PTP V
61B,PTE V
EC9,PTE V
60B,PTE V
002,PTC V
69D,PTE V
E18,PTC V
33C,PTE V
3B6,PTP V
8E9,PTP V
2FC,PTP V
E54,PTC V
F7D,PTC V
BA6,PTE V
DB0,PTC V
A04,PTP V
99E,PTP V
E76,PTC V
4C0,PTC V
E43,PTP V
45D,PTE V
4E2,PTC V
3B7,PTE V
5D4,PTE V
595,PTC V
F13,PTE V
DA9,PTP V
13A,PTE V
9B2,PTC V
B0A,PTC V
E70,PTE V
982,PTE V
FD8,PTE V
CD9,PTE V
5B6,PTP V
519,PTP V
5D4,PTE V
FB3,PTE V
5F3,PTC V
C98,PTE V
D42,PTP V
2E9,PTP V
517,PTE V
9F9,PTP V
ACF,PTC V
694,PTC V
17A,PTE V
844,PTP V
E42,PTE V
6D7,PTP V
9FD,PTC V
2F1,PTP V
264,PTC V
3A8,PTC V
DB4,PTP V
8AB,PTE V
808,PTC V
1F7,PTC V
1EC,PTP V
A9E,PTP V
71A,PTC V
9B3,PTE V
61B,PTP V
01F,PTP V
214,PTE V
220,PTC V
86F,PTE V
389,PTE V
CD8,PTP V
2BD,PTE V
7F1,PTP V
0F1,PTC V
54E,PTE V
DF7,PTC V
7FF,PTP V
17A,PTE V
465,PTP V
95F,PTC V
A36,PTC V
E09,PTP V
FC1,PTC V
B7A,PTE V
2D7,PTE V
4D1,PTE V
DE8,PTE V
0B7,PTC V
6D1,PTE V
48A,PTE V
060,PTP V
9EC,PTP V
A14,PTE V
62A,PTP V
DB2,PTC V
EDE,PTE V
B5B,PTE V
6B1,PTE V
EBF,PTP V
6BA,PTE V
D40,PTP V
119,PTP V
AEF,PTE V
C27,PTP V
22C,PTC V
FA3,PTP V
3C1,PTE V
5D7,PTE V
317,PTE V
AD5,PTE V
ECD,PTP V
74E,PTE V
3CF,PTP V
8F9,PTE V
097,PTE V
E2A,PTP V
A1A,PTC V
099,PTE V
FD8,PTC V
4C0,PTP V
A17,PTP V
4DF,PTE V
F4D,PTP V
BD8,PTC V
E85,PTC V
A46,PTC V
919,PTE V
DE8,PTE V
6A1,PTE V
CD2,PTC V
22A,PTP V
DCE,PTP V
E5A,PTC V
9F9,PTP V
A2A,PTC V
519,PTC V
B8E,PTE V
ECF,PTP V
039,PTE V
341,PTC V
3CF,PTP V
7FE,PTE V
422,PTC V
5CB,PTC V
62F,PTP V
6B2,PTP V
4D1,PTP V
9CF,PTC V
E54,PTC V
973,PTE V
95D,PTP V
572,PTC V
259,PTP V
676,PTE V
088,PTE V
2DE,PTE V
3A3,PTE V
0C5,PTE V
1BB,PTP V
22A,PTP V
CD2,PTE V
E4D,PTE V
0AD,PTP V
D23,PTP V
4F8,PTC V
DCD,PTP V
77A,PTE V
E4A,PTE V
992,PTE V
073,PTE V
BB0,PTP V
825,PTP V
F60,PTE V
D8E,PTE V
A40,PTC V
92F,PTC V
C5E,PTP V
740,PTE V
D3D,PTP V
FE6,PTP V
389,PTP V
1A8,PTE V
7FE,PTC V
C8E,PTP V
17A,PTC V
979,PTC V
185,PTE V
F53,PTE V
955,PTE V
54E,PTC V
9BB,PTC V
C68,PTE V
964,PTC V
947,PTE V
483,PTP V
5DA,PTE V
70D,PTC V
86D,PTP V
48B,PTE V
EC0,PTE V
451,PTC V
910,PTE V
F13,PTP V
A2F,PTC V
ECF,PTE V
252,PTP V
65A,PTC V
119,PTP V
945,PTP V
587,PTC V
D8E,PTC V
55C,PTP V
09B,PTP V
A1D,PTP V
BB6,PTC V
71E,PTP V
7EB,PTP V
6E6,PTC V
2E1,PTE V
3FC,PTE V
187,PTP V
6EC,PTE V
98A,PTC V
68E,PTC V
71A,PTC V
F18,PTC V
D2C,PTE V
07E,PTC V
CD3,PTC V
3C1,PTE V
635,PTC V
595,PTC V
059,PTP V
9A3,PTC V
D7B,PTC V
4DF,PTE V
EF8,PTE V
EBA,PTP V
FE3,PTC V
49A,PTP V
DB3,PTP V
498,PTE V
B48,PTC V
2AC,PTE V
A82,PTC V
2E1,PTE V
CCB,PTP V
DCF,PTE V
FE0,PTP V
DA5,PTE V
5D4,PTP V
4B7,PTP V
27C,PTP V
585,PTP V
CE7,PTC V
8BB,PTC V
565,PTE V
3C1,PTP V
338,PTP V
F18,PTC V
E48,PTC V
FA6,PTE V
E85,PTC V
3B0,PTE V
EC3,PTC V
4DA,PTE V
FA6,PTE V
D3D,PTC V
CF3,PTP V
422,PTP V
EC9,PTP V
9C6,PTE V
BEC,PTC V
3A7,PTE V
9B3,PTE V
6D9,PTC V
5CF,PTE V
9EC,PTE V
3C9,PTP V
A8E,PTP V
864,PTC V
767,PTE V
FC1,PTE V
86D,PTE V
5F9,PTE V
108,PTE V
087,PTE V
721,PTC V
220,PTP V
D50,PTC V
18E,PTC V
130,PTP V
572,PTP V
1E1,PTC V
582,PTP V
243,PTP V
901,PTC V
A02,PTE V
714,PTP V
F92,PTE V
767,PTE V
538,PTE V
33E,PTE V
F59,PTP V
108,PTE V
8E4,PTE V
043,PTE V
1DF,PTE V
9A8,PTE V
83A,PTE V
544,PTC V
E22,PTC V
C84,PTP V
3A8,PTE V
825,PTE V
86D,PTC V
3B7,PTP V
572,PTC V
754,PTP V
F53,PTP V
815,PTP V
6EB,PTE V
582,PTC V
3DE,PTC V
3C1,PTC V
C6B,PTC V
8DC,PTC V
243,PTE V
9EC,PTC V
F8C,PTC V
324,PTP V
341,PTE V
42B,PTP V
471,PTP V
AD5,PTC V
59B,PTP V
952,PTC V
1DF,PTC V
DC9,PTC V
1A8,PTE V
C5E,PTE V
5F3,PTC V
195,PTP V
20B,PTP V
5C6,PTE V
0F3,PTC V
FA5,PTE V
5DA,PTC V
33F,PTC V
BB6,PTE V
899,PTE V
A3E,PTE V
D56,PTC V
E2A,PTP V
DE8,PTE V
ACA,PTC V
982,PTC V
7F8,PTP V
ED3,PTE V
FFA,PTP V
156,PTE V
1D4,PTE V
742,PTC V
8C6,PTC V
2AC,PTC V
149,PTE V
9D1,PTP V
4F8,PTE V
D87,PTP V
A24,PTC V
98A,PTE V
F20,PTC V
512,PTE V
FA6,PTP V
83A,PTE V
492,PTP V
9B2,PTC V
F13,PTE V
1AA,PTP V
735,PTP V
BB4,PTC V
A05,PTC V
1F4,PTE V
767,PTP V
767,PTP V
119,PTC V
C31,PTC V
A65,PTC V
779,PTE V
5BB,PTC V
250,PTE V
F51,PTC V
D8E,PTC V
03B,PTC V
3B1,PTP V
814,PTC V
451,PTC V
CF6,PTP V
1F6,PTC V
7F8,PTE V
A5D,PTP V
E42,PTC V
4C1,PTP V
0F2,PTE V
DF2,PTC V
888,PTP V
43C,PTP V
554,PTE V
EBF,PTE V
FAD,PTP V
17A,PTP V
E09,PTP V
DD4,PTC V
7C5,PTP V
F85,PTP V
55F,PTE V
BB6,PTP V
538,PTP V
FA6,PTP V
8DC,PTE V
259,PTC V
156,PTE V
A05,PTC V
3F8,PTC V
017,PTE V
941,PTP V
D50,PTE V
F14,PTE V
FA5,PTP V
341,PTE V
F59,PTC V
AEF,PTE V
FFA,PTE V
992,PTE V
50C,PTC V
195,PTC V
FD8,PTE V
DD0,PTC V
EC3,PTC V
68E,PTE V
DCB,PTE V
604,PTE V
D40,PTC V
A39,PTE V
4F6,PTE V
BBC,PTC V
3A6,PTE V
214,PTE V
AD0,PTC V
A9D,PTP V
E92,PTC V
452,PTP V
34E,PTE V
964,PTC V
099,PTP V
99C,PTE V
518,PTE V
5F9,PTC V
17A,PTP V
5C6,PTC V
3A7,PTC V
92F,PTE V
21D,PTP V
6B0,PTP V
519,PTE V
E25,PTE V
243,PTP V
5BB,PTP V
0A9,PTP V
CEF,PTP V
517,PTE V
808,PTP V
BA9,PTE V
1E3,PTE V
CD8,PTP V
AB6,PTE V
6EC,PTE V
B6F,PTE V
D29,PTE V
CA2,PTC V
369,PTE V
4C6,PTE V
F89,PTE V
4D1,PTE V
825,PTP V
720,PTC V
714,PTP V
3B3,PTC V
5D4,PTC V
043,PTP V
C17,PTP V
814,PTC V
DF2,PTC V
8DF,PTC V
A36,PTP V
452,PTC V
9CF,PTC V
42B,PTP V
C3B,PTC V
6BA,PTE V
DCF,PTE V
4C6,PTP V
C55,PTP V
D87,PTE V
5CF,PTE V
96C,PTC V
AD0,PTE V
587,PTP V
6D7,PTC V
D23,PTP V
D39,PTE V
DF3,PTE V
A64,PTC V
741,PTE V
4BC,PTP V
3A8,PTP V
6ED,PTC V
B8E,PTP V
B3F,PTP V
A27,PTE V
544,PTP V
DB3,PTP V
C17,PTE V
4F6,PTP V
A80,PTC V
4DF,PTP V
8DC,PTE V
DB2,PTC V
F79,PTE V
EEE,PTP V
5C8,PTP V
7E0,PTC V
9E2,PTE V
5B6,PTP V
060,PTP V
B36,PTC V
0AD,PTE V
185,PTP V
E25,PTE V
E82,PTC V
418,PTE V
AEF,PTC V
220,PTC V
FB5,PTP V
ACA,PTP V
17A,PTC V
EBB,PTE V
45D,PTP V
E22,PTE V
931,PTC V
507,PTC V
71E,PTE V
CD8,PTP V
B34,PTC V
C31,PTP V
49A,PTP V
2DE,PTP V
A1A,PTC V
E6F,PTP V
8E4,PTE V
FDA,PTP V
635,PTP V
4BE,PTE V
1DA,PTP V
721,PTE V
3B0,PTE V
195,PTP V
5FE,PTP V
72F,PTE V
AEF,PTC V
258,PTE V
C55,PTC V
AF3,PTE V
90D,PTC V
C08,PTE V
187,PTE V
A79,PTE V
D97,PTE V
D6A,PTP V
FA3,PTP V
2A9,PTE V
86E,PTP V
983,PTP V
DD4,PTE V
209,PTE V
ADA,PTP V
3B6,PTE V
226,PTC V
453,PTP V
47B,PTP V
2DF,PTC V
059,PTP V
6BE,PTE V
61B,PTE V
4B8,PTP V
B2F,PTE V
C61,PTC V
4C7,PTE V
6E6,PTE V
5A7,PTC V
CF9,PTE V
2F9,PTC V
D1A,PTC V
094,PTE V
52B,PTC V
3C9,PTP V
EF4,PTE V
AFE,PTE V
E18,PTE V
9CF,PTC V
888,PTP V
919,PTP V
F59,PTP V
15C,PTC V
EF0,PTC V
519,PTC V
BFA,PTE V
A51,PTP V
56D,PTC V
B68,PTC V
2DF,PTC V
18E,PTP V
F51,PTP V
ACB,PTE V
F61,PTC V
07A,PTC V
6ED,PTE V
5D7,PTE V
3F8,PTP V
BC4,PTC V
19A,PTP V
16E,PTE V
EAD,PTE V
FE0,PTP V
DB4,PTC V
EC3,PTE V
BF4,PTP V
434,PTC V
7A9,PTC V
F45,PTC V
EBC,PTE V
D87,PTE V
9BC,PTC V
4B7,PTC V
B15,PTP V
6FF,PTP V
149,PTC V
98A,PTE V
18E,PTE V
991,PTC V
043,PTC V
919,PTC V
90D,PTC V
6ED,PTC V
EB7,PTE V
4D1,PTC V
438,PTE V
F85,PTE V
CE8,PTE V
70D,PTE V
48B,PTC V
2AC,PTP V
E3D,PTC V
57A,PTP V
486,PTE V
DA9,PTP V
C1F,PTP V
FF0,PTE V
33C,PTC V
039,PTC V
C14,PTC V
ECF,PTP V
342,PTP V
17A,PTP V
517,PTC V
2DA,PTE V
483,PTP V
498,PTE V
DCD,PTP V
4E2,PTP V
EBB,PTC V
4F8,PTC V
E6F,PTC V
5CB,PTP V
CE8,PTP V
D38,PTC V
964,PTP V
301,PTP V
627,PTC V
DCF,PTE V
62A,PTE V
04B,PTC V
E85,PTP V
507,PTE V
DA9,PTE V
1B8,PTC V
28A,PTE V
941,PTP V
101,PTP V
156,PTC V
01A,PTP V
86B,PTE V
CD3,PTP V
AB5,PTP V
421,PTC V
70E,PTE V
627,PTC V
A3E,PTP V
676,PTP V
B2F,PTC V
CD3,PTC V
2A8,PTP V
320,PTC V
DCB,PTP V
A05,PTE V
421,PTE V
987,PTC V
B19,PTP V
463,PTE V
E00,PTP V
EF0,PTC V
226,PTC V
EC0,PTP V
0A7,PTP V
2D8,PTP V
EA6,PTE V
DCF,PTE V
FC5,PTP V
748,PTC V
FB5,PTE V
9B1,PTP V
B36,PTC V
721,PTC V
3B7,PTP V
708,PTP V
A02,PTE V
77A,PTE V
2F1,PTC V
9D4,PTE V
2BD,PTP V
AB9,PTE V
E8F,PTC V
0B2,PTP V
964,PTE V
517,PTP V
F61,PTC V
3C9,PTE V
8A9,PTE V
B3F,PTP V
F7C,PTC V
E43,PTC V
D3B,PTE V
EC6,PTE V
79C,PTP V
E4A,PTE V
9CF,PTC V
1F7,PTC V
122,PTC V
E92,PTE V
90D,PTP V
5AD,PTC V
03E,PTC V
587,PTC V
864,PTE V
987,PTP V
E00,PTC V
79E,PTC V
CBE,PTP V
604,PTP V
A2A,PTC V
A14,PTP V
66E,PTP V
676,PTP V
332,PTP V
F6A,PTE V
DEA,PTP V
8F9,PTE V
5C8,PTE V
968,PTC V
F59,PTE V
740,PTP V
FFA,PTC V
5F1,PTC V
86D,PTC V
72F,PTE V
61B,PTP V
4C7,PTC V
018,PTC V
052,PTC V
DEA,PTP V
42A,PTP V
259,PTC V
8F3,PTE V
24C,PTE V
DDF,PTC V
C82,PTE V
98A,PTP V
251,PTC V
FAD,PTE V
250,PTP V
CDE,PTP V
B8E,PTE V
16D,PTE V
0A7,PTP V
B36,PTE V
1EB,PTE V
B09,PTP V
1DA,PTP V
2F9,PTP V
014,PTC V
923,PTE V
3DF,PTC V
3A8,PTE V
133,PTE V
5C0,PTP V
62A,PTC V
05F,PTE V
00F,PTP V
101,PTP V
8C6,PTC V
FAD,PTC V
1DF,PTP V
E0F,PTC V
99C,PTE V
69B,PTC V
5AD,PTC V
CA1,PTE V
CA8,PTC V
2E1,PTE V
258,PTC V
512,PTE V
EBF,PTC V
72F,PTE V
0ED,PTP V
23C,PTE V
0F2,PTE V
B48,PTP V
5B4,PTC V
B68,PTC V
DC0,PTC V
AEF,PTE V
149,PTP V
872,PTE V
E11,PTP V
ACB,PTE V
5AD,PTC V
149,PTE V
C55,PTE V
544,PTP V
47F,PTE V
B22,PTE V
6EB,PTP V
4C7,PTC V
7A3,PTC V
324,PTC V
057,PTE V
F45,PTE V
55C,PTP V
EFD,PTP V
42B,PTC V
A71,PTC V
07A,PTE V
DB4,PTE V
50C,PTP V
418,PTC V
A1A,PTE V
00F,PTP V
9A8,PTC V
E65,PTC V
E54,PTC V
382,PTE V
740,PTE V
598,PTP V
F2E,PTC V
498,PTE V
5CF,PTC V
CB2,PTE V
B02,PTP V
252,PTE V
524,PTE V
5FD,PTC V
119,PTE V
CAB,PTP V
766,PTC V
4D1,PTC V
D12,PTE V
E6F,PTE V
C3A,PTE V
CE8,PTC V
598,PTP V
8E9,PTC V
950,PTP V
088,PTP V
9EC,PTP V
FA0,PTP V
69B,PTP V
0F1,PTC V
246,PTP V
8D5,PTE V
1F3,PTP V
D38,PTC V
950,PTC V
A64,PTP V
B8E,PTC V
08E,PTC V
F89,PTP V
FB7,PTP V
FB5,PTP V
735,PTC V
797,PTP V
4C1,PTE V
2E9,PTC V
060,PTE V
95F,PTC V
E11,PTC V
ADA,PTP V
CCB,PTC V
20B,PTC V
451,PTE V
DF5,PTE V
119,PTC V
33E,PTP V
51B,PTP V
5C7,PTC V
C74,PTP V
3C1,PTE V
33F,PTC V
8BB,PTC V
63A,PTP V
DCD,PTC V
1DF,PTE V
D80,PTP V
B81,PTE V
931,PTE V
59B,PTP V
1F7,PTC V
A64,PTC V
6B2,PTP V
B02,PTP V
96F,PTE V
B8E,PTE V
E1B,PTC V
DBB,PTE V
D7F,PTC V
14B,PTP V
A40,PTC V
B78,PTE V
A39,PTP V
9BC,PTP V
92C,PTC V
20B,PTP V
0F3,PTP V
8FE,PTE V
1B8,PTE V
252,PTP V
459,PTP V
D80,PTE V
D1A,PTE V
5DA,PTC V
EC9,PTC V
3A8,PTE V
4A1,PTP V
FB7,PTC V
E5B,PTP V
931,PTE V
538,PTE V
AD5,PTE V
A5D,PTP V
744,PTC V
0D8,PTP V
F09,PTC V
7CA,PTP V
122,PTP V
5AC,PTE V
A71,PTC V
3BA,PTC V
86D,PTC V
2A8,PTP V
604,PTP V
744,PTC V
039,PTC V
0F2,PTC V
A40,PTE V
748,PTP V
BF4,PTP V
5CB,PTC V
5C0,PTP V
A80,PTE V
B59,PTP V
CD3,PTP V
3C1,PTP V
F61,PTP V
052,PTP V
204,PTE V
A1C,PTE V
A79,PTE V
E67,PTE V
FDF,PTP V
7CA,PTC V
9FD,PTP V
694,PTP V
5B6,PTE V
983,PTP V
F92,PTP V
02C,PTC V
A40,PTE V
A2F,PTP V
08E,PTE V
98A,PTC V
E9E,PTP V
5FC,PTP V
317,PTC V
51B,PTP V
C14,PTP V
987,PTP V
98A,PTC V
03E,PTC V
71E,PTP V
4C6,PTC V
E85,PTC V
A56,PTE V
54E,PTE V
720,PTC V
263,PTP V
992,PTP V
376,PTC V
099,PTE V
0B5,PTE V
D7B,PTE V
B0A,PTE V
4B7,PTE V
585,PTC V
00C,PTC V
5B9,PTP V
6A5,PTE V
498,PTC V
D29,PTC V
66E,PTC V
CE7,PTP V
899,PTE V
F6B,PTE V
9D1,PTC V
B15,PTE V
72F,PTP V
D2C,PTC V
F23,PTE V
09B,PTE V
AF3,PTC V
A17,PTC V
F60,PTE V
A04,PTP V
919,PTP V
D97,PTE V
CDE,PTC V
BB6,PTE V
406,PTE V
FE6,PTP V
34B,PTP V
6A5,PTC V
2F9,PTC V
421,PTE V
B36,PTP V
A62,PTC V
A02,PTC V
BF4,PTC V
494,PTC V
245,PTE V
5BB,PTP V
3FC,PTE V
A7C,PTC V
9C6,PTE V
5CB,PTC V
888,PTC V
EC9,PTC V
0FA,PTP V
C6D,PTP V
815,PTC V
72C,PTP V
83B,PTP V
51B,PTP V
6A1,PTP V
EFD,PTE V
789,PTC V
FA5,PTC V
A3C,PTC V
C04,PTP V
28A,PTE V
20B,PTP V
9D4,PTC V
03B,PTC V
34E,PTP V
270,PTP V
744,PTC V
822,PTC V
797,PTP V
572,PTC V
1DF,PTP V
4C7,PTE V
C3B,PTE V
335,PTC V
22A,PTC V
158,PTC V
1E2,PTP V
4A0,PTC V
9FB,PTE V
418,PTE V
413,PTE V
133,PTC V
4F8,PTC V
33C,PTE V
E03,PTE V
B2F,PTC V
C74,PTP V
E18,PTC V
BBC,PTE V
359,PTE V
A62,PTP V
A1D,PTE V
CF6,PTC V
257,PTP V
E54,PTC V
130,PTE V
A2D,PTC V
233,PTP V
BC9,PTC V
464,PTC V
A2A,PTP V
90D,PTC V
231,PTP V
0F9,PTC V
195,PTE V
270,PTE V
8BE,PTE V
E25,PTC V
987,PTE V
45D,PTC V
5DA,PTP V
16D,PTE V
12A,PTP V
2A8,PTE V
B09,PTP V
BA1,PTE V
714,PTC V
9B3,PTE V
E22,PTP V
226,PTC V
01F,PTC V
377,PTC V
987,PTE V
DA5,PTE V
DF2,PTP V
D7B,PTC V
0F3,PTP V
6B2,PTE V
DEA,PTP V
4C0,PTP V
5A7,PTC V
65A,PTE V
E32,PTC V
931,PTE V
7EB,PTC V
14D,PTE V
382,PTC V
70E,PTE V
DF7,PTE V
389,PTC V
885,PTC V
21F,PTP V
341,PTC V
9D1,PTP V
E3D,PTP V
8AA,PTP V
987,PTC V
259,PTC V
B68,PTC V
227,PTP V
E82,PTC V
EA6,PTC V
23C,PTC V
720,PTC V
2CE,PTC V
4D1,PTC V
017,PTE V
6BE,PTE V
E7E,PTC V
F85,PTE V
735,PTE V
2D7,PTE V
8DF,PTC V
C55,PTP V
8C6,PTP V
B07,PTE V
5CE,PTE V
C27,PTE V
B07,PTE V
B4E,PTC V
BB6,PTP V
BA1,PTE V
BEE,PTC V
0F2,PTP V
1DF,PTE V
17A,PTE V
251,PTP V
452,PTC V
5B4,PTE V
95D,PTC V
B6F,PTC V
5CB,PTC V
B82,PTC V
627,PTC V
4C0,PTE V
9CF,PTP V
156,PTP V
073,PTP V
CEF,PTP V
231,PTC V
637,PTC V
B07,PTP V
214,PTC V
33F,PTC V
B39,PTE V
F75,PTP V
EA6,PTC V
A62,PTC V
0F2,PTC V
C68,PTP V
9D0,PTC V
F85,PTP V
594,PTC V
5CF,PTP V
8D5,PTP V
9AE,PTC V
AA8,PTC V
919,PTE V
63A,PTP V
D12,PTC V
987,PTE V
5BF,PTE V
519,PTC V
940,PTP V
A2D,PTP V
FA6,PTC V
A39,PTP V
DBB,PTE V
F53,PTE V
2AC,PTP V
F6B,PTE V
43C,PTC V
FFE,PTE V
86B,PTP V
03E,PTC V
A3E,PTC V
D7B,PTE V
92F,PTC V
42A,PTC V
79C,PTC V
FB3,PTE V
3C9,PTC V
E32,PTP V
E43,PTP V
5CF,PTP V
AD4,PTC V
1B8,PTP V
A7C,PTP V
95D,PTP V
8B8,PTC V
987,PTE V
3B6,PTE V
E18,PTE V
1DA,PTE V
3A8,PTP V
9CF,PTE V
9B3,PTC V
087,PTE V
4F8,PTP V
964,PTP V
B19,PTC V
087,PTC V
EFD,PTE V
A23,PTC V
E50,PTE V
624,PTP V
BA1,PTE V
3F9,PTC V
6E8,PTP V
0A7,PTE V
69B,PTE V
B36,PTP V
C55,PTP V
528,PTC V
0A3,PTC V
15F,PTP V
EC9,PTC V
CE7,PTC V
F09,PTP V
4DA,PTP V
0C5,PTE V
060,PTE V
6B0,PTP V
725,PTE V
6D1,PTC V
45D,PTP V
060,PTE V
DCF,PTC V
A5D,PTE V
B0A,PTP V
0AD,PTC V
3B1,PTE V
8BE,PTE V
62A,PTC V
721,PTC V
33C,PTP V
A2F,PTE V
0ED,PTE V
08C,PTC V
BA6,PTP V
5CF,PTP V
99B,PTC V
931,PTP V
AC7,PTC V
4D1,PTP V
3B1,PTE V
EDC,PTP V
A23,PTE V
343,PTC V
710,PTE V
F6B,PTE V
BA1,PTE V
EC0,PTE V
A9F,PTC V
BAF,PTC V
413,PTP V
E25,PTE V
99C,PTE V
03B,PTP V
BB2,PTE V
888,PTE V
7CA,PTC V
463,PTE V
EBB,PTP V
C1C,PTC V
21E,PTP V
CA4,PTP V
72C,PTC V
955,PTC V
01F,PTE V
FB3,PTP V
B36,PTC V
4A1,PTP V
833,PTE V
ECD,PTP V
342,PTE V
075,PTC V
BB6,PTP V
498,PTE V
8E4,PTC V
1E6,PTE V
5A7,PTE V
DCD,PTP V
231,PTE V
DD0,PTC V
0A9,PTE V
9BC,PTC V
317,PTE V
052,PTE V
EBB,PTC V
5F9,PTE V
78F,PTP V
342,PTC V
58B,PTE V
5B6,PTE V
BB4,PTE V
342,PTP V
7C5,PTC V
3E6,PTP V
F34,PTC V
F1B,PTP V
75D,PTP V
B2F,PTC V
129,PTP V
973,PTC V
226,PTP V
E85,PTC V
86B,PTP V
77A,PTE V
E8F,PTC V
0F9,PTP V
40E,PTE V
CFB,PTP V
B09,PTP V
96C,PTC V
528,PTC V
069,PTC V
EA6,PTP V
1E3,PTE V
233,PTC V
A9E,PTC V
A27,PTP V
B15,PTP V
087,PTE V
964,PTC V
FA5,PTC V
B5B,PTE V
410,PTP V
463,PTP V
113,PTP V
5F1,PTE V
B22,PTP V
103,PTE V
C55,PTC V
2D7,PTP V
341,PTE V
E3D,PTC V
0B2,PTE V
EF4,PTP V
B01,PTC V
6A6,PTE V
9B4,PTE V
D60,PTP V
B48,PTE V
99B,PTP V
CD8,PTP V
9FD,PTE V
6A2,PTP V
DB3,PTE V
0F2,PTC V
63A,PTP V
992,PTP V
955,PTP V
6EC,PTE V
F74,PTE V
A36,PTE V
BB6,PTP V
A8E,PTC V
04B,PTP V
1AC,PTC V
40E,PTC V
3A3,PTE V
060,PTP V
2FC,PTP V
37B,PTP V
F4D,PTE V
2E5,PTC V
252,PTP V
E6F,PTE V
220,PTP V
A71,PTC V
0C5,PTP V
FB3,PTP V
5B6,PTP V
1D4,PTP V
C6B,PTP V
187,PTC V
014,PTP V
C62,PTE V
D80,PTE V
425,PTC V
2AB,PTP V
B19,PTC V
591,PTP V
EDC,PTP V
8EC,PTP V
1CB,PTE V
650,PTP V
92F,PTE V
C7A,PTC V
D40,PTP V
B50,PTP V
86B,PTE V
02C,PTP V
720,PTE V
E32,PTP V
19A,PTE V
CB2,PTE V
C5E,PTE V
519,PTE V
AE7,PTC V
335,PTP V
F1B,PTP V
4B8,PTE V
C68,PTC V
DCD,PTE V
17A,PTP V
55F,PTC V
BF4,PTE V
9E2,PTC V
9B4,PTE V
4A1,PTC V
D1A,PTE V
C34,PTC V
5FC,PTP V
3DE,PTE V
410,PTP V
5F9,PTC V
EF2,PTC V
389,PTE V
950,PTE V
ACF,PTC V
4C1,PTP V
258,PTP V
952,PTE V
A17,PTC V
0A3,PTP V
604,PTP V
A2A,PTE V
E4A,PTP V
1E2,PTC V
B07,PTC V
237,PTC V
AD0,PTC V
0B2,PTC V
5B4,PTC V
0F2,PTE V
F92,PTC V
864,PTE V
21F,PTP V
AB5,PTE V
DB4,PTC V
796,PTC V
BF4,PTE V
9D1,PTE V
EEE,PTE V
9E2,PTP V
F61,PTE V
338,PTP V
FAD,PTP V
3DF,PTP V
03B,PTP V
635,PTC V
A73,PTP V
6EC,PTP V
A79,PTC V
245,PTE V
58B,PTC V
EA6,PTC V
243,PTP V
17A,PTE V
342,PTE V
4B7,PTE V
4F6,PTC V
D4B,PTP V
0AD,PTE V
1E3,PTP V
8FE,PTC V
17A,PTE V
A23,PTP V
158,PTE V
16D,PTC V
DA5,PTE V
DB0,PTP V
E5A,PTE V
0FA,PTE V
45F,PTP V
A23,PTP V
452,PTC V
5C7,PTC V
9B2,PTP V
AB5,PTP V
92D,PTE V
4C1,PTP V
1F9,PTC V
2A9,PTP V
6ED,PTC V
B0A,PTE V
E4A,PTE V
79C,PTC V
B36,PTC V
982,PTE V
CEF,PTP V
BEE,PTC V
9D1,PTE V
B07,PTC V
D80,PTC V
22A,PTC V
EA6,PTC V
6E7,PTE V
CD9,PTC V
C63,PTP V
86D,PTE V
1F6,PTE V
EBB,PTE V
246,PTP V
5F3,PTC V
1F6,PTE V
FF1,PTC V
043,PTE V
59B,PTP V
A73,PTE V
796,PTC V
332,PTE V
E50,PTP V
DDB,PTE V
E8D,PTE V
54E,PTC V
BF3,PTC V
E65,PTE V
BC4,PTE V
D42,PTC V
A1D,PTC V
A80,PTE V
EF2,PTC V
E70,PTP V
CD2,PTC V
587,PTC V
33E,PTE V
451,PTC V
2F9,PTE V
F35,PTE V
410,PTC V
CD9,PTC V
1F6,PTC V
F87,PTP V
52B,PTE V
341,PTC V
F2E,PTE V
55C,PTC V
438,PTP V
42A,PTE V
263,PTP V
A80,PTC V
451,PTC V
E11,PTE V
5FE,PTC V
D6A,PTP V
1A8,PTE V
C6D,PTC V
796,PTC V
D60,PTC V
68E,PTP V
209,PTC V
073,PTE V
AB6,PTE V
44D,PTC V
C61,PTC V
301,PTC V
2F9,PTE V
3B9,PTP V
4A0,PTC V
BC4,PTC V
09B,PTC V
77A,PTC V
572,PTP V
52B,PTE V
A2D,PTP V
060,PTE V
941,PTE V
650,PTE V
226,PTC V
20B,PTP V
BBC,PTP V
E0F,PTE V
742,PTE V
28A,PTE V
DF7,PTE V
21E,PTP V
5CF,PTE V
0D8,PTC V
822,PTP V
B19,PTC V
FC1,PTE V
343,PTC V
DF3,PTE V
C8D,PTE V
8FE,PTC V
604,PTP V
33E,PTP V
CE7,PTP V
438,PTE V
822,PTP V
DB0,PTE V
5C6,PTC V
453,PTC V
9CF,PTP V
572,PTP V
270,PTC V
E72,PTC V
983,PTE V
DBB,PTE V
0F2,PTE V
6E6,PTE V
DC0,PTE V
DC0,PTP V
8AB,PTP V
A46,PTC V
B55,PTP V
9D1,PTE V
B7A,PTP V
8DC,PTE V
17A,PTC V
A04,PTC V
602,PTC V
F6B,PTP V
6D1,PTP V
A64,PTC V
66E,PTP V
72C,PTP V
3B1,PTE V
6E7,PTC V
341,PTC V
087,PTE V
9A7,PTC V
544,PTP V
BF3,PTP V
22C,PTC V
3F9,PTC V
7A3,PTC V
187,PTE V
C62,PTE V
864,PTE V
B31,PTE V
250,PTP V
908,PTC V
2A8,PTP V
95F,PTP V
057,PTE V
00C,PTE V
EBB,PTE V
2AC,PTC V
773,PTP V
0B2,PTC V
0F1,PTP V
E8F,PTE V
DA5,PTP V
061,PTC V
6B2,PTE V
CAB,PTP V
389,PTE V
B55,PTE V
744,PTC V
5C8,PTE V
FAD,PTP V
2F1,PTE V
052,PTE V
406,PTP V
AA8,PTE V
0A9,PTE V
DE2,PTE V
C84,PTC V
FC1,PTC V
459,PTE V
7A3,PTE V
99B,PTP V
3E1,PTP V
F14,PTE V
DBB,PTC V
FB3,PTP V
9AE,PTE V
7FE,PTP V
EB7,PTP V
5CB,PTE V
B07,PTC V
406,PTC V
DB2,PTE V
F53,PTE V
C08,PTP V
968,PTC V
8BF,PTC V
2F1,PTC V
E65,PTE V
34B,PTE V
749,PTC V
BB0,PTC V
DA5,PTE V
AB6,PTE V
119,PTC V
204,PTP V
D97,PTE V
3C1,PTE V
33C,PTP V
043,PTC V
86B,PTE V
A46,PTP V
60B,PTE V
C8E,PTP V
7A3,PTC V
3A3,PTP V
41D,PTC V
075,PTP V
DCB,PTE V
03E,PTE V
F1B,PTE V
808,PTE V
0A3,PTE V
48A,PTC V
DB5,PTP V
23C,PTE V
FB7,PTP V
4B8,PTP V
72C,PTC V
BA1,PTP V
B15,PTC V
A87,PTP V
9AB,PTC V
60B,PTE V
1B8,PTP V
AB5,PTP V
C18,PTP V
51B,PTE V
D83,PTC V
B39,PTP V
8BF,PTP V
E5B,PTC V
4BC,PTE V
BD8,PTC V
B82,PTC V
7AB,PTC V
DCB,PTC V
82C,PTE V
EF8,PTC V
5D4,PTP V
16D,PTE V
98A,PTC V
2DF,PTP V
EF2,PTC V
DE2,PTE V
9AB,PTC V
ABD,PTC V
452,PTC V
EEE,PTP V
C3B,PTP V
8EC,PTP V
B07,PTE V
F48,PTC V
E92,PTC V
E42,PTC V
CF6,PTE V
EF0,PTP V
17A,PTC V
FA0,PTE V
061,PTP V
33C,PTC V
585,PTE V
D60,PTE V
F53,PTP V
498,PTC V
3F9,PTC V
263,PTP V
5C8,PTP V
ACF,PTC V
F4D,PTE V
992,PTE V
519,PTE V
4C1,PTP V
598,PTC V
B48,PTP V
802,PTE V
572,PTC V
FFE,PTE V
687,PTP V
4D1,PTC V
6A8,PTP V
624,PTE V
101,PTE V
FF1,PTC V
D42,PTE V
B68,PTP V
FB3,PTE V
088,PTC V
F8C,PTC V
2AC,PTP V
61B,PTE V
C82,PTP V
130,PTE V
FA0,PTP V
B5B,PTP V
908,PTE V
CE8,PTP V
9D4,PTE V
9D1,PTC V
B5A,PTC V
059,PTC V
1F6,PTC V
6A5,PTP V
C63,PTE V
75D,PTE V
BC4,PTP V
E6F,PTC V
EBB,PTP V
602,PTE V
204,PTC V
E82,PTC V
BFC,PTE V
D83,PTC V
908,PTP V
766,PTC V
498,PTE V
EDE,PTP V
9B1,PTE V
243,PTC V
968,PTC V
E09,PTP V
DE2,PTE V
16E,PTE V
A3C,PTC V
618,PTP V
919,PTP V
D1A,PTE V
744,PTC V
6E7,PTP V
BF4,PTE V
EBB,PTP V
90A,PTE V
D83,PTC V
4E2,PTE V
2FC,PTC V
0F9,PTE V
950,PTC V
E85,PTE V
F45,PTE V
DEA,PTE V
2DE,PTC V
1E2,PTE V
07A,PTE V
B55,PTP V
03E,PTC V
BA6,PTC V
2AC,PTP V
6FF,PTP V
097,PTE V
E00,PTE V
572,PTP V
4DE,PTP V
524,PTP V
718,PTE V
233,PTE V
4E2,PTC V
708,PTP V
CA4,PTP V
246,PTP V
F09,PTE V
CA4,PTE V
AB0,PTP V
1E2,PTE V
965,PTE V
369,PTC V
70B,PTC V
ED3,PTC V
E92,PTE V
A2D,PTE V
6B1,PTE V
138,PTP V
0A9,PTC V
940,PTC V
3A8,PTE V
987,PTC V
55E,PTC V
E65,PTC V
63A,PTE V
D83,PTE V
3B6,PTE V
4F6,PTE V
E8F,PTP V
FA0,PTP V
36F,PTP V
1AA,PTC V
B55,PTC V
9F9,PTP V
744,PTC V
D56,PTC V
3FC,PTC V
17A,PTC V
9F9,PTC V
E70,PTP V
6A5,PTP V
C6D,PTE V
3C1,PTE V
B34,PTC V
C5E,PTC V
DD4,PTE V
0B5,PTP V
F89,PTE V
9FB,PTC V
21F,PTE V
6ED,PTC V
B1A,PTP V
714,PTE V
E4D,PTC V
595,PTE V
EE1,PTE V
A8B,PTE V
E1B,PTP V
CE7,PTC V
D4B,PTP V
0B5,PTC V
44D,PTP V
A36,PTP V
34B,PTE V
A82,PTC V
E7E,PTC V
CE7,PTC V
4C6,PTE V
9D0,PTE V
46E,PTP V
1AC,PTE V
DA9,PTE V
D63,PTC V
257,PTP V
6ED,PTC V
BE5,PTP V
043,PTE V
AB9,PTP V
1FC,PTP V
482,PTE V
86D,PTC V
9D4,PTE V
4DE,PTC V
1F7,PTE V
5D7,PTP V
92C,PTE V
EB7,PTP V
0C5,PTP V
7C4,PTE V
965,PTP V
5CF,PTE V
A8E,PTP V
DCB,PTP V
D42,PTE V
FB5,PTE V
00F,PTP V
FC5,PTC V
B4E,PTE V
A87,PTP V
101,PTP V
DEA,PTP V
71E,PTE V
AD4,PTE V
214,PTC V
8C6,PTC V
2CE,PTE V
195,PTE V
0DC,PTC V
F61,PTC V
4DE,PTP V
EFD,PTE V
113,PTP V
5B6,PTE V
931,PTP V
E70,PTP V
650,PTP V
F35,PTC V
1DA,PTP V
F74,PTP V
E42,PTE V
591,PTP V
BAF,PTP V
1F9,PTC V
2C2,PTP V
EF2,PTE V
343,PTC V
F61,PTC V
BB2,PTP V
D39,PTC V
A3E,PTP V
043,PTE V
FC1,PTE V
E50,PTP V
0B7,PTE V
C9D,PTE V
EB0,PTP V
C84,PTP V
4DE,PTC V
D42,PTE V
5D7,PTC V
24A,PTP V
D56,PTP V
EEE,PTE V
243,PTP V
3BA,PTP V
138,PTP V
00C,PTP V
6E6,PTE V
41D,PTC V
A7C,PTP V
A5E,PTP V
8F3,PTP V
F45,PTP V
F86,PTP V
952,PTP V
087,PTE V
2CB,PTE V
F1B,PTC V
1F4,PTC V
E48,PTP V
410,PTP V
54E,PTP V
EF0,PTC V
FC1,PTC V
5F1,PTE V
BEE,PTC V
A27,PTE V
014,PTE V
410,PTE V
63F,PTC V
CD2,PTE V
AF3,PTE V
119,PTE V
1AC,PTE V
802,PTE V
4A0,PTE V
34B,PTE V
598,PTE V
E72,PTE V
518,PTP V
0C0,PTP V
947,PTP V
69D,PTC V
4A1,PTP V
A3E,PTP V
A56,PTP V
18E,PTP V
6E6,PTC V
FD8,PTE V
910,PTC V
96C,PTC V
6ED,PTP V
0C0,PTE V
5BF,PTP V
B39,PTP V
463,PTC V
CB2,PTP V
A56,PTP V
637,PTE V
D23,PTP V
FC1,PTC V
815,PTC V
482,PTE V
1F6,PTP V
63A,PTE V
5A7,PTP V
6E6,PTP V
A17,PTC V
55E,PTE V
79E,PTC V
452,PTP V
4A0,PTP V
DCB,PTC V
6DA,PTE V
ED3,PTC V
A1C,PTC V
83B,PTP V
999,PTE V
259,PTP V
991,PTE V
099,PTC V
EB7,PTC V
E65,PTC V
808,PTC V
47B,PTE V
075,PTP V
99B,PTC V
251,PTP V
FA5,PTC V
502,PTC V
A65,PTE V
E25,PTC V
119,PTE V
B36,PTE V
59B,PTP V
BF3,PTC V
3CF,PTE V
237,PTE V
6B1,PTE V
114,PTC V
324,PTC V
595,PTE V
101,PTC V
B34,PTE V
9FB,PTE V
FE6,PTE V
B59,PTE V
52B,PTE V
482,PTP V
42B,PTC V
DCD,PTP V
587,PTC V
4F6,PTE V
923,PTC V
BEC,PTE V
A73,PTE V
B7A,PTE V
226,PTC V
554,PTC V
1F4,PTE V
9A7,PTC V
E8D,PTC V
21E,PTE V
F6A,PTP V
1E2,PTP V
406,PTE V
F53,PTC V
941,PTP V
A51,PTE V
AB6,PTE V
324,PTP V
C62,PTP V
F74,PTC V
22A,PTP V
DEA,PTC V
4D0,PTC V
714,PTP V
CDE,PTE V
694,PTE V
4BC,PTP V
635,PTC V
C14,PTC V
494,PTP V
874,PTE V
B01,PTP V
5CE,PTP V
98A,PTE V
FDA,PTP V
FA6,PTP V
3C1,PTP V
01A,PTE V
6A5,PTE V
F18,PTE V
C08,PTC V
FB7,PTE V
4A1,PTE V
CD2,PTE V
77A,PTE V
1F9,PTC V
465,PTP V
DC0,PTE V
42B,PTE V
725,PTE V
4C1,PTP V
03F,PTC V
888,PTE V
604,PTC V
CED,PTP V
40E,PTC V
B36,PTC V
8B1,PTE V
BB6,PTC V
F8A,PTP V
70D,PTC V
A40,PTC V
FC1,PTP V
E76,PTP V
E4A,PTC V
9BB,PTC V
979,PTE V
3B9,PTE V
48A,PTP V
964,PTE V
8DF,PTE V
CCB,PTE V
014,PTC V
101,PTE V
90D,PTC V
DEA,PTE V
5F9,PTP V
973,PTE V
8B1,PTC V
D7F,PTP V
57A,PTE V
95D,PTP V
115,PTP V
919,PTE V
49A,PTP V
E77,PTC V
2FC,PTP V
FC5,PTC V
B22,PTC V
FC1,PTE V
A24,PTP V
D40,PTP V
E11,PTP V
C55,PTE V
3DF,PTC V
C31,PTC V
138,PTC V
888,PTE V
779,PTP V
43C,PTP V
69B,PTE V
A27,PTE V
138,PTP V
9EC,PTC V
76E,PTE V
5D7,PTC V
087,PTP V
463,PTC V
9B1,PTP V
47B,PTC V
E32,PTC V
E8D,PTE V
CDE,PTC V
14E,PTE V
B59,PTE V
D87,PTE V
DB5,PTC V
794,PTE V
3E1,PTP V
EF2,PTP V
B39,PTC V
057,PTE V
B19,PTP V
83A,PTC V
1E2,PTC V
6D1,PTC V
D3B,PTC V
0C0,PTE V
C9D,PTC V
3C1,PTC V
3F8,PTE V
F7C,PTP V
018,PTP V
50C,PTP V
BEC,PTE V
A36,PTE V
5F9,PTC V
598,PTE V
8F3,PTC V
735,PTC V
CA2,PTC V
B09,PTE V
843,PTE V
6EB,PTP V
D1A,PTC V
7CA,PTP V
71E,PTP V
A9F,PTP V
341,PTE V
A82,PTC V
C6D,PTC V
45F,PTC V
F87,PTP V
58B,PTE V
D12,PTE V
02C,PTC V
A3E,PTP V
115,PTE V
B4E,PTP V
8FA,PTC V
252,PTP V
8B2,PTC V
3A8,PTC V
9F9,PTP V
F48,PTC V
3DF,PTE V
DCB,PTC V
901,PTC V
0F2,PTP V
ED3,PTP V
7E0,PTP V
B1A,PTP V
130,PTC V
052,PTE V
964,PTP V
E22,PTP V
422,PTC V
41D,PTE V
E2A,PTE V
250,PTE V
D50,PTE V
96C,PTE V
E00,PTC V
4A1,PTE V
ACF,PTP V
341,PTE V
DA9,PTE V
03F,PTC V
DF2,PTC V
598,PTP V
A79,PTP V
822,PTP V
FD8,PTE V
8C6,PTP V
DB0,PTP V
95F,PTE V
4C0,PTE V
79C,PTC V
D56,PTE V
A04,PTC V
324,PTP V
D87,PTC V
676,PTE V
86F,PTP V
ACF,PTC V
637,PTE V
694,PTE V
14E,PTP V
060,PTC V
B02,PTP V
4D1,PTP V
8E4,PTP V
16E,PTP V
DCD,PTE V
5F1,PTE V
2A9,PTC V
714,PTE V
794,PTP V
AB9,PTC V
DD4,PTP V
3B6,PTP V
B4E,PTP V
B36,PTP V
263,PTC V
0C0,PTC V
15B,PTE V
0F3,PTP V
16E,PTP V
92C,PTC V
17A,PTE V
46E,PTE V
B34,PTP V
EC0,PTC V
D3D,PTC V
744,PTP V
7AB,PTE V
CD8,PTP V
6DA,PTE V
9B4,PTE V
0C5,PTC V
5FC,PTE V
E65,PTC V
A51,PTE V
987,PTP V
664,PTC V
AEF,PTP V
3B1,PTP V
DCE,PTE V
182,PTE V
EC3,PTC V
9D4,PTE V
E4A,PTC V
5C7,PTC V
156,PTC V
538,PTE V
1BB,PTC V
C55,PTE V
15C,PTE V
71E,PTP V
AC7,PTE V
CEF,PTC V
ACF,PTC V
2AB,PTE V
748,PTC V
DA9,PTC V
5BF,PTP V
C8D,PTC V
01A,PTC V
F34,PTE V
108,PTP V
78F,PTP V
1F4,PTC V
98A,PTE V
335,PTP V
A17,PTP V
A1E,PTC V
073,PTE V
3DE,PTC V
75D,PTC V
58B,PTC V
4D0,PTE V
7C5,PTE V
528,PTE V
CEB,PTE V
08E,PTP V
E65,PTE V
F53,PTC V
C31,PTP V
B3F,PTE V
A27,PTE V
195,PTC V
33E,PTE V
E2A,PTP V
341,PTC V
130,PTC V
76E,PTE V
618,PTC V
EAD,PTC V
F8A,PTE V
B48,PTC V
494,PTP V
D29,PTC V
15F,PTP V
86D,PTP V
2AC,PTE V
24C,PTC V
3BA,PTP V
014,PTC V
69D,PTP V
2D7,PTC V
62F,PTP V
0B2,PTC V
676,PTE V
7F8,PTC V
23C,PTC V
E42,PTC V
E18,PTC V
B22,PTE V
5B6,PTC V
62F,PTC V
15B,PTC V
54E,PTP V
1F6,PTC V
ACF,PTP V
9D1,PTC V
F51,PTP V
CB2,PTP V
83A,PTE V
F6A,PTE V
5D4,PTE V
0D9,PTC V
369,PTE V
A46,PTC V
0A3,PTE V
AB6,PTE V
CEB,PTC V
8F3,PTE V
270,PTC V
AEF,PTC V
17E,PTE V
451,PTE V
708,PTE V
3C1,PTC V
FB3,PTC V
ADA,PTC V
835,PTP V
D8E,PTE V
453,PTC V
F23,PTE V
03E,PTE V
DEA,PTE V
79E,PTC V
4A1,PTC V
B82,PTC V
964,PTC V
A1D,PTP V
8D5,PTE V
D40,PTE V
E8F,PTP V
324,PTP V
E6F,PTC V
2CE,PTE V
E25,PTP V
2F1,PTE V
45D,PTC V
8D5,PTP V
2AC,PTP V
F1B,PTE V
730,PTE V
1E6,PTC V
8C6,PTE V
4B7,PTC V
389,PTE V
965,PTC V
F1B,PTP V
565,PTE V
565,PTP V
AE8,PTC V
039,PTC V
E03,PTC V
0F2,PTE V
725,PTE V
874,PTP V
70A,PTP V
A5D,PTE V
A2F,PTC V
CD8,PTP V
246,PTP V
204,PTC V
825,PTC V
552,PTP V
45F,PTP V
4F8,PTP V
CD2,PTP V
00C,PTE V
4E2,PTP V
544,PTE V
83B,PTE V
DE2,PTE V
650,PTP V
6EC,PTP V
5BB,PTE V
E32,PTE V
6E8,PTC V
E85,PTP V
604,PTP V
B34,PTP V
2F1,PTP V
4BE,PTP V
EDC,PTE V
EB0,PTE V
F79,PTP V
A23,PTP V
3BA,PTP V
ACF,PTE V
965,PTE V
410,PTP V
3A8,PTC V
754,PTE V
B82,PTC V
F53,PTE V
24C,PTC V
BC9,PTC V
591,PTC V
A64,PTE V
12A,PTC V
3CF,PTP V
BAF,PTC V
130,PTP V
D40,PTC V
987,PTC V
CB2,PTE V
C5E,PTP V
406,PTE V
AE8,PTC V
103,PTE V
ACA,PTC V
E50,PTC V
E85,PTC V
4C1,PTE V
3B6,PTC V
382,PTE V
D56,PTP V
D56,PTP V
808,PTP V
C17,PTE V
D2C,PTC V
945,PTE V
554,PTP V
A9E,PTP V
D1A,PTE V
923,PTC V
DF2,PTP V
492,PTP V
E50,PTC V
B2F,PTE V
DA9,PTP V
21D,PTC V
F18,PTC V
F59,PTE V
BB0,PTC V
AE8,PTC V
413,PTP V
6EB,PTC V
B59,PTC V
CD2,PTC V
6ED,PTP V
E5B,PTC V
59B,PTP V
25F,PTP V
EDE,PTP V
C3B,PTC V
66E,PTE V
4A2,PTC V
52B,PTE V
98A,PTC V
BEC,PTC V
B8E,PTC V
B81,PTC V
6B2,PTP V
342,PTC V
987,PTC V
3E1,PTE V
992,PTP V
C61,PTC V
A1A,PTP V
6A5,PTP V
066,PTP V
EDC,PTC V
2CB,PTP V
2D7,PTC V
115,PTP V
DBB,PTC V
1AC,PTE V
872,PTP V
864,PTE V
4A1,PTP V
BE5,PTC V
CD2,PTE V
0C0,PTE V
FB3,PTC V
0DB,PTP V
A14,PTP V
AE8,PTP V
471,PTE V
C1F,PTC V
E32,PTP V
0C6,PTE V
057,PTE V
720,PTP V
517,PTP V
482,PTP V
EC9,PTP V
48A,PTE V
DEA,PTP V
22A,PTE V
6A5,PTP V
602,PTP V
794,PTE V
33E,PTP V
3B1,PTP V
754,PTP V
A3E,PTP V
AB5,PTE V
595,PTC V
582,PTC V
9A7,PTE V
4DA,PTE V
720,PTC V
E5B,PTP V
D38,PTP V
5CE,PTC V
5BB,PTC V
2FC,PTE V
744,PTE V
5B4,PTE V
6C9,PTE V
F8A,PTP V
65A,PTE V
B2F,PTP V
B5A,PTC V
3A7,PTC V
E11,PTC V
E22,PTC V
F20,PTP V
C6B,PTE V
22C,PTE V
C55,PTC V
EDE,PTE V
ACF,PTC V
6DA,PTP V
A56,PTE V
BB6,PTC V
5B7,PTC V
D3B,PTP V
2A9,PTE V
ACF,PTP V
E65,PTP V
413,PTC V
0DB,PTP V
D29,PTE V
E1B,PTC V
70E,PTC V
03F,PTP V
059,PTE V
0D9,PTE V
A73,PTE V
F48,PTC V
9E2,PTE V
4E2,PTC V
9A8,PTP V
ACB,PTC V
6ED,PTP V
F9E,PTE V
796,PTP V
204,PTC V
A8E,PTC V
EC9,PTC V
B6F,PTP V
258,PTP V
744,PTP V
226,PTE V
6BE,PTC V
FA3,PTE V
ADA,PTC V
992,PTP V
CEB,PTE V
8F3,PTE V
964,PTC V
108,PTE V
4DE,PTC V
F92,PTE V
962,PTE V
451,PTE V
BBD,PTE V
DC0,PTP V
BF4,PTC V
52B,PTC V
F4D,PTC V
2F1,PTP V
C15,PTP V
CA8,PTP V
B5A,PTP V
3A6,PTC V
463,PTC V
8B1,PTC V
A56,PTC V
AF3,PTE V
2A8,PTP V
79E,PTP V
5AD,PTC V
844,PTC V
75D,PTE V
E5B,PTP V
72F,PTE V
320,PTC V
214,PTE V
E42,PTE V
320,PTC V
6BE,PTE V
A5E,PTC V
1EB,PTE V
E76,PTP V
E85,PTE V
6ED,PTC V
4BC,PTP V
F14,PTC V
A46,PTP V
983,PTE V
369,PTP V
BBC,PTP V
115,PTC V
AEF,PTC V
F18,PTC V
3A3,PTC V
FB7,PTP V
227,PTC V
341,PTC V
060,PTC V
DC0,PTE V
C8E,PTP V
991,PTP V
0C5,PTE V
ED3,PTC V
7CA,PTC V
741,PTC V
CD9,PTP V
069,PTE V
70D,PTE V
DB3,PTP V
FDA,PTE V
42A,PTP V
CF9,PTE V
03E,PTC V
595,PTP V
DF7,PTE V
ECD,PTE V
454,PTP V
F85,PTC V
F4D,PTC V
CB2,PTE V
14D,PTP V
773,PTP V
9CF,PTE V
EF4,PTP V
F7C,PTC V
133,PTE V
964,PTC V
66E,PTC V
931,PTC V
872,PTC V
EC3,PTE V
42A,PTE V
E9E,PTC V
964,PTP V
1CB,PTC V
AD5,PTP V
11B,PTE V
B50,PTC V
83A,PTE V
E65,PTP V
AD4,PTE V
0A9,PTC V
77A,PTC V
950,PTP V
A9E,PTP V
369,PTP V
1BB,PTC V
45F,PTE V
BA9,PTC V
129,PTC V
A79,PTP V
6D1,PTC V
A8B,PTC V
501,PTP V
492,PTE V
2E5,PTC V
B5B,PTE V
A65,PTP V
F20,PTE V
BA6,PTC V
BB6,PTE V
D6A,PTP V
23C,PTE V
F53,PTE V
D6A,PTE V
250,PTP V
F6B,PTP V
FB3,PTP V
5C6,PTP V
C74,PTC V
DCE,PTC V
AFE,PTE V
190,PTC V
101,PTP V
6A8,PTP V
3DF,PTP V
45F,PTP V
635,PTC V
6E6,PTP V
DB5,PTP V
EF2,PTC V
919,PTE V
987,PTC V
730,PTC V
CA9,PTE V
47F,PTC V
BCF,PTC V
9B4,PTE V
D7F,PTE V
64E,PTP V
872,PTE V
8B2,PTE V
EF2,PTE V
FA6,PTC V
3A8,PTP V
DCD,PTC V
DCB,PTP V
03B,PTE V
65A,PTC V
14D,PTE V
96F,PTC V
CA4,PTE V
220,PTC V
2C2,PTC V
968,PTC V
E50,PTP V
341,PTP V
6ED,PTE V
464,PTC V
5CF,PTP V
517,PTE V
2C2,PTP V
5D7,PTC V
3A6,PTE V
3B0,PTE V
423,PTE V
A67,PTE V
61B,PTP V
A7C,PTC V
453,PTC V
406,PTP V
DF7,PTP V
A04,PTE V
EA4,PTC V
7CA,PTP V
0B5,PTP V
A64,PTP V
D87,PTP V
AF3,PTE V
945,PTC V
8D5,PTC V
9B1,PTP V
70D,PTP V
463,PTP V
378,PTP V
CA4,PTC V
1BB,PTE V
CEB,PTC V
AD4,PTE V
A2D,PTP V
EA6,PTP V
190,PTC V
CDE,PTP V
602,PTP V
71E,PTC V
1EC,PTE V
945,PTP V
48B,PTP V
FC5,PTP V
258,PTC V
324,PTE V
017,PTP V
A05,PTC V
B78,PTP V
72C,PTP V
0A3,PTP V
DCD,PTC V
451,PTC V
0F3,PTC V
C04,PTP V
582,PTC V
63A,PTP V
421,PTE V
7C4,PTC V
D97,PTC V
8DF,PTC V
627,PTP V
F60,PTP V
D97,PTE V
C17,PTE V
BF3,PTP V
E32,PTE V
5C8,PTE V
50C,PTE V
CED,PTP V
E32,PTC V
CF9,PTE V
C5E,PTP V
C34,PTE V
69B,PTE V
FD8,PTC V
343,PTE V
195,PTE V
075,PTP V
A1E,PTP V
233,PTE V
059,PTP V
CEB,PTC V
183,PTE V
EDE,PTP V
502,PTP V
E2A,PTP V
DC0,PTP V
742,PTE V
451,PTP V
A9F,PTE V
5D7,PTC V
773,PTE V
41D,PTE V
885,PTE V
B15,PTE V
DB3,PTP V
A9F,PTC V
5C6,PTP V
96C,PTE V
FFA,PTC V
D85,PTP V
17A,PTP V
0DB,PTC V
EDE,PTE V
FC5,PTP V
EAD,PTP V
519,PTE V
66E,PTC V
369,PTP V
4F8,PTC V
451,PTE V
874,PTC V
195,PTP V
1EB,PTE V
122,PTP V
4C0,PTP V
9A7,PTE V
CB2,PTE V
133,PTP V
982,PTP V
65A,PTP V
55F,PTP V
E76,PTP V
F89,PTP V
6E7,PTC V
138,PTE V
901,PTP V
389,PTP V
F4D,PTC V
4A2,PTE V
E8D,PTC V
0F3,PTP V
33C,PTP V
964,PTE V
EC6,PTE V
23F,PTE V
68E,PTE V
DE8,PTC V
16D,PTE V
968,PTC V
377,PTE V
742,PTP V
0DB,PTP V
42B,PTE V
70A,PTC V
B34,PTP V
A51,PTP V
D56,PTC V
767,PTC V
23C,PTP V
483,PTC V
E82,PTE V
A67,PTE V
F89,PTP V
413,PTP V
E54,PTC V
129,PTE V
987,PTE V
F6A,PTC V
061,PTC V
964,PTC V
EB7,PTP V
C5D,PTP V
744,PTP V
264,PTC V
22A,PTC V
A1E,PTP V
6B0,PTE V
CD9,PTP V
FFE,PTC V
EDE,PTC V
E11,PTP V
5FC,PTP V
9AB,PTP V
9FB,PTC V
A24,PTE V
BC9,PTE V
945,PTC V
F7D,PTP V
486,PTP V
A1E,PTE V
CB2,PTP V
E4A,PTC V
0F9,PTE V
CA8,PTP V
5D7,PTP V
2E5,PTE V
C74,PTC V
2D8,PTP V
21D,PTC V
572,PTC V
2DA,PTC V
C5D,PTP V
001,PTE V
02C,PTP V
2BD,PTE V
635,PTE V
324,PTC V
7CA,PTC V
664,PTP V
22C,PTC V
983,PTC V
192,PTP V
C55,PTC V
E25,PTC V
A37,PTP V
6DA,PTC V
E92,PTP V
888,PTE V
BC9,PTE V
E11,PTE V
BBC,PTC V
BB0,PTP V
5D4,PTP V
463,PTC V
2C2,PTP V
1F6,PTC V
B36,PTC V
F53,PTE V
14D,PTE V
0B7,PTC V
EDE,PTE V
51B,PTP V
4D0,PTC V
7FE,PTC V
5C8,PTC V
AD0,PTE V
70B,PTP V
923,PTE V
5B9,PTP V
05F,PTC V
66E,PTE V
B8E,PTC V
AE8,PTC V
D8E,PTE V
3E1,PTC V
AC7,PTE V
187,PTC V
C14,PTE V
919,PTC V
C61,PTP V
598,PTE V
6DA,PTC V
182,PTC V
2E9,PTP V
5FC,PTP V
452,PTC V
710,PTC V
FF1,PTE V
754,PTC V
96D,PTC V
DCD,PTE V
C55,PTP V
796,PTC V
587,PTP V
ACF,PTE V
AB5,PTC V
BCF,PTE V
A14,PTE V
E5B,PTE V
AF3,PTP V
982,PTE V
07A,PTC V
CD3,PTE V
C34,PTE V
748,PTP V
CE7,PTP V
5BF,PTE V
3F9,PTP V
744,PTP V
423,PTC V
70B,PTC V
5CE,PTP V
464,PTE V
8AA,PTC V
E06,PTE V
0B7,PTP V
A5D,PTE V
1DF,PTP V
95F,PTE V
A3E,PTC V
130,PTE V
FC5,PTE V
A82,PTC V
243,PTC V
6EC,PTE V
63A,PTC V
D38,PTE V
A56,PTP V
6A1,PTP V
17E,PTP V
6A5,PTE V
0C6,PTE V
CA9,PTE V
421,PTP V
8EC,PTC V
991,PTC V
AD4,PTE V
28E,PTC V
86B,PTC V
251,PTP V
5F1,PTP V
A3C,PTP V
CED,PTP V
71A,PTP V
A3E,PTE V
FC5,PTP V
EFD,PTP V
A56,PTC V
E18,PTP V
72C,PTE V
99E,PTC V
8A2,PTP V
257,PTE V
BB4,PTP V
749,PTC V
8FE,PTP V
DC9,PTC V
5BB,PTP V
0C5,PTP V
4C1,PTE V
1D4,PTC V
C15,PTC V
DB4,PTP V
B5B,PTE V
F85,PTP V
088,PTP V
108,PTE V
190,PTP V
9C6,PTP V
11B,PTC V
710,PTE V
DB0,PTP V
604,PTC V
3C1,PTE V
A67,PTE V
FFE,PTC V
1E1,PTE V
A51,PTE V
2AB,PTP V
594,PTP V
F2E,PTC V
E22,PTC V
22C,PTE V
965,PTP V
EE1,PTC V
4DA,PTP V
4F8,PTE V
341,PTE V
96F,PTC V
0C0,PTE V
E43,PTE V
95F,PTC V
987,PTE V
96F,PTC V
796,PTE V
B36,PTP V
6E6,PTE V
EC9,PTC V
A56,PTE V
528,PTP V
F45,PTP V
8B2,PTC V
825,PTP V
BA1,PTE V
14B,PTC V
264,PTP V
931,PTE V
8F3,PTC V
1D4,PTP V
EBB,PTP V
237,PTP V
B22,PTE V
09B,PTP V
6D7,PTE V
D60,PTC V
2D7,PTP V
114,PTC V
C18,PTC V
987,PTP V
55E,PTE V
14D,PTC V
71E,PTC V
FE3,PTC V
099,PTP V
A37,PTP V
872,PTC V
073,PTP V
CAB,PTC V
BE5,PTP V
913,PTE V
5F9,PTC V
C27,PTE V
DCF,PTP V
492,PTC V
565,PTP V
B1A,PTP V
B8E,PTP V
F59,PTP V
A17,PTC V
833,PTP V
5DA,PTE V
37B,PTP V
1F6,PTE V
941,PTP V
737,PTC V
DCB,PTP V
BE5,PTE V
F6A,PTC V
B09,PTE V
464,PTP V
ED3,PTC V
4C0,PTC V
A82,PTC V
A9F,PTP V
940,PTE V
48A,PTP V
4C1,PTE V
A8E,PTP V
D50,PTP V
F14,PTP V
B82,PTE V
83A,PTE V
517,PTP V
5CB,PTE V
B15,PTC V
B5B,PTE V
987,PTE V
B5B,PTP V
B5B,PTP V
A8E,PTC V
DA9,PTC V
E8F,PTE V
7F8,PTE V
2A8,PTC V
AD0,PTP V
517,PTP V
B0A,PTP V
7A3,PTC V
C5D,PTE V
BB2,PTP V
2AB,PTE V
A14,PTP V
B8A,PTE V
3E1,PTP V
043,PTE V
F7C,PTP V
413,PTP V
2FC,PTP V
0C0,PTE V
B6A,PTP V
ABD,PTC V
389,PTC V
C3A,PTP V
FE0,PTP V
17E,PTE V
DB5,PTP V
71A,PTC V
748,PTC V
E92,PTC V
3F9,PTC V
582,PTC V
F89,PTE V
C1F,PTC V
748,PTE V
E82,PTE V
AA8,PTE V
572,PTC V
2BD,PTC V
60B,PTP V
08E,PTP V
5C8,PTC V
8FA,PTP V
22A,PTP V
CE7,PTE V
A24,PTE V
C5E,PTE V
5CF,PTC V
E48,PTC V
618,PTE V
FA0,PTC V
9BC,PTC V
55C,PTP V
41D,PTP V
3B9,PTE V
9FD,PTP V
A1C,PTP V
70E,PTP V
33E,PTE V
A64,PTP V
8C6,PTE V
001,PTE V
D29,PTC V
CD2,PTP V
0B7,PTC V
EBA,PTE V
3B0,PTC V
B48,PTC V
1F4,PTE V
451,PTE V
483,PTC V
177,PTP V
CD8,PTC V
735,PTC V
742,PTP V
595,PTP V
872,PTC V
15B,PTP V
AB5,PTC V
6E6,PTE V
766,PTP V
158,PTC V
11B,PTP V
149,PTE V
63A,PTP V
0D8,PTC V
0C0,PTE V
03E,PTC V
501,PTP V
C15,PTP V
C55,PTP V
27C,PTC V
602,PTP V
382,PTP V
CA2,PTC V
CE8,PTC V
F2E,PTE V
8E9,PTE V
9B3,PTE V
6FF,PTE V
D3B,PTP V
913,PTC V
250,PTC V
888,PTC V
77A,PTP V
425,PTE V
6A2,PTE V
A3C,PTP V
2A8,PTE V
EDE,PTP V
C84,PTE V
D87,PTE V
627,PTC V
0AD,PTC V
D2C,PTE V
4F8,PTP V
FDA,PTE V
099,PTC V
D38,PTE V
C7A,PTP V
463,PTE V
888,PTE V
190,PTP V
4D1,PTP V
AD0,PTE V
E8D,PTE V
453,PTE V
888,PTC V
D1A,PTE V
2CE,PTC V
A3C,PTE V
3C9,PTC V
624,PTE V
E42,PTC V
332,PTP V
9B2,PTC V
4B8,PTE V
B22,PTC V
606,PTC V
E85,PTE V
15C,PTC V
DE2,PTC V
E5B,PTE V
F87,PTP V
A2A,PTP V
572,PTP V
227,PTE V
754,PTP V
00C,PTC V
2F9,PTP V
528,PTC V
BFC,PTE V
BA6,PTP V
888,PTE V
073,PTC V
E7E,PTP V
FA6,PTP V
637,PTC V
233,PTC V
6C9,PTE V
B68,PTC V
061,PTE V
DE8,PTC V
F34,PTE V
47B,PTP V
9B4,PTC V
498,PTC V
FFA,PTE V
E9E,PTP V
183,PTP V
502,PTE V
1BB,PTE V
EF2,PTC V
1CB,PTP V
3A3,PTP V
E9B,PTP V
517,PTE V
14D,PTP V
9AE,PTP V
4D1,PTE V
ACB,PTC V
512,PTP V
CEF,PTC V
1F4,PTE V
03B,PTE V
AB0,PTP V
4A2,PTE V
FD8,PTP V
343,PTC V
2CE,PTE V
E8F,PTP V
D56,PTE V
B81,PTE V
332,PTE V
DC0,PTP V
992,PTP V
2FC,PTE V
E65,PTE V
E50,PTE V
E32,PTP V
A04,PTE V
069,PTP V
454,PTC V
7F8,PTE V
CD8,PTP V
0F2,PTC V
E4A,PTC V
6ED,PTC V
604,PTP V
471,PTC V
EF0,PTP V
947,PTE V
EA4,PTE V
183,PTE V
5C8,PTP V
507,PTC V
F74,PTE V
5AC,PTC V
64D,PTE V
214,PTE V
737,PTP V
DB3,PTC V
0F3,PTE V
A17,PTE V
565,PTP V
591,PTE V
90A,PTE V
069,PTE V
192,PTE V
FF5,PTC V
E85,PTC V
2CE,PTE V
F23,PTC V
494,PTE V
0DB,PTE V
F7C,PTE V
F53,PTP V
233,PTP V
517,PTE V
138,PTE V
E5A,PTE V
BB6,PTC V
8FE,PTE V
233,PTE V
245,PTP V
F14,PTE V
7A3,PTE V
EEE,PTP V
BBC,PTP V
341,PTP V
B0A,PTE V
4C0,PTE V
B6F,PTC V
E05,PTC V
6D9,PTE V
8E4,PTP V
789,PTE V
014,PTP V
6C9,PTC V
C85,PTP V
6A6,PTE V
F7D,PTP V
33E,PTP V
A24,PTC V
5C7,PTP V
9EC,PTE V
246,PTC V
DDB,PTE V
A56,PTP V
945,PTP V
A36,PTE V
378,PTP V
453,PTE V
945,PTC V
4A1,PTC V
5BF,PTP V
664,PTP V
6FF,PTC V
36F,PTE V
A9F,PTE V
5B2,PTE V
DC0,PTE V
8C6,PTC V
13A,PTE V
908,PTC V
33C,PTC V
CA2,PTC V
EF8,PTE V
754,PTP V
122,PTC V
4E2,PTE V
76E,PTE V
DEA,PTP V
38A,PTC V
DD4,PTP V
4F8,PTP V
01A,PTC V
DF7,PTC V
464,PTC V
FAD,PTE V
6B1,PTC V
E22,PTC V
1F6,PTC V
F23,PTE V
A3E,PTC V
AA8,PTP V
324,PTC V
7A9,PTE V
8C6,PTE V
1F6,PTE V
864,PTC V
814,PTC V
103,PTE V
EDC,PTP V
3B6,PTE V
EDE,PTP V
5DA,PTE V
74E,PTC V
EBF,PTP V
FB5,PTP V
DDB,PTC V
246,PTE V
5D7,PTP V
1EB,PTP V
528,PTP V
9F9,PTE V
34B,PTP V
92D,PTC V
A1A,PTC V
606,PTE V
9A3,PTP V
C08,PTP V
5A7,PTC V
BA1,PTP V
5B4,PTC V
CA2,PTE V
C63,PTC V
3C9,PTC V
B48,PTE V
A87,PTP V
0B5,PTP V
1DF,PTE V
103,PTP V
AC7,PTE V
51B,PTC V
252,PTC V
B36,PTC V
779,PTP V
E4D,PTP V
BBD,PTE V
2DE,PTC V
5FE,PTP V
BA6,PTC V
FDA,PTC V
6ED,PTE V
B81,PTE V
1F4,PTE V
3C1,PTC V
359,PTE V
D56,PTP V
DB5,PTP V
76E,PTE V
968,PTC V
595,PTC V
DB0,PTC V
C82,PTC V
24A,PTC V
E05,PTE V
017,PTC V
4D0,PTC V
964,PTC V
5CE,PTE V
83A,PTC V
B31,PTE V
B39,PTP V
565,PTP V
9AE,PTC V
6A8,PTE V
B8E,PTC V
D1A,PTC V
794,PTE V
AC7,PTC V
7A9,PTE V
195,PTP V
75D,PTC V
13A,PTP V
ACB,PTE V
114,PTE V
3F8,PTP V
6A5,PTP V
A87,PTC V
BB2,PTP V
12A,PTE V
454,PTE V
5AD,PTC V
251,PTC V
DD0,PTC V
61B,PTP V
56D,PTC V
12A,PTP V
425,PTC V
B36,PTP V
50C,PTC V
1B8,PTP V
2DE,PTE V
33C,PTE V
E9B,PTE V
BCF,PTP V
E67,PTC V
839,PTE V
34B,PTE V
987,PTP V
4A0,PTP V
888,PTE V
DB2,PTC V
51B,PTE V
814,PTP V
B02,PTC V
332,PTE V
1E6,PTC V
A2F,PTE V
624,PTC V
ECD,PTC V
6D1,PTE V
A3C,PTC V
C84,PTP V
9A7,PTP V
9B4,PTP V
B8E,PTC V
AD0,PTC V
226,PTC V
A9D,PTC V
F13,PTP V
BEC,PTC V
C08,PTP V
C3A,PTP V
FF1,PTC V
38A,PTP V
258,PTC V
04B,PTE V
952,PTP V
101,PTC V
2E9,PTE V
83A,PTE V
A3E,PTC V
5B9,PTP V
6D1,PTE V
2AC,PTC V
5B2,PTC V
0F9,PTP V
517,PTP V
23C,PTE V
16E,PTE V
710,PTP V
991,PTP V
F92,PTP V
BE0,PTE V
492,PTE V
3F8,PTP V
CF6,PTC V
773,PTC V
1DA,PTP V
6ED,PTC V
519,PTE V
595,PTP V
9FB,PTE V
343,PTC V
434,PTE V
2CB,PTC V
8A9,PTE V
7C4,PTE V
96D,PTP V
2A9,PTP V
D97,PTC V
F51,PTC V
BAF,PTE V
7FE,PTE V
B34,PTE V
3BA,PTP V
3B0,PTE V
DB2,PTC V
950,PTP V
069,PTP V
03E,PTP V
03B,PTE V
DC9,PTC V
8C6,PTC V
C5E,PTC V
28A,PTP V
9D0,PTP V
B78,PTE V
B78,PTP V
FB5,PTP V
E77,PTC V
A9D,PTP V
C93,PTC V
DDB,PTE V
3E1,PTP V
6A1,PTE V
B48,PTE V
F14,PTC V
E4D,PTC V
63A,PTE V
9A7,PTC V
99C,PTE V
F86,PTP V
1DA,PTC V
251,PTE V
74E,PTP V
C7A,PTE V
C1C,PTE V
FA0,PTC V
C62,PTP V
259,PTE V
0A9,PTE V
6A1,PTP V
C8D,PTE V
A05,PTC V
77A,PTC V
8F3,PTE V
C1F,PTE V
335,PTC V
0C0,PTP V
8DC,PTP V
B3F,PTP V
DF5,PTE V
64D,PTC V
4DA,PTE V
D63,PTP V
802,PTE V
A9F,PTE V
83A,PTP V
55C,PTP V
2B7,PTC V
B3F,PTC V
899,PTC V
A3C,PTC V
5FD,PTE V
E8F,PTP V
BB2,PTP V
6E7,PTE V
114,PTP V
E22,PTE V
4C1,PTP V
9D1,PTP V
DB2,PTP V
E05,PTP V
735,PTP V
92F,PTE V
528,PTC V
61B,PTC V
233,PTP V
BC9,PTC V
A73,PTE V
BBD,PTP V
A73,PTE V
37B,PTE V
77A,PTE V
5B4,PTE V
C15,PTP V
231,PTC V
7B9,PTP V
635,PTP V
C93,PTP V
C74,PTP V
2AC,PTC V
21F,PTE V
16E,PTE V
A9F,PTE V
822,PTE V
C68,PTE V
D4B,PTP V
7C5,PTC V
3A7,PTE V
606,PTP V
B1A,PTE V
138,PTC V
C74,PTP V
E92,PTE V
43C,PTE V
EB0,PTP V
BC4,PTC V
3A6,PTC V
9AB,PTC V
777,PTE V
D83,PTP V
059,PTE V
6A1,PTC V
12A,PTC V
EF8,PTC V
4C6,PTE V
694,PTP V
441,PTC V
718,PTC V
524,PTC V
5CF,PTE V
C1F,PTC V
F53,PTC V
A1C,PTP V
17A,PTP V
483,PTC V
9AB,PTP V
E85,PTE V
9EC,PTC V
E22,PTC V
0FA,PTE V
F87,PTP V
76E,PTP V
618,PTE V
602,PTE V
9B1,PTC V
33E,PTE V
A9D,PTC V
83A,PTE V
E00,PTE V
2CE,PTE V
D54,PTE V
24C,PTC V
61B,PTE V
FB5,PTP V
754,PTE V
524,PTC V
71A,PTP V
8B2,PTC V
258,PTC V
328,PTP V
108,PTP V
5CE,PTP V
618,PTE V
872,PTC V
EB0,PTP V
FC1,PTC V
DC0,PTC V
B50,PTE V
544,PTE V
566,PTP V
464,PTP V
8E9,PTE V
B82,PTE V
964,PTC V
CEF,PTE V
C27,PTC V
F6B,PTC V
E4A,PTP V
08C,PTC V
C04,PTC V
2A9,PTE V
2E5,PTC V
2DF,PTE V
566,PTP V
968,PTC V
2A8,PTC V
748,PTP V
5B6,PTP V
3B6,PTE V
087,PTP V
8E9,PTE V
59B,PTE V
066,PTP V
113,PTP V
D80,PTP V
624,PTC V
3C1,PTP V
33E,PTE V
518,PTE V
2E5,PTE V
DE8,PTE V
1EC,PTC V
482,PTP V
15F,PTE V
060,PTP V
635,PTP V
718,PTE V
98A,PTP V
226,PTP V
E70,PTP V
76E,PTE V
DBD,PTE V
00C,PTP V
A8B,PTP V
7C4,PTC V
908,PTC V
CD8,PTP V
1FC,PTP V
591,PTC V
4F8,PTP V
301,PTP V
E50,PTE V
F51,PTP V
259,PTP V
5BB,PTP V
259,PTE V
2E9,PTE V
231,PTE V
FF1,PTE V
664,PTP V
0C0,PTC V
320,PTC V
43C,PTC V
38A,PTP V
E25,PTE V
0B2,PTC V
DCF,PTP V
245,PTC V
422,PTP V
453,PTE V
DD0,PTE V
3B3,PTC V
5B6,PTP V
073,PTP V
F4D,PTC V
940,PTP V
7F8,PTE V
6A6,PTP V
108,PTP V
A1E,PTP V
B6A,PTE V
923,PTE V
B31,PTC V
9B2,PTE V
FDA,PTE V
0FA,PTC V
5CF,PTE V
CCB,PTC V
725,PTE V
376,PTE V
057,PTP V
83A,PTC V
71E,PTC V
D6A,PTE V
CA2,PTC V
156,PTE V
1EB,PTP V
1E1,PTP V
B50,PTP V
735,PTP V
DF5,PTE V
BA1,PTC V
0F2,PTC V
844,PTP V
060,PTE V
14B,PTE V
B82,PTP V
A3E,PTE V
8EC,PTE V
378,PTP V
177,PTE V
DBB,PTE V
12A,PTP V
C6D,PTE V
2C2,PTE V
0F1,PTE V
16D,PTE V
56D,PTC V
512,PTP V
FF1,PTE V
517,PTC V
EBA,PTC V
8B8,PTE V
192,PTP V
F34,PTP V
B36,PTP V
6FF,PTE V
6B1,PTP V
708,PTE V
901,PTE V
767,PTC V
115,PTE V
B1A,PTP V
A46,PTC V
5F1,PTE V
ED3,PTE V
463,PTC V
8B8,PTP V
0C6,PTE V
AD5,PTP V
965,PTE V
D3D,PTP V
3CF,PTC V
0C6,PTP V
F8C,PTP V
438,PTC V
B8E,PTP V
83A,PTP V
98A,PTC V
95C,PTE V
888,PTE V
D4B,PTC V
0C0,PTP V
9AB,PTE V
14E,PTC V
8B1,PTE V
CEF,PTE V
B0A,PTE V
C5D,PTC V
250,PTE V
A96,PTC V
FC5,PTC V
C98,PTE V
6E7,PTP V
17A,PTP V
F89,PTE V
FA0,PTC V
E9E,PTC V
257,PTC V
16E,PTE V
227,PTP V
F1B,PTP V
E65,PTE V
EEE,PTP V
0A7,PTC V
664,PTP V
410,PTP V
02C,PTC V
66E,PTP V
E09,PTE V
E76,PTP V
FAD,PTE V
E05,PTC V
A3E,PTE V
ED3,PTE V
33E,PTC V
A37,PTE V
83B,PTP V
44D,PTC V
5C6,PTP V
AB9,PTP V
74E,PTP V
F18,PTP V
233,PTC V
A02,PTP V
5BF,PTP V
DA9,PTE V
5BF,PTP V
DF5,PTE V
483,PTP V
8EC,PTE V
740,PTE V
5F1,PTP V
987,PTP V
6B0,PTC V
8AA,PTP V
DC9,PTP V
103,PTP V
5FD,PTP V
99E,PTP V
872,PTP V
0F9,PTP V
748,PTC V
E8F,PTE V
259,PTP V
03B,PTC V
517,PTE V
2AB,PTC V
214,PTC V
DEA,PTP V
E4D,PTE V
C68,PTC V
594,PTP V
E00,PTC V
E85,PTE V
744,PTE V
0C0,PTC V
69B,PTP V
2B7,PTE V
17A,PTE V
74E,PTE V
133,PTC V
E03,PTE V
B15,PTP V
FA0,PTE V
6EB,PTP V
CF9,PTC V
EBB,PTP V
627,PTC V
C34,PTP V
3DE,PTC V
12A,PTE V
6EC,PTP V
8AB,PTP V
740,PTP V
5FD,PTP V
4C0,PTC V
585,PTP V
039,PTP V
D4B,PTC V
B1A,PTC V
7B9,PTE V
75D,PTC V
AA8,PTC V
438,PTE V
1E2,PTC V
2F1,PTC V
C61,PTP V
231,PTP V
DC0,PTC V
60B,PTC V
744,PTE V
378,PTP V
B19,PTP V
591,PTE V
945,PTP V
517,PTP V
69D,PTC V
250,PTP V
453,PTE V
EEE,PTC V
EC9,PTC V
CDE,PTP V
D40,PTE V
5C8,PTP V
E8D,PTP V
EBB,PTC V
7CA,PTP V
6E7,PTE V
F51,PTE V
233,PTP V
718,PTE V
DA5,PTP V
E5B,PTP V
56D,PTC V
CEF,PTP V
941,PTC V
1F6,PTP V
F48,PTE V
0C0,PTC V
4E2,PTE V
808,PTP V
FB5,PTE V
AFE,PTP V
552,PTE V
60B,PTE V
754,PTE V
4BC,PTE V
CF9,PTP V
5CE,PTE V
6EB,PTP V
EC6,PTE V
E85,PTE V
C68,PTP V
43C,PTE V
3FC,PTE V
9F9,PTE V
9F9,PTE V
63A,PTP V
72C,PTE V
C18,PTC V
377,PTP V
220,PTE V
5F1,PTP V
4C6,PTE V
A05,PTP V
90D,PTC V
259,PTC V
DC9,PTP V
3B9,PTE V
5FC,PTC V
039,PTC V
25D,PTE V
919,PTC V
72C,PTE V
6B2,PTE V
DF5,PTE V
650,PTP V
5C7,PTE V
423,PTC V
CED,PTP V
808,PTP V
B4E,PTC V
0F1,PTE V
66E,PTC V
214,PTP V
5C0,PTC V
FC5,PTE V
710,PTP V
979,PTP V
9D1,PTC V
E03,PTC V
AB5,PTC V
A3E,PTP V
4DE,PTE V
138,PTP V
730,PTC V
0DC,PTP V
1E6,PTE V
CF3,PTC V
E5B,PTC V
987,PTC V
376,PTP V
16D,PTC V
465,PTC V
ED3,PTP V
E5B,PTE V
EFD,PTP V
60B,PTP V
0F2,PTE V
C9D,PTC V
BB2,PTC V
FAD,PTE V
538,PTP V
CD8,PTC V
694,PTP V
4E2,PTE V
F6B,PTP V
D60,PTP V
DCE,PTE V
987,PTE V
4BC,PTP V
595,PTE V
964,PTC V
FB7,PTP V
2B7,PTP V
D2C,PTE V
B8E,PTC V
097,PTC V
CE8,PTC V
5AD,PTE V
8AA,PTE V
07E,PTE V
09B,PTC V
544,PTP V
694,PTE V
F86,PTP V
B6A,PTC V
BBC,PTC V
2DE,PTE V
8FE,PTE V
9D1,PTP V
1EB,PTC V
95F,PTE V
E50,PTE V
A79,PTC V
C74,PTC V
808,PTC V
554,PTP V
3A7,PTP V
A80,PTE V
F18,PTP V
3F9,PTE V
63F,PTP V
E67,PTC V
E06,PTE V
A87,PTP V
676,PTP V
AD4,PTC V
07A,PTE V
A1E,PTE V
68E,PTE V
2CB,PTE V
14B,PTE V
888,PTP V
EE1,PTC V
735,PTP V
E43,PTP V
86E,PTP V
1EB,PTC V
96F,PTE V
406,PTE V
EC9,PTC V
E18,PTC V
1B8,PTC V
E65,PTP V
DCF,PTC V
E8D,PTE V
0B7,PTC V
0F1,PTC V
24C,PTC V
4A0,PTP V
22C,PTE V
BB6,PTE V
EBB,PTP V
6C9,PTC V
441,PTC V
DC0,PTC V
2F9,PTC V
F2E,PTP V
F6A,PTC V
D7B,PTC V
5BB,PTP V
B82,PTC V
D56,PTE V
55F,PTE V
059,PTC V
E65,PTE V
773,PTP V
76A,PTC V
517,PTP V
B55,PTE V
359,PTE V
D50,PTP V
987,PTC V
1DA,PTE V
BF3,PTC V
0FE,PTC V
FF1,PTC V
D39,PTE V
6BE,PTC V
A67,PTP V
98A,PTC V
12A,PTE V
F7C,PTP V
99C,PTC V
773,PTP V
9F9,PTE V
CAB,PTC V
96D,PTC V
15C,PTP V
5AC,PTP V
DF2,PTC V
595,PTC V
987,PTC V
BF3,PTE V
133,PTC V
9B2,PTC V
BFA,PTC V
18E,PTC V
95C,PTE V
A64,PTC V
AC9,PTC V
6D7,PTP V
0DB,PTC V
1E1,PTE V
EBC,PTC V
8B8,PTP V
D97,PTP V
E7E,PTE V
9F9,PTC V
5DA,PTE V
263,PTC V
E25,PTP V
833,PTP V
03E,PTP V
A65,PTE V
08C,PTP V
8AB,PTC V
CFB,PTP V
992,PTP V
AB0,PTP V
451,PTP V
CB2,PTE V
ACB,PTC V
AD5,PTP V
BA6,PTP V
99C,PTE V
E18,PTP V
618,PTE V
618,PTP V
214,PTE V
185,PTC V
833,PTE V
1E3,PTE V
96D,PTE V
2CE,PTC V
710,PTC V
359,PTE V
452,PTE V
63F,PTC V
C31,PTP V
76E,PTC V
3DE,PTE V
D54,PTP V
27C,PTP V
AB0,PTP V
507,PTE V
839,PTP V
6C9,PTP V
264,PTC V
A64,PTP V
908,PTC V
7CA,PTP V
25D,PTC V
2E5,PTP V
2CB,PTC V
21E,PTP V
FAD,PTE V
A04,PTC V
CCB,PTC V
341,PTE V
75D,PTE V
F9E,PTC V
AC7,PTP V
ED3,PTE V
B48,PTE V
231,PTC V
1BB,PTC V
02C,PTC V
ACA,PTP V
844,PTP V
C34,PTE V
635,PTC V
1DF,PTE V
378,PTE V
8DF,PTP V
A46,PTE V
245,PTE V
CB2,PTC V
FAD,PTE V
D97,PTP V
CA1,PTP V
9FB,PTC V
59B,PTE V
1A8,PTC V
EB7,PTE V
097,PTE V
BEE,PTC V
F48,PTC V
087,PTP V
2F1,PTE V
E5A,PTE V
EBA,PTP V
3FC,PTP V
8A2,PTP V
0C6,PTC V
F2E,PTE V
DB2,PTE V
0D8,PTC V
55E,PTE V
F4D,PTE V
259,PTP V
6ED,PTP V
FE6,PTC V
DF2,PTC V
08C,PTC V
3DF,PTC V
8A2,PTC V
52B,PTC V
52B,PTP V
754,PTC V
941,PTC V
FFA,PTE V
901,PTE V
5B6,PTP V
9A8,PTC V
EF0,PTC V
935,PTC V
955,PTE V
E54,PTP V
4DA,PTP V
754,PTC V
AC9,PTE V
CA9,PTC V
E00,PTE V
D6A,PTC V
A56,PTE V
FA5,PTC V
0D8,PTE V
5B7,PTP V
FA3,PTP V
4D1,PTP V
3BB,PTE V
D40,PTE V
544,PTC V
4C6,PTP V
552,PTE V
A65,PTE V
317,PTC V
498,PTP V
04B,PTP V
4A0,PTP V
DEA,PTP V
E6F,PTC V
FA5,PTE V
5FD,PTE V
F9E,PTC V
DF5,PTP V
182,PTC V
CA1,PTC V
5B4,PTP V
DC0,PTE V
4DA,PTE V
138,PTP V
F09,PTC V
874,PTE V
E06,PTE V
B22,PTE V
052,PTP V
5FC,PTC V
059,PTP V
987,PTP V
69B,PTC V
4A2,PTE V
0F2,PTE V
ADA,PTC V
3FC,PTE V
47F,PTE V
4D0,PTP V
8B2,PTP V
E67,PTE V
62A,PTE V
C55,PTC V
A39,PTP V
CD8,PTC V
57A,PTP V
C82,PTC V
15F,PTC V
EFD,PTC V
51B,PTE V
63A,PTE V
1D4,PTP V
4E2,PTC V
EA6,PTC V
00F,PTC V
6A5,PTP V
214,PTE V
FB3,PTC V
5CE,PTE V
9EC,PTE V
0F3,PTE V
E22,PTP V
1E1,PTC V
1DA,PTC V
748,PTE V
9E2,PTC V
52B,PTP V
9D1,PTC V
459,PTP V
720,PTC V
BA6,PTE V
B39,PTE V
835,PTP V
37B,PTP V
BB2,PTE V
8C6,PTE V
264,PTC V
76A,PTP V
3C9,PTE V
C8E,PTP V
8C6,PTE V
DBD,PTP V
341,PTE V
3B6,PTE V
B5A,PTE V
598,PTC V
471,PTP V
6A6,PTC V
BF3,PTC V
F7C,PTE V
5FE,PTE V
EBB,PTE V
DD4,PTC V
D3D,PTP V
453,PTP V
7FF,PTC V
3B3,PTP V
17E,PTE V
92D,PTP V
438,PTC V
F92,PTE V
D38,PTP V
183,PTE V
C3B,PTC V
0FE,PTP V
F8A,PTP V
DB5,PTP V
F20,PTE V
B78,PTC V
259,PTE V
A80,PTC V
9D1,PTE V
F8C,PTP V
51B,PTE V
B0A,PTP V
5A7,PTP V
44D,PTE V
21D,PTC V
0A3,PTP V
EC9,PTE V
BEE,PTE V
D63,PTC V
518,PTP V
AC7,PTE V
E54,PTP V
4A2,PTE V
991,PTE V
B39,PTC V
E72,PTP V
338,PTP V
D6A,PTE V
DB0,PTC V
14D,PTP V
2CE,PTP V
2C2,PTP V
059,PTP V
9E2,PTP V
62F,PTE V
4A0,PTE V
9C6,PTP V
602,PTC V
D63,PTE V
F86,PTE V
0B5,PTC V
FF0,PTE V
D29,PTC V
23C,PTE V
4E2,PTC V
AC9,PTE V
EBC,PTE V
C8D,PTE V
12A,PTC V
418,PTP V
874,PTC V
23C,PTE V
A04,PTC V
F61,PTP V
E77,PTE V
492,PTC V
6A2,PTC V
0B2,PTP V
2F1,PTC V
FF1,PTE V
BC4,PTC V
15C,PTC V
6A6,PTE V
C15,PTC V
99E,PTE V
F8C,PTC V
54E,PTC V
B6A,PTP V
767,PTE V
962,PTP V
676,PTP V
8D5,PTP V
ED3,PTE V
3B3,PTE V
E5B,PTP V
EC3,PTC V
C3B,PTP V
0A7,PTC V
378,PTP V
B8A,PTC V
CA8,PTE V
C62,PTP V
9EC,PTC V
332,PTP V
767,PTC V
DB2,PTE V
4C0,PTE V
8AA,PTE V
835,PTE V
8BE,PTP V
F79,PTE V
A73,PTC V
B2F,PTC V
C1C,PTE V
17A,PTC V
5CF,PTC V
1F7,PTE V
AD4,PTE V
DA9,PTC V
5A7,PTE V
4C7,PTE V
463,PTC V
075,PTP V
423,PTP V
742,PTE V
A79,PTC V
802,PTP V
2D7,PTP V
09B,PTP V
6BE,PTC V
08C,PTE V
1E3,PTE V
094,PTP V
5F3,PTP V
1A8,PTC V
BEE,PTC V
D87,PTC V
DD4,PTE V
A1D,PTC V
08C,PTP V
12A,PTE V
A71,PTC V
B3F,PTC V
EDC,PTC V
923,PTP V
968,PTC V
C63,PTP V
EC9,PTE V
B36,PTE V
796,PTE V
566,PTE V
CFB,PTE V
C15,PTE V
908,PTC V
A14,PTC V
48B,PTC V
073,PTE V
338,PTC V
6C9,PTE V
C18,PTE V
754,PTE V
6E6,PTP V
8A2,PTC V
B4E,PTC V
190,PTC V
DCF,PTC V
58B,PTP V
2BD,PTC V
441,PTP V
CD9,PTE V
AD4,PTC V
D39,PTE V
F35,PTP V
243,PTC V
01A,PTE V
087,PTC V
459,PTE V
FFE,PTE V
245,PTC V
E82,PTC V
754,PTP V
3CF,PTC V
A80,PTP V
413,PTE V
DB2,PTC V
33C,PTC V
EC3,PTC V
CA9,PTC V
BB6,PTC V
EC3,PTE V
41D,PTC V
341,PTP V
B1A,PTE V
9A7,PTP V
C08,PTP V
3F9,PTC V
464,PTP V
1F6,PTE V
814,PTP V
754,PTE V
115,PTP V
69D,PTE V
79C,PTE V
9BC,PTP V
C6D,PTC V
1BB,PTE V
735,PTP V
0A3,PTP V
992,PTC V
DC9,PTE V
2F1,PTP V
D23,PTE V
B4E,PTP V
66E,PTP V
6E8,PTC V
B59,PTP V
E82,PTP V
21F,PTC V
1E1,PTC V
4D0,PTP V
EDC,PTE V
6EC,PTP V
0DC,PTC V
6EC,PTC V
A67,PTE V
59B,PTE V
17A,PTC V
9A8,PTC V
5BB,PTE V
B19,PTE V
99C,PTC V
9BC,PTP V
F60,PTC V
3BA,PTC V
CED,PTP V
B19,PTE V
8D5,PTE V
BE0,PTE V
92D,PTP V
343,PTP V
C82,PTP V
5B7,PTE V
3C9,PTP V
CF6,PTC V
103,PTE V
15C,PTE V
8DF,PTC V
07A,PTC V
955,PTC V
43C,PTP V
4DF,PTE V
0F2,PTC V
5F3,PTP V
D1A,PTP V
324,PTP V
49A,PTE V
4C7,PTC V
B6A,PTP V
6C9,PTE V
EA6,PTE V
687,PTE V
E2A,PTE V
9D0,PTP V
901,PTC V
452,PTC V
8EC,PTE V
441,PTC V
270,PTE V
02C,PTE V
ECF,PTC V
64E,PTE V
A3E,PTP V
039,PTC V
FB3,PTP V
453,PTP V
A1C,PTP V
FC5,PTP V
64E,PTE V
8F9,PTP V
77A,PTP V
D23,PTP V
595,PTE V
5A7,PTE V
FFA,PTE V
AFE,PTC V
3B3,PTP V
C1F,PTP V
DCF,PTC V
D56,PTC V
378,PTE V
767,PTP V
913,PTP V
01A,PTP V
735,PTE V
B55,PTE V
243,PTE V
A27,PTE V
C62,PTP V
CD8,PTE V
0B7,PTE V
C5E,PTC V
F79,PTE V
A3C,PTP V
55E,PTE V
DB3,PTC V
DF5,PTC V
227,PTE V
4BC,PTP V
1AA,PTC V
341,PTE V
5CF,PTC V
E65,PTP V
DF7,PTE V
1F3,PTP V
A3C,PTP V
3B6,PTC V
40E,PTE V
B3F,PTC V
FDA,PTC V
CEF,PTP V
EC9,PTC V
DA9,PTC V
0B7,PTP V
C98,PTE V
B50,PTP V
76A,PTC V
15B,PTE V
566,PTE V
3DF,PTP V
6FF,PTE V
D63,PTP V
369,PTP V
413,PTE V
5B7,PTP V
FD8,PTE V
DCF,PTC V
E09,PTP V
FE3,PTC V
07E,PTP V
49A,PTP V
11B,PTE V
EC9,PTP V
D29,PTC V
03B,PTP V
DCD,PTE V
C93,PTE V
B8E,PTP V
2CE,PTE V
5C6,PTC V
E22,PTC V
2E5,PTE V
86F,PTE V
2C2,PTE V
359,PTE V
451,PTC V
A87,PTP V
754,PTC V
6D1,PTE V
602,PTC V
FDF,PTP V
0C0,PTE V
2AC,PTP V
48A,PTP V
740,PTE V
AFE,PTE V
BD8,PTP V
CDE,PTC V
138,PTP V
24C,PTE V
595,PTE V
D1A,PTE V
EAD,PTC V
57A,PTC V
92C,PTC V
8AA,PTC V
4F6,PTC V
9AE,PTC V
6D9,PTC V
FA6,PTE V
7FE,PTP V
EDE,PTP V
587,PTP V
1A8,PTP V
544,PTP V
34B,PTC V
22C,PTE V
059,PTC V
D85,PTE V
9BB,PTC V
E5B,PTP V
1FC,PTP V
D3B,PTE V
5AC,PTE V
25D,PTC V
359,PTC V
BC9,PTE V
EBA,PTP V
95D,PTP V
C68,PTP V
CDE,PTE V
FB3,PTP V
8DC,PTP V
74E,PTP V
4C1,PTE V
332,PTE V
42B,PTP V
DD4,PTC V
8E4,PTC V
833,PTE V
9C6,PTP V
EBA,PTE V
C18,PTC V
604,PTP V
941,PTP V
730,PTE V
EA4,PTC V
8A2,PTE V
0A3,PTE V
A64,PTC V
964,PTE V
FF1,PTP V
11B,PTP V
2E9,PTE V
524,PTP V
B50,PTC V
EBF,PTP V
A1D,PTP V
565,PTP V
B2F,PTC V
544,PTC V
E6F,PTC V
6EC,PTP V
33C,PTP V
B01,PTP V
129,PTP V
C5E,PTE V
6A1,PTE V
7FF,PTP V
38A,PTE V
69D,PTC V
059,PTE V
6A6,PTC V
E03,PTC V
17A,PTC V
9D0,PTC V
60B,PTP V
D7F,PTP V
A36,PTP V
8BE,PTP V
5FD,PTC V
097,PTE V
FAD,PTP V
DE2,PTP V
B07,PTC V
835,PTC V
A62,PTC V
AA8,PTC V
5B7,PTP V
5F9,PTE V
4DA,PTP V
264,PTE V
43C,PTC V
A56,PTE V
C6B,PTE V
D29,PTP V
CAB,PTC V
A04,PTC V
EA6,PTE V
1F6,PTC V
797,PTC V
8DF,PTP V
220,PTE V
C17,PTE V
24C,PTC V
039,PTE V
3BB,PTE V
F35,PTE V
441,PTC V
ACF,PTC V
DCD,PTP V
4BC,PTP V
CD8,PTP V
195,PTC V
103,PTP V
33C,PTC V
CD8,PTC V
BD8,PTC V
CD9,PTP V
754,PTE V
3B1,PTC V
789,PTP V
82C,PTC V
1E1,PTC V
6D7,PTC V
5CF,PTC V
5D4,PTC V
A56,PTP V
B6F,PTC V
910,PTC V
99C,PTP V
6D9,PTE V
779,PTC V
E05,PTC V
BFC,PTC V
317,PTP V
74E,PTC V
E32,PTP V
730,PTC V
4BC,PTE V
07E,PTC V
D63,PTE V
0B7,PTC V
A64,PTC V
CD8,PTC V
DB0,PTC V
BC4,PTP V
BF3,PTP V
79E,PTP V
E70,PTC V
F1B,PTC V
8D5,PTP V
2D7,PTE V
B19,PTP V
FA0,PTP V
F9E,PTP V
B34,PTP V
4BE,PTP V
F7D,PTP V
320,PTC V
B2F,PTP V
E72,PTE V
421,PTE V
F4D,PTC V
CB2,PTP V
8A9,PTP V
486,PTE V
BBD,PTC V
014,PTP V
E06,PTE V
70E,PTE V
338,PTC V
FF1,PTC V
33E,PTC V
F79,PTP V
72C,PTP V
C1F,PTP V
4E2,PTE V
A3E,PTP V
C27,PTP V
E82,PTE V
342,PTE V
343,PTE V
3E1,PTP V
DF7,PTC V
794,PTP V
0FE,PTP V
919,PTC V
BC4,PTP V
C98,PTP V
92C,PTP V
BB6,PTC V
4C1,PTE V
95F,PTP V
377,PTE V
410,PTC V
8E9,PTE V
BD8,PTP V
4C0,PTP V
5AC,PTP V
03B,PTP V
70D,PTP V
90A,PTP V
C85,PTE V
088,PTP V
494,PTE V
422,PTE V
982,PTC V
343,PTC V
5FE,PTC V
C17,PTE V
E3D,PTC V
158,PTP V
24A,PTE V
A96,PTP V
434,PTP V
15C,PTE V
C93,PTC V
6E6,PTE V
43C,PTC V
C18,PTE V
BFC,PTP V
103,PTC V
9D0,PTP V
F79,PTC V
149,PTP V
A14,PTE V
6EC,PTE V
FA0,PTC V
5AD,PTC V
A9E,PTP V
7FF,PTE V
1E1,PTE V
935,PTC V
A02,PTP V
572,PTC V
76E,PTP V
039,PTC V
A62,PTE V
DE2,PTP V
463,PTC V
A2D,PTC V
55E,PTE V
451,PTP V
1E2,PTE V
B34,PTE V
114,PTC V
598,PTC V
03F,PTC V
70E,PTP V
D80,PTC V
637,PTP V
D23,PTE V
96D,PTP V
E92,PTE V
5B2,PTC V
B07,PTC V
B83,PTP V
259,PTE V
C1F,PTC V
CD9,PTC V
C18,PTC V
86D,PTP V
24A,PTE V
86D,PTE V
7FF,PTP V
DF7,PTP V
851,PTC V
D56,PTP V
BA1,PTC V
955,PTE V
1DA,PTE V
E1B,PTE V
7A3,PTP V
979,PTC V
2FC,PTP V
D63,PTP V
377,PTE V
8FA,PTP V
931,PTC V
8F3,PTE V
245,PTE V
678,PTE V
25D,PTE V
F9E,PTC V
A1E,PTE V
DCB,PTE V
108,PTC V
14B,PTC V
D3D,PTC V
246,PTC V
CD8,PTC V
115,PTP V
066,PTC V
A37,PTE V
099,PTP V
DB0,PTP V
214,PTE V
259,PTE V
332,PTC V
70D,PTP V
851,PTC V
58B,PTC V
8F9,PTP V
7C4,PTE V
A80,PTP V
C1C,PTP V
03B,PTP V
9E2,PTC V
B8A,PTE V
710,PTE V
00F,PTP V
359,PTE V
115,PTC V
5BF,PTE V
204,PTP V
964,PTP V
CB2,PTC V
1E2,PTE V
069,PTP V
CF6,PTE V
825,PTP V
1F7,PTP V
7E0,PTC V
0AD,PTP V
061,PTE V
B01,PTE V
C5D,PTC V
B7A,PTC V
BE5,PTE V
149,PTP V
09B,PTE V
56D,PTC V
D8E,PTE V
552,PTP V
257,PTC V
501,PTC V
DCF,PTP V
EC6,PTE V
B55,PTC V
0DB,PTE V
382,PTC V
C08,PTP V
209,PTE V
2AC,PTP V
6B0,PTE V
263,PTP V
E18,PTE V
96C,PTE V
ABD,PTC V
63F,PTP V
410,PTC V
A1E,PTE V
EEE,PTC V
05F,PTC V
606,PTC V
CD3,PTC V
99E,PTC V
86D,PTP V
70D,PTP V
257,PTC V
9AB,PTE V
BB6,PTP V
4C7,PTP V
108,PTP V
F51,PTP V
7C5,PTP V
DCB,PTE V
9BC,PTC V
4F8,PTP V
7AB,PTE V
B39,PTP V
3E6,PTE V
34E,PTC V
4DA,PTE V
246,PTC V
EF8,PTE V
301,PTE V
45F,PTP V
7FF,PTP V
3A8,PTC V
B0A,PTC V
3F8,PTP V
AD4,PTE V
6B0,PTP V
E5B,PTP V
452,PTC V
263,PTC V
50C,PTE V
594,PTP V
270,PTC V
55F,PTE V
459,PTC V
606,PTP V
F6B,PTP V
62F,PTP V
A62,PTC V
FF0,PTC V
6E8,PTE V
C31,PTP V
A71,PTP V
DEA,PTC V
270,PTC V
910,PTE V
7B9,PTE V
5F3,PTE V
B6A,PTP V
B8E,PTE V
45D,PTE V
55C,PTP V
71E,PTE V
459,PTE V
6B0,PTP V
B8E,PTC V
119,PTE V
AFE,PTE V
987,PTE V
606,PTC V
8EC,PTP V
60B,PTE V
2CE,PTP V
418,PTP V
A9D,PTC V
33C,PTP V
6D7,PTP V
34E,PTE V
754,PTP V
740,PTP V
A9F,PTP V
71E,PTP V
BA9,PTP V
1FC,PTP V
69B,PTE V
CDE,PTP V
DF2,PTC V
AB6,PTE V
982,PTE V
D54,PTC V
968,PTE V
5CB,PTE V
DF2,PTC V
6B0,PTE V
6A5,PTP V
4BE,PTC V
C98,PTP V
E50,PTC V
24C,PTC V
AFE,PTC V
8E4,PTE V
B19,PTC V
16E,PTE V
3B0,PTP V
073,PTP V
BE0,PTC V
A40,PTP V
5B2,PTP V
0C6,PTC V
5BF,PTP V
33C,PTE V
779,PTP V
874,PTC V
47B,PTE V
406,PTE V
C7A,PTE V
749,PTP V
CF3,PTE V
D42,PTE V
71E,PTE V
D97,PTP V
F86,PTC V
6A8,PTP V
DEA,PTC V
F09,PTC V
338,PTC V
E9E,PTC V
676,PTP V
3BA,PTC V
CD9,PTC V
E8F,PTC V
987,PTP V
CF9,PTC V
A40,PTE V
75D,PTE V
518,PTE V
101,PTE V
595,PTP V
6BA,PTE V
D2C,PTC V
3B1,PTC V
039,PTC V
766,PTC V
95C,PTP V
9F9,PTE V
43C,PTC V
E09,PTC V
9F9,PTC V
E92,PTC V
FF0,PTP V
7E0,PTP V
DA5,PTE V
6A6,PTP V
D54,PTC V
C3A,PTC V
DE8,PTE V
376,PTE V
754,PTP V
E2A,PTE V
D12,PTE V
7A3,PTC V
9C6,PTP V
DCF,PTE V
A5E,PTP V
FE3,PTP V
03B,PTC V
E11,PTC V
3B6,PTC V
C6B,PTE V
B4E,PTC V
DE2,PTC V
34E,PTE V
92C,PTP V
518,PTE V
872,PTP V
C15,PTP V
4BC,PTE V
5C7,PTE V
FA6,PTC V
D7F,PTC V
DBB,PTE V
2E5,PTE V
177,PTC V
214,PTP V
69D,PTC V
F20,PTC V
49A,PTC V
512,PTP V
5CE,PTC V
941,PTP V
9BB,PTC V
B22,PTC V
A37,PTP V
6EC,PTP V
E32,PTE V
052,PTC V
594,PTP V
C63,PTP V
B68,PTE V
4A2,PTC V
E9B,PTP V
E43,PTE V
00F,PTP V
EE1,PTC V
E00,PTP V
E65,PTC V
EDC,PTC V
16E,PTC V
C08,PTC V
DF0,PTE V
359,PTC V
46E,PTE V
DEA,PTC V
A8E,PTE V
71E,PTP V
74E,PTC V
27C,PTC V
1E1,PTC V
E06,PTE V
DF5,PTP V
E77,PTE V
C5D,PTC V
0DB,PTP V
4DA,PTP V
2B7,PTE V
459,PTP V
08E,PTC V
227,PTP V
F6B,PTC V
FB7,PTC V
9AB,PTE V
21D,PTC V
DCF,PTE V
A96,PTE V
687,PTE V
138,PTE V
B0A,PTP V
FB7,PTE V
5BB,PTP V
6A1,PTP V
8DC,PTP V
59B,PTP V
D50,PTE V
5C0,PTP V
EB0,PTP V
AB0,PTC V
1E1,PTE V
E5A,PTE V
23F,PTE V
964,PTE V
2AC,PTP V
452,PTC V
059,PTC V
7A9,PTC V
15B,PTC V
A8E,PTC V
382,PTP V
945,PTC V
59B,PTP V
07E,PTP V
8B8,PTE V
C1C,PTP V
14B,PTC V
494,PTE V
A2A,PTP V
2F9,PTE V
014,PTP V
BA9,PTC V
0B5,PTE V
BEC,PTP V
341,PTP V
56D,PTP V
CDE,PTC V
635,PTC V
ABD,PTC V
066,PTE V
E85,PTP V
945,PTC V
8F9,PTP V
F87,PTP V
594,PTE V
1F4,PTE V
ED3,PTE V
EF8,PTE V
BB2,PTE V
115,PTP V
99E,PTC V
BEC,PTE V
F6B,PTC V
AD4,PTP V
923,PTE V
D7F,PTC V
86D,PTE V
E77,PTC V
F86,PTE V
4D0,PTP V
965,PTP V
947,PTE V
ED3,PTC V
594,PTP V
463,PTE V
6D1,PTP V
F87,PTE V
DC0,PTC V
E54,PTP V
DDF,PTC V
459,PTE V
258,PTC V
AE8,PTE V
C61,PTC V
DDF,PTE V
777,PTP V
0ED,PTC V
740,PTP V
598,PTC V
5CE,PTP V
96D,PTC V
08C,PTP V
A37,PTE V
BA9,PTC V
7C5,PTE V
43C,PTC V
885,PTP V
919,PTP V
99C,PTC V
DC0,PTP V
5F9,PTC V
0DC,PTP V
A36,PTC V
434,PTP V
0F3,PTP V
86D,PTE V
342,PTC V
9F9,PTP V
FFA,PTP V
5FD,PTE V
9B4,PTP V
451,PTC V
F85,PTC V
4C1,PTP V
498,PTE V
BB2,PTE V
A80,PTP V
FDA,PTC V
264,PTE V
2DE,PTC V
342,PTE V
1B8,PTC V
14B,PTE V
5AC,PTP V
766,PTC V
43C,PTP V
D4B,PTP V
E4A,PTE V
797,PTC V
B6F,PTC V
A05,PTC V
3A3,PTE V
A1C,PTE V
79E,PTP V
108,PTP V
130,PTC V
BB6,PTP V
2B7,PTC V
369,PTP V
694,PTP V
36F,PTC V
463,PTE V
EC3,PTP V
471,PTP V
C62,PTE V
359,PTC V
70A,PTE V
D3D,PTC V
16E,PTE V
115,PTC V
59B,PTE V
650,PTE V
606,PTE V
250,PTE V
464,PTC V
B01,PTC V
243,PTE V
950,PTE V
D83,PTC V
119,PTP V
8BF,PTC V
389,PTP V
471,PTP V
843,PTP V
585,PTE V
FC1,PTP V
0F1,PTE V
940,PTE V
0C0,PTE V
DCF,PTP V
423,PTP V
24A,PTP V
FB5,PTP V
B50,PTE V
5CF,PTE V
E6F,PTE V
115,PTP V
406,PTP V
E25,PTP V
777,PTC V
05F,PTC V
451,PTP V
A3C,PTC V
502,PTE V
AC7,PTC V
6B2,PTC V
CA8,PTC V
602,PTE V
A3E,PTC V
CD3,PTE V
BC4,PTE V
5F1,PTE V
204,PTP V
F79,PTE V
3B6,PTE V
CD3,PTE V
0C0,PTP V
46E,PTP V
5F1,PTE V
9F9,PTP V
5F3,PTP V
C18,PTP V
09B,PTE V
AEF,PTC V
4A1,PTE V
A73,PTC V
42A,PTP V
2D7,PTC V
56D,PTP V
3C1,PTE V
72F,PTE V
AB5,PTP V
2E1,PTC V
DF2,PTC V
9C6,PTP V
0F2,PTC V
CEF,PTE V
075,PTE V
6E6,PTP V
08C,PTE V
F18,PTC V
7CA,PTP V
86D,PTP V
767,PTP V
34B,PTE V
341,PTP V
61B,PTE V
FAD,PTC V
CBE,PTC V
635,PTC V
9D1,PTP V
947,PTC V
227,PTC V
538,PTP V
919,PTC V
95F,PTE V
962,PTE V
069,PTC V
AC7,PTE V
28E,PTC V
094,PTP V
941,PTC V
90D,PTP V
ACF,PTE V
565,PTC V
ED3,PTP V
1D4,PTC V
ECD,PTC V
3AD,PTC V
D6A,PTP V
8BE,PTC V
69B,PTP V
422,PTP V
B3F,PTE V
AE7,PTP V
9A3,PTP V
376,PTC V
1AA,PTP V
773,PTE V
17E,PTC V
F7C,PTE V
464,PTC V
CD8,PTE V
ADA,PTE V
941,PTE V
955,PTP V
923,PTC V
BA6,PTC V
5CF,PTC V
F13,PTP V
4C0,PTP V
6D9,PTP V
AD0,PTC V
C8D,PTE V
C68,PTE V
158,PTP V
F48,PTP V
F14,PTE V
833,PTP V
C04,PTP V
3B7,PTE V
119,PTP V
872,PTP V
8A9,PTP V
F87,PTC V
A1D,PTE V
55C,PTC V
214,PTE V
95C,PTC V
3E1,PTC V
5DA,PTE V
492,PTC V
973,PTC V
A73,PTE V
839,PTE V
DF3,PTC V
40E,PTC V
094,PTC V
EBB,PTE V
99B,PTE V
ACA,PTE V
519,PTP V
DCF,PTC V
815,PTC V
3A7,PTP V
DA9,PTP V
25D,PTP V
2E5,PTC V
D80,PTP V
B6A,PTP V
885,PTC V
E09,PTP V
BB0,PTC V
CCB,PTP V
A82,PTC V
AB6,PTE V
8EC,PTC V
B68,PTC V
D38,PTC V
3B0,PTE V
B6A,PTC V
B50,PTP V
4A2,PTP V
DCD,PTP V
B0A,PTP V
C61,PTP V
71E,PTP V
05F,PTC V
E85,PTE V
183,PTE V
4A1,PTE V
885,PTP V
4A0,PTP V
6B0,PTP V
D4B,PTP V
779,PTP V
E11,PTP V
E11,PTP V
28A,PTE V
0F2,PTE V
F86,PTP V
B81,PTP V
0A9,PTP V
8B1,PTC V
714,PTE V
BB6,PTE V
335,PTE V
0C6,PTE V
68E,PTE V
CD3,PTE V
0B2,PTP V
0F2,PTE V
CA1,PTP V
72C,PTP V
FE3,PTC V
328,PTP V
F79,PTE V
635,PTE V
5D4,PTE V
64D,PTC V
2CE,PTC V
204,PTP V
AB6,PTP V
99B,PTE V
4C7,PTC V
5C6,PTE V
3DF,PTP V
1F7,PTE V
05F,PTE V
DCE,PTP V
538,PTP V
5C6,PTE V
E67,PTP V
ACA,PTP V
018,PTC V
E25,PTE V
D97,PTC V
BB2,PTC V
0F9,PTP V
0FE,PTP V
C14,PTC V
059,PTE V
2F1,PTP V
EBC,PTP V
21E,PTE V
72F,PTE V
8FE,PTC V
2AC,PTC V
694,PTE V
3A7,PTP V
5B2,PTC V
517,PTP V
099,PTE V
0AD,PTC V
CD9,PTP V
214,PTP V
720,PTP V
68E,PTE V
987,PTP V
320,PTP V
CD2,PTC V
0C5,PTP V
E43,PTP V
AD5,PTP V
1BB,PTC V
E1B,PTE V
AB0,PTC V
DEA,PTP V
E8F,PTE V
FFA,PTP V
E92,PTP V
6D7,PTC V
E92,PTE V
E25,PTP V
3B6,PTP V
F14,PTP V
9BC,PTE V
44D,PTE V
19A,PTC V
86D,PTE V
4C6,PTC V
802,PTE V
740,PTE V
A9F,PTE V
CDE,PTC V
AB9,PTP V
DB4,PTP V
25D,PTP V
F23,PTP V
6A2,PTE V
D40,PTP V
B82,PTP V
3CF,PTC V
952,PTC V
86B,PTP V
3E6,PTC V
BFA,PTC V
964,PTC V
987,PTC V
1F7,PTE V
017,PTE V
8A9,PTE V
245,PTC V
D3D,PTP V
B4E,PTP V
138,PTC V
EB7,PTC V
F85,PTC V
EA4,PTE V
6DA,PTC V
B48,PTE V
C74,PTE V
A37,PTE V
8BF,PTE V
CD9,PTE V
463,PTC V
A80,PTE V
001,PTE V
D29,PTE V
E32,PTC V
0B7,PTE V
FC5,PTC V
66E,PTE V
D54,PTE V
7E0,PTE V
0F2,PTC V
5CF,PTP V
999,PTP V
A14,PTE V
0ED,PTC V
25F,PTE V
5AC,PTP V
96F,PTE V
33C,PTP V
494,PTE V
4BE,PTP V
9F9,PTC V
BB6,PTP V
6A1,PTP V
8BB,PTE V
DB0,PTP V
7C5,PTC V
694,PTC V
5F3,PTP V
582,PTC V
1EB,PTC V
0A3,PTC V
8DF,PTE V
5F9,PTC V
9A7,PTE V
233,PTP V
825,PTP V
D87,PTE V
C3B,PTC V
B55,PTE V
231,PTE V
3E1,PTP V
EB7,PTC V
566,PTP V
57A,PTP V
940,PTE V
494,PTP V
528,PTC V
3B9,PTE V
919,PTC V
185,PTC V
6E7,PTP V
EBF,PTE V
24A,PTC V
183,PTE V
F85,PTP V
057,PTE V
E5B,PTC V
F35,PTP V
63A,PTP V
524,PTC V
3C1,PTC V
7B9,PTE V
0A7,PTP V
1D4,PTP V
08E,PTC V
AE7,PTE V
EC6,PTP V
A96,PTE V
5FC,PTP V
AD0,PTC V
63A,PTE V
15C,PTE V
413,PTE V
A17,PTP V
A46,PTE V
61B,PTC V
E85,PTE V
2DE,PTC V
E3D,PTP V
2B7,PTC V
DB5,PTC V
507,PTP V
6A8,PTC V
44D,PTP V
BA6,PTC V
C62,PTC V
9FD,PTC V
1AA,PTE V
EC6,PTE V
245,PTP V
F61,PTP V
CE7,PTC V
742,PTE V
63A,PTP V
CA4,PTP V
38A,PTP V
0F2,PTE V
F14,PTE V
250,PTE V
2DA,PTP V
544,PTP V
979,PTP V
E05,PTP V
888,PTP V
935,PTP V
D6A,PTP V
E85,PTP V
A82,PTE V
AB6,PTP V
7F8,PTP V
71E,PTP V
FAD,PTC V
018,PTP V
E5B,PTE V
E65,PTE V
C93,PTE V
E5A,PTE V
6D1,PTC V
EDC,PTE V
A17,PTC V
833,PTP V
C3B,PTE V
3B6,PTE V
15F,PTC V
E2A,PTP V
D87,PTE V
CD9,PTE V
CA2,PTE V
7EB,PTE V
1F7,PTC V
22A,PTC V
B09,PTP V
86D,PTE V
190,PTE V
8A9,PTP V
209,PTE V
133,PTC V
721,PTE V
E11,PTC V
F53,PTP V
A80,PTE V
BB4,PTE V
441,PTE V
418,PTC V
518,PTE V
7E0,PTP V
376,PTE V
E85,PTP V
192,PTP V
FDF,PTE V
A3E,PTE V
018,PTC V
CE7,PTP V
A9F,PTE V
D63,PTC V
DBB,PTC V
E9E,PTP V
FA3,PTC V
E05,PTP V
AFE,PTE V
741,PTE V
E54,PTC V
D3B,PTC V
341,PTC V
604,PTP V
3E6,PTC V
CCB,PTC V
AB0,PTP V
459,PTP V
86D,PTE V
21D,PTC V
5CF,PTP V
4C1,PTC V
79C,PTE V
48B,PTC V
789,PTP V
4C0,PTC V
B6A,PTC V
AA8,PTC V
B55,PTP V
1EB,PTP V
DB4,PTC V
839,PTP V
528,PTP V
D2C,PTP V
2DA,PTP V
471,PTP V
E42,PTE V
097,PTP V
3B9,PTC V
F59,PTE V
E70,PTE V
9AE,PTP V
FE0,PTP V
CF9,PTE V
C17,PTC V
A3E,PTC V
BB6,PTE V
E92,PTP V
83A,PTC V
7A3,PTE V
E85,PTE V
835,PTC V
A24,PTC V
A02,PTE V
0D8,PTP V
E7E,PTE V
DB2,PTC V
718,PTE V
604,PTE V
E6F,PTE V
E32,PTE V
243,PTE V
EA6,PTE V
528,PTE V
C3A,PTE V
C27,PTC V
114,PTE V
9BC,PTE V
BA6,PTC V
A46,PTP V
1EB,PTE V
5C6,PTC V
413,PTE V
9C6,PTE V
63F,PTE V
C27,PTE V
DCE,PTP V
7FE,PTP V
A87,PTP V
250,PTP V
185,PTC V
C85,PTE V
A9F,PTE V
DCB,PTP V
7AB,PTP V
DCE,PTP V
0FA,PTP V
464,PTE V
B0A,PTC V
6A8,PTE V
E76,PTC V
D85,PTE V
22C,PTE V
FB3,PTC V
EBF,PTC V
687,PTC V
101,PTE V
2F1,PTC V
421,PTE V
3DF,PTC V
2C2,PTE V
FA0,PTE V
B82,PTP V
38A,PTP V
63A,PTP V
3BB,PTE V
2E5,PTC V
773,PTE V
6ED,PTC V
9F9,PTE V
0C0,PTE V
60B,PTC V
464,PTE V
187,PTC V
96F,PTP V
EBC,PTE V
E7E,PTP V
EAD,PTC V
250,PTP V
08E,PTP V
BB4,PTE V
6DF,PTC V
72F,PTE V
0ED,PTC V
4C0,PTP V
B36,PTE V
EF4,PTC V
B15,PTC V
86E,PTE V
359,PTC V
9EC,PTE V
587,PTP V
A9F,PTP V
C04,PTE V
DF0,PTC V
92D,PTP V
748,PTE V
DD4,PTE V
694,PTC V
369,PTC V
F53,PTE V
E06,PTC V
8DC,PTE V
618,PTE V
B8A,PTC V
4D0,PTP V
7F8,PTC V
A9F,PTC V
195,PTE V
79E,PTC V
DB2,PTC V
5FC,PTE V
618,PTP V
96F,PTC V
773,PTP V
257,PTE V
AA8,PTE V
4BE,PTP V
E22,PTE V
EF2,PTC V
79C,PTP V
301,PTE V
598,PTC V
DBD,PTC V
452,PTP V
214,PTP V
A40,PTE V
7FF,PTE V
950,PTE V
8D5,PTP V
F8C,PTE V
5FE,PTC V
1E6,PTC V
86E,PTC V
E77,PTP V
36F,PTE V
8DF,PTP V
B81,PTE V
E32,PTP V
FC5,PTP V
BC4,PTE V
3B7,PTE V
057,PTP V
572,PTE V
4DA,PTC V
DB5,PTP V
1CB,PTP V
EC3,PTE V
AB9,PTC V
C98,PTP V
E7E,PTC V
E4D,PTC V
2DE,PTP V
1E3,PTE V
01F,PTE V
463,PTE V
544,PTC V
5CB,PTC V
46E,PTE V
BA6,PTC V
22C,PTP V
742,PTP V
CE7,PTP V
5B7,PTC V
060,PTE V
231,PTE V
EFD,PTE V
3BA,PTE V
FAD,PTP V
3B1,PTE V
C04,PTC V
544,PTP V
E03,PTE V
B82,PTE V
04B,PTC V
5F9,PTE V
434,PTE V
0A3,PTP V
4D0,PTP V
92D,PTC V
E72,PTC V
B83,PTE V
742,PTE V
931,PTE V
A1A,PTP V
2AB,PTE V
EAD,PTC V
FA6,PTP V
A65,PTP V
5B9,PTC V
66E,PTE V
76E,PTE V
D40,PTC V
CEB,PTP V
DDB,PTE V
498,PTE V
5D7,PTP V
4F8,PTC V
057,PTP V
1EC,PTP V
6DA,PTP V
BA1,PTE V
96D,PTE V
378,PTP V
E82,PTC V
0C0,PTP V
40E,PTC V
E43,PTE V
4DF,PTC V
45D,PTP V
BB4,PTE V
438,PTP V
E32,PTE V
962,PTP V
C85,PTE V
9B2,PTE V
15C,PTP V
E0F,PTE V
1EB,PTC V
B68,PTE V
061,PTC V
4C0,PTC V
DF5,PTP V
A8B,PTE V
07A,PTE V
BB4,PTE V
CFB,PTC V
E7E,PTP V
ACB,PTC V
979,PTP V
83A,PTE V
96D,PTP V
C74,PTE V
6E6,PTE V
D87,PTE V
A9E,PTE V
4BC,PTE V
BB6,PTC V
BEC,PTE V
301,PTE V
63A,PTE V
8E4,PTC V
A46,PTC V
FE0,PTP V
910,PTE V
779,PTP V
676,PTP V
C85,PTP V
389,PTC V
C6D,PTE V
48A,PTC V
33F,PTP V
AB9,PTP V
33F,PTE V
B0A,PTE V
B55,PTE V
5FC,PTC V
839,PTE V
1F4,PTP V
55F,PTC V
86F,PTE V
FB3,PTP V
B22,PTE V
38A,PTP V
02C,PTP V
BBD,PTE V
ABD,PTP V
3A7,PTE V
087,PTP V
E5A,PTE V
3A3,PTC V
E50,PTC V
301,PTC V
5B7,PTE V
F6A,PTP V
059,PTP V
6E6,PTC V
214,PTE V
2FC,PTP V
8EC,PTP V
EF8,PTC V
69D,PTE V
2CB,PTP V
987,PTE V
3B0,PTE V
61B,PTE V
8C6,PTP V
E92,PTE V
1DA,PTC V
A3E,PTP V
86B,PTC V
359,PTP V
097,PTP V
C18,PTP V
C17,PTC V
EBF,PTC V
65A,PTE V
F8C,PTC V
A1A,PTP V
ED3,PTC V
96C,PTE V
