id,created_at,text,likes,in reply to,retweeted
1457850609017688070,2021-11-08 23:20:45+00:00,Happy #CelebrateFirstGen Day! I’m so proud of all the students working to get their education. I know it can be har… https://t.co/ni8W1nfbzx,9221,,False
1456361035586211849,2021-11-04 20:41:43+00:00,You absolutely nailed it – she looks just like Ada Twist! 😍❤️ https://t.co/tZKF13aatd,16752,,False
1456358269597925380,2021-11-04 20:30:43+00:00,"I love this! This is exactly why we created Ada Twist, Scientist, through Higher Ground – to inspire budding young… https://t.co/ul24dXrcDy",3971,,False
1455660478856929280,2021-11-02 22:17:57+00:00,"RT @WhenWeAllVote: Haven’t voted yet? There's still time! Find your polling place at https://t.co/APFAb1tasn.

After you vote, go to https:…",0,,False
1455502831918764034,2021-11-02 11:51:31+00:00,Vote in-person or drop off your ballot by the time polls close. Head to https://t.co/wyRWNO1LO5 to find your pollin… https://t.co/oSiMUXvuC2,2241,MichelleObama,False
1455502826747187205,2021-11-02 11:51:30+00:00,Today is Election Day! From city hall and the governor’s mansion to the school board and the courts — state and loc… https://t.co/KtJiqFHo5n,18911,,False
1454827302353842178,2021-10-31 15:07:12+00:00,Barack and I always loved celebrating Halloween back at the White House. I hope all those trick-or-treating tonight… https://t.co/32Y7b1geER,52605,,False
1453780063091052544,2021-10-28 17:45:51+00:00,"I’ve long been a fan of @BlackishABC’s wit and all-around brilliance, and it was such a thrill to join in for an ep… https://t.co/im4419ZGqE",9646,,False
1452422258119430144,2021-10-24 23:50:25+00:00,I’m so encouraged that the @POTUS and @VP have issued the first-ever national strategy on gender equity and equalit… https://t.co/Q4FVgFQkrB,12557,,False
1451556651488657409,2021-10-22 14:30:48+00:00,So this can’t be the end of our fight. We’re going to keep working to protect access to the ballot box at… https://t.co/paCfYoKbP7,1889,MichelleObama,False
1451556650062696450,2021-10-22 14:30:48+00:00,"And right now, their goal is to discourage us. We can’t let that happen. Passing this bill—and the John Lewis Votin… https://t.co/bGtgePXxbR",2602,MichelleObama,False
1451556648011579427,2021-10-22 14:30:48+00:00,"This week, Senate Republicans voted against even beginning debate on critical voting rights legislation. Make no mi… https://t.co/uGQbV6bja5",6917,,False
1451299971974766600,2021-10-21 21:30:51+00:00,"Congrats, @ChicagoSky! So proud of this team for winning their first @WNBA championship. 👏🏾🎉 https://t.co/Sb8EuyRZDG",5089,,False
1450952648035872773,2021-10-20 22:30:43+00:00,"Happy birthday to a thoughtful, compassionate, and relentless leader—the one and only @KamalaHarris. We are so luck… https://t.co/aLx7vhcgV9",80382,,False
1450515123790094336,2021-10-19 17:32:09+00:00,"I'm proud of all the students pursuing higher education—it isn't easy, but your hard work will pay off! If you’re a… https://t.co/Rk1GsnNGGA",3878,,False
1450168903125151748,2021-10-18 18:36:23+00:00,"RT @BarackObama: General Colin Powell understood what was best in this country, and tried to bring his own life, career, and public stateme…",0,,False
1448302768276525062,2021-10-13 15:01:02+00:00,That’s why I’m asking all of you to call your Senators today and tell them to pass the Freedom to Vote Act. It’s a… https://t.co/jMPklCAx9c,2964,MichelleObama,False
1448302763507597316,2021-10-13 15:01:01+00:00,"A couple years ago, the Florida state government rolled back a measure that would have given many formerly incarcer… https://t.co/Uy3AS6qPC2",6140,,False
1447593072314003473,2021-10-11 16:00:58+00:00,Happy International #DayoftheGirl! Today I’m celebrating the promise that exists within every girl. When we invest… https://t.co/G7CipoFgTu,10317,,False
1445450636661723140,2021-10-05 18:07:41+00:00,It’s never too early to start understanding the power of your vote. That’s why I loved seeing how @LaRonHines is ge… https://t.co/vy19SxyFgI,7423,,False
1444693864275709958,2021-10-03 16:00:33+00:00,"How it started vs. how it’s going

Happy anniversary, Barack—love you! ❤️😘 https://t.co/fHL8MX2MIm",377957,,False
1443965290908430342,2021-10-01 15:45:27+00:00,"I can’t wait for you all to tune into our latest production from Higher Ground—Ada Twist, Scientist! It's a show th… https://t.co/kpB1pW1ACQ",11517,,False
1442991867176660996,2021-09-28 23:17:25+00:00,One of the greatest honors of my life is being a proud Chicagoan—a daughter of the South Side. When it came time to… https://t.co/ZjSaZVFFdI,53109,,False
1442941595112783872,2021-09-28 19:57:39+00:00,"Barack and I loved surprising the incredible women in the Chicago Women in Trades, some of whom will be helping bui… https://t.co/e7ZuwPO0Fe",10854,,False
1442939997934403585,2021-09-28 19:51:18+00:00,"RT @ObamaFoundation: Thanks @RobinRoberts for chatting all things Obama Presidential Center on @GMA, and helping @BarackObama surprise memb…",0,,False
1442918494522077187,2021-09-28 18:25:51+00:00,Barack and I are thrilled to officially break ground on the Obama Presidential Center today! This moment means a lo… https://t.co/0s82KgxygK,10251,,False
1441417800082460678,2021-09-24 15:02:38+00:00,"The South Side of Chicago is where I was born and raised, and it's where @BarackObama and I started our family. We'… https://t.co/U6XAtab3hI",22030,,False
1441142287388459015,2021-09-23 20:47:51+00:00,"When we all vote and make our voices heard, we can change our democracy for the better. Join me tonight at 8pm ET f… https://t.co/R7QeyQvbNZ",3772,,False
1438296277377290242,2021-09-16 00:18:49+00:00,It was an honor getting to speak with @DrSianProctor and the incredible #Inspiration4 crew. They're inspiring us al… https://t.co/lCcI4fV3sn,13603,,False
1437808766515388428,2021-09-14 16:01:37+00:00,The refugees arriving to the United States from Afghanistan have stories just like ours. They have big dreams for t… https://t.co/pmpHTfcwws,6010,,False
1436659339310342144,2021-09-11 11:54:12+00:00,"RT @BarackObama: Today we honor the nearly 3,000 men, women, and children who died on September 11, 2001, and the heroes who have always ru…",0,,False
1435374148885389312,2021-09-07 22:47:19+00:00,"If we want to fight back against bills like this, we’ve got to organize state by state and block by block to pass t… https://t.co/QcvL6Kwv7N",12617,,False
1435265287058776068,2021-09-07 15:34:45+00:00,"When we launched the #ObamaScholars program three years ago, we hoped to equip the next generation of leaders with… https://t.co/quDkF0bMdk",3581,,False
1432824191468904462,2021-08-31 21:54:42+00:00,"Hurricane Ida has left millions of people without power, food, and shelter throughout the South. In times like thes… https://t.co/TAFaFhlkxo",4590,,False
1431252832028700672,2021-08-27 13:50:41+00:00,"RT @BarackObama: Like so many of you, Michelle and I were heartbroken to hear about the terrorist attack outside the Kabul airport that kil…",0,,False
1430568372488581125,2021-08-25 16:30:53+00:00,"But this is far from a done deal. Like so many others before it, this bill could fail in the Senate.  So I’m asking… https://t.co/Ta3z1RYBSs",3185,MichelleObama,False
1430568370135515136,2021-08-25 16:30:52+00:00,"Last night, the John Lewis Voting Rights Advancement Act passed in the House of Representatives. Today, I’m celebra… https://t.co/Fz9UkW7Wnc",15497,,False
1428770711183765504,2021-08-20 17:27:37+00:00,RT @girlsalliance: A devastating earthquake in Haiti has claimed thousands of lives and left even more injured or displaced. If you’re look…,0,,False
1425590913959612419,2021-08-11 22:52:14+00:00,RT @girlsalliance: We're so proud of the four organizations in our Girls Opportunity Alliance Network who were awarded $3 million from @Jac…,0,,False
1423297837870288900,2021-08-05 15:00:22+00:00,"As we mark the 56th anniversary of the Voting Rights Act of 1965, @StaceyAbrams and I are calling on you to reach o… https://t.co/d33FIf2IlU",9538,,False
1422994065767927809,2021-08-04 18:53:17+00:00,"RT @ObamaFoundation: 🎉 Happy Birthday, @BarackObama!
 
President Obama has always enjoyed hearing about the good work people are doing to m…",0,,False
1422912784136916996,2021-08-04 13:30:18+00:00,"Of all of your accomplishments, I know that being a present, loving father to our girls tops them all. Thank you fo… https://t.co/jOZF0zgwhz",201294,,False
1420784213029175303,2021-07-29 16:32:07+00:00,"Happy birthday to the woman who taught me how to think for myself, use my voice, and show up authentically in this… https://t.co/jeVW00oKFX",89274,,False
1420202408215564288,2021-07-28 02:00:14+00:00,"Am I good enough? Yes, I am. The mantra I practice daily. @Simone_Biles, we are proud of you and we are rooting for… https://t.co/r7c5RWaK89",165812,,False
1419452462948306944,2021-07-26 00:20:13+00:00,"RT @BarackObama: Bob Moses was a hero of mine. His quiet confidence helped shape the civil rights movement, and he inspired generations of…",0,,False
1418715165097349125,2021-07-23 23:30:28+00:00,"I know how hard all of the athletes on Team USA have worked to make it to the @Olympics in Tokyo, and I can't wait… https://t.co/3LC24PuGRi",20397,,False
1416412674875920386,2021-07-17 15:01:12+00:00,"Everyone deserves to have their voices heard and their votes counted, and I can’t think of a better way to honor Co… https://t.co/8EJroUxjvz",4649,MichelleObama,False
1416412673848270852,2021-07-17 15:01:11+00:00,"All across our country, the sacred right to vote that he marched and bled for is being threatened. That’s why we’ve… https://t.co/JYTtaMIJ2x",4650,MichelleObama,False
1416412672376061954,2021-07-17 15:01:11+00:00,"A year ago today, we lost Congressman John Lewis. As we celebrate the king of good trouble—his legacy of perseveran… https://t.co/b5NzRKy3f9",19595,,False
1414934454079049728,2021-07-13 13:07:16+00:00,I'm excited to announce that Philadelphia will be our next partner city for our Pass the Love campaign with… https://t.co/HK7WTQYBor,5236,,False
1414608326994939914,2021-07-12 15:31:21+00:00,"During quarantine, I picked up knitting as a hobby—and discovered how fulfilling it can be to turn small stitches i… https://t.co/0FFzTEhh5D",6209,,False
1414570335794573313,2021-07-12 13:00:24+00:00,"Wishing a very happy birthday to @Malala! As she often points out, there are so many girls like her all around the… https://t.co/zQcOMA3eCJ",24266,,False
1413589543975018508,2021-07-09 20:03:05+00:00,"Barack and I had a great time speaking with @chrisdocnee, @pramsey342, and @HERMusicx about We The People, our late… https://t.co/4FRGFzECiH",3242,,False
1413492138038284292,2021-07-09 13:36:01+00:00,"Yes, Zaila! We are so, so proud of you! 👏🏾

 https://t.co/rp0gI4B5BE",63196,,False
1411675273318342657,2021-07-04 13:16:27+00:00,"Happy Fourth of July, everybody—and also, happy 23rd birthday to our dear Malia! It’s been a few years since we too… https://t.co/0llRAw126J",81318,,False
1410715048952086534,2021-07-01 21:40:52+00:00,RT @girlsalliance: We are heartened to see leaders around the world bringing such significant investments to the table to support gender eq…,0,,False
1410693663861190657,2021-07-01 20:15:53+00:00,"The pandemic’s impact in India has been devastating—and sadly, it also poses new barriers to girls’ education. That… https://t.co/PbGpGiMGzI",3772,,False
1410274721371930626,2021-06-30 16:31:09+00:00,"The first time I met Amy Sherald, our connection was instant. From the way she carried herself to the art she creat… https://t.co/QMmoKMX2sE",2716,,False
1409588780432982017,2021-06-28 19:05:28+00:00,I'm so thrilled to hear that @YouTube's Creators for Change on Girls' Education Special won the @DaytimeEmmys for O… https://t.co/C67w2caAZ9,3900,,False
1408836340108738561,2021-06-26 17:15:33+00:00,"Congratulations to my friend, @ConanOBrien, on an incredible run. Thank you for bringing light and laughter into ou… https://t.co/nYQIDOfE10",23849,,False
1408492519495766020,2021-06-25 18:29:19+00:00,RT @BarackObama: Congratulations to the @CripCampFilm team on their @PeabodyAwards! I could not be prouder of the disability rights activis…,0,,False
1407435960833482754,2021-06-22 20:30:56+00:00,"If you haven’t seen it yet, @itskerrii’s race at the Olympic Trials is something to behold—but her grace and grit i… https://t.co/nfiEB6XK4g",84893,,False
1407322595389751299,2021-06-22 13:00:28+00:00,Thrilled to announce that Detroit will be our latest partner city for the Pass the Love campaign with @PHAnews! We’… https://t.co/NVARZouJbB,3474,,False
1407073606929108993,2021-06-21 20:31:04+00:00,"RT @WhenWeAllVote: Today 80+ businesses declared their public support for the #ForThePeopleAct. An ENORMOUS thank you to 
@dfadcoalition &amp;…",0,,False
1406598649010917382,2021-06-20 13:03:45+00:00,Happy #FathersDay to all the dads out there—especially the one and only @BarackObama! Our daughters couldn’t have a… https://t.co/oRmRFIZ3fI,94678,,False
1406309063118438406,2021-06-19 17:53:03+00:00,"Champ was such a good boy, and we know how much he meant to your family over the years. Barack and I are sending al… https://t.co/Wi7KqhAsEZ",61288,,False
1406280611732590596,2021-06-19 15:59:59+00:00,It's up to each of us to work to protect our democracy and expand our voting rights. There’s too much on the line.… https://t.co/jukDntGMhv,2008,MichelleObama,False
1406280610046529536,2021-06-19 15:59:59+00:00,"Right now, we have the opportunity to enact voting reforms, expand voting rights, and stop dozens of voter suppress… https://t.co/T157RoZsM0",2564,MichelleObama,False
1406280607387336707,2021-06-19 15:59:58+00:00,Let's celebrate #Juneteenth becoming a federal holiday by recognizing the generations of enslaved Black people who… https://t.co/YfPspHZYNC,9384,,False
1405940927160635393,2021-06-18 17:30:12+00:00,"It’s almost #FathersDay, so I’m thinking a lot about my dad and reflecting on some of the memories we shared growin… https://t.co/ALqRWrycMH",20766,,False
1405628005649682441,2021-06-17 20:46:46+00:00,"Ahead of #FathersDay, the @GirlsAlliance is spotlighting dads around the world who are supporting their daughters’… https://t.co/KGXfvLptHB",2939,,False
1403011946832666625,2021-06-10 15:31:29+00:00,Happy birthday to my darling Sasha! I am so grateful for every laugh we’ve shared — and everything you’ve taught me… https://t.co/HvkW91h0bv,118811,,False
1401210526017982473,2021-06-05 16:13:17+00:00,"Thinking of you today, Breonna. 🖤

Artwork by Amy Sherald https://t.co/9KToPPG1jB",56934,,False
1400550660609908737,2021-06-03 20:31:13+00:00,"Happy birthday, @DrBiden! You’re such a great friend—and even better wife, mom, and grandmother. Thank you for lead… https://t.co/ZYB0WpEgTl",63840,,False
1400520354771226628,2021-06-03 18:30:47+00:00,The ripple effects from COVID-19 continue to threaten girls’ education around the globe. That’s why I’m asking ever… https://t.co/IHVHTPadN0,4398,,False
1400188017139138563,2021-06-02 20:30:12+00:00,I can’t wait for you all to see We The People! This Higher Ground project is filled with the songs and the heart of… https://t.co/zLGUqJSLBN,6322,,False
1399850355022831626,2021-06-01 22:08:27+00:00,I’d love to hear more about your graduation day. Send me a photo or shout out another graduate using #DearGrad and #ReachHigher! 🎓👨🏿‍🎓🎓👩‍🎓🎓,2404,MichelleObama,False
1399850354116861955,2021-06-01 22:08:27+00:00,"Life threw an awful lot at you this year, and you didn’t blink. Instead, you pushed yourself harder and overcame th… https://t.co/yb0CXQwxv0",3286,MichelleObama,False
1399850352271409155,2021-06-01 22:08:26+00:00,"Congratulations, Class of 2021! You overcame so much this year with grace and humor. You should be incredibly proud… https://t.co/hJJAoNh5Fq",7902,,False
1398309957800448004,2021-05-28 16:07:27+00:00,William “Buddy” Carter is retiring after 47 years as a butler at the White House and the Blair House. Barack and I… https://t.co/oyfxguaxxd,46639,,False
1397887087706267648,2021-05-27 12:07:07+00:00,"His work has been read (and re-read, and re-read) tens of millions of times over the years, one generation’s gift t… https://t.co/TYCoJv80Lv",14027,,False
1397213694514315272,2021-05-25 15:31:18+00:00,"I’m sending all my love to Gianna and to the rest of the Floyd family today. Her dad did change the world, and now… https://t.co/Bg2pgviBJu",8357,MichelleObama,False
1397213693583183878,2021-05-25 15:31:18+00:00,All of us have a role to play to hold our leaders accountable and speak out about injustice. Let’s make sure that “… https://t.co/m3yXokKQqd,6522,MichelleObama,False
1397213691578306571,2021-05-25 15:31:17+00:00,"It’s been a year since those horrifying 8 minutes and 46 seconds stole George Floyd’s life. Today, I am thinking of… https://t.co/L9VAKm3Svv",31277,,False
1396922791480467464,2021-05-24 20:15:21+00:00,"You can join the fun, too! And for every badge you earn at the link below, @Walmart will donate to our Pass the Lov… https://t.co/Imhhfm5nw5",1079,MichelleObama,False
1396922786925457421,2021-05-24 20:15:20+00:00,"One of my favorite things about Waffles + Mochi is that when families watch the show together, they’ll not only lau… https://t.co/duh7GQr6FQ",2602,,False
1396566873043574786,2021-05-23 20:41:04+00:00,"Always amazed by you, @Simone_Biles! Keep shining — we’re rooting for you! 😍✨

 https://t.co/Z5bbYIu95a",55021,,False
1393576408249667584,2021-05-15 14:38:01+00:00,RT @PHAnews: Inspire your family to eat healthy and give back through fun and interactive food adventures at The Hidden World of Waffles +…,0,,False
1392572631904395267,2021-05-12 20:09:22+00:00,This was fun! Had some laughs with @StephenAtHome and even raised $9k for our Pass the Love campaign with @PHAnews.… https://t.co/uv0ZqsYet0,3950,,False
1392518816723316737,2021-05-12 16:35:32+00:00,"We have a long way to go to address food equity in America, but I am glad to see the private sector’s commitment to… https://t.co/mFUmYV9gZv",1223,MichelleObama,False
1392518768505544704,2021-05-12 16:35:20+00:00,I’ve long said that supporting parents and helping our kids build healthy habits isn’t just a job for nonprofits or… https://t.co/422xzbhATJ,3219,,False
1392185351062671368,2021-05-11 18:30:27+00:00,My work with the @GirlScouts has always been so rewarding for me—and I absolutely loved speaking with some of the i… https://t.co/Ru205slsKy,5782,,False
1391891703326445571,2021-05-10 23:03:36+00:00,RT @PHAnews: Today former First Lady @MichelleObama announced the first two partner cities in our Pass the Love w/ #WafflesAndMochi campaig…,0,,False
1391849222203379720,2021-05-10 20:14:48+00:00,"I just loved this story of Tani Adewumi, a 10-year-old Nigerian refugee who’s already a chess master! He’s a remind… https://t.co/5QbOE3VIaN",9209,,False
1391807908913025026,2021-05-10 17:30:38+00:00,I'm so excited to announce our first partner cities—Atlanta and Cleveland—for our Pass the Love campaign with… https://t.co/OTkxTtrX4H,4313,,False
1391423585173086211,2021-05-09 16:03:28+00:00,I hope you take today to let all the mother figures in your life know how much you love them. I know I wouldn't be… https://t.co/v1exl1hmIA,43012,,False
1391120337115525124,2021-05-08 19:58:28+00:00,This afternoon was a difficult one for our family. We said goodbye to our best friend—Bo—after a battle with cancer… https://t.co/EklqA2JmHq,231494,,False
1390652777412632581,2021-05-07 13:00:33+00:00,I love these #MothersDay cards drawn by students in the @GirlsAlliance community. Send one to your mom to thank her… https://t.co/6eoikjO5Wf,6152,,False
1389942922561343490,2021-05-05 13:59:51+00:00,"RT @GMA: Former first lady @MichelleObama is teaming up with the @girlscouts to create a “Becoming Me” program, based on her bestselling bo…",0,,False
1388596490847784963,2021-05-01 20:49:36+00:00,Keep up the great work! This is only the beginning of your journey. #CollegeSigningDay 🎓 https://t.co/ithyw4SPDG,5601,,False
1388575948497465346,2021-05-01 19:27:59+00:00,"I’m so proud of you, Shamia! 👏🏾👏🏾👏🏾 https://t.co/TKxiAGtt3D",5964,,False
1388566917452021761,2021-05-01 18:52:06+00:00,"Congrats, Burabari! #BetterMakeRoom 🎉 https://t.co/0379TYPygt",4040,,False
1388565961410809860,2021-05-01 18:48:18+00:00,RT @KELLYROWLAND: I’m so honored to be back at #CollegeSigningDay with @MichelleObama this year! Join us in celebrating the class of 2021 a…,0,,False
1388556014564298755,2021-05-01 18:08:46+00:00,"RT @OCSArts: Today we’re celebrating #CollegeSigningDay with @BetterMakeRoom and @MichelleObama! Congrats to the OCSA class of 2021, you di…",0,,False
1388555853167476737,2021-05-01 18:08:08+00:00,"RT @ConanOBrien: Wishing all the students out there a happy #CollegeSigningDay. For tips on financial aid and college support, follow @Bett…",0,,False
1388524584224362503,2021-05-01 16:03:53+00:00,Share your plans with me using #CollegeSigningDay! Then join @BetterMakeRoom today at 2pm ET for our virtual celebr… https://t.co/4ifJr4hXtq,1867,MichelleObama,False
1388524575877648384,2021-05-01 16:03:51+00:00,Happy #CollegeSigningDay! I'm so excited to celebrate all of you who are taking this next step on your journeys and… https://t.co/xiCFtbXhmf,34960,,False
1387867145112113155,2021-04-29 20:31:27+00:00,I'm so proud of all the students who've made the commitment to pursue higher education. I know this school year has… https://t.co/gLZ57P4yL6,6486,,False
1385997624441024512,2021-04-24 16:42:38+00:00,"This #IndieBookstoreDay, I want to show some love to all the wonderful independent bookstores out there. I saw firs… https://t.co/SdDlPGhnqq",11784,,False
1385262181541896192,2021-04-22 16:00:15+00:00,"This #EarthDay, @GirlsAlliance, @MalalaFund, and @GirlRising are teaming up to spotlight five young women who are w… https://t.co/2cmR6zrowP",6340,,False
1384629081782857731,2021-04-20 22:04:32+00:00,"RT @BarackObama: Today, a jury did the right thing. But true justice requires much more. Michelle and I send our prayers to the Floyd famil…",0,,False
1384582950772264960,2021-04-20 19:01:14+00:00,State lawmakers are making it harder to register to vote and cast a ballot. I hope you’ll join me in urging the Sen… https://t.co/v7Fr1BonQB,8158,,False
1384221006047322118,2021-04-19 19:03:00+00:00,"We all want to be with our family and friends again, and the best way to make that happen is by getting the vaccine… https://t.co/nIKkvJ9FZn",8981,,False
1383186445234491402,2021-04-16 22:32:01+00:00,Barack and I started Higher Ground to give exciting new voices a platform to tell great stories. We're proud to sha… https://t.co/T3L8Ecxy2f,8060,,False
1382786275120455689,2021-04-15 20:01:53+00:00,I've loved seeing so many families get inspired to cook and try new recipes at home after watching Waffles + Mochi—… https://t.co/tSCvfbRGrs,4524,,False
1382356377050480645,2021-04-14 15:33:37+00:00,RT @BarackObama: Michelle and I are thrilled to be one step closer to bringing the Obama Presidential Center to the South Side of Chicago.…,0,,False
1381744165927673857,2021-04-12 23:00:55+00:00,RT @ScaryMommy: Michelle Obama talks #Becoming with the Scary Mommy Book Club! https://t.co/gqJxuQ5jEe,0,,False
1381254550498205702,2021-04-11 14:35:21+00:00,Happy #NationalPetDay to these two bundles of joy! Thanks for always making my day a little brighter – and for the … https://t.co/nYjT44dDlA,57380,,False
1380556485143433217,2021-04-09 16:21:30+00:00,"RT @BarackObama: Through his extraordinary example, His Royal Highness Prince Philip proved that true partnership has room for both ambitio…",0,,False
1380204242812669959,2021-04-08 17:01:49+00:00,"It’s been heartening to see so many parents and children reading Becoming, and that’s why I’m thrilled to be joinin… https://t.co/80qBKQxepa",3876,,False
1379545472814231555,2021-04-06 21:24:06+00:00,I know we all miss spending time with the ones we love––I’m personally looking forward to seeing my mom again and g… https://t.co/Pbc22Bj40l,8485,,False
1378083328377651203,2021-04-02 20:34:03+00:00,And please join us in raising funds to distribute meal kits to families facing food insecurity in communities aroun… https://t.co/MuoPFjOl0u,2757,MichelleObama,False
1378083326251139073,2021-04-02 20:34:03+00:00,Looking forward to joining the @PHAnews Virtual Summit to talk about the importance of food equity and our Pass the… https://t.co/TZ1wQJM5d8,3140,,False
1378061710825754628,2021-04-02 19:08:09+00:00,It was such a joy being able to reconnect and talk with some of the amazing young women at @EGA_School and… https://t.co/NfSkTHhZ9q,3837,,False
1376942581398011908,2021-03-30 17:01:08+00:00,"Even during a difficult year, the young people in the @ObamaFoundation’s Leaders: Europe program found ways to conn… https://t.co/VZOvlHcoV7",3864,,False
1376225089314770949,2021-03-28 17:30:04+00:00,"I hope watching Waffles + Mochi has inspired you to discover the wonder and joy of food, culture, and cooking toget… https://t.co/75RNuFnLsc",5640,,False
1375853992949989380,2021-03-27 16:55:28+00:00,I also hope you'll join me and @PHAnews in supporting our Pass the Love campaign by donating to provide meals for f… https://t.co/dFFNICuvxK,2843,MichelleObama,False
1375853949786464261,2021-03-27 16:55:18+00:00,"I hope you’ll tune-in today for What’s Cooking Tonight? — our Waffles + Mochi special! 

You’ll hear from some wond… https://t.co/k4qHZkaCRd",7211,,False
1375547594089320448,2021-03-26 20:37:57+00:00,RT @girlsalliance: Thanks to everyone who tuned in to the #PSGirlTalk special! If you’re feeling inspired to take action for girls’ educati…,0,,False
1375245401096343556,2021-03-26 00:37:09+00:00,"Join me in celebrating the power of girls around the world! @POPSUGAR’s “Girl Talk,” featuring the stories of the… https://t.co/mehh3cIfXf",3666,,False
1375156893648310282,2021-03-25 18:45:27+00:00,"Tonight’s the night! Join me for #PSGirlTalk, @POPSUGAR's big event dedicated to girls’ education and empowerment f… https://t.co/AXap2jWL54",3612,,False
1374768688444870666,2021-03-24 17:02:51+00:00,Can't get enough Waffles + Mochi? Good news! We're back for What’s Cooking Tonight? 🎉 It’s a fun not-so-late show w… https://t.co/lm1wt4RI2G,3674,,False
1374473013177937921,2021-03-23 21:27:57+00:00,"RT @jonasbrothers: Now is our chance to protect and strengthen our democracy and put power back where it belongs—with the people.

We’re pr…",0,,False
1374472942461939715,2021-03-23 21:27:40+00:00,"RT @shondarhimes: Standing with @MichelleObama and @WhenWeAllVote in urging the senate to pass the #ForThePeopleAct. Stand up, speak out, t…",0,,False
1374472876498161666,2021-03-23 21:27:24+00:00,"RT @selenagomez: Now is our chance to protect and strengthen our democracy and put power back where it belongs—with the people.

I'm proud…",0,,False
1374472570750214151,2021-03-23 21:26:11+00:00,RT @TraceeEllisRoss: Proud to stand with @MichelleObama &amp; @WhenWeAllVote to urge the Senate to pass the #ForThePeopleAct. With 200+ voter s…,0,,False
1374408378420633605,2021-03-23 17:11:07+00:00,"The #ForThePeopleAct is a chance to reaffirm that in America, the power rests with the people. It’s our best chance… https://t.co/fQAuww84bN",20763,MichelleObama,False
1374408370141097990,2021-03-23 17:11:05+00:00,"I’m heartbroken by these recent tragedies of gun violence, and I just keep thinking about all the leaders who won’t… https://t.co/BbRlwTbb5g",162588,,False
1374394325086265355,2021-03-23 16:15:16+00:00,RT @BarackObama: A once-in-a-century pandemic cannot be the only thing that slows mass shootings in this country. It’s time for leaders eve…,0,,False
1374096281681985542,2021-03-22 20:30:57+00:00,"If you’re watching Waffles + Mochi, I hope you’ve seen that you don’t have to be a world-class chef to make somethi… https://t.co/ggrNoJVvKc",6259,,False
1373018460486242306,2021-03-19 21:08:05+00:00,Waffles and I have been spending so much time together that we’re basically finishing each other’s sentences! Take… https://t.co/IDzwqwZ9lx,5453,,False
1372963909024546817,2021-03-19 17:31:19+00:00,"Growing up, my mom gave my brother @CraigMalRob and I the space to ask questions, always treating us with respect a… https://t.co/3ArSxvG4lF",6823,,False
1372960534488870917,2021-03-19 17:17:54+00:00,RT @BarackObama: .@POTUS set a goal to deliver 100 million vaccine shots in 100 days. His administration hit the milestone in just 58. Let’…,0,,False
1372337897433665536,2021-03-18 00:03:46+00:00,"RT @BarackObama: Even as we’ve battled the pandemic, we’ve continued to neglect the longer-lasting epidemic of gun violence in America. Alt…",0,,False
1372264171379822594,2021-03-17 19:10:48+00:00,We’ve all seen the lines at food banks and heard about those struggling to put food on the table during the pandemi… https://t.co/c8Y0B58ocu,5578,,False
1371940816541921280,2021-03-16 21:45:54+00:00,Thank you to all of our partners for their support of our Pass the Love campaign with @PHAnews. Join us by donating… https://t.co/fwoedwj6Rc,2495,,False
1371793507728429069,2021-03-16 12:00:33+00:00,I’m also proud that we’re working with @PHAnews to address food insecurity and help provide more than one million m… https://t.co/bvS84lbspt,3493,MichelleObama,False
1371793420386197512,2021-03-16 12:00:12+00:00,Waffles + Mochi is now streaming on Netflix! If you’ve got little ones or just want to laugh and learn a little abo… https://t.co/IaxF9YpoGe,11607,,False
1371615402455920644,2021-03-16 00:12:49+00:00,And congrats to @TaylorSwift13 on her record-breaking third #GRAMMYs win for Album of the Year! I'm so proud of all… https://t.co/c4oPcYmMkS,56459,MichelleObama,False
1371615401482858497,2021-03-16 00:12:49+00:00,"So amazed by @Beyonce and her record-breaking 28 #GRAMMYs wins! Congrats, Queen Bey—album after album, your music c… https://t.co/vnBwfZfVfT",53304,,False
1371585919820689409,2021-03-15 22:15:40+00:00,"RT @BarackObama: Congrats to directors @NicoleNewnham, @JimLeBrecht, and everyone with @CripCampFilm on the Oscar nomination! The heart, pa…",0,,False
1370478726975197185,2021-03-12 20:56:05+00:00,One of my favorite parts about sharing my story in Becoming has been having such wonderful conversations with so ma… https://t.co/P2hkU8dJ2N,9876,,False
1370035269068587011,2021-03-11 15:33:56+00:00,"RT @BarackObama: Michelle and I got vaccinated against COVID-19 because we know it’s the best way to beat this pandemic, protect one anothe…",0,,False
1370035216539131904,2021-03-11 15:33:44+00:00,"When you can get the COVID-19 vaccine, I hope you do—Barack and I are certainly glad we did. It’s our best shot at… https://t.co/KdrbErRFuc",115714,,False
1369655334248316933,2021-03-10 14:24:13+00:00,RT @PHAnews: The pandemic has made it harder to put good food on the table. Pass the Love will bring the joy of food and cooking to your fa…,0,,False
1369649269079171078,2021-03-10 14:00:07+00:00,"So excited that Waffles + Mochi comes out on Netflix next week—and in collaboration with @PHAnews, our Pass the Lov… https://t.co/sZ8llVxWe3",5438,,False
1369043901210914819,2021-03-08 21:54:36+00:00,"Happy #InternationalWomensDay! To celebrate, I’ll be joining @POPSUGAR for a virtual event honoring the work of… https://t.co/bN812ueqeD",7747,,False
1368626180497215489,2021-03-07 18:14:43+00:00,"RT @WhenWeAllVote: This is a much needed step in the right direction of expanding access to the ballot box. 

Now it's up to Congress to ta…",0,,False
1368599896694128641,2021-03-07 16:30:17+00:00,When young people from my old neighborhood on the South Side see the words “You are America” on the exterior of the… https://t.co/c9l1zU58oZ,20192,,False
1367962696860188679,2021-03-05 22:18:17+00:00,"Congratulations to the finalists and winners of @ReachHigher, @CommonApp, and @NPSI_Believe's inaugural Power of Ho… https://t.co/Y22BtVWMM1",2652,,False
1367626331287146499,2021-03-05 00:01:41+00:00,"I’m thrilled to see that the House of Representatives has passed the #ForThePeopleAct. Now, I urge the Senate to fo… https://t.co/PBxYz5Gu6b",14831,,False
1367244114555637760,2021-03-03 22:42:53+00:00,RT @IshaSesay: Young people &amp; many others are in for a huge treat - with the arrival of the young readers’ and paperback editions of @Miche…,0,,False
1367242582183477248,2021-03-03 22:36:48+00:00,"RT @ConanOBrien: .@MichelleObama's young readers' edition of Becoming is perfect for children ages 10 and up, and adults named Conan O’Brie…",0,,False
1366887715036364802,2021-03-02 23:06:41+00:00,RT @CrowCherie: @MichelleObama I loved it so much! Our book club just finished reading it. It reminded me of the power of story and made me…,0,,False
1366887498845200385,2021-03-02 23:05:49+00:00,RT @RitaWilson: So excited for the release of @MichelleObama’s new young readers’ and paperback editions of Becoming! I hope you’ll join me…,0,,False
1366841189618565129,2021-03-02 20:01:48+00:00,There is no feeling quite like holding a copy of your own book! And I'm so excited for you all to read the young re… https://t.co/ld4aDm08eV,65105,,False
1366812974401392649,2021-03-02 18:09:41+00:00,I’m thrilled to share that the @ScaryMommyBooks Club will be reading Becoming! Join us by reading along and sharing… https://t.co/ITSE9lNVeo,2931,,False
1366785346810347528,2021-03-02 16:19:54+00:00,"RT @BarackObama: Like so many others, Michelle and I benefited from Vernon Jordan's wise counsel and warm friendship—and deeply admired his…",0,,False
1366750142209097746,2021-03-02 14:00:01+00:00,Today’s the day! You can find the young readers’ edition and paperback edition of Becoming wherever books are sold.… https://t.co/fNtLk3V0T9,12944,,False
1366516243986083843,2021-03-01 22:30:35+00:00,I’m so excited for you all to listen to @BarackObama’s podcast with Bruce @Springsteen! It’s called Renegades: Born… https://t.co/mINl6PUXOs,25393,,False
1366391050198278144,2021-03-01 14:13:07+00:00,"The young readers’ and paperback edition of Becoming comes out tomorrow! I hope that as you’re reading my story, yo… https://t.co/GSYV5pLECu",5229,,False
1365427735070453761,2021-02-26 22:25:15+00:00,"Black leaders, artists, and change-makers have shaped our culture since this country’s founding. Their contribution… https://t.co/NGzNbsASxb",7639,,False
1364674598227312648,2021-02-24 20:32:33+00:00,"Every part of our stories—no matter how small or fleeting—has meaning and value. While working on Becoming, I learn… https://t.co/rFNoUoueCc",8897,,False
1362170417335664640,2021-02-17 22:41:50+00:00,RT @BarackObama: Michelle and I are thinking of everyone across the country braving the winter storms this week. Here’s an overview of how…,0,,False
1360952923937792003,2021-02-14 14:03:57+00:00,"Happy Valentine’s Day, @barackobama! Life is always brighter when I'm by your side. ❤️ https://t.co/cqwRMgF5s1",262088,,False
1359864789909069829,2021-02-11 14:00:05+00:00,Here’s the trailer for #WafflesAndMochi! I hope you’ll join us on @Netflix on March 16 to meet all my new friends a… https://t.co/acbK2RnH7Z,17301,,False
1359548234268610560,2021-02-10 17:02:12+00:00,"Tomorrow is the International Day of Women and Girls in Science, so I’m celebrating the impact of women scientists… https://t.co/dHLgJePEAt",9689,,False
1359140030321688576,2021-02-09 14:00:09+00:00,I’m also excited to work with @PHAnews to help kids build healthy habits and help families in need cook with fresh… https://t.co/1R1iFDIOVy,9257,MichelleObama,False
1359140024575545362,2021-02-09 14:00:08+00:00,"I’m beyond thrilled to share that on March 16, I’ll be launching a new show on @Netflix called Waffles + Mochi! I'm… https://t.co/bBqzVZzBrI",159239,,False
1358863075663896582,2021-02-08 19:39:38+00:00,Wow! Thank you @Skating_Starr—this is such a powerful performance. To all the Black kids out there striving for exc… https://t.co/8eyFpREyWU,5941,,False
1358830854487891968,2021-02-08 17:31:36+00:00,"One of the highlights of sharing my story in Becoming has been hearing from people all over the world, especially y… https://t.co/64ZRdoHmCv",15156,,False
1357805814015291393,2021-02-05 21:38:27+00:00,School counselors have been such an important support system for our students as they’ve navigated this difficult y… https://t.co/cqDVxrW6wB,8187,,False
1357803726254338049,2021-02-05 21:30:09+00:00,"RT @ReachHigher: Thank you, school counselors! 🌟 We invited a few friends like @ConnieBritton, Lana Parrilla, and @LaLa to help us thank yo…",0,,False
1357800093051719687,2021-02-05 21:15:43+00:00,"RT @THR: Barack and Michelle Obama's Higher Ground Productions has unveiled a new slate of projects at Netflix, including the Riz Ahmed sta…",0,,False
1357372726449745920,2021-02-04 16:57:31+00:00,"RT @TheAmandaGorman: What an honor to be on @TIME 's new cover. From the interview: ""In all the forms of expression of human life, we’re se…",0,,False
1357355075086278664,2021-02-04 15:47:22+00:00,"Like so many of you, I was moved as I watched @TheAmandaGorman read her poem at the inauguration. I first met her b… https://t.co/T717arc244",73318,,False
1357086904534106126,2021-02-03 22:01:46+00:00,"As a girl from the South Side, I can’t wait to bring the Obama Presidential Center to life. It’s a chance to bring… https://t.co/4baEAfQXE3",19891,,False
1356958284419395584,2021-02-03 13:30:40+00:00,💃🏾 I’m so excited to share that we are releasing new young readers’ and paperback editions of Becoming on March 2!… https://t.co/LvnTCUGY5f,20486,,False
1356272393849888768,2021-02-01 16:05:11+00:00,"Ryleigh &amp; Zayden, you nailed it! 😍💕
 
📷: its_allry on IG https://t.co/82jMswh3Lk",279378,,False
1355009295377715200,2021-01-29 04:26:05+00:00,"I’ll miss her dearly, but I smile knowing how many people she inspired, just like me, to walk a little taller, spea… https://t.co/G9Vn6BHEpN",14016,MichelleObama,False
1355009294387859456,2021-01-29 04:26:05+00:00,"She was the personification of beauty, grace, wisdom, and strength, carrying forward a flame that not only guided h… https://t.co/NccK60fPTF",14040,MichelleObama,False
1355009291212771329,2021-01-29 04:26:04+00:00,What struck me every time I spent time with Cicely Tyson was not necessarily her star power—though that was evident… https://t.co/iPVVVAwSnw,72274,,False
1354836937270566916,2021-01-28 17:01:12+00:00,"For National Mentoring Month, I wanted to share some insights from an earlier conversation that I had about mentors… https://t.co/vXFmEcZo2B",5011,,False
1354512666165960707,2021-01-27 19:32:39+00:00,The Fabulous Ladies Book Club is an example of what is possible when people come together to help their community i… https://t.co/c2u9xIe7Ry,5701,,False
1354123560051236866,2021-01-26 17:46:29+00:00,"Now that’s what I call fierce! You’re a star, @DennisNia! ⭐️👏🏾 https://t.co/aKUD9YO0FW",96348,,False
1354104338826846209,2021-01-26 16:30:07+00:00,"For six decades, @IAmCicelyTyson has graced our movie and television screens—breaking barriers and inspiring us all… https://t.co/2ZBXabVIMK",6424,,False
1353391382564495360,2021-01-24 17:17:05+00:00,"On International #EducationDay, I’m celebrating the perseverance of students and teachers around the world—includin… https://t.co/8xKifA1BBa",11673,,False
1352708265524813824,2021-01-22 20:02:37+00:00,RT @BarackObama: Hank Aaron was one of the best baseball players we’ve ever seen and one of the strongest people I’ve ever met. Michelle an…,0,,False
1351970102699294729,2021-01-20 19:09:25+00:00,"With her strong and poignant words, @TheAmandaGorman reminds us of the power we each hold in upholding our democrac… https://t.co/brLr7uGpG4",258075,,False
1351927496787292164,2021-01-20 16:20:07+00:00,RT @KamalaHarris: A new chapter begins today. Tune in now for #Inauguration2021 as @JoeBiden and I are sworn in to office and set our natio…,0,,False
1351545414265298946,2021-01-19 15:01:51+00:00,"Congrats to Directors @JimLeBrecht and @NicoleNewnham, @Netflix, and our team at Higher Ground Productions! Barack… https://t.co/12bKJIDNJs",6055,,False
1351307539858780160,2021-01-18 23:16:38+00:00,"With so much going on, Dr. King’s leadership is as steadying a force as it’s ever been. I’ve been reflecting a lot… https://t.co/WLPxpQq3mH",31659,,False
1347284257551638529,2021-01-07 20:49:32+00:00,https://t.co/2xhMyVMpDF,51345,MichelleObama,False
1347284244763127810,2021-01-07 20:49:29+00:00,"Like all of you, I’ve been feeling so many emotions since yesterday. I tried to put my thoughts down here: https://t.co/9xzRvrpk7y",266924,,False
1347283965120573442,2021-01-07 20:48:23+00:00,RT @BarackObama: Here’s my statement on today’s violence at the Capitol. https://t.co/jLCKo2D1Ya,0,,False
1346565315124191232,2021-01-05 21:12:43+00:00,"🚨 Hey Georgia! If you still have your mail-in ballot, return it to a drop-off location before 7 PM ET today. Find o… https://t.co/RgnTUL1pXZ",8332,,False
1346476618689048578,2021-01-05 15:20:16+00:00,"It’s #ElectionDay in Georgia! If you’re heading to the polls today, get there before they close at 7 PM ET. If you… https://t.co/lJy1wDYMmE",3943,,False
1346193954484736000,2021-01-04 20:37:04+00:00,"Because in America, everyone’s voice matters. And that’s still the truth, no matter what some folks want you to believe.",14197,MichelleObama,False
1346193952744075265,2021-01-04 20:37:04+00:00,"If you live in Georgia, make sure you vote for @ReverendWarnock and @Ossoff in tomorrow’s U.S. Senate runoffs—and m… https://t.co/36GuiXSJki",12705,MichelleObama,False
1346193951150235648,2021-01-04 20:37:03+00:00,"So if Georgians elect @ReverendWarnock and @Ossoff, we’ll take another step toward cleaning up the mess of the past… https://t.co/GJFbhRuiHn",9387,MichelleObama,False
1346193949556420608,2021-01-04 20:37:03+00:00,These runoffs will decide whether President-Elect Biden has a Senate that will work with him rather than just obstruct him at every turn.,7907,MichelleObama,False
1346193948029706240,2021-01-04 20:37:02+00:00,Tomorrow’s runoffs in Georgia will decide whether the U.S. Senate is run by those who’ve shown their willingness to… https://t.co/AvF9gqknWC,8769,MichelleObama,False
1346193946414878723,2021-01-04 20:37:02+00:00,This is why we can’t just vote for President and think that our job is done.,7712,MichelleObama,False
1346193944829427714,2021-01-04 20:37:02+00:00,And this is just unconscionable at a time when a staggering number of Americans are dying every day from a virus th… https://t.co/aCt2WOQDIf,8378,MichelleObama,False
1346193943273369600,2021-01-04 20:37:01+00:00,"Your vote is your voice. It’s your power. And right now, from the President of the United States on down, we’re see… https://t.co/DDCaoNkaVo",76825,,False
1346168378541674497,2021-01-04 18:55:26+00:00,"RT @WhenWeAllVote: Hey Georgia! 👋

Our co-chair @MichelleObama is counting on YOU to advocate for your community at the ballot box in the h…",0,,False
1346164730180886529,2021-01-04 18:40:56+00:00,Tomorrow’s the last day to vote in the Georgia runoffs for the U.S. Senate and it couldn’t be more important that y… https://t.co/ZByPLKIAwi,10788,,False
1345504079976431616,2021-01-02 22:55:45+00:00,"The last day to vote in the Georgia runoff for the U.S. Senate is this Tuesday, January 5th. If you’re voting in-pe… https://t.co/XDqN8Eww8T",23001,,False
1345457199078723586,2021-01-02 19:49:28+00:00,RT @WhenWeAllVote: We’re ringing in the new year with #CelebrateGeorgia—a drive-in concert to get voters and organizers ready ahead of Geor…,0,,False
1344758468146827264,2020-12-31 21:32:57+00:00,RT @ReverendWarnock: .@MichelleObama is counting on us. Make a plan to vote today: https://t.co/nNbOv8iAKb https://t.co/aEqm8C5yDb,0,,False
1343633661346906116,2020-12-28 19:03:23+00:00,"Georgia, it’s not too late to join the more than two million people who’ve voted early in the runoff election for t… https://t.co/pNShegmUIl",10334,,False
1342266708707471360,2020-12-25 00:31:36+00:00,"Wishing you light, love, and wonder during this holiday season. May the coming year bring us all joy and peace. https://t.co/TGmypcJVPC",163505,,False
1341836142946217985,2020-12-23 20:00:41+00:00,"RT @WhenWeAllVote: We’re teaming up with @LiveNationUrban, 
@NewGAProject, and MORE to host Celebrate Georgia—a musical experience to celeb…",0,,False
1340722501182210049,2020-12-20 18:15:28+00:00,"RT @ObamaFoundation: The holiday season is a time for caring for each other. And this year, it’s more important than ever. 

Commit to one…",0,,False
1340040633407447042,2020-12-18 21:05:58+00:00,This brought a smile to my face—as do my memories of seeing @RoomtoRead’s work in Vietnam last year with the… https://t.co/kM636VLWjq,4063,,False
1338924015319134213,2020-12-15 19:08:55+00:00,"Lawrence Jackson had a knack for capturing some of our most candid moments in the White House, including this one.… https://t.co/UcvN3zmlfk",21589,,False
1338884572336054273,2020-12-15 16:32:11+00:00,"Georgia! Tuesday, January 5th, is the last day to vote in the U.S. Senate runoffs, and your vote could make all the… https://t.co/DcNbWXMMfT",10767,,False
1338597592939245574,2020-12-14 21:31:50+00:00,Early voting starts today in Georgia for the U.S. Senate runoff elections! Making your voice heard could not be mor… https://t.co/Kc1VoHKzK4,8186,,False
1337544668322680832,2020-12-11 23:47:53+00:00,"Georgia, let’s do this one more time! The runoff elections for the U.S. Senate are on Tuesday, January 5th, and ear… https://t.co/EEZcPPetLu",11218,,False
1337419925045055491,2020-12-11 15:32:12+00:00,"I’ve long admired the art of @josefannialbers, and I knew I wanted to include some of their pieces when we redesign… https://t.co/SixA0RzDBf",2811,,False
1336741809372934145,2020-12-09 18:37:37+00:00,Make sure to fill out your FAFSA–the Free Application for Federal Student Aid–every year that you’re enrolled in co… https://t.co/LlOYXgPQlC,5692,,False
1336043385740779522,2020-12-07 20:22:20+00:00,"RT @WhenWeAllVote: 🚨GEORGIA 🚨

Today is the LAST DAY to register to vote in the January 5th Senate runoff elections.

Get #RegisteredAndRea…",0,,False
1333894172517036033,2020-12-01 22:02:07+00:00,"Keep up the great work, @One4OneDesserts! You're making such a big difference right now. https://t.co/Mq07tciGrV",5351,,False
1333772961178849281,2020-12-01 14:00:28+00:00,"This #GivingTuesday, meet some of the remarkable girls from the @GirlsAlliance global community, along with a few o… https://t.co/BilzhHTzGn",3345,,False
1328700019717894148,2020-11-17 14:02:25+00:00,"I’m so proud of Barack for this candid, reflective, and beautifully written memoir. I can't wait for you all to rea… https://t.co/K8iTvKn7n1",94442,,False
1327393367064522753,2020-11-13 23:30:15+00:00,So excited to see Kim Ng named the first woman and first Asian-American General Manager in the MLB. I grew up lovin… https://t.co/K8akvTNyrr,53285,,False
1326586545567109123,2020-11-11 18:04:13+00:00,"A huge congrats to Sydney Barber, who will be the first Black woman to lead Midshipmen at the U.S. Naval Academy. Y… https://t.co/0ISgueSCGY",65778,,False
1326562890862780418,2020-11-11 16:30:14+00:00,"While working on Joining Forces, @DrBiden and I were honored to meet with our extraordinary troops, veterans and mi… https://t.co/mUxB0zY8Xk",24785,,False
1326218546515505154,2020-11-10 17:41:56+00:00,"RT @girlsalliance: ""While I may be the first woman in this office, I will not be the last—because every little girl watching sees that this…",0,,False
1325158453640261633,2020-11-07 19:29:30+00:00,"Van, thank you for expressing the sorrow and relief that we all feel. My hope is that those who hoped for a differe… https://t.co/vWI3IxEVx9",409183,,False
1325141669021425664,2020-11-07 18:22:48+00:00,"My warmest congratulations again to Joe and Jill, Kamala and Doug—and each of you who stepped up when your country needed you.",101888,MichelleObama,False
1325141667414904833,2020-11-07 18:22:48+00:00,"We’ve got to promise each other that our focus in this election won’t be an anomaly, but the rule. That’s how we ca… https://t.co/KbkdfGZr3N",95594,MichelleObama,False
1325141665821061122,2020-11-07 18:22:47+00:00,"So it’s up to us to stay engaged and informed, to keep speaking out and marching on. We’ve got to vote in even grea… https://t.co/G6XXnfQi8G",36309,MichelleObama,False
1325141025808134144,2020-11-07 18:20:15+00:00,We see now the reality that we can’t take even the tiniest part of our democracy for granted. Every single vote mus… https://t.co/2TlqrTVWbT,36584,MichelleObama,False
1325141023979270145,2020-11-07 18:20:14+00:00,But we’ve also got to recognize that the path to progress will always be uphill. We’ll always have to scrape and cr… https://t.co/Um65buVGvV,33166,MichelleObama,False
1325141022570131457,2020-11-07 18:20:14+00:00,"Let’s remember that tens of millions of people voted for the status quo, even when it meant supporting lies, hate,… https://t.co/C6tadAVzhU",74728,MichelleObama,False
1325141021647269888,2020-11-07 18:20:14+00:00,And after we celebrate — and we should all take a moment to exhale after everything we’ve been through — let’s reme… https://t.co/SsrnxxSHdu,78474,MichelleObama,False
1325141020510625797,2020-11-07 18:20:13+00:00,Thank you to all of you who poured every ounce of your hope and determination into this democracy over these past f… https://t.co/G2E785p2pe,42520,MichelleObama,False
1325141018480578567,2020-11-07 18:20:13+00:00,"I’m beyond thrilled that my friend @JoeBiden and our first Black and Indian-American woman Vice President,… https://t.co/J8BvgTLku8",451724,,False
1323764022299209729,2020-11-03 23:08:31+00:00,There’s still time to vote! Look up your polling location at https://t.co/KpAMr4W05l and head there now. #Vote https://t.co/13qVkiSgmP,13684,,False
1323747245964075008,2020-11-03 22:01:52+00:00,"I see you, Chicago! Don't let anything get in your way of voting today. Check-in with your friends and loved ones a… https://t.co/RDObb9EWvN",32249,,False
1323736857067331587,2020-11-03 21:20:35+00:00,Use your voice and look out for one another today – we're all in this together. ❤️ https://t.co/7xvWxru4LB,27449,,False
1323696842132082688,2020-11-03 18:41:34+00:00,"TODAY is Election Day. There are no do overs. Show up, have your voice heard, and vote. https://t.co/9gwUiQQ22l",22727,,False
1323683560633573376,2020-11-03 17:48:48+00:00,Is there someone in your life who you think might not vote? Call them right now and get them to the polls! https://t.co/ll0u4HuvjM,20582,,False
1323656463856865282,2020-11-03 16:01:07+00:00,"RT @WhenWeAllVote: Need help finding your polling place? 

Text VOTE to 56005 right now 📲 https://t.co/6rRYn0E1Kc",0,,False
1323642413714472960,2020-11-03 15:05:18+00:00,"It’s time to vote, everybody! Polls are now open in many states. What time are you voting? Who are you bringing wit… https://t.co/niAIVeMeED",8968,,False
1323628910509199360,2020-11-03 14:11:38+00:00,I know Joe. He has lived his life guided by values and principles that mirror ones that most Americans can recogniz… https://t.co/vGe5ERXf2D,202060,,False
1323614892532916227,2020-11-03 13:15:56+00:00,"It’s #ElectionDay! Wear a mask, thank your poll workers, and make your voice heard.

If you have any questions or c… https://t.co/jZHkiEjHJg",34762,,False
1323430650054139904,2020-11-03 01:03:49+00:00,"It’s been a tough year, a tough four years. But we are still here. If you know anyone who might not vote, give them… https://t.co/AQDjJLSQLQ",42474,,False
1323377159025680385,2020-11-02 21:31:16+00:00,"If you haven’t already, now is the time to vote! I put together some songs to help inspire you while you’re making… https://t.co/HMbZTqLYBr",9658,,False
1323354720635887616,2020-11-02 20:02:06+00:00,"This is the election of our lifetime! Make sure you know where your polling place is, when it opens and closes, and… https://t.co/oCU3E8Tmbm",22079,,False
1323001855832694790,2020-11-01 20:39:57+00:00,"RT @WhenWeAllVote: Is your #VotingSquad ready to vote? 

Text three friends RIGHT NOW and make sure they have a plan to vote on or before T…",0,,False
1322991895165997057,2020-11-01 20:00:22+00:00,"When we all vote, we can make sure that nobody’s left behind. If you haven’t voted yet, make sure to squad up with… https://t.co/lsK5oRrmWI",13435,,False
1322969841867870208,2020-11-01 18:32:44+00:00,"I could not be prouder of all the first-time voters out there, including @KingJames’ mom! There is too much at stak… https://t.co/sblID5OaCz",14565,,False
1322657265464344576,2020-10-31 21:50:40+00:00,RT @common: Stopping by @WhenWeAllVote’s #VoteTogether celebration with @MoreThanAVote at the @Hornets’ Spectrum Center in Charlotte! https…,0,,False
1322633360280330241,2020-10-31 20:15:41+00:00,It’s not too late to make your voice heard. You can still register in some states. And everyone can cast their ball… https://t.co/ouYEwZlq4y,18281,,False
1322297986437828608,2020-10-30 22:03:01+00:00,Jill and I have done a lot of work with veterans and military families together over the years. Her experience as a… https://t.co/ke1gJtj1pf,33210,,False
1322275005162573824,2020-10-30 20:31:42+00:00,"There is no limit to what we, as women, can accomplish when we use our voices and vote. With only days left before… https://t.co/fjts2sk43D",11865,,False
1322271063028441089,2020-10-30 20:16:02+00:00,"RT @WhenWeAllVote: In 2018, @SelenaGomez did not vote. 

Now, she’s doing everything she can to help young people see the power in the voic…",0,,False
1321941864145162240,2020-10-29 22:27:55+00:00,"RT @WhenWeAllVote: VOTER ID THREAD: 

Every state has different rules regarding ID requirements for voters. 

Let’s break it down 👇 https:/…",0,,False
1321915590773297153,2020-10-29 20:43:31+00:00,Be like @Lin_Manuel and vote early! 👏🏾👏🏾👏🏾 https://t.co/U6VwFAfxp4,34240,,False
1321882409667842051,2020-10-29 18:31:40+00:00,"With the election almost here, I've been thinking a lot about one of the most important lessons that my parents tau… https://t.co/HoXH2tIE4E",5333,,False
1321573275617644545,2020-10-28 22:03:17+00:00,"To all the young people out there: I want you to know that you matter. Keep speaking up, keep marching for what you… https://t.co/mVhNfMc1Nw",38621,,False
1321542121443250181,2020-10-28 19:59:29+00:00,"I had chills listening to this. Thank you to The Neely's for this powerful reminder to vote. For so many of us, it… https://t.co/jps4ShnbSv",29298,,False
1321530076371013634,2020-10-28 19:11:37+00:00,"Thank you, Bruce. Let's vote like our lives depend on it. https://t.co/vS12U5kabm https://t.co/npUT1lohqO",23422,,False
1321498280895852545,2020-10-28 17:05:17+00:00,"Before you cast your vote, make sure you do research to learn more about who and what is going to be on your ballot… https://t.co/JP33WhSRD6",6759,,False
1321135577023074307,2020-10-27 17:04:01+00:00,There's just one week left to vote in this election! Join millions of people who've already made their voices heard… https://t.co/nRRcvDXTJU,12557,,False
1320809885131546636,2020-10-26 19:29:50+00:00,RT @girlsalliance: We're thrilled that Schiaparelli and @ChristiesInc are teaming up to support girls around the world. Today they're launc…,0,,False
1320009715640918016,2020-10-24 14:30:15+00:00,It’s National #VoteEarlyDay! I want to see everybody vote early if they can. Head to https://t.co/cBTTn9yuTH to mak… https://t.co/qmBMfjBJPz,17135,,False
1320005805853319169,2020-10-24 14:14:43+00:00,"RT @WhenWeAllVote: Want to celebrate #VoteEarlyDay by casting your vote? 

Check to see when your state starts early voting, then make your…",0,,False
1319777632666398729,2020-10-23 23:08:02+00:00,"RT @ElaineWelteroth: Fam! I’m hosting the final #CouchParty for @WhenWeAllVote with the homies @common, Amandla Stenberg, and @citygirls to…",0,,False
1319705293576654850,2020-10-23 18:20:35+00:00,"RT @BetterMakeRoom: When @MichelleObama arrived to @Princeton, she had the wrong bed sheets. She made sure other first-gen, low-income stud…",0,,False
1319657328489148417,2020-10-23 15:09:59+00:00,"RT @WhenWeAllVote: Our VOTE LOUD #CouchParty with @citygirls, @common, @ElaineWelteroth, @djdnice, and Amandla Stenberg starts 🔥 tonight🔥 a…",0,,False
1319423167497183233,2020-10-22 23:39:31+00:00,"Good luck tonight, @JoeBiden! I know you'll do great. https://t.co/vS12U5kabm https://t.co/hplw0KHDZA",56358,,False
1319402151135858690,2020-10-22 22:16:00+00:00,"If 60 minutes is too much for you, here’s a highly entertaining 30. https://t.co/VaRj6Zzgsr",55256,,False
1319345507836321795,2020-10-22 18:30:55+00:00,Tag three friends to join your #VotingSquad and remind them to make a plan to vote at https://t.co/cBTTn9yuTH.,3452,MichelleObama,False
1319345506296922116,2020-10-22 18:30:55+00:00,"This week, I joined millions of Americans and #IVoted early! If you haven’t already, don't wait even a minute to ma… https://t.co/7KpjIQiM2l",61285,,False
1318945326628327424,2020-10-21 16:00:45+00:00,"Your vote is your voice. And if you don’t use it, someone else will. So make sure your voice is heard in this elect… https://t.co/RKz0vdDrdh",10987,,False
1318625821456728066,2020-10-20 18:51:09+00:00,"Happy birthday, @KamalaHarris! Hope you're showered with love on your special day.

The best way to celebrate Kamal… https://t.co/4z6ANDKJvg",69656,,False
1318582823482281988,2020-10-20 16:00:17+00:00,"If you believe that America deserves better, vote for Joe and Kamala like your life depends on it. But don’t stop t… https://t.co/oIlX3Ad2jT",15721,,False
1318213943572221952,2020-10-19 15:34:30+00:00,"Here’s my full closing argument for Joe Biden. I hope you’ll share this, too. 
https://t.co/y3KzekerTU",8199,MichelleObama,False
1318213875108544512,2020-10-19 15:34:13+00:00,"15 days. That’s all we’ve got. If you or someone you know is still deciding how or if you’re going to vote, I hope… https://t.co/ToGl5nzW2X",35592,,False
1317933576499978243,2020-10-18 21:00:25+00:00,Thank you to the cast and crew of The West Wing for supporting @WhenWeAllVote and reminding every single one of us… https://t.co/ThRg2Qj9nr,9381,,False
1317924689549942784,2020-10-18 20:25:06+00:00,"RT @WhenWeAllVote: 🚨 VOTER REGISTRATION DEADLINES TOMORROW 🚨

If you live in: 

Alabama
California 
Maine
Michigan
Pennsylvania
South Dakot…",0,,False
1317873269744218112,2020-10-18 17:00:47+00:00,I’d love to hear from you. How have you been taking care of your physical and mental health during this time? #SelfCareSunday,7805,MichelleObama,False
1317873267433218048,2020-10-18 17:00:46+00:00,"In the midst of everything going on, I hope you’re still finding some time to take care of yourself. Whether that’s… https://t.co/vNaRV7pmAm",20378,,False
1317209360246951940,2020-10-16 21:02:38+00:00,"For eight years, @PeteSouza was there capturing every moment of Barack's time in office. I’m so grateful for his sh… https://t.co/qfqaDTYJZI",39835,,False
1317203778601365511,2020-10-16 20:40:27+00:00,"RT @emilykkong: My mom &amp; I are the only 2 people in our house who vote every year, until now. This year my dad is coming to polls w/ us (to…",0,,False
1316883104661864448,2020-10-15 23:26:13+00:00,"RT @jaytatum0: Challenge accepted @michelleobama.  You already know I have my #votingsquad and we have our plan to vote!!  Grab YOUR squad,…",0,,False
1316883076417540097,2020-10-15 23:26:06+00:00,"RT @RitaWilson: Challenge Accepted @MichelleObama! Let’s get out and vote early, or by mail or in person! I challenge @JimmieAllen  @Oprah…",0,,False
1316883006796201985,2020-10-15 23:25:49+00:00,RT @FaithHill: Challenge accepted @MichelleObama!  My #VotingSquad and I voted together today.  @TheTimMcGraw #audreymcgraw  I challenge @K…,0,,False
1316813275682738176,2020-10-15 18:48:44+00:00,"I’ll start: I’m challenging these folks to create their #VotingSquad, make a plan to vote, and challenge three frie… https://t.co/2ELskvDqGb",3676,MichelleObama,False
1316813273145147394,2020-10-15 18:48:44+00:00,Making sure our friends and family have a plan to vote will make all the difference in this election. So here’s my… https://t.co/rb7yVHjPwR,15284,,False
1316446693840355334,2020-10-14 18:32:04+00:00,What are some topics you’d like me to focus on for a future season or episode? Let me know in the replies and I’ll try to get back to you!,2757,MichelleObama,False
1316446691990671361,2020-10-14 18:32:04+00:00,"For my first season of The #MichelleObamaPodcast, I focused on the different kinds of relationships that make up ou… https://t.co/09DRbZlukE",5806,,False
1316441702035525632,2020-10-14 18:12:14+00:00,"RT @WhenWeAllVote: 🧀 WISCONSIN: Today is the last day to register to vote online or by mail.

Take care of it now and get registered to vot…",0,,False
1316085483177467906,2020-10-13 18:36:45+00:00,"RT @realmonaghan: Okay @MichelleObama, challenge accepted! 💯 I wanted to throw it back to the set of #TheCraft: Legacy last fall with my (n…",0,,False
1316074742269575169,2020-10-13 17:54:04+00:00,"RT @shondarhimes: Challenge accepted, @MichelleObama!  I challenge @msdebbieallen, @KatieQLowes, and @KristaVernoff to get their #VotingSqu…",0,,False
1316046161367773190,2020-10-13 16:00:30+00:00,"We can’t let anyone sit this election out! Get your #VotingSquad together, make a plan to vote, and challenge three… https://t.co/1r1O8RLe2z",18498,,False
1316009298472783875,2020-10-13 13:34:01+00:00,"RT @WhenWeAllVote: 🚨  ITS NOW OR NEVER 🚨

If you live in:

Washington, D.C.
Kansas
Louisiana 
Maryland
Minnesota
New Jersey
Oregon
Virginia…",0,,False
1315322433998655491,2020-10-11 16:04:40+00:00,"On The International #DayoftheGirl, I’m celebrating the power and promise of young women around the world.

Two yea… https://t.co/llbbEBoXct",19199,,False
1314959073209733121,2020-10-10 16:00:48+00:00,I grew up just a few miles away from where Pastor Tracey Lee is doing such incredible work. During a summer of hear… https://t.co/S0c7uFxDRa,8298,,False
1314634942270316545,2020-10-09 18:32:49+00:00,"RT @TwitterWomen: International #DayOfTheGirl is this Sunday! 

Today, we were joined in conversation by the @GirlsAlliance and @MichelleOb…",0,,False
1314617912896913408,2020-10-09 17:25:09+00:00,"@TwitterWomen @girlsalliance @Malala In Vietnam last year, I spent some time with Yên, who wakes up before dawn to… https://t.co/p7UCcPFLZu",153,TwitterWomen,False
1314615735449268225,2020-10-09 17:16:30+00:00,"@TwitterWomen @girlsalliance This week I teamed up with @Malala and Priya, a student from a @girlsalliance communit… https://t.co/wvG45lbVXp",49,TwitterWomen,False
1314614103923740672,2020-10-09 17:10:01+00:00,"@TwitterWomen @girlsalliance Whenever I meet with girls around the world, I am always so awed by their determinatio… https://t.co/OcjR4nJNjK",95,TwitterWomen,False
1314041325713526784,2020-10-08 03:14:00+00:00,"Strong. Honest. Clear. Hopeful. Tonight, @KamalaHarris proved that she and @JoeBiden have what it takes to move thi… https://t.co/0S0TFADMSN",203777,,False
1314009182400647170,2020-10-08 01:06:16+00:00,"Good luck tonight, @KamalaHarris! You’ve got this. 💪🏾😷 https://t.co/svQBmMvNJB",177587,,False
1313958589107769344,2020-10-07 21:45:14+00:00,"Thanks for the podcast love, @dopelabspodcast! You’re doing such an amazing job of inspiring your listeners to love… https://t.co/QExLPzHyo3",2670,,False
1313932330701119489,2020-10-07 20:00:53+00:00,#ImVotingFor the fundamental decency of Americans to be reflected in the Oval Office. I'm voting for competence ove… https://t.co/FEkwsszKyQ,43621,,False
1313866415410163717,2020-10-07 15:38:58+00:00,Getting an education past high school is still the best investment you can make for your future. I'm so proud that… https://t.co/2le2ExypGk,3869,,False
1313468982230503427,2020-10-06 13:19:43+00:00,"And more than anything, I hope you’ll vote for Joe with power, with passion, and with a love of this country that cannot possibly be denied.",35987,MichelleObama,False
1313468980649132032,2020-10-06 13:19:42+00:00,"So I hope you’ll watch, and I hope you’ll share this with everyone you know who might still be deciding how or if they’re going to vote.",25559,MichelleObama,False
1313468979189551104,2020-10-06 13:19:42+00:00,"There’s only one way we can pull ourselves out—by voting for my friend @JoeBiden, who’s got the heart, the experien… https://t.co/HOumsFPNO0",23757,MichelleObama,False
1313468974101823488,2020-10-06 13:19:41+00:00,"Because the drama of the past few days has only emphasized what’s at stake in this election, from the coronavirus t… https://t.co/wvWZ6xYsZp",20426,MichelleObama,False
1313468971887267841,2020-10-06 13:19:40+00:00,"And I’ll be very honest: This is a message I’d planned to release earlier, and after everything that’s happened, I… https://t.co/mvsS2L5g14",21067,MichelleObama,False
1313468968754204672,2020-10-06 13:19:39+00:00,"The truth is, the events of the past few days are a bracing reminder of the tragedy that has been this administrati… https://t.co/i34U1Ic4fb",24718,MichelleObama,False
1313468669087887360,2020-10-06 13:18:28+00:00,"My heart goes out to everyone touched by this virus, from those at the White House, especially the Secret Service a… https://t.co/3hjVzPoI1t",195587,,False
1313229693173235732,2020-10-05 21:28:52+00:00,"RT @Malala: “I learned a lot at school—how to do my multiplication tables and write an essay... but also how to push myself, dust myself of…",0,,False
1313200648498937856,2020-10-05 19:33:27+00:00,There are remarkable organizations all over the world working to ensure girls keep learning safely during the pande… https://t.co/MX1dwy5wfI,3421,MichelleObama,False
1313200646984814592,2020-10-05 19:33:26+00:00,"Ahead of the #DayoftheGirl, I teamed up with @Malala and Priya Mondol from the @GirlsAlliance community for a conve… https://t.co/2ZPaWD8V9o",10005,,False
1313144134690123776,2020-10-05 15:48:53+00:00,"RT @WhenWeAllVote: 🚨 TODAY IS THE DAY 🚨

Arizona 
Arkansas
Florida
Georgia
Hawaii
Indiana
Kentucky
Louisiana 
Mississippi 
Ohio 
Texas 

Yo…",0,,False
1312179247885086722,2020-10-02 23:54:46+00:00,"RT @BarackObama: Michelle and I hope that the President, First Lady, and all those affected by the coronavirus around the country are getti…",0,,False
1311803240867155974,2020-10-01 23:00:39+00:00,"Thank you, Mayor @KeishaBottoms! This is such a critical step for making sure elections in Atlanta can run safely a… https://t.co/xBY08oQ4L8",32610,,False
1311767922038181890,2020-10-01 20:40:18+00:00,Tune in to my episode on the @RachaelRayShow: https://t.co/7NP4RyAsUr,1264,MichelleObama,False
1311767702013435908,2020-10-01 20:39:26+00:00,"Rachael asked me what’s keeping me up at night, and here’s what I told her: It’s the idea that after all the fear a… https://t.co/odOgxuvF6p",20181,,False
1311750511117447170,2020-10-01 19:31:07+00:00,"Look, I understand why people are cynical right now. I talked with Conan about what it feels like to be a mother an… https://t.co/asXSGh9NV4",9376,,False
1311459250896543745,2020-10-01 00:13:45+00:00,"Make sure they know how and when they’re going to vote. And then follow up with them, every day, to make sure they… https://t.co/bed2BV1MdZ",16979,MichelleObama,False
1311459249969651712,2020-10-01 00:13:45+00:00,It’s the only way we can get out of this chaos and restore some stability to this country. You can start by reachin… https://t.co/RbGy4L4MAs,36298,MichelleObama,False
1311459247465660418,2020-10-01 00:13:44+00:00,"If you were turned off by the President’s behavior last night, I feel you. Believe me, I do. But we can’t let him w… https://t.co/MIbYfRdA5N",218057,,False
1311308682848800769,2020-09-30 14:15:27+00:00,I’m feeling so grateful for each of the conversations I had on the first season of the #MichelleObamaPodcast. Thank… https://t.co/0TaSBqbSEE,8123,,False
1311082965695373312,2020-09-29 23:18:32+00:00,"It’s always great catching up with my friend Rachael—we talked about my new knitting hobby, my podcast, and the imp… https://t.co/Gghr2KxQe3",5190,,False
1309567267143921665,2020-09-25 18:55:41+00:00,"RT @WhenWeAllVote: Join us on Saturday for #FuelTheVote Food Distribution events in Charlotte, Atlanta, and Philadelphia! 📣

We’re hosting…",0,,False
1309228798949416960,2020-09-24 20:30:44+00:00,I've leaned on Chynna more times than I count—she's been such an important part of my life for so long. I could not… https://t.co/77waXQhE2V,15172,,False
1309165312064073731,2020-09-24 16:18:28+00:00,I love the way Lisa and Erin are thinking about their community. Not only are they nurses who've been saving lives… https://t.co/A2Vj1ntWyB,8918,,False
1308926914996953089,2020-09-24 00:31:09+00:00,RT @TeamCoco: .@MichelleObama shares what Justice Ruth Bader Ginsburg's legacy has meant to her. https://t.co/4sO7gcYdQ8,0,,False
1308883673014505472,2020-09-23 21:39:20+00:00,.@ConanOBrien and I had a lot of fun surprising these amazing young people—I’m so proud of them and the work they’v… https://t.co/lQWMqQYyqb,7886,,False
1308878843114070018,2020-09-23 21:20:08+00:00,RT @WhenWeAllVote: Message from our Co-Chair @Lin_Manuel and @HamiltonMusical cast members: Don't throw away your shot this election season…,0,,False
1308522721144377344,2020-09-22 21:45:02+00:00,"RT @WhenWeAllVote: Our co-chairs @MichelleObama and @CP3 are getting #VoteReady on Instagram Live to discuss voter registration, activism,…",0,,False
1308474466985562113,2020-09-22 18:33:17+00:00,RT @HERMusicx: Tune in!,0,,False
1308433335992156162,2020-09-22 15:49:51+00:00,"RT @fatjoe: Whats good everybody!! I need you to Join me, @djkhaled, our good friend @MichelleObama, and others for @WhenWeAllVote’s Regist…",0,,False
1308385408628273152,2020-09-22 12:39:24+00:00,I’m going live on my Instagram for the very first time today to join @WhenWeAllVote’s Registered and Ready IG Takeo… https://t.co/PTqrsi93TL,10350,,False
1308092448560865280,2020-09-21 17:15:17+00:00,"On #NationalVoterRegistrationDay, I’m going live on Instagram with some special guests and voting experts to make s… https://t.co/1sJydGNbw2",4560,,False
1307176687361294338,2020-09-19 04:36:23+00:00,"RT @BarackObama: Justice Ruth Bader Ginsburg fought to the end, through her cancer, with unwavering faith in our democracy and its ideals.…",0,,False
1307084755129769985,2020-09-18 22:31:04+00:00,"On National Voter Registration Day, I'm going live on Instagram (for the very first time!) with some special guests… https://t.co/T4OIAhjRem",5349,,False
1306976747745927168,2020-09-18 15:21:53+00:00,"Like I told @dopequeenpheebs on her #BlackFrasier podcast, what’s giving me hope these days is all of you—the folks… https://t.co/ECVjOJphvX",2482,,False
1306593992818130945,2020-09-17 14:00:57+00:00,"There’s no one more reflective, more honest, and more thoughtful than @barackobama. I’ve seen that in so many ways… https://t.co/mYtrCTtlwl",85730,,False
1306217124680040450,2020-09-16 13:03:25+00:00,"For my final episode of The #MichelleObamaPodcast, I brought on my wonderful mother and brother @CraigMalRob to tal… https://t.co/2wpFKCxAE8",19021,,False
1306031476706811904,2020-09-16 00:45:43+00:00,RT @CraigMalRob: Hey all! Tune in tomorrow and hear the final episode of the #MichelleObamaPodcast on ⁦@spotifypodcasts⁩ @MichelleObama⁩ an…,0,,False
1305706223556349953,2020-09-15 03:13:17+00:00,"RT @attn: Simple advice from @lizakoshy:

1. Register to vote 
2. Make a plan to vote 
3. Vote

#vomo",0,,False
1305706174738726913,2020-09-15 03:13:05+00:00,RT @ABCNetwork: You CAN make a difference. #VOMO @AnnRomney https://t.co/WVgU6Y3evQ,0,,False
1305684224897417216,2020-09-15 01:45:52+00:00,Don’t miss your chance to make your voice heard in this election! Tune in at 10|9c to make sure you have all the in… https://t.co/nCdMWMQEdg,3770,,False
1305680268859256834,2020-09-15 01:30:09+00:00,"Congrats to @afactoryfilm Directors Julia Reichert, Steven Bognar, and the entire team at @Netflix and Higher Groun… https://t.co/pY5gnnayic",2496,,False
1305612505440563202,2020-09-14 21:00:53+00:00,"So proud of you, @NaomiOsaka! 👏🏾 https://t.co/jc5uaCifN4",116080,,False
1305593926536097792,2020-09-14 19:47:03+00:00,".@kevinhart4real, I'm counting on you to help get everybody registered and ready to vote! Join us tonight for #VOMO… https://t.co/TgTOJ4xt1F",10509,,False
1304804976343035904,2020-09-12 15:32:03+00:00,There's a lot at stake in this election and we need to make sure our friends and family are registered to vote. Tha… https://t.co/GJgg5JzAQm,12311,,False
1304229293535432704,2020-09-11 01:24:29+00:00,RT @attn: So excited to announce this! Tune into ABC on Sept. 14th at 10/9pm central. #VOMO https://t.co/AnGZvmTfAE,0,,False
1304155020758319113,2020-09-10 20:29:21+00:00,"RT @spotifypodcasts: Surprise! There's a new episode of The #MichelleObamaPodcast out today, featuring a conversation with some of @Michell…",0,,False
1304129192657858567,2020-09-10 18:46:43+00:00,"When it comes to voting, it’s so important we know our options and plan ahead. I’m joining @WhenWeAllVote on… https://t.co/wnfjJv1r2f",4878,,False
1304128376232386560,2020-09-10 18:43:29+00:00,"RT @washingtonpost: Most Americans plan to vote before Election Day, a dramatic shift from previous years, poll finds https://t.co/KjWBBVam…",0,,False
1303770960177385472,2020-09-09 19:03:14+00:00,There are so many ways for us to express ourselves and our views––and voting is one of our most powerful tools for… https://t.co/t5T5eTl51v,21856,,False
1303702367578271747,2020-09-09 14:30:40+00:00,"This week on The #MichelleObamaPodcast, I’m talking with my dear friend @ValerieJarrett about a relationship that c… https://t.co/hH0UKeboF8",3678,,False
1303485023702654977,2020-09-09 00:07:01+00:00,RT @ValerieJarrett: Tomorrow's episode of the #MichelleObamaPodcast is one for the ages! @MichelleObama and I go way back &amp; talk about the…,0,,False
1303406742097801218,2020-09-08 18:55:58+00:00,"RT @BarackObama: Great to catch up with our next Vice President, @KamalaHarris. I wanted to make sure to share a few tips about serving alo…",0,,False
1301996104846848001,2020-09-04 21:30:35+00:00,"Congrats, @Michaelsmithinc! Michael helped capture the warmth and comfort I'd hope to create at the White House to… https://t.co/EHOaW2FsDM",7311,,False
1301602831678439427,2020-09-03 19:27:52+00:00,"RT @WhenWeAllVote: 🚨 TONIGHT🚨

Join our co-chair @MichelleObama for our Registered and Ready Virtual Rally. 

We are officially two months…",0,,False
1301142956225761280,2020-09-02 13:00:29+00:00,"This week on The #MichelleObamaPodcast I talk with @ConanOBrien about marriage, which is a source of strength for s… https://t.co/dmePzaGgu1",5614,,False
1300981326988926976,2020-09-02 02:18:14+00:00,RT @ConanOBrien: I’m really excited to be on @MichelleObama’s podcast tomorrow. Hear it exclusively on @Spotify @ https://t.co/Q0Tr4HD858 h…,0,,False
1300901842902306817,2020-09-01 21:02:23+00:00,There’s no time to waste in the lead-up to this election. I’m counting on all of you to help your communities get r… https://t.co/fwON7tDqFL,12099,,False
1300833484773249027,2020-09-01 16:30:45+00:00,"This year, we’re facing a shortage of poll workers just weeks before Election Day. On National Poll Worker Recruitm… https://t.co/B8DjySsVnU",4956,,False
1300590115635462145,2020-09-01 00:23:42+00:00,"RT @WhenWeAllVote: The Battle with @4everBrandy and @MonicaDenise is happening NOW. 

You can tune in right here: https://t.co/tAFxztNEnG h…",0,,False
1300546914266624000,2020-08-31 21:32:02+00:00,"Music has the power to heal and bring us joy when we need it the most. And tonight, I can't wait to watch… https://t.co/H3pZ9lwVOd",12702,,False
1300153188465729537,2020-08-30 19:27:30+00:00,RT @WhenWeAllVote: We can't wait for the Verzuz battle tomorrow night with @MonicaDenise and @4everBrandy. Thank you for your generosity an…,0,,False
1299775970258440193,2020-08-29 18:28:34+00:00,"Only Chadwick could embody Jackie Robinson, Thurgood Marshall, and T’Challa. He, too, knew what it meant to perseve… https://t.co/jBNA8BhqOA",490598,,False
1299442875479085059,2020-08-28 20:24:58+00:00,"57 years ago, people from all over the country came together for the March on Washington. Today we march on—to real… https://t.co/XW957PG9Gz",17943,,False
1299426144056475651,2020-08-28 19:18:29+00:00,I’m just devastated by the shootings in Kenosha. And I can’t stop thinking about what our kids are seeing every day… https://t.co/7IqMrXMCQd,33723,,False
1298702093847388160,2020-08-26 19:21:22+00:00,"For so many of us, our friendships have been critical in helping us get through our toughest days and celebrate our… https://t.co/PQ6TxLYZE8",6358,,False
1298276298402529281,2020-08-25 15:09:25+00:00,"RT @BetterMakeRoom: This year, because of COVID-19, we’re hosting our #BeatingTheOdds Summit with a new video series! We invited a few frie…",0,,False
1296794965343981568,2020-08-21 13:03:07+00:00,I'd love to hear the story of the #FirstWomanVoter who inspired you to vote––and make sure to tag some of your frie… https://t.co/YmpRp0ovYH,4530,MichelleObama,False
1296794880174444544,2020-08-21 13:02:47+00:00,The struggle for women’s suffrage was long—and even longer for women of color—but generations of women knew that ou… https://t.co/uPaYXjHlgG,18451,,False
1296575409576988672,2020-08-20 22:30:41+00:00,".@JoeBiden is a profoundly decent man, guided by his faith. As president, he will honor the lives and experiences o… https://t.co/GDrN8bCzYQ",73282,,False
1296465712865841154,2020-08-20 15:14:47+00:00,"RT @WhenWeAllVote: 📣 We are SO excited to announce that ✨ Meghan, The Duchess of Sussex ✨ is joining the #WhenAllWomenVote Couch Party with…",0,,False
1296290426698248193,2020-08-20 03:38:16+00:00,"Barack knows the weight and power of the presidency because he’s lived it. The job requires empathy, discipline, an… https://t.co/nKX1Z5EZQQ",122539,,False
1296205429039665155,2020-08-19 22:00:31+00:00,I can’t wait to hear @KamalaHarris at the @DemConvention tonight. I have no doubt she’ll show the world what I'm lu… https://t.co/n7Xr3DVyik,68211,,False
1296205310995177472,2020-08-19 22:00:03+00:00,RT @DemConvention: .@BarackObama understands the enormous stakes of this election – and he knows better than anyone that @JoeBiden is exact…,0,,False
1296069606843592704,2020-08-19 13:00:48+00:00,"RT @CraigMalRob: Today’s the day! Check out my conversation with @michelleobama now, only on @Spotify. #MichelleObamaPodcast https://t.co/D…",0,,False
1296069560974614529,2020-08-19 13:00:37+00:00,Excited for you to hear this week’s episode with my brother @CraigMalRob! We reflect on everything from our childho… https://t.co/5uR4nWuwrC,5448,,False
1295917643128606726,2020-08-19 02:56:57+00:00,"RT @BarackObama: Congrats, Joe. I’m proud of you.",0,,False
1295851360689295361,2020-08-18 22:33:34+00:00,"So much of who I am and how I exist in the world is because of my relationship with my big brother, @CraigMalRob. H… https://t.co/8MMOAU5lyf",17573,,False
1295822645573881857,2020-08-18 20:39:28+00:00,"Love you back, Jill. I can't wait to hear your speech. Good luck tonight! ❤️ https://t.co/WJuDfVUJdl",74085,,False
1295817277401698305,2020-08-18 20:18:08+00:00,"And I know you’ll do the same tomorrow night, @KamalaHarris. You’ve got this. So many people will be doing everythi… https://t.co/dYHh7K0mYj",130825,,False
1295552611026780160,2020-08-18 02:46:27+00:00,If we want to end the chaos and division—and keep alive the possibility of progress on the issues we hold dear—we’v… https://t.co/j4fnj9TbPk,217838,,False
1295525888201756672,2020-08-18 01:00:16+00:00,"RT @DemConvention: You won’t want to miss @MichelleObama tonight at the #DemConvention!

Like or retweet this tweet and we’ll make sure you…",0,,False
1293692120268771328,2020-08-12 23:33:31+00:00,Our relationship with our bodies is constantly evolving. I want to hear about the conversations you’ve been having… https://t.co/CSpDI79173,4693,MichelleObama,False
1293579428824571921,2020-08-12 16:05:44+00:00,RT @smalonemd: Excited to share the next #MichelleObamaPodcast episode! My friend @MichelleObama and I sat down to get deep about our relat…,0,,False
1293555687960829952,2020-08-12 14:31:23+00:00,"As women, we often have questions about our bodies—what we know, what we don’t know, what we’re uncertain or anxiou… https://t.co/gvfoFB8tLJ",11686,,False
1293300319535988744,2020-08-11 21:36:39+00:00,RT @BarackObama: I’ve known Senator @KamalaHarris for a long time. She is more than prepared for the job. She’s spent her career defending…,0,,False
1293201696227831814,2020-08-11 15:04:45+00:00,"Voting by mail is a safe, simple, and time-tested way to cast your ballot from home. Head to… https://t.co/TjPIHmtAii",36874,,False
1293185697512189952,2020-08-11 14:01:11+00:00,"RT @WhenWeAllVote: 📣 CT, MN, VT and WI: It's #ElectionDay! 📣

#VoteByMail ballots must be received by your state’s deadline. If you are vis…",0,,False
1291844523623157760,2020-08-07 21:11:50+00:00,Excited to share with you a new @Spotify playlist inspired by the first season of my new podcast. It's filled with… https://t.co/6llkNR4gPq,15766,,False
1291793618626387970,2020-08-07 17:49:33+00:00,RT @priyankachopra: Join me and take action today to support adolescent girls’ education and empowerment with the @girlsalliance—because th…,0,,False
1291746901289766913,2020-08-07 14:43:55+00:00,RT @melindagates: .@MichelleObama &amp; I joined forces to share a message we feel strongly about: As we work to solve the challenges of #COVID…,0,,False
1291741303982743552,2020-08-07 14:21:40+00:00,Join me and the @GirlsAlliance today in supporting the grassroots organizations that are working tirelessly to ensu… https://t.co/wSsO8bIgwJ,2076,MichelleObama,False
1291740999748857858,2020-08-07 14:20:28+00:00,"As the world determines how to continue educating students safely in the months ahead, we must ensure that adolesce… https://t.co/qgSi2QR5M4",8919,,False
1291487449710026753,2020-08-06 21:32:57+00:00,Congressman John Lewis risked it all to protect our right to make our voices heard at the ballot box. On this 55th… https://t.co/JI7TP7H2pU,18789,,False
1291177418904997890,2020-08-06 01:01:00+00:00,I want to hear about the conversations you’ve been having with your family and friends during this pandemic. How ar… https://t.co/to37ytBDOP,3294,MichelleObama,False
1290996047104409601,2020-08-05 13:00:17+00:00,We’ve all been dealing with a lot of change in our lives and our communities. And I couldn't think of anyone better… https://t.co/lLU9O9hyu3,14053,,False
1290796096730673152,2020-08-04 23:45:45+00:00,RT @michele_norris: Tune in TOMORROW to hear episode 2 of the #MichelleObamaPodcast!! I can’t wait for you to hear this conversation. @Mich…,0,,False
1290740132228849666,2020-08-04 20:03:22+00:00,Can't wait for you to hear my conversation with my friend and confidante @michele_norris. We talked about how we’re… https://t.co/erqi63o6l6,12097,,False
1290657856937766913,2020-08-04 14:36:27+00:00,"RT @WhenWeAllVote: TODAY is #ElectionDay in Michigan, Arizona, Kansas, Missouri, and Washington 🗳 

If you have any issues casting your bal…",0,,False
1290633984813207556,2020-08-04 13:01:35+00:00,"Happy birthday to my favorite guy. Here's to all the good days, blue skies, and new adventures to come. 😘 https://t.co/mxrnNSvJBn",523663,,False
1289335167723732997,2020-07-31 23:00:33+00:00,It’s been great reading the responses to the first episode of The #MichelleObamaPodcast! Let’s keep the conversatio… https://t.co/rhKR1vnS1J,6896,,False
1289298935152926720,2020-07-31 20:36:34+00:00,Excited that @jaytatum0 and @SHAQ are teaming up with @WhenWeAllVote! We all have a role to play in getting our lov… https://t.co/gQyrYx0a1z,4037,,False
1288836817760989189,2020-07-30 14:00:17+00:00,"Every word of this ❤️❤️❤️️. We love you, Congressman Lewis. And we’ll do our best to honor your service and sacrifi… https://t.co/EXivKDtFDY",89331,,False
1288557471615913992,2020-07-29 19:30:16+00:00,"Happy birthday, Mom! Anyone who knows my mom knows that she’s the one to turn to for steady guidance, a wise perspe… https://t.co/QalWcuNegP",153523,,False
1288448614658977793,2020-07-29 12:17:42+00:00,RT @BarackObama: Michelle and I have spent a lot of time together these past few months. We’ve had a lot of good talks—and this one’s up th…,0,,False
1288444161209905153,2020-07-29 12:00:00+00:00,So excited for you to hear the first episode of The #MichelleObamaPodcast with @BarackObama! I wanted to start this… https://t.co/hXfLM0H8Z8,30638,,False
1288180142938914818,2020-07-28 18:30:53+00:00,"Can’t wait for you to hear the first episode of The #MichelleObamaPodcast! It’s a long, thoughtful talk with… https://t.co/ulel60dOBN",49945,,False
1287825669519482881,2020-07-27 19:02:20+00:00,"If we want to keep making progress on issues like racial justice, we’ve got to be willing to start hard conversatio… https://t.co/OzqrpVrlPP",15022,,False
1287799180275187715,2020-07-27 17:17:05+00:00,It just wouldn’t be summer without @Lollapalooza—I’m so excited to hear some of my favorite artists at this week’s… https://t.co/DxJyvKNVea,4686,,False
1287419441320517633,2020-07-26 16:08:08+00:00,"We are just 100 Days away from the 2020 election. And the truth is, this election could not be more important for t… https://t.co/BaIyVzfRhr",54737,,False
1287385417055117312,2020-07-26 13:52:56+00:00,"RT @BarackObama: To celebrate the 30th anniversary of the Americans with Disabilities Act, I got the chance to talk to the next generation…",0,,False
1286845661690896384,2020-07-25 02:08:08+00:00,RT @CP3: Perfect timing!! A BIG Thank You and really looking forward to hearing @MichelleObama discuss voting on Sunday with the @TheNBPA a…,0,,False
1286640789725024256,2020-07-24 12:34:03+00:00,"I can't wait for you all to hear the conversations I've been having for the #MichelleObamaPodcast. My mom, my girlf… https://t.co/6NNgFp961I",26981,,False
1285674167694700544,2020-07-21 20:33:02+00:00,"RT @WhenWeAllVote: THREAD: The Senate is back from recess and has still not passed the #HEROESAct, a stimulus bill that would prevent voter…",0,,False
1285243173376327680,2020-07-20 16:00:25+00:00,"Take it from my fellow @WhenWeAllVote co-chairs: Don’t wait—get registered to vote right now. 

We launched When We… https://t.co/9vyoAdcQXO",10754,,False
1284368007171645440,2020-07-18 06:02:49+00:00,"RT @BarackObama: Not many of us get to live to see our own legacy play out in such a meaningful, remarkable way. John Lewis did:

https://t…",0,,False
1283739171614588929,2020-07-16 12:24:03+00:00,"RT @Spotify: Every relationship starts with a conversation. 

The #MichelleObamaPodcast premieres July 29, only on @SpotifyPodcasts 🎙 @Mich…",0,,False
1283733118646726657,2020-07-16 12:00:00+00:00,I’m thrilled to announce a new project: The #MichelleObamaPodcast with @Spotify! It’s been a tough year and I hope… https://t.co/QMkjhaasQu,75271,,False
1283115276956061700,2020-07-14 19:04:55+00:00,Grassroots leaders in the @GirlsAlliance Network are supporting girls during COVID-19 in remarkable ways. They’re w… https://t.co/lU833xjCet,5558,,False
1283093159623503879,2020-07-14 17:37:02+00:00,"RT @WhenWeAllVote: TODAY is #ElectionDay in Texas and Maine.

If you have any issues casting your ballot, call the Election Protection Hotl…",0,,False
1282759425669976065,2020-07-13 19:30:54+00:00,I was thrilled to join the @GirlUp Leadership Summit to celebrate the power of girls around the world and to share… https://t.co/cKvZsouuvC,13421,,False
1282298956022718466,2020-07-12 13:01:09+00:00,"Wishing a wonderful birthday to @Malala! As we celebrate #MalalaDay, let’s not simply be in awe of her accomplishme… https://t.co/hs1nKk04AT",93182,,False
1281325708095209473,2020-07-09 20:33:49+00:00,So excited for @ReachHigher to team up with the @GRAMMYMuseum to lift up young people interested in pursuing career… https://t.co/isGeSKI2gg,3762,,False
1280988576667361287,2020-07-08 22:14:10+00:00,"I just love this! Kody and Daniel are so right: We are strong 💪🏾. #BlackJoy

🎥: danniestheory_ https://t.co/6JlVfP8HVo",35763,,False
1280492534284853248,2020-07-07 13:23:05+00:00,"RT @WhenWeAllVote: TODAY is #ElectionDay in Delaware and New Jersey. 

If you have any issues casting your ballot, call the Election Protec…",0,,False
1280273494132043777,2020-07-06 22:52:41+00:00,So thrilled for @Lin_Manuel and the entire #Hamilfilm team! We’ve seen recently that the young and diverse America… https://t.co/oBI7SK0RkJ,87875,,False
1278002542132244480,2020-06-30 16:28:44+00:00,"RT @WhenWeAllVote: Today is #ElectionDay in CO, UT, and OK! 

Return your #VoteByMail or absentee ballots before your state’s deadline or h…",0,,False
1277671223649075201,2020-06-29 18:32:12+00:00,"Heartened to see my alma mater make this change, and even prouder of the students who’ve been advocating for this k… https://t.co/269tw74NCj",23087,,False
1277050916781395970,2020-06-28 01:27:19+00:00,"RT @WhenWeAllVote: The only way to make change in this country is to go out and vote for the change you’re looking for. #WhenWeAllVote, tha…",0,,False
1277030220277657600,2020-06-28 00:05:05+00:00,"I hope everyone has fun at the #RootsPicnic tonight! Tune in now to watch the show at https://t.co/vXp9MHLm8S.

And… https://t.co/eH8LDJ3NQW",6833,,False
1277016498280726528,2020-06-27 23:10:33+00:00,"Getting ready to kick off the #RootsPicnic with @TheRoots and some very special guests! 

Tune in at 8pm ET:… https://t.co/gRCknDzrnH",8164,,False
1276651946959667202,2020-06-26 23:01:57+00:00,"Thinking back to that day reminds me of how much strength we can find in one another, in good times and in bad. We’… https://t.co/0ftq2eXH7J",95576,,False
1276253834088767489,2020-06-25 20:40:00+00:00,RT @BarackObama: Michelle and I want every kid in Chicago to grow up knowing even better opportunities than we had. We’re happy to help Chi…,0,,False
1275889887451983878,2020-06-24 20:33:48+00:00,RT @girlsalliance: This just in: @MichelleObama will share a special message at the 2020 @GirlUp Leadership Summit in celebration of girls…,0,,False
1275500938866954242,2020-06-23 18:48:16+00:00,"It's #ElectionDay in Kentucky, New York, and Virginia. Make sure to mail your ballot today or safely head to the po… https://t.co/yEGbPwY9Ek",14551,,False
1275126508936466434,2020-06-22 18:00:25+00:00,Loved talking to my friend @shondarhimes about @WhenWeAllVote and the importance of voting in every election. Your… https://t.co/hHrKorLuLa,7092,,False
1274703822301126657,2020-06-21 14:00:48+00:00,"Thank you for the way you love our girls—and all the young people in this country, no matter who they are or where… https://t.co/C00pTM5WNM",388219,,False
1274371621973897224,2020-06-20 16:00:46+00:00,"To celebrate #FathersDay, Eric Mlambo wrote a letter to his daughter to share how she inspires his work to empower… https://t.co/iv0zmh2b0N",6529,,False
1274044117945851909,2020-06-19 18:19:22+00:00,"This #Juneteenth, let’s all pledge to keep using our voices—and our votes—to keep marching toward freedom.

https://t.co/I510X0HCKe",23489,MichelleObama,False
1274041285901529094,2020-06-19 18:08:07+00:00,Here's what #Juneteenth means to me: https://t.co/KlOoYwdzD5,150596,,False
1272933867989741569,2020-06-16 16:47:38+00:00,Couldn’t be more excited that @whenweallvote is teaming up to co-host @TheRoots Picnic on June 27! Join us and get… https://t.co/FDVgBBMgaa,7814,,False
1271568301446115329,2020-06-12 22:21:22+00:00,"When it comes to reforming our criminal justice system, protesting is important. And pairing it with voting is the… https://t.co/JnAXS7lY4k",24994,,False
1271117591533281280,2020-06-11 16:30:24+00:00,We saw it again on Tuesday—too many communities are being targeted and silenced by voter suppression. I believe eve… https://t.co/ktwDf6eNNG,23400,,False
1270406278251241478,2020-06-09 17:23:54+00:00,"RT @KristenClarkeJD: Voters in Georgia are experiencing long lines, broken machines and poll sites that opened late. Voters are being short…",0,,False
1270406113104707584,2020-06-09 17:23:15+00:00,This past month has shown that you all know how to make your voices heard. Now it's time to speak out at the ballot… https://t.co/6rJ1Ex1wNp,19920,,False
1269780341629366272,2020-06-07 23:56:39+00:00,RT @ReachHigher: We couldn't have made #DearClassOf2020 possible without the help of our incredible partners and sponsors. Thank you for he…,0,,False
1269721986734927874,2020-06-07 20:04:46+00:00,"#Classof2020, and every one of you out there using your voice to fight for justice, you all are exactly what we nee… https://t.co/Ua2ustaE4A",13912,MichelleObama,False
1269721985577345025,2020-06-07 20:04:46+00:00,"This is how you can finish the work that the generations before you started. By staying open and hopeful, even thro… https://t.co/DvkXeRFThl",14398,MichelleObama,False
1269721984528723969,2020-06-07 20:04:46+00:00,Text everybody you know to join you in exercising their constitutional right to protest. Send all your friends a li… https://t.co/yhEWI9EMLu,8322,MichelleObama,False
1269721983400521729,2020-06-07 20:04:45+00:00,"So if you’re spending a lot of time hashtagging and posting right now, that’s useful, especially during a pandemic.… https://t.co/uIiHsrC0PT",5340,MichelleObama,False
1269721981471129600,2020-06-07 20:04:45+00:00,"And if you hold strong with the same faith that carried all those giants before you toward real, measurable progres… https://t.co/hlDjdNwDLV",4936,MichelleObama,False
1269721980296744961,2020-06-07 20:04:45+00:00,"Dr. King was angry. Sojourner Truth was angry. Lucretia Mott, Cesar Chavez, the folks at Stonewall—they were all an… https://t.co/xYNrjfvuk8",6152,MichelleObama,False
1269721979021594630,2020-06-07 20:04:44+00:00,"To anyone who’s feeling invisible: Know that your story matters. Your ideas, your experiences, your vision for our… https://t.co/VdmxOkRNZS",7914,MichelleObama,False
1269721402057375745,2020-06-07 20:02:27+00:00,So much has changed so quickly. And if any of you are confused or scared or angry—or just plain overwhelmed—I just… https://t.co/rXUzC2o5Yk,129500,,False
1269711264013602822,2020-06-07 19:22:10+00:00,"As @aliciakeys communicates so beautifully here, like so many of you, I’ve been doing a lot of thinking over the pa… https://t.co/Kmz2hjsy58",9323,,False
1267497046371688451,2020-06-01 16:43:39+00:00,RT @BarackObama: I wrote out some thoughts on how to make this moment a real turning point to bring about real change––and pulled together…,0,,False
1266504768924594176,2020-05-29 23:00:42+00:00,"It ends with justice, compassion, and empathy that manifests in our lives and on our streets. I pray we all have th… https://t.co/lxZwLV0VR9",84724,MichelleObama,False
1266504767314034688,2020-05-29 23:00:41+00:00,"It’s up to all of us—Black, white, everyone—no matter how well-meaning we think we might be, to do the honest, unco… https://t.co/9H1ALgCnQI",135793,MichelleObama,False
1266504765749501952,2020-05-29 23:00:41+00:00,Race and racism is a reality that so many of us grow up learning to just deal with. But if we ever hope to move pas… https://t.co/MZ3cSmPixn,70090,MichelleObama,False
1266504763501432837,2020-05-29 23:00:40+00:00,"Like so many of you, I’m pained by these recent tragedies. And I’m exhausted by a heartbreak that never seems to st… https://t.co/f5ny9loA6V",492317,,False
1265719863324139520,2020-05-27 19:01:46+00:00,"Last year, I celebrated 50 years of Sesame Street with Big Bird, Grover, and the whole gang. This year, I am as pro… https://t.co/Pi2rrYWaSS",22277,,False
1265719762488889345,2020-05-27 19:01:21+00:00,RT @YouTube: #DearClassOf2020 you are unstoppable. We're so inspired to see how you all turned a moment of disappointment into a moment of…,0,,False
1264920191017930757,2020-05-25 14:04:09+00:00,"It's been such a joy spending my Mondays reading with all of you. To round out the series, we'll spend today readin… https://t.co/zRwcsAc2Pe",15032,,False
1263984001485869056,2020-05-23 00:04:04+00:00,I'm so proud of the #Classof2020 and all you've accomplished this year. Tonight's #MTVPromathon is for you––you des… https://t.co/qL2xHuSFGE,12459,,False
1263904011889119233,2020-05-22 18:46:13+00:00,I can't wait to celebrate the #ClassOf2020 today for @WhenWeAllVote and @MTV’s Prom-athon––hope you have your outfi… https://t.co/Fner4cK5p5,4405,,False
1263537742912372736,2020-05-21 18:30:47+00:00,"The ability to vote freely, fairly—and safely—is bigger than any single issue, party, or candidate. I’m so grateful… https://t.co/4lzAq3mwIZ",9543,,False
1263526371734806528,2020-05-21 17:45:36+00:00,RT @WhenWeAllVote: Calling all Pennsylvania voters: We want YOU to join our #PACouchParty with The Roots’ @questlove and @MalcolmJenkins! W…,0,,False
1263499963230806016,2020-05-21 16:00:40+00:00,"Marriage is a choice you make every day. It can be hard work, but when two people commit to seeing that work throug… https://t.co/8ePP2kYNHW",29738,,False
1263168307647197185,2020-05-20 18:02:47+00:00,"Looking forward to joining this incredible lineup with @ReachHigher on June 6th. Get ready to celebrate,… https://t.co/VI0lbjEBEQ",17064,,False
1262399305496829956,2020-05-18 15:07:03+00:00,"For today’s read-along with @PBSKids and @PenguinRandom, I’m excited to read “Giraffe Problems,"" followed by “The B… https://t.co/GDpSgWNVZ0",9314,,False
1261829578055659521,2020-05-17 01:23:09+00:00,👏🏾👏🏾👏🏾 https://t.co/7IyOI1SZv3,119603,,False
1261340638114701312,2020-05-15 17:00:17+00:00,"It takes courage to share our stories with the world. But in doing so, we open ourselves up to so much grace, heali… https://t.co/9azUKzJKcL",19922,,False
1261312208690085890,2020-05-15 15:07:19+00:00,"I'm so proud of these students, who each registered their classmates and community to vote. These are the kind of a… https://t.co/xMpMzefRsm",8315,,False
1260962110265266176,2020-05-14 15:56:09+00:00,Barack and I had so much fun reading “The Word Collector” for a family read-a-long through the @chipublib. This boo… https://t.co/eAkhxyl9So,33712,,False
1260302386607919105,2020-05-12 20:14:38+00:00,"It was so much fun to surprise the students at my old high school, @wyhs. I’m so proud of their strength and resili… https://t.co/UXp3anvZ0G",8142,,False
1259962889118646273,2020-05-11 21:45:36+00:00,"This Princeton alum is so proud of you, Nick! Congratulations on becoming valedictorian—and making history. I have… https://t.co/q9G4V3yyWQ",29444,,False
1259866164160839680,2020-05-11 15:21:15+00:00,I'm excited to announce that we’ll be extending the series for two more weeks with a few special guests dropping by… https://t.co/Z8LfNZGtzn,5841,MichelleObama,False
1259865955779436545,2020-05-11 15:20:25+00:00,"Today, I’ll be reading one of my favorites “The Very Hungry Caterpillar” by Eric Carle. Tune in at 12pm ET here:… https://t.co/RS0KN2ONgO",14974,,False
1259538535570444290,2020-05-10 17:39:22+00:00,"This #MothersDay, I'm sending my love to the Circle of Mothers, a group that no mother should ever––ever––have to j… https://t.co/NO9WdwAks4",77616,,False
1259535052951760897,2020-05-10 17:25:32+00:00,"So many mothers are working tirelessly to get their families, workplaces, communities––and themselves––through this… https://t.co/H61AQsSeD7",51373,,False
1259246484647796738,2020-05-09 22:18:52+00:00,RT @nelsonistic: When I was applying to grad school a professor refused to give me a letter of recommendation because he didn't think I was…,0,,False
1259245789949370372,2020-05-09 22:16:06+00:00,RT @melissaevincent: Spending the afternoon in the presence of women I admire so much. Sharing our stories to bridge across difference is o…,0,,False
1259244601308844037,2020-05-09 22:11:23+00:00,👏🏾👏🏾👏🏾 https://t.co/gS3shGY7N3,1605,,False
1259244081064161280,2020-05-09 22:09:19+00:00,@90s_Raf Those are some of the best memories. #WatchBecoming,44,90sRafael,False
1259243417579724807,2020-05-09 22:06:41+00:00,"You go, Monique! Your story is your power—thank you for sharing it with all of us. #WatchBecoming https://t.co/Lc24nnULtQ",14538,,False
1259241801443090435,2020-05-09 22:00:15+00:00,@wyhs This song never gets old. Keep it up ladies! #WatchBecoming,79,wyhs,False
1259241171521540097,2020-05-09 21:57:45+00:00,"RT @idinour: Just watched with my wife and 3 young girls. Deep gratitude to all involved in this production for powerful, inspiring, vulner…",0,,False
1259240464835915776,2020-05-09 21:54:57+00:00,RT @michele_norris: One of the benefits of this behind the scenes look at the #Becoming tour is that you get a peak at her tight knit team.…,0,,False
1259237486171226117,2020-05-09 21:43:06+00:00,"Nikkia, you are also one of those amazing and inspiring black women who your girls look up to each and every day.… https://t.co/OirvOQ9FZ2",6629,,False
1259237298526466048,2020-05-09 21:42:22+00:00,RT @JustFatuma: One thing to definitely take away from this doc: acknowledge the power we each hold  #WatchBecoming,0,,False
1259236908028362756,2020-05-09 21:40:49+00:00,"Thanks for making me a part of your date night, Billye. Stay strong! 💪🏾💕#WatchBecoming #IAmBecoming https://t.co/cmlvsKQw6d",2988,,False
1259236317432512515,2020-05-09 21:38:28+00:00,"RT @jennvortiz: Watching #Becoming with some of the strongest women I know. Here’s to you, @netflix and #NetflixParty ✨ #WatchBecoming http…",0,,False
1259221931951296514,2020-05-09 20:41:18+00:00,"RT @TwitterMovies: Girl, she has done it again. Constantly raising the bar for us all, and doing it flawlessly.

You're invited to a very s…",0,,False
1259217511964381184,2020-05-09 20:23:44+00:00,One of my favorite parts of my Becoming tour was getting to meet and talk with so many of you––I will always cheris… https://t.co/MN9yoravjl,7337,,False
1259199173586534402,2020-05-09 19:10:52+00:00,"When we share honestly about our own experiences, we invite others to do the same. The connections we build in thes… https://t.co/qFmOPEu6f2",44031,,False
1259173890359726082,2020-05-09 17:30:24+00:00,"With his exuberance, his creativity, and his refusal to be anything other than himself, Little Richard laid the fou… https://t.co/5OAUQkXAHM",57153,,False
1258765109301837829,2020-05-08 14:26:03+00:00,"RT @netflix: Becoming, featuring @MichelleObama, is now streaming! 

Join the conversation and community by watching together TOMORROW 5p E…",0,,False
1258758564639920135,2020-05-08 14:00:03+00:00,"Growing up, my mom taught me and Craig to never be afraid to speak up, ask questions, and live our truths. She laid… https://t.co/4PIH57qvkO",40025,,False
1258438939381313537,2020-05-07 16:49:58+00:00,Thank you to all of our teachers across the country and around the world for going above and beyond to show up for… https://t.co/EzbgJq81nB,19817,,False
1258050135239438336,2020-05-06 15:05:00+00:00,"Now that BECOMING is out, I'm excited to share the inspiring story of Elizabeth who I met last year while spending… https://t.co/n1phHSJtei",18305,,False
1257693192645992450,2020-05-05 15:26:38+00:00,"Whether you’re graduating from high school, college, or any other kind of school––we want you, your family, and all… https://t.co/cHn95TdZLn",17244,MichelleObama,False
1257693019819646977,2020-05-05 15:25:57+00:00,"I know how hard the #Classof2020 has worked to make it to graduation, so @BarackObama and I want to give you the ce… https://t.co/5bleIImr0h",102775,,False
1257663839992242176,2020-05-05 13:30:00+00:00,"In the film BECOMING, you will get to know an extraordinary young woman, Shayla, and her family. Their love and sac… https://t.co/gGY2cadWor",12283,,False
1257337429985460226,2020-05-04 15:52:58+00:00,"Today, I’m excited to read “Miss Maple's Seeds” with @PBSKids and @PenguinRandom.

Join me at 12pm ET on… https://t.co/XMWl0LlBAn",4896,,False
1257316611213520897,2020-05-04 14:30:14+00:00,I’m thrilled to give you a sneak peek of BECOMING before it premieres on Netflix on May 6. This movie tells my stor… https://t.co/KtD9B8I92I,102769,,False
1256326269702045702,2020-05-01 20:54:58+00:00,"Congrats, Jalyn! I can't wait to see everything you achieve at Spelman. #CollegeSigningDay https://t.co/wtFl53TPA4",6767,,False
1256311285207035904,2020-05-01 19:55:26+00:00,"I'm so proud of you, Anyanso! Keep reaching higher and never give up! https://t.co/dDG3qHZym8",20836,,False
1256310873439612928,2020-05-01 19:53:48+00:00,"To all the young people out there, I want you to know that I see you. I know this #CollegeSigningDay is not what yo… https://t.co/CeUkhadGpQ",17953,,False
1254820838441967617,2020-04-27 17:12:55+00:00,"These days, it can be hard to feel grounded or hopeful—but the connections I’ve made with people across America and… https://t.co/01w9Vc1yd6",7698,MichelleObama,False
1254819337371779077,2020-04-27 17:06:58+00:00,"I’m excited to share that on May 6, @Netflix will release BECOMING, a documentary directed by Nadia Hallgren that s… https://t.co/qfOxHR5B4f",91455,,False
1254766020826484736,2020-04-27 13:35:06+00:00,Check out these wonderful children’s activities from @PenguinRandom to go along with today's reading: https://t.co/VcsVLH6H89,1340,MichelleObama,False
1254765866308251648,2020-04-27 13:34:29+00:00,"Today, I’ll be reading one of my favorites: “There’s a Dragon in Your Book.” It’s a fun read that requires a little… https://t.co/XntoBu0JZp",11586,,False
1254200481137725442,2020-04-26 00:07:51+00:00,RT @ReachHigher: Exciting news from EdWeek  about @CommonApp @AdmitHub and @advisingcorps new partnership to connect nearly 200k HS seniors…,0,,False
1253443673859244032,2020-04-23 22:00:34+00:00,"RT @TeddyRiley1: You had alot to say about #TeddyvsBabyface battle Monday night. But if you really want your voice heard, you have to regis…",0,,False
1252445066221756416,2020-04-21 03:52:27+00:00,Thanks to the thousands of you who joined our @whenweallvote #CouchParty 2.0 to help register voters. You made a re… https://t.co/v5WsR7wyJc,7103,,False
1252287104073248770,2020-04-20 17:24:46+00:00,RT @RitaWilson: TODAY! I'll be joining @WhenWeAllVote's #CouchParty 2.0 with fellow co-chair @MichelleObama to help register voters during…,0,,False
1252264190166925312,2020-04-20 15:53:43+00:00,"If you're looking for a fun activity to go along with today's ""The Gruffalo"" read-along, you can create finger pupp… https://t.co/KDc3S2muET",5135,MichelleObama,False
1252263838508101634,2020-04-20 15:52:19+00:00,I can't wait to share the magic of storytelling with kids everywhere by reading a beloved children's book every Mon… https://t.co/2BXmWbzirh,66914,,False
1252237792823988224,2020-04-20 14:08:49+00:00,We can still make a difference even as we #StayHome. Excited to join @whenweallvote's #CouchParty tonight with my f… https://t.co/rZXsgP2FoJ,7405,,False
1251695525017137159,2020-04-19 02:14:03+00:00,Thank you to all the essential workers who are getting up every day and risking their lives on our behalf.… https://t.co/Mb3X4Ssbel,71324,,False
1251232602868125698,2020-04-17 19:34:33+00:00,I'm thrilled to share some of my favorite children's books and give kids an opportunity to practice their reading (… https://t.co/DN4NX4nX6r,17273,,False
1250821402174935047,2020-04-16 16:20:36+00:00,I'm counting on all of you to help make sure everyone in this country knows how to register and vote safely in the… https://t.co/FUFU794yGJ,16511,,False
1249707442293944320,2020-04-13 14:34:07+00:00,There’s nothing partisan about striving to live up to the promise of our country; making the democracy we all cheri… https://t.co/mTM83gFbnq,9944,MichelleObama,False
1249705299096854531,2020-04-13 14:25:36+00:00,No American should have to choose between making their voice heard and staying safe. Expanding access to… https://t.co/NrqxfatJfz,70190,,False
1248055504548646912,2020-04-09 01:09:54+00:00,"RT @ReachHigher: We know this is not an easy time for students, but we still want to celebrate students and the commitment they're making t…",0,,False
1248005600610365440,2020-04-08 21:51:36+00:00,"RT @BarackObama: Through centuries of persecution, exile and struggle, the story of Passover has reminded the Jewish people––and all of hum…",0,,False
1247643966364925954,2020-04-07 21:54:36+00:00,"Today, Wisconsin voters had to choose between making their voice heard and keeping themselves and their family safe… https://t.co/cDlvNzOrqx",35351,,False
1247633648188379136,2020-04-07 21:13:36+00:00,"On this #WorldHealthDay, I want to thank all the healthcare workers on the frontlines who have been risking their l… https://t.co/kANVvxPM3N",43294,,False
1247632922267586562,2020-04-07 21:10:43+00:00,@MjHappy1 So grateful for everything your daughter is doing—Dr. Miller is a hero. ❤️,19,MjHappy1,False
1247632668948398082,2020-04-07 21:09:42+00:00,@micromovements We all have so much to learn from your sister's courage and spirit. Thank you to her and her phenomenal colleagues!,12,micromovements,False
1247503414432534529,2020-04-07 12:36:06+00:00,"Wisconsin's Election Day is today, Tuesday, April 7th. If you have an absentee ballot, make sure to drop it off or… https://t.co/8ehrrmvPNi",16437,,False
1247326550283911170,2020-04-07 00:53:18+00:00,"We could all use #SomeGoodNews. I couldn’t help but smile after watching this video with @johnkrasinski,… https://t.co/CL7rvF2woQ",35464,,False
1246530248340103168,2020-04-04 20:09:05+00:00,"Anyone who can stay home should absolutely do so. From medical professionals to grocery store clerks, our frontline… https://t.co/iQHKQm4PRq",27528,,False
1246432386218430464,2020-04-04 13:40:13+00:00,"Bill Withers made the sort of music that you couldn’t help but sing along to—from “Lean on Me” to “Lovely Day,” he… https://t.co/SmxWmULnrv",91964,,False
1245875890141245440,2020-04-03 00:48:54+00:00,.@KerryWashington is right. The first few days of each month are crucial for families that depend on WIC products.… https://t.co/d8tVwige6L,55591,,False
1245476426268188673,2020-04-01 22:21:34+00:00,"If you’re feeling as grateful to––and in awe of––our first responders as I am, now is the time to let them know. A… https://t.co/Ea4hguzQoH",20952,,False
1245364915529027588,2020-04-01 14:58:28+00:00,RT @BarackObama: It's Census Day and we all have a crucial role to play. Filling out the 2020 Census determines what the next decade will l…,0,,False
1245026338756591617,2020-03-31 16:33:05+00:00,"During times like this, we all need to lean on each other. For years, I’ve been turning to my friend Alicia for lov… https://t.co/YrdO9D8M3G",10222,,False
1244775305673420802,2020-03-30 23:55:34+00:00,Now I want to hear from you. Reply with the story of a loved one working on the frontlines and tell me why they inspire you in this moment.,8124,MichelleObama,False
1244775201008693250,2020-03-30 23:55:09+00:00,"On this #NationalDoctorsDay, I want to share this powerful video from Dr. Francois and Dr. Robinson and thank all o… https://t.co/9otIHavqI1",108317,,False
1243298181364006919,2020-03-26 22:06:00+00:00,"Even when we are physically apart, music has the power to unite us and lift our spirits. To @YoYo_Ma and so many ot… https://t.co/J6FUkBKfWk",21811,,False
1242515416477548545,2020-03-24 18:15:34+00:00,"In this tough time, music can comfort us and bring us together. That’s why I can't wait for the @WhenWeAllVote… https://t.co/AvfYEGgAWM",15347,,False
1242250588664012806,2020-03-24 00:43:14+00:00,I am so grateful to @chefjoseandres for his inspiring work to feed those in need in our communities. We are in this… https://t.co/DvHSjyN7xo,31349,,False
1242194463977549824,2020-03-23 21:00:13+00:00,"Always brightens my day to get a call from my friend Ellen, especially on this rainy Monday at home. It’s good to k… https://t.co/pkPoKil59e",59029,,False
1240000074463272963,2020-03-17 19:40:30+00:00,RT @girlsalliance: We could all use stories that lift our spirits this week. We find so much inspiration in the girls and grassroots leader…,0,,False
1239999814693203969,2020-03-17 19:39:28+00:00,RT @iamMostlySane: Who had thought I would tell you about the time I worked on a project with @MichelleObama alongside two of the strongest…,0,,False
1239997445670457347,2020-03-17 19:30:03+00:00,RT @aliciakeys: Tune in to my sisters  @MichelleObama &amp; @LizaKoshy 4 The @GirlsAlliance on @YouTube 💜🙌🏽 💜 love what y’all are up to https:/…,0,,False
1238957631085195265,2020-03-14 22:38:12+00:00,"RT @POPSUGAR: The @girlsalliance, @MichelleObama, and @YouTube are celebrating Women's History Month with a moving special. 🚺 https://t.co/…",0,,False
1236653529533681669,2020-03-08 14:02:32+00:00,"RT @girlsalliance: Happy #InternationalWomensDay! 

The future of our world is as bright as our girls, so we hope you’ll take action to sup…",0,,False
1236638272262209538,2020-03-08 13:01:54+00:00,"This #InternationalWomensDay, let’s work together to empower the next generation of women. 

That’s the idea behind… https://t.co/IHE4g7ZFQT",21606,,False
1235206745233993728,2020-03-04 14:13:31+00:00,"Your vote is bigger than one party or candidate. It's your voice, and you deserve to have it heard this November.… https://t.co/IPZXlPHIaQ",18914,,False
1234697706720972806,2020-03-03 04:30:47+00:00,Incredibly touched that Becoming was honored at this year’s #Audies2020. Thank you! #IAmBecoming https://t.co/YxUsD5CGPm,19136,,False
1233044113991380992,2020-02-27 15:00:00+00:00,"As we close out #BlackHistoryMonth, let’s make sure our voices are heard loud and clear by going to… https://t.co/oGI2Tt5B4I",14693,,False
1232417584546537477,2020-02-25 21:30:24+00:00,💪🏾❤️ https://t.co/f1Vx3LvnOW,206005,,False
1232063605979459585,2020-02-24 22:03:48+00:00,"RT @BarackObama: After a lifetime of reaching for the stars, today, Katherine Johnson landed among them. She spent decades as a hidden figu…",0,,False
1230602244183265285,2020-02-20 21:16:53+00:00,"With these two, every day is #LoveYourPetDay. 🐶💖 https://t.co/wmA8E5mBX1",72884,,False
1230143930664136706,2020-02-19 14:55:42+00:00,"Jalaiah, you crushed it—love seeing your talent shine! https://t.co/VZfMOe6nyT",288510,,False
1229790208834572294,2020-02-18 15:30:08+00:00,"Throwing it back to my 1982 prom night and this pink satin, polka-dotted dress.

Join the #PromChallenge with… https://t.co/9qxiwibD5U",35665,,False
1228345898519945217,2020-02-14 15:50:58+00:00,"Happy Valentine’s Day, my loves. You make even the coldest days feel warm. 💕 https://t.co/COOIOCgVdh",206025,,False
1228036731997388805,2020-02-13 19:22:27+00:00,"On #GalentinesDay, I want to shout out my girlfriends who help me stay sane and grounded through all of life’s ups… https://t.co/29DJipISih",28461,,False
1226699064496074752,2020-02-10 02:47:02+00:00,"Congrats to Julia, Steven, and the whole crew on winning Best Documentary for #AmericanFactory, Higher Ground's fir… https://t.co/XUy6SQcBsQ",33902,,False
1226542331223998464,2020-02-09 16:24:14+00:00,I had so much fun with @Oprah and all of the people who came out for #Oprahs2020VisionTour. Thank you for sharing w… https://t.co/JEkb9vIEmO,25311,,False
1226166699478659072,2020-02-08 15:31:36+00:00,".@LanaCondor, I loved spending time with you in Vietnam and am so grateful for your work with the @GirlsAlliance to… https://t.co/n263GaqjZk",32401,,False
1223315196246220801,2020-01-31 18:40:45+00:00,"Every day, school counselors inspire kids to dream bigger and reach higher—helping our young people discover their… https://t.co/l3g1PYwk22",8762,,False
1219257438949597185,2020-01-20 13:56:40+00:00,"To honor Dr. King's legacy, we all can play a role in ensuring our friends and family make their voices heard in ev… https://t.co/j7Yc6si2NU",42464,,False
1218931040598798336,2020-01-19 16:19:41+00:00,"It's about that time when New Year's resolutions get a bit harder to stick to. To offer a little inspiration, I wan… https://t.co/b6lQJJELDi",135694,,False
1216825299066851333,2020-01-13 20:52:13+00:00,"For so many of us, it was one special teacher or school counselor who first helped us believe in who we could be an… https://t.co/BOFViO3PjE",17086,,False
1216727252827877376,2020-01-13 14:22:37+00:00,"So thrilled that Julia Reichert, Steven Bognar, and all of the incredible people behind #AmericanFactory are nomina… https://t.co/PVkj9wHB0g",13532,,False
1214628779273990147,2020-01-07 19:24:02+00:00,"RT @attn: Everyone should have the opportunity to attend college.

That's why we're partnering with @MichelleObama &amp; @ReachHigher on ”A Yea…",0,,False
1208032710251483139,2019-12-20 14:33:36+00:00,My trip to Vietnam and Malaysia was filled with so many hopeful reminders of the power that lies in education. I ho… https://t.co/UtP7eDtBW7,16869,,False
1205905888143446018,2019-12-14 17:42:23+00:00,This week I sat down with @LanaCondor and some #ObamaLeaders to learn more about their work to empower girls in com… https://t.co/Aimz6TfYLt,12091,,False
1205354898231050241,2019-12-13 05:12:56+00:00,".@GretaThunberg, don’t let anyone dim your light. Like the girls I’ve met in Vietnam and all over the world, you ha… https://t.co/rC1RPvAeMG",471601,,False
1204956846299209728,2019-12-12 02:51:13+00:00,"Julia Roberts, Deborah Henry, and I are about to take the stage at #ObamaLeaders: Asia-Pacific to reflect on our vi… https://t.co/1LKaGoVmRd",12965,,False
1204862245144018944,2019-12-11 20:35:19+00:00,RT @girlsalliance: Sending an enormous thank you to #EllensGreatestNight and @TheEllenShow for supporting adolescent girls’ education aroun…,0,,False
1204578697656840192,2019-12-11 01:48:36+00:00,I had so much fun putting a smile on all of these little faces from Randle Highlands Elementary School in Washingto… https://t.co/AKosar9fBM,66144,,False
1204533699871674368,2019-12-10 22:49:47+00:00,"RT @BarackObama: I thought it was about time I share my holiday gift list — a few practical items, all $10 or less. The best one? Health ca…",0,,False
1204191577553408000,2019-12-10 00:10:19+00:00,#BlackGirlMagic 💪🏾 https://t.co/Du0hUf81wB,92358,,False
1204067567112982528,2019-12-09 15:57:33+00:00,"What an incredible day in Vietnam with members of the @GirlsAlliance community!

Take a look at our visit to Cần Gi… https://t.co/sFUzK8eR6u",25201,,False
1202290611874942978,2019-12-04 18:16:34+00:00,It's been a remarkable year since sharing my story with the world and I'm so grateful to all of you for the love an… https://t.co/zGnynS1Gtx,36014,,False
1202045178690854912,2019-12-04 02:01:18+00:00,"RT @ciara: On #GivingTuesday, I’m proud to support the @girlsalliance and grassroots leaders who are working to empower girls around the wo…",0,,False
1201883182456553472,2019-12-03 15:17:35+00:00,#GivingTuesday is a reminder of how important it is to give back to one another. I hope you’ll consider joining me… https://t.co/TKkeIMoyDM,5361,,False
1200853194454241286,2019-11-30 19:04:46+00:00,"To Walter, thank you for sharing your story and your terrific perspective on what it means to be thankful. I love y… https://t.co/sUKriU2eMq",7144,,False
1199819055533871107,2019-11-27 22:35:29+00:00,"From our family to yours, #HappyThanksgiving! https://t.co/PBDBaUo1Fy",553110,,False
1197570498806325248,2019-11-21 17:40:31+00:00,"Last night, I dropped by my friend Ellen’s house for a little duet…@TheEllenShow https://t.co/jsgGCkPf2o",51574,,False
1197250209459388418,2019-11-20 20:27:48+00:00,"So thrilled to receive a #GRAMMYs nomination! This past year has been such a meaningful, exhilarating ride. I’ve lo… https://t.co/INWqtdFHOY",35715,,False
1197160457645281280,2019-11-20 14:31:09+00:00,.@Oprah has been there for me in so many ways for so many years—since before my husband was even elected to the U.S… https://t.co/isqsgLgpJp,21482,,False
1196973558477574145,2019-11-20 02:08:29+00:00,"RT @TheEllenShow: I got my hands on an early copy of @MichelleObama’s new book, and I can’t believe some of the things she wrote in it abou…",0,,False
1196844735165546496,2019-11-19 17:36:35+00:00,"RT @CrownPublishing: ""We focus too much on stats and not story. Your story… that is your strength."" —@MichelleObama

Discover your story wi…",0,,False
1196782751673933826,2019-11-19 13:30:17+00:00,"The Becoming Journal is here! The pages of the journal are meant to be an invitation, a place where you can come to… https://t.co/Gw0VTCzk4Q",10512,,False
1196271299598995456,2019-11-18 03:37:58+00:00,"So proud to present the Portrait of a Nation Prize to my good friend, @Lin_Manuel. Love this guy—with his melodies,… https://t.co/1tiRGkFFzs",92769,,False
1193915450721218560,2019-11-11 15:36:39+00:00,"Whenever I'm looking for a source of strength and courage, I think about our veterans and their families—they inspi… https://t.co/Z12qQJfAUh",70249,,False
1193908459718291459,2019-11-11 15:08:53+00:00,"RT @BarackObama: This Veterans Day, here’s a moving portrait of the extraordinary resilience of my friend Cory Remsburg, an Army Ranger I’v…",0,,False
1192922334384009218,2019-11-08 21:50:22+00:00,Chicago will always be home for me and my big brother. I loved sitting down with @CraigMalRob at the #ObamaSummit t… https://t.co/9Oz7o8IWug,11260,,False
1192845801187430401,2019-11-08 16:46:15+00:00,"RT @BarackObama: No one says it better than @MichelleObama — the Obama Presidential Center coming to the South Side isn't for us, it's for…",0,,False
1192820957527920640,2019-11-08 15:07:32+00:00,"RT @oprahmagazine: Santa @Oprah made a list, checked it twice, and discovered one more perfect gift: @MichelleObama’s Becoming: A Guided Jo…",0,,False
1192474028600168454,2019-11-07 16:08:58+00:00,"The best person to register voters in your community is you. I've got my #VotingSquad together—now we need you! 

G… https://t.co/MxRoSizrFx",24164,,False
1192449160827592705,2019-11-07 14:30:09+00:00,"With less than a year to the 2020 elections, it's time to start thinking about your #VotingSquad.
I’ve got mine:
Sh… https://t.co/CV6oBxuKsB",56921,,False
1191834449526378496,2019-11-05 21:47:30+00:00,"RT @NiaSioux: #WhenWeAllVote, we can change the world! Make sure to use your voice and get out and vote today! Now that I’m finally 18, I’m…",0,,False
1191834142566170624,2019-11-05 21:46:17+00:00,"RT @NicoleKEsplin: Happy #ElectionDay, Twitter! #IVoted with my sister!
@WhenWeAllVote https://t.co/UfVaxnZnKh",0,,False
1191833561927737344,2019-11-05 21:43:59+00:00,RT @pjdeloatch: @MichelleObama @WhenWeAllVote Wore mine to the polls in Virginia this morning and got two compliments. 😁@WhenWeAllVote #IVo…,0,,False
1191824411776696322,2019-11-05 21:07:37+00:00,@karibethwhite @WhenWeAllVote 👏🏾,34,karibethwhite,False
1191824063288745984,2019-11-05 21:06:14+00:00,RT @Lin_Manuel: Hey hey it’s election day. Here’s what you can vote on in NY! (I voted early...you can do that in NY now!) https://t.co/8lI…,0,,False
1191730415977013248,2019-11-05 14:54:07+00:00,Happy #ElectionDay to folks across the country heading to the polls today. Snap a picture with your #IVoted sticker… https://t.co/aGzrg4z7T7,13366,,False
1191428932391841793,2019-11-04 18:56:07+00:00,"It’s #ElectionDay tomorrow in Virginia, New Jersey, Kentucky, Mississippi, and dozens of cities across the country.… https://t.co/3wKSsJ2Ctj",11634,,False
1190367245362454529,2019-11-01 20:37:21+00:00,"RT @BarackObama: Today’s the first day of open enrollment on https://t.co/ob1Ynoesod, and high-quality coverage might be more affordable th…",0,,False
1190366584734461952,2019-11-01 20:34:44+00:00,"RT @ObamaFoundation: “Social change starts with a story.” 

At the #ObamaSummit, @BarackObama, @MichelleObama, @DoloresHuerta, @TheeBillyPo…",0,,False
1189931442027020289,2019-10-31 15:45:38+00:00,RT @BarackObama: Congrats to the World Champion @Nationals and their fans! A great group that always showed up when it counted and was neve…,0,,False
1189611268853813249,2019-10-30 18:33:23+00:00,It was wonderful to spend time with leaders from the @GirlsAlliance community at the #ObamaSummit. From Ethiopia to… https://t.co/6iLJYV5jyW,7264,,False
1189290887983108099,2019-10-29 21:20:18+00:00,"Right now at the #ObamaSummit, @BarackObama and @YaraShahidi are taking the stage with a few remarkable young leade… https://t.co/7nyt2eiXda",9078,,False
1188928317287731201,2019-10-28 21:19:34+00:00,Chicago is where I first learned the meaning of service. Thrilled to see the @ObamaFoundation out lending a hand ac… https://t.co/x3ducWcVpR,12945,,False
1187207999376560129,2019-10-24 03:23:38+00:00,I’ve always been so inspired by the military caregivers who give so much to care for our nation’s wounded warriors.… https://t.co/maxNxaSD84,13321,,False
1182759151967059971,2019-10-11 20:45:31+00:00,RT @lanacondor: Happy #DayoftheGirl! I’m thrilled to share that in December I’ll be joining @MichelleObama to travel to Vietnam to meet wit…,0,,False
1182683373120245761,2019-10-11 15:44:24+00:00,"RT @Lilly: With #DayoftheGirl tomorrow, I'm excited to share Laxmi’s story. A young woman I learned about through the @GirlsAlliance, led b…",0,,False
1182643394750930945,2019-10-11 13:05:32+00:00,"RT @TODAYshow: This International Day of the Girl, former first lady @MichelleObama reveals that she and @JennaBushHager will be traveling…",0,,False
1182633791535439873,2019-10-11 12:27:22+00:00,I hope you'll take some time today to learn about the organizations we’re spotlighting through the @GirlsAlliance—l… https://t.co/ZEwxCKw3fG,4625,MichelleObama,False
1182632451367211011,2019-10-11 12:22:03+00:00,"Happy #DayoftheGirl! I’m excited to share that in December, I’ll be visiting Vietnam to meet some of the inspiring… https://t.co/LwjFXFXfQ0",35792,,False
1181701320337756160,2019-10-08 22:42:04+00:00,"So much love for @TylerPerry, who just opened the first major film studio lot fully owned by an African American. B… https://t.co/uNG8jeil7R",49721,,False
1181241704755732480,2019-10-07 16:15:43+00:00,"With #DayoftheGirl on Friday, I want you to meet Diana, whose life was transformed by a scholarship from @AGEAfrica… https://t.co/okY7jduuYB",6391,,False
1181222839220875266,2019-10-07 15:00:45+00:00,"RT @CrownPublishing: What’s your journey of becoming? A companion to BECOMING, this gorgeous journal features an intimate and inspiring int…",0,,False
1181214824258297856,2019-10-07 14:28:54+00:00,I’m thrilled that @TIMESUPNOW named @TinaTchen—one of the most brilliant and purposeful leaders I’ve ever worked wi… https://t.co/M1bgU2ilTB,4423,,False
1179770850754596865,2019-10-03 14:51:04+00:00,"27 years ago, this guy promised me a life full of adventure. I’d say he’s delivered. Here’s to our next chapter of… https://t.co/zB4CNwGXoi",1357166,,False
1179399980068589568,2019-10-02 14:17:22+00:00,"Yes, @AllysonFelix! #BlackMamaMagic 💪🏾 https://t.co/70nKRaUxsy",27454,,False
1176581231586304000,2019-09-24 19:36:40+00:00,RT @PranavNandaDC: These are three of my students who registered to vote last year at our #NationalVoterRegistrationDay drive before the Mi…,0,,False
1176581040078512128,2019-09-24 19:35:54+00:00,"RT @TraceeEllisRoss: Have you moved? Gotten married? Turned 18? Or just ready to make your voice heard? Well, today is #NationalVoterRegist…",0,,False
1176580879562485761,2019-09-24 19:35:16+00:00,"RT @tomhanks: Hey! America!  National Voter Registration Day is TODAY.  So, register you and a friend and a family member, and a few more o…",0,,False
1176494500631515136,2019-09-24 13:52:01+00:00,"Last month, 17-year-old David Ledbetter registered voters while he waited in line at a North Carolina Popeyes. 

On… https://t.co/QeHiaMF46W",15439,,False
1172612781725638657,2019-09-13 20:47:27+00:00,"RT @ReachHigher: We’re so excited to have our #YouTubeLearning playlist, ""A Student's Guide to Your First Year of College"", made in partner…",0,,False
1172553902862020608,2019-09-13 16:53:30+00:00,Adjusting to life on campus can be overwhelming—that's why I'm thrilled to team up with @nowthisnews and @youtube o… https://t.co/R1LH96B0Fw,19749,,False
1171774650273226752,2019-09-11 13:17:01+00:00,"RT @BarackObama: As we remember those we lost on 9/11, we also remember the spirit of unity and togetherness that defined the weeks and mon…",0,,False
1169708495073095680,2019-09-05 20:26:52+00:00,"RT @traci_crowe: On #WorldCharityDay, share your #BackToSchool photo and take action to recognize how many girls around the world do not ha…",0,,False
1169708379444584448,2019-09-05 20:26:24+00:00,"RT @kerrywashington: 8th grade ME (thx for the roller set mom😂), so happy to be #backtoschool &amp; back to Drama Club 🎭. More than 98 million…",0,,False
1169611142542569473,2019-09-05 14:00:01+00:00,"As students here in the U.S. head back to school, let's remember that more than 98 million adolescent girls around… https://t.co/uWqmsLHA8R",19776,,False
1169322553753690112,2019-09-04 18:53:16+00:00,Sarah Hurwitz is a brilliant writer with a big heart and a kind soul—and I’m sure @HereAllAlong will reflect her th… https://t.co/zlc6hoa9LS,4732,,False
1166077382673018881,2019-08-26 19:58:07+00:00,"Whether they’re cuddling up with me on the couch or rolling around in the backyard, I love these two balls of fur.… https://t.co/iva6YEbKzw",85655,,False
1166013301110792192,2019-08-26 15:43:29+00:00,"On #WomensEqualityDay, I'm proud of all the women and girls who are out there empowering others in their communitie… https://t.co/Fa5hNHTeWY",20525,,False
1165320119322664960,2019-08-24 17:49:01+00:00,"RT @BarackObama: With summer winding down, here’s a sampling of what Michelle and I have been listening to — some new, some old, some fast,…",0,,False
1164216558144634880,2019-08-21 16:43:52+00:00,Barack and I want to help more people see their own story in someone else’s. It’s why we started Higher Ground Prod… https://t.co/mRM5NM17xz,33153,,False
1161030934185021441,2019-08-12 21:45:20+00:00,"Always breaking barriers, @Simone_Biles—couldn’t be more proud of you! https://t.co/NFvktoaLAG",109256,,False
1160955846903439360,2019-08-12 16:46:58+00:00,One of the best experiences of my life has been meeting young people all over the world. They’re proof that our bes… https://t.co/zL8bVUaeiT,13033,,False
1160580648308027392,2019-08-11 15:56:03+00:00,So proud to join all these extraordinary women in this tribute to a legend. https://t.co/EpVZjuQpQN,33841,,False
1158858418440015873,2019-08-06 21:52:32+00:00,"RT @YouTube: College can be stressful, scary, and overwhelming for students! Prepare for back to school season with #YouTubeLearning and wa…",0,,False
1158822010417569793,2019-08-06 19:27:51+00:00,#EqualityCantWait because every woman deserves a seat at the table! Proud of my friend @MelindaGates and so many ot… https://t.co/InU7bbuqtW,19405,,False
1158773248601088000,2019-08-06 16:14:06+00:00,"RT @BarackObama: Toni Morrison was a national treasure, as good a storyteller, as captivating, in person as she was on the page. Her writin…",0,,False
1158718471150219264,2019-08-06 12:36:26+00:00,RT @BarackObama: https://t.co/nNOVtQ50O4,0,,False
1157033176587522048,2019-08-01 20:59:40+00:00,Thrilled to visit with @CocoGauff today—a wonderful young woman who’s showing us that we don’t have to wait to see… https://t.co/xyQpE5fM8D,36950,,False
1156975554031230976,2019-08-01 17:10:42+00:00,"As part of #NationalGirlfriendsDay, let's give a shoutout to the friends who always have our backs! My girlfriends… https://t.co/VCrG0sjbik",71660,,False
1155164280544739328,2019-07-27 17:13:21+00:00,"On  #NationalDanceDay, I'm shouting out the Lethal Ladies, a Baltimore STEP team who I saw perform back in 2017. I’… https://t.co/BXL5Xbi29k",62701,,False
1154841815666823168,2019-07-26 19:51:59+00:00,RT @ReachHigher: Five years later and we're still celebrating our #BeatingTheOdds Summit with @MichelleObama to help prepare incredible fir…,0,,False
1153834853315436547,2019-07-24 01:10:40+00:00,"I am so proud of everyone I met today at the #BeatingTheOdds Summit with @ReachHigher. 

To anyone out there who fe… https://t.co/HDTru21tJ2",19264,,False
1153678050376278016,2019-07-23 14:47:36+00:00,RT @nowthisnews: We're at @MichelleObama's annual #beatingtheodds summit that brings together first-generation college students for a day o…,0,,False
1152303775236919296,2019-07-19 19:46:43+00:00,What truly makes our country great is its diversity. I’ve seen that beauty in so many ways over the years. Whether… https://t.co/2eP8AkQDLg,560343,,False
1151487721849970688,2019-07-17 13:44:01+00:00,"Next Tuesday, I'll host our 5th anniversary #BeatingTheOdds Summit with @ReachHigher. This event has introduced me… https://t.co/Suhowverwr",8017,,False
1149812354982563841,2019-07-12 22:46:42+00:00,So proud of the #ObamaLeaders gathered in Johannesburg this week! These folks are working hard and dreaming big—and… https://t.co/BLXNihkliv,11482,,False
1149727692679499778,2019-07-12 17:10:17+00:00,"Wishing a very happy birthday to @Malala! To celebrate #MalalaDay, join me and the @GirlsAlliance in our work to em… https://t.co/ZgKiQ4qbrd",14311,,False
1149347481135833093,2019-07-11 15:59:28+00:00,"At the Women’s World Cup, we saw how sports can inspire and elevate us all. Thuba Sibanda is an @ObamaFoundation le… https://t.co/69zuOjKsCb",5206,,False
1149001258633707521,2019-07-10 17:03:42+00:00,RT @people: Michelle Obama on Learning to Put Her Health First: ‘I Didn’t Have Time for Me’ After Having Kids https://t.co/P016lkOPYP,0,,False
1148945102636814336,2019-07-10 13:20:33+00:00,RT @BarackObama: Proud to rep America’s best team! Congrats @USWNT and thanks for being such a strong inspiration for women and girls—and e…,0,,False
1148760455743188993,2019-07-10 01:06:50+00:00,"RT @PreventionMag: ICYMI: @MichelleObama and @GayleKing sat down together at #EssenceFest and had an honest, heartfelt conversation around…",0,,False
1148724703063871488,2019-07-09 22:44:46+00:00,"I was lucky enough to share a few moments with Cameron Boyce—on set, at the White House and on a service project—en… https://t.co/yGzAPU5xt4",139925,,False
1147922614209404928,2019-07-07 17:37:33+00:00,"So proud of you, Team USA—you inspire us all! #OneNationOneTeam https://t.co/YEHzyqOwZa",101070,,False
1147878620301549568,2019-07-07 14:42:44+00:00,"Good luck to the @USWNT! You all are some of the most fearless, powerful, awe-inspiring athletes I’ve ever seen—and… https://t.co/SrKCNHYUuO",127033,,False
1147761029566337024,2019-07-07 06:55:28+00:00,"RT @Essence: ""We have to start having some conversations, number one, about why is it so hard for us as women to put ourselves first."" -@Mi…",0,,False
1147719455264444416,2019-07-07 04:10:16+00:00,RT @essencefest: “We all go through those moments where people try to define us before we have an opportunity to define ourselves.” - @Mich…,0,,False
1147719421676478464,2019-07-07 04:10:08+00:00,"RT @ChiomaChuka: ""Women have a hard time putting ourselves on our priority list, talk less of putting ourselves at the top of it. We almost…",0,,False
1147673470437875714,2019-07-07 01:07:32+00:00,"Hey, #EssenceFest! I brought a few of my girlfriends with me to New Orleans and we can't wait to join you tonight i… https://t.co/agztJ8qBiS",55618,,False
1147285271433678848,2019-07-05 23:24:58+00:00,Coco is terrific! 👏🏾 https://t.co/13vsVKdjFP,86161,,False
1146223797890158592,2019-07-03 01:07:03+00:00,RT @BarackObama: Congrats to the USWNT! A great performance from a great team—looking forward to Sunday. #OneNationOneTeam,0,,False
1142147058733912065,2019-06-21 19:07:33+00:00,"RT @BarackObama: Now we’re talking! Congrats to Team USA for moving on, and thanks for continuing to make us all proud. #USA https://t.co/D…",0,,False
1141330541201039360,2019-06-19 13:03:00+00:00,"We came, we dodged, we slayed.

Dodgeball will never be the same—thanks for hosting @latelateshow!… https://t.co/HNReHId3pq",20797,,False
1140360596493348864,2019-06-16 20:48:47+00:00,"Raising strong girls isn't just about what we do as women—it’s about the example the men in their lives set, too.… https://t.co/8ajIcGQJl4",15532,,False
1140310354859311104,2019-06-16 17:29:09+00:00,Pretty grateful for this guy. Happy Father’s Day! https://t.co/VrT3nBKgIt,370172,,False
1140249620414697472,2019-06-16 13:27:48+00:00,"Today and every day, I’m grateful for every imperfect photograph, for every incomplete memory, and for the many won… https://t.co/Duaj0jmkX4",142285,,False
1138483794963509254,2019-06-11 16:31:03+00:00,RT @BarackObama: The @USWNT is something to smile about. It was great to celebrate with them back in 2015 and I'm excited to root them on i…,0,,False
1137402401835667456,2019-06-08 16:53:59+00:00,"My girlfriends are always there to lift me up and affirm who I am. On #BestFriendsDay, I want each of them to know… https://t.co/LwLxkAdqx7",57361,,False
1133925771280601088,2019-05-30 02:39:05+00:00,"There’s something unexplainable that happens on @SesameStreet, some unique alchemy of aspiration and goodness that… https://t.co/68XmcZuxUE",59009,,False
1127580087891767296,2019-05-12 14:23:37+00:00,"From an early age, my mom saw that I had a flame inside me and she never tempered it. Mom, thank you for kindling t… https://t.co/uYJLeeuwX5",207484,,False
1127340983815954435,2019-05-11 22:33:30+00:00,"Today I joined students @SpelmanCollege, @CAU, and @Morehouse to talk about the importance of celebrating our stori… https://t.co/YYjgFEgSK4",11555,,False
1126508126352465926,2019-05-09 15:24:01+00:00,"RT @BetterMakeRoom: On May 1, we celebrated #CollegeSigningDay with @UofCalifornia and over 10,000 college-bound students at @UCLA. 

Congr…",0,,False
1125431130331783169,2019-05-06 16:04:25+00:00,"Congratulations, Meghan and Harry! Barack and I are so thrilled for both of you and can't wait to meet him.… https://t.co/T42NsRIAMy",151293,,False
1123768384473247745,2019-05-02 01:57:16+00:00,"RT @compton_college: When in Los Angeles, of course you represent Compton! Former first lady Michelle Obama sports a @Compton_College sweat…",0,,False
1123741172915159040,2019-05-02 00:09:08+00:00,"RT @talaashe: Such an honor to be a part of this amazing day with these future young leaders. 👏🏽👏🏽👏🏽 @MichelleObama, @ReachHigher &amp; @Better…",0,,False
1123740587507761157,2019-05-02 00:06:48+00:00,RT @300CollegeClub: Our Spartans are going to college!!! Everyone got something to make their transition in to their next step a little eas…,0,,False
1123740104076533771,2019-05-02 00:04:53+00:00,RT @StocktonScholar: #StocktonScholars rolling deep at the @BetterMakeRoom College Signing Day event at @UCLA 🤩 Thank you @MichelleObama fo…,0,,False
1123739338330837008,2019-05-02 00:01:50+00:00,RT @RCOE: It’s here! #CollegeSigningDay @UCLA w/@MichelleObama. Kiayra @RUSDLink @JWNorthHS listening to Obama’s message as we approach and…,0,,False
1123737449073606656,2019-05-01 23:54:20+00:00,I am so proud of each and every student out there who’s celebrating #CollegeSigningDay. I know how hard you've work… https://t.co/SC0QnuuHhz,16527,,False
1123700570865455112,2019-05-01 21:27:48+00:00,RT @johnlegend: My academic career at UPenn hugely shaped the person I am today. I'm proud to join @MichelleObama today for #CollegeSigning…,0,,False
1123700156984115200,2019-05-01 21:26:09+00:00,"RT @BarackObama: Happy #CollegeSigningDay, everybody! I'm proud of every student out there who's taking the next step in their education. I…",0,,False
1123675917568626690,2019-05-01 19:49:50+00:00,Happy #CollegeSigningDay! I am so proud of every single high school senior out there who’s committing to continue t… https://t.co/zJtxVUmkXf,37761,,False
1123302760433086464,2019-04-30 19:07:02+00:00,You guys are fired up! I can't wait to celebrate so many amazing students on #CollegeSigningDay tomorrow! https://t.co/0w5aUibtLa,7000,,False
1123282792559927298,2019-04-30 17:47:41+00:00,RT @BarackObama: Congratulations to the new class of @ObamaFoundation Fellows! Their work in every region of the globe is already making th…,0,,False
1122941446632476673,2019-04-29 19:11:18+00:00,I'm loving all these photos from #CollegeSigningDay events happening across the country. Can't wait to celebrate in… https://t.co/MulIFtQApU,4139,,False
1122938333389316098,2019-04-29 18:58:56+00:00,Congratulations everybody! Continuing your education is the best investment you can make in your future.… https://t.co/vUkS4PhctH,4980,,False
1122936694242709505,2019-04-29 18:52:25+00:00,"It’s amazing what a few years and a lot of perseverance can do, Tina. Proud of you. #BetterMakeRoom https://t.co/aRzWXfRAxc",4166,,False
1122936318584074241,2019-04-29 18:50:56+00:00,"It's great to see such focus, Melanie—congratulations on this step! #BetterMakeRoom #ReachHigher https://t.co/KjXqVFDCCr",1656,,False
1120070634841759746,2019-04-21 21:03:43+00:00,"Happy birthday to my big brother, Craig, who’s always been by my side whenever I’ve needed him. No matter what he’s… https://t.co/mkDFAIGc1o",102701,,False
1120067791355359233,2019-04-21 20:52:25+00:00,"RT @BarackObama: The attacks on tourists and Easter worshippers in Sri Lanka are an attack on humanity. On a day devoted to love, redemptio…",0,,False
1118922383602192384,2019-04-18 17:00:59+00:00,"So proud of my girl! The Queen has done it again. @Beyonce, thank you for always living your truth. #Homecoming https://t.co/NlNkKIwqN6",155954,,False
1117928381717389313,2019-04-15 23:11:10+00:00,"The majesty of Notre Dame—the history, artistry, and spirituality—took our breath away, lifting us to a higher unde… https://t.co/KXUfGKUoOo",126075,,False
1117467758260830208,2019-04-14 16:40:49+00:00,"So incredibly proud of these students! Everyone at @IPROMISESchool—teachers, staff, and of course those incredible… https://t.co/Hx0aQ4nTyJ",24837,,False
1116004010509656064,2019-04-10 15:44:25+00:00,"For as long as I can remember, my big brother Craig has always had my back. He's still one of my best friends today… https://t.co/dADbO5gtya",52981,,False
1113155592997175298,2019-04-02 19:05:49+00:00,"Valerie was one of my earliest, and best, role models for how to be a confident woman and mother in the workplace.… https://t.co/kS8SdubDwp",16902,,False
1112802023940997120,2019-04-01 19:40:52+00:00,"So excited that you’ll be reading my memoir, @EkpeUdoh—can’t wait to hear what you all discuss! #IAmBecoming… https://t.co/F9csW1cqbF",3745,,False
1111754015283523590,2019-03-29 22:16:27+00:00,Congratulations to my dear cherished friend and remarkable talent @RitaWilson! You pour so much love and passion in… https://t.co/Fy3jVJWcPN,7519,,False
1110930351482916867,2019-03-27 15:43:30+00:00,"RT @WhenWeAllVote: There are big elections happening next week &amp; many more to come in 2019. 

Get yourself, friends &amp; family registered to…",0,,False
1108187219318038528,2019-03-20 02:03:16+00:00,"Thrilled to be @bookbroads in Portland with a book club of young women juggling careers, relationships, family, and… https://t.co/XOxQJs4dLz",9874,,False
1108148951876722688,2019-03-19 23:31:13+00:00,I'm so glad you guys had a good time. Keep working hard and believing in yourselves—I can't wait to see who you bec… https://t.co/48pb45PELP,8924,,False
1108045601537691648,2019-03-19 16:40:32+00:00,Recently I sat down with some of @Youtube’s #BookTubers and creators to talk all things #IAmBecoming. We covered ev… https://t.co/PWsR12NHwP,8014,,False
1107633092964114432,2019-03-18 13:21:22+00:00,"There’s never a dull moment with you, Conan. Thanks for the laughs! 

Listen in: https://t.co/YFq3Hvevl6… https://t.co/s3Ou3lGqez",8352,,False
1107614521282215937,2019-03-18 12:07:35+00:00,"RT @ConanOBrien: I had the great privilege of speaking to @MichelleObama about her amazing journey and new book, “Becoming.” https://t.co/M…",0,,False
1106548438714458114,2019-03-15 13:31:21+00:00,RT @BarackObama: Michelle and I send our condolences to the people of New Zealand. We grieve with you and the Muslim community. All of us m…,0,,False
1106324458623692801,2019-03-14 22:41:20+00:00,Today my friend @ConanOBrien and I surprised some high school juniors from across Milwaukee who were meeting with… https://t.co/GMyYXAkPFf,15176,,False
1106310428328689664,2019-03-14 21:45:35+00:00,RT @BarackObama: .@MichelleObama and I are rooting hard for Team USA as the Special Olympics World Games get underway this week. Our Specia…,0,,False
1106289955389784064,2019-03-14 20:24:13+00:00,"@SusanBrott @questlove @michele_norris Yes! So glad you enjoyed it as much as I did, Susan. You can find the… https://t.co/wylHIBBDYo",90,SusanBrott,False
1105894583056113664,2019-03-13 18:13:09+00:00,Thank you for such a warm welcome to Minnesota and for lifting up some of the amazing young women in your community… https://t.co/SgaRHeF5eh,7214,,False
1105853939608666115,2019-03-13 15:31:39+00:00,"See you soon, Saint Paul! Don’t forget to bring a book to donate to area public schools—thanks to @XcelEnergyCtr fo… https://t.co/v4ZujGbpGs",2922,,False
1105480037271289856,2019-03-12 14:45:54+00:00,"Still dancing at 110 years old—happy birthday, Virginia! https://t.co/IYuNYLJqT5",172545,,False
1103393252667985920,2019-03-06 20:33:46+00:00,RT @michele_norris: This just in - I’ll be joining @MichelleObama onstage on the Twin Cities stop of her Book tour. To talk about this powe…,0,,False
1103359477355606017,2019-03-06 18:19:33+00:00,"RT @ValerieJarrett: Montreal here we come!  Thrilled to moderate another conversation with my dear friend, ⁦@MichelleObama⁩ ❤️#Iambecoming…",0,,False
1103357136355160066,2019-03-06 18:10:15+00:00,RT @ConanOBrien: Excited to announce that I'll be sitting down with @MichelleObama during her #IAmBecoming tour stop in Milwaukee on 3/14.…,0,,False
1103356319573200897,2019-03-06 18:07:00+00:00,"RT @IamIshaSesay: I have exciting news! I have the honor and privilege of sitting down with @MichelleObama, twice, during her #IAmBecoming…",0,,False
1102990911405940736,2019-03-05 17:55:00+00:00,RT @BetterMakeRoom: Mark your calendars! We'll be celebrating #CollegeSigningDay on May 1 with @MichelleObama + @UofCalifornia at @UCLA! 🎉…,0,,False
1102987192748642306,2019-03-05 17:40:13+00:00,I can’t wait to celebrate #CollegeSigningDay at @UCLA for this spring! I hope you’ll help us celebrate the incredib… https://t.co/2ZynPRSyEg,4601,,False
1102621543702691843,2019-03-04 17:27:16+00:00,So proud of you guys @WorthingColts1—you inspire me! Always remember the power in your stories. I can’t wait to see… https://t.co/1qvZimnyLX,5552,,False
1101110394754662400,2019-02-28 13:22:30+00:00,RT @CraigMalRob: I’ll be in Austin tomorrow with my little sister @michelleObama. Have a question for us? Head to her Instagram account to…,0,,False
1100787956321800194,2019-02-27 16:01:15+00:00,"I’m so excited to talk all things #IAmBecoming with @YouTube’s BookTubers and book lovers everywhere.

Have a quest… https://t.co/bzF4kO1e2b",12635,,False
1100067571997593601,2019-02-25 16:18:42+00:00,The world needs to hear your story. That’s the message I had for the students at the Gila River Indian Community in… https://t.co/iydHiXc1yD,24308,,False
1099129107084967936,2019-02-23 02:09:34+00:00,"As mothers, sisters, friends, and mentors, we all have a role to play in helping our boys and young men of color fu… https://t.co/XI09Ta0O30",10859,,False
1098669809737388033,2019-02-21 19:44:29+00:00,RT @goodreads: Can't get enough of @MichelleObama's 'Becoming'? Read her personal letter for a behind-the-scenes peek of her memoir and don…,0,,False
1096123080026529794,2019-02-14 19:04:41+00:00,So lucky to call these three my valentines for all these years. 💕 https://t.co/165TPtwft2,229878,,False
1095713906033446918,2019-02-13 15:58:47+00:00,Girls run the world! #IAmBecoming https://t.co/ahYAucTjaq,10937,,False
1095464733568786433,2019-02-12 23:28:39+00:00,"I ❤️ vets and caregivers. Hope you enjoy tonight, Jessica! #IAmBecoming https://t.co/j6mUeSKXzM",11485,,False
1094774438959050752,2019-02-11 01:45:40+00:00,A big part of friendship is showing up for your girls—that’s why I was thrilled to be there for the one and only… https://t.co/gJWsYVpElq,270781,,False
1094712488317210624,2019-02-10 21:39:30+00:00,Do I get a vote? #Ekpesbookclub https://t.co/AMTEaENkga,12039,,False
1094006093867565057,2019-02-08 22:52:33+00:00,"Given the weather forecast, I want to make sure everyone can make it to my event in Portland safely, so I’ll be res… https://t.co/vs56vIKHX4",8472,,False
1093628128692445190,2019-02-07 21:50:39+00:00,"With the snowstorm on its way into Tacoma, my biggest priority is making sure everyone stays safe—and that’s why we… https://t.co/FPSV2nSN9m",20365,,False
1092825108136239104,2019-02-05 16:39:44+00:00,"As I prepare for the final leg of my tour, I’m hoping to hear more from all of you who’ve been discussing Becoming… https://t.co/FE0hVDrl6W",15986,,False
1092540954404364289,2019-02-04 21:50:36+00:00,Now I want to hear from you: Tell me about how a school counselor helped you on your journey—and use #ReachHigher!,3640,MichelleObama,False
1092540803845636097,2019-02-04 21:50:00+00:00,Give it up for School Counselor of the Year @BrianColemanCPS from my hometown of Chicago! Hearing Brian's story is… https://t.co/yB8VkQQG7V,15809,,False
1091428514555928576,2019-02-01 20:10:10+00:00,"School counselors have the power to make a difference in the lives of students everywhere, and that’s why they’re s… https://t.co/ZbNF26yq7g",19836,,False
1087389614078418945,2019-01-21 16:41:01+00:00,"RT @BarackObama: I’ve always drawn inspiration from what Dr. King called life’s most persistent and urgent question: ""What are you doing fo…",0,,False
1086021548216078336,2019-01-17 22:04:49+00:00,Thank you all so much for the birthday love—I love you all right back! Feeling so incredibly thankful for my South… https://t.co/wG7MD0dNm8,376956,,False
1079881106151878657,2018-12-31 23:24:53+00:00,RT @CrownPublishing: What a year! Congratulations to @michelleobama— we’ve been thrilled to be your partner in Becoming! Looking forward to…,0,,False
1079775991642365953,2018-12-31 16:27:12+00:00,"As I reflect on the past year, I’m so thankful and overwhelmed by all the new experiences and memories. From launch… https://t.co/rj1Ot8ZdR5",88446,,False
1075576439146274816,2018-12-20 02:19:40+00:00,"RT @BlueStarFamily: Thanks to our #BlueStarNeighbor @MichelleObama, 250 Blue Star Families members are spending the night together at her l…",0,,False
1075470937863131137,2018-12-19 19:20:27+00:00,"Let's give it up for all the independent booksellers out there for everything they do, including their support of B… https://t.co/Tg13Ohn2yV",14869,,False
1075453133713825798,2018-12-19 18:09:42+00:00,"As I told the ladies I met in Dallas, your story is the most powerful part of who you are—the struggles, failures,… https://t.co/V2Cxtmb0sV",17323,,False
1075120036531109891,2018-12-18 20:06:06+00:00,"Thank you, Dallas, for being on this amazing journey with me! And @ValerieJarrett, thank you for your continued sup… https://t.co/mztA3LhGlX",12141,,False
1074840542473842688,2018-12-18 01:35:29+00:00,RT @TCU_CAC: On our way to see @MichelleObama at her #IAmBecoming tour in Dallas! Thank you @AdvisingCorps and #BetterMakeRoom for making t…,0,,False
1074808318097481728,2018-12-17 23:27:26+00:00,Here's a little #MondayMotivation from my new friends Rowan and Celiste. Thanks to everyone who came out to… https://t.co/kfRVPij39Q,21475,,False
1074765302393638913,2018-12-17 20:36:30+00:00,"When our troops and veterans serve, their families do, too. I am constantly in awe of the strength and courage of t… https://t.co/AQnjMviUS8",15557,,False
1074064088601260032,2018-12-15 22:10:08+00:00,"Starting @PublicAllies Chicago was the best job I ever had – formative and fulfilling, it was a daily reminder of t… https://t.co/gzPTHtMMjf",10600,,False
1073037367185829888,2018-12-13 02:10:19+00:00,"The music of Motown is one of the great joys of my life—I love the soul, the beat, the energy—and I’m excited to sh… https://t.co/cYTtDmdzVg",23044,,False
1072654944975638531,2018-12-12 00:50:42+00:00,I'm so proud of the tremendous young men from @waynestate here in Detroit. They're working hard to build their comm… https://t.co/yOqzPLEdJJ,12413,,False
1072593657356828674,2018-12-11 20:47:10+00:00,"Crystal, I'm thrilled to let you know that I'll be heading to both Atlanta and Nashville! #IAmBecoming https://t.co/gCDO0P2dDo",8156,,False
1072593275972960256,2018-12-11 20:45:39+00:00,"Kristi, it's happening! I'm coming to Cleveland! #IAmBecoming https://t.co/WY0iVqzIph",3483,,False
1072563191333511171,2018-12-11 18:46:06+00:00,"Aimee, here I come—I’ll be in PDX on February 9! ❤️#IAmBecoming https://t.co/vJoUflCaJj",7431,,False
1072560548749946880,2018-12-11 18:35:36+00:00,"Kim – I can’t promise you scientific reasoning, but I can say that I’ll be in Houston next year! #IAmBecoming https://t.co/XV3w0kpYNp",5413,,False
1072472934810349569,2018-12-11 12:47:27+00:00,I’m having so much fun with all of you on my #IAmBecoming tour that I decided to do one final round of events to se… https://t.co/x6gjQlImfl,52754,,False
1072282561865498626,2018-12-11 00:10:59+00:00,RT @BarackObama: No jump shots. No ferns. No memes. Not this time. I’m going to give it to you straight: If you need health insurance for 2…,0,,False
1071482146571857923,2018-12-08 19:10:25+00:00,"RT @MAKERSwomen: “I loved it because by choosing to portray her hero as a college student, the focus was on Michelle’s accomplishments as a…",0,,False
1070745236912070656,2018-12-06 18:22:12+00:00,I ❤️NY https://t.co/xZp5OTHnN3,38027,,False
1069677081401925634,2018-12-03 19:37:44+00:00,"In 2009, after just over two months in the White House, I was blown away by a visit to @EGA_School in London. It wa… https://t.co/e48rmApFLl",10233,,False
1069301479461269504,2018-12-02 18:45:14+00:00,"RT @girlsalliance: ""I’m calling on all of you to help plant the seeds of change for adolescent girls all around the world.""

Watch @Michell…",0,,False
1069301396405661697,2018-12-02 18:44:54+00:00,RT @GlblCtzn: .@MichelleObama talks about what Mandela means to her — and how we can continue his legacy by empowering girls and women ever…,0,,False
1069238043444477952,2018-12-02 14:33:09+00:00,I hope readers and ticket holders will understand my decision regarding my desire to attend President Bush’s funera… https://t.co/0oOdfFRHej,30367,MichelleObama,False
1069237738052993024,2018-12-02 14:31:56+00:00,It’s important to me to join the Bush family in celebrating President George H.W. Bush’s exemplary life. This will… https://t.co/IIBQYlJvU7,73754,,False
1068997250414718976,2018-12-01 22:36:20+00:00,To the awe-inspiring ladies of @girlsclubny: Always remember the power and the truth that lies inside your stories.… https://t.co/40yMcHWFU2,13839,,False
1068967371946303495,2018-12-01 20:37:36+00:00,"As a public servant, father, and grandfather, President George H.W. Bush was an extraordinary example for us all. H… https://t.co/wvDtEsQAUo",94695,,False
1068847692581875714,2018-12-01 12:42:02+00:00,"RT @BarackObama: America has lost a patriot and humble servant in George Herbert Walker Bush. While our hearts are heavy today, they are al…",0,,False
1068351511342796800,2018-11-30 03:50:23+00:00,"I love you, Philly! Thank you all for a terrific night, especially @dopequeenpheebs for bringing the energy and the… https://t.co/f3P7xEu3zm",19165,,False
1068296730192547841,2018-11-30 00:12:43+00:00,The ladies of beGirl World truly inspire me. Your stories are always evolving. I can’t wait to see you tonight at t… https://t.co/cAa9tyWpXF,9696,,False
1067430501588316160,2018-11-27 14:50:38+00:00,"For #GivingTuesday, the Global @GirlsAlliance asked young women what they're thankful for this holiday season—and h… https://t.co/fGbsRYQLE7",11250,,False
1066480195723558912,2018-11-24 23:54:27+00:00,"Thank you @BlackGirlsRock for hosting me at the @BGCBoston earlier today. To the young women I met today, you all b… https://t.co/CfQvIwlkjx",15356,,False
1066444116320550914,2018-11-24 21:31:05+00:00,"RT @JossieValentin: Two buses have now left from @GirlsIncHolyoke and we are off to Boston with 100 strong, smart, and bold girls to see th…",0,,False
1066041377736327168,2018-11-23 18:50:45+00:00,RT @people: Grandma Reunites with Stranger She Accidentally Invited for Thanksgiving 3 Years Ago https://t.co/XSng5kLlyR,0,,False
1065380153310756864,2018-11-21 23:03:17+00:00,RT @SpotifyUSA: 🎶 @MichelleObama tapped @questlove to curate three playlists to be the soundtrack of her new book “Becoming.” Start with vo…,0,,False
1065292683567087617,2018-11-21 17:15:42+00:00,"What a great Thanksgiving story. Let’s invite each other in—not just during the holidays but in every season.
https://t.co/0eQDxRf81L",22557,,False
1065027357919072261,2018-11-20 23:41:24+00:00,From listening to @StevieWonder and @EarthWindFire growing up to @Beyonce and @JanelleMonae during my time in the W… https://t.co/EgmPCRRBJi,20074,,False
1064981906205351937,2018-11-20 20:40:47+00:00,98 million adolescent girls around the world aren't in school. Laxmi was one of them—until she enrolled in the Prer… https://t.co/hPFQrFCiDk,11435,,False
1064956375921557504,2018-11-20 18:59:20+00:00,You guys amaze me! Keep working hard! https://t.co/ifTd9OK3VO,5374,,False
1064662614167318528,2018-11-19 23:32:02+00:00,"What a week! From Chicago to Los Angeles to DC, I want to thank every one of you for picking up the book, diving in… https://t.co/sD8V4EE6p9",26113,,False
1064598904673628160,2018-11-19 19:18:52+00:00,A big shout-out to all the hardworking and inspirational community leaders from around the world in Chicago for the… https://t.co/bX6QINus97,13229,,False
1064535897767587840,2018-11-19 15:08:30+00:00,"Right now, members of the Global @GirlsAlliance are sharing their stories on stage at the #ObamaSummit. I hope you’… https://t.co/TwGgDzKXRD",6343,,False
1064219472066682882,2018-11-18 18:11:09+00:00,"So true, Joyce. We are never done growing or learning. I wish you the best on your journey. https://t.co/bjuSEMb2RS",10014,,False
1064209129751891970,2018-11-18 17:30:03+00:00,He is such a cutie. Thanks for all you do for students in Chicago! #IAmBecoming #ReachHigher https://t.co/JDEprjYwDI,8610,,False
1064208401985662977,2018-11-18 17:27:09+00:00,Love that all these writers and storytellers made it out last night. Keep up the amazing work! https://t.co/a2LYCF5glv,14649,,False
1064016021789523968,2018-11-18 04:42:42+00:00,Look who dropped by! ❤️#IAmBecoming https://t.co/cIQDbNIU8A,133553,,False
1063657240870174720,2018-11-17 04:57:02+00:00,Such an amazing crowd and energy in LA! Thank you to @TraceeEllisRoss for bringing the laughs and to each and every… https://t.co/vf9g9fu0sN,18994,,False
1063547420850610176,2018-11-16 21:40:39+00:00,"Beautiful, Hannah. Best wishes on your own process of becoming—the journey never ends. #IAmBecoming https://t.co/rZj5RGSRvy",18774,,False
1063542012152967168,2018-11-16 21:19:10+00:00,"Great job filling out your #FAFSA, and keep striving! I know you’ll go far. Can't wait to be with you all in Dallas… https://t.co/3IggezX8ZH",4065,,False
1063533516334424065,2018-11-16 20:45:24+00:00,I'm so glad I got to share this night with all of you! #ReachHigher #IAmBecoming https://t.co/GMLNSkfXLA,5309,,False
1063532382861459456,2018-11-16 20:40:54+00:00,"RT @SuperSoulSunday: Oh yes, she went there. This is the no-holds-barred interview with @MichelleObama, in its entirety - with exclusive fo…",0,,False
1063195509446209536,2018-11-15 22:22:17+00:00,My heart is so full after visiting the @paralosninosorg in the Skid Row neighborhood of Los Angeles. With big smile… https://t.co/oL70HlReT3,24713,,False
1062931958752104448,2018-11-15 04:55:01+00:00,"Thank you, Chicago! To everyone who came out to our events — the students, the Girl Scouts, the moms and daughters… https://t.co/xCFQyLApMb",28449,,False
1062850702492413953,2018-11-14 23:32:08+00:00,I love this! We all need a little more kindness in our lives. #IAmBecoming https://t.co/vNKnNTMa8Q,21791,,False
1062831277202563073,2018-11-14 22:14:57+00:00,"This makes me smile, Sammy. Thank you for sharing. #IAmBecoming https://t.co/64gEMBTwws",21424,,False
1062820822115483648,2018-11-14 21:33:24+00:00,"RT @aliciakeys: The girl in this photo already thought she knew it all. On my journey #IAmBecoming more fearless. 
What are you becoming? B…",0,,False
1062820681325264896,2018-11-14 21:32:51+00:00,"RT @TraceeEllisRoss: #IAmBecoming more myself every day. And it feels amazing. What are you becoming?? 
Thank you @MichelleObama for being…",0,,False
1062804117305741312,2018-11-14 20:27:02+00:00,"So glad you all had some fun. Keep reaching for your dreams, ladies! #IAmBecoming https://t.co/aZG4wNwK9r",5013,,False
1062802497591341056,2018-11-14 20:20:35+00:00,RT @2DopeQueens: New episode. @MichelleObama. Do we need to say more? Listen on @applepodcasts. https://t.co/ouhi9iAQtJ https://t.co/XZKtPk…,0,,False
1062708242168582144,2018-11-14 14:06:03+00:00,"My heart is with everyone affected by the devastating fires in California—the brave first responders, those who’ve… https://t.co/Tzwa4Skp17",94151,,False
1062504328089481217,2018-11-14 00:35:46+00:00,RT @Oprah: Hey Chicago! I'm sitting down with @MichelleObama tonight to kickoff her #IAmBecoming book tour. Tweet at me a question about he…,0,,False
1062493836159660033,2018-11-13 23:54:05+00:00,"It seems like yesterday that @BarackObama and I were taking our girls to @57thstreetbooks store. Today, I was there… https://t.co/J7rbrKIYz5",38194,,False
1062471293147201537,2018-11-13 22:24:30+00:00,RT @questlove: As one of the lucky few to preview @MichelleObama’s #IAmBecoming I felt inspired to curate the playlist of her life. Present…,0,,False
1062426467869642753,2018-11-13 19:26:23+00:00,"We’re finally here! I hope that this book might help each of you embrace the beauty of who you are, and I wish you… https://t.co/kTdQyrT0pX",59583,,False
1062196568370171907,2018-11-13 04:12:51+00:00,Chicago made me who I am. I wanted to pay tribute to the South Side community that poured so much love into me from… https://t.co/EVFuDDqUCv,35225,,False
1062180984140038145,2018-11-13 03:10:55+00:00,Hey Chicago! I’m so excited to be in my hometown to kick off my #IAmBecoming tour! This memoir has helped me to emb… https://t.co/paXAg6Xka3,42312,,False
1062032612775071745,2018-11-12 17:21:21+00:00,"Thank you, Oprah! I’ve been so grateful for your friendship and advice for so long. And now I’m honored to join you… https://t.co/ttVR5a7bPy",41994,,False
1062015709557985286,2018-11-12 16:14:11+00:00,"The service, strength, and resilience of our veterans and their families is one of the great inspirations in my lif… https://t.co/bQ1iRlS8oW",34045,,False
1061958854655860736,2018-11-12 12:28:15+00:00,"My memoir comes out tomorrow, and I couldn’t be more excited. I honestly can’t wait for you to read it – so I’m not… https://t.co/c1feZ2ZFVY",53878,,False
1061823040286265345,2018-11-12 03:28:35+00:00,"RT @BarackObama: Michelle and I are heartbroken for everybody who’s lost so much in California, and grateful for the heroism of the firefig…",0,,False
1061001099266666498,2018-11-09 21:02:29+00:00,"RT @BetterMakeRoom: Students, it's National College Application Month! And celebs are pledging to do your laundry if YOU pledge to apply to…",0,,False
1060191458249056256,2018-11-07 15:25:15+00:00,"Thank you to every single one of you who made your voice heard, volunteered, and reached out to your neighbors. You… https://t.co/gPTKzl4KSp",53055,,False
1059969642221985792,2018-11-07 00:43:50+00:00,"RT @Lin_Manuel: It’s pouring outside. 
But my voter spot was packed. 
Never been so happy to wait in line. 
#Vote2018 https://t.co/ns4UYdt3…",0,,False
1059969270749257729,2018-11-07 00:42:22+00:00,RT @CP3: VOTE✅ #WhenWeAllVote https://t.co/sCjnB7okAK,0,,False
1059968486531911685,2018-11-07 00:39:15+00:00,RT @JanelleMonae: Do you know where you're voting? Text WHERE to 97779 to find your polling location. https://t.co/5lXkVrxSC0,0,,False
1059926305465085952,2018-11-06 21:51:38+00:00,Have you voted? There’s still time to get to the polls. Don't sit this one out and hand over important decisions th… https://t.co/LShXHf59Na,69434,,False
1059794885417598978,2018-11-06 13:09:25+00:00,#ElectionDay is here! It’s time to vote—get to the polls and make sure every single person you talk to today is doi… https://t.co/DEIiCNpPuH,27971,,False
1059630400614481920,2018-11-06 02:15:49+00:00,RT @WhenWeAllVote: TONIGHT the #TelethonForAmerica is getting people across the country to pledge to vote and to help get their friends and…,0,,False
1059485241696350208,2018-11-05 16:39:00+00:00,"Tomorrow, whether you're a first-time voter or you've been voting your whole life, your community—and our country—n… https://t.co/q5GHYnP1II",42647,,False
1058446711021015043,2018-11-02 19:52:15+00:00,"RT @byshondaland: - “…If you care about something but you don’t make your voice heard, this democracy will move on without you. That’s how…",0,,False
1058438205333213186,2018-11-02 19:18:27+00:00,RT @WhenWeAllVote: The election is almost here and it’s time to use your power and VOTE. It’s going to be the people who show up that will…,0,,False
1057999275840417792,2018-11-01 14:14:18+00:00,"You nailed the look, Parker! I love it!!!! ❤️ https://t.co/40CArze8gT",338086,,False
1057981975401766913,2018-11-01 13:05:33+00:00,"Meet Madalo Samati, who is working to empower adolescent girls in Malawi through education. Her leadership inspires… https://t.co/s3TPTW6HbA",5382,,False
1057329989606105090,2018-10-30 17:54:48+00:00,There’s no better way to share my story with all of you than with a little help from a few of my friends. Can’t wai… https://t.co/CqGC0n53Rh,13481,,False
1057294311224696833,2018-10-30 15:33:02+00:00,"Can’t wait to sit down with one of the kindest and most thoughtful women I know, @michele_norris! #IAmBecoming https://t.co/7iTmYeUAGd",2232,,False
1057293055424978944,2018-10-30 15:28:02+00:00,"We have some stories, don’t we @ValerieJarrett? 

Looking forward to talking with someone who’s had my back since b… https://t.co/tqRieMjGk2",3210,,False
1057276985469272066,2018-10-30 14:24:11+00:00,"Dope Queen for a day? Sign me up—looking forward to it, Phoebe! #IAmBecoming https://t.co/fuSie4eFJm",3780,,False
1057273956393275392,2018-10-30 14:12:09+00:00,"I always love talking with my dear friend, @TraceeEllisRoss. Looking forward to lots of laughs. And happy belated b… https://t.co/OSGMAAysj6",4687,,False
1057269413106331650,2018-10-30 13:54:05+00:00,"From our time in Chicago, to the Inauguration stage, to our friendship during the White House years, @ProfessorEA h… https://t.co/kZfagycevT",2793,,False
1056730383851634688,2018-10-29 02:12:11+00:00,RT @WhenWeAllVote: TONIGHT at 10/9c watch @angela_rye discuss the importance of voting during the midterm elections with @MichelleObama onl…,0,,False
1055968020667994112,2018-10-26 23:42:49+00:00,RT @JanelleMonae: I’m on it @MichelleObama! I’m tagging my sisters @StBeautyband @LenaWaithe @YaraShahidi @aliciakeys @angela_rye ! Let’s g…,0,,False
1055927197171630080,2018-10-26 21:00:36+00:00,RT @FaithHill: On it @MichelleObama! Getting my #VotingSquad together now. I will make sure we get five of our friends and family to the po…,0,,False
1055925381583331328,2018-10-26 20:53:23+00:00,RT @tomhanks: On it!  Let’s go! @MichelleObama. Vote. Take your friends!  Give em donuts if that will help the turnout!  Hanx! https://t.co…,0,,False
1055923496268808195,2018-10-26 20:45:54+00:00,RT @CP3: On it @MichelleObama! Getting my #VotingSquad together... I'm thinking @KevinHart4real @DwyaneWade @MooreMaya @michaelstrahan @ang…,0,,False
1055851044809461760,2018-10-26 15:58:00+00:00,I’m challenging everyone across the country to start a #VotingSquad to get your friends and family ready to vote. T… https://t.co/Mg67sd0do8,28601,,False
1055830315254595586,2018-10-26 14:35:38+00:00,"Thank you for continuing to @ReachHigher, Riverside County! Excited to see you in LA! #IAmBecoming https://t.co/RZRTfj8UOs",2109,,False
1055828702347649024,2018-10-26 14:29:13+00:00,Can't wait to have all of you amazing storytellers with me in Boston. I love what you do at the Telling Room!… https://t.co/RWv7ktgpMk,3640,,False
1055633971940343811,2018-10-26 01:35:26+00:00,".@826DC, I can’t wait to see the stories you write for yourselves in the years ahead. #ReachHigher #IAmBecoming https://t.co/CdXCBXXIME",2920,,False
1055629239096143872,2018-10-26 01:16:37+00:00,Keep up the amazing work! Looking forward to Detroit! #IAmBecoming https://t.co/Xr8MITXnG7,3452,,False
1055628102594973697,2018-10-26 01:12:06+00:00,Keep aiming high! See you all soon. #IAmBecoming https://t.co/6MKULowgIc,3645,,False
1055624704617275392,2018-10-26 00:58:36+00:00,RT @girlscouts: What a great surprise to end our day! Girl Scouts from California to NY are thrilled to be attending @MichelleObama's #IAmB…,0,,False
1055624326588850177,2018-10-26 00:57:06+00:00,You all amaze me! See you in Boston on November 24th! #IAmBecoming https://t.co/TBLbzdqMt0,3772,,False
1055619995663765504,2018-10-26 00:39:54+00:00,I'm so excited that these incredible students from across the country will be joining me on my #IAmBecoming tour. I… https://t.co/kkkP8z7o2f,18948,,False
1054379570345005058,2018-10-22 14:30:53+00:00,"Early voting has already started in states across the country, which means many of you can make your voice heard ri… https://t.co/aJmL3fxwYk",23769,,False
1053032664213741570,2018-10-18 21:18:46+00:00,"They’re here! I just got a sneak-preview of the first copies of BECOMING, and I can’t wait for you all to read it.… https://t.co/wLKQIPcQIv",14502,,False
1052310657218031617,2018-10-16 21:29:46+00:00,"RT @girlsalliance: On International #DayoftheGirl, the Global Girls Alliance launched our effort to empower adolescent girls around the wor…",0,,False
1050459493119782913,2018-10-11 18:53:54+00:00,"When girls get the chance to fulfill their potential by getting an education, they can transform families, communit… https://t.co/HSpMZD4AXw",22444,,False
1050441706351579136,2018-10-11 17:43:13+00:00,The Global @GirlsAlliance is proud to support grassroots leaders whose work is helping girls around the world fulfi… https://t.co/cXolgVxAEi,6886,,False
1050379702710530048,2018-10-11 13:36:50+00:00,"An educated girl can lift up her family, her community, and her country. That’s why I’m so proud that today the… https://t.co/v4qTDIKc9y",24502,,False
1050342259353444352,2018-10-11 11:08:03+00:00,"There are few things that inspire me like seeing the potential of adolescent girls around the world. Today, on Inte… https://t.co/q142B5lDPg",33023,,False
1049754623823831041,2018-10-09 20:13:00+00:00,"RT @tomhanks: Hey, America!  In some states today is the last day to register to vote!  Have you?  Have your friends?? Text WE ALL VOTE to…",0,,False
1049390922314715136,2018-10-08 20:07:47+00:00,"RT @WhenWeAllVote: 🚨 If you live in these states, make sure you register to vote by tomorrow, October 9:

AZ
AR
FL
GA
IN
KY
MI
MS
NM
OH
PA…",0,,False
1047587624075100160,2018-10-03 20:42:07+00:00,"#WhenWeAllVote, we get a little respect. So I hope you’ll go to https://t.co/PA4LvmFR0D or text WeAllVote to 97779… https://t.co/GriY15E9S8",11702,,False
1047567519370956800,2018-10-03 19:22:14+00:00,"Thank you @barackobama for 26+ years of love, trust, and respect - for being a man who always lifts up and honors m… https://t.co/7dfSzUXc5M",419227,,False
1045806764543922177,2018-09-28 22:45:37+00:00,"That was fun, Miami! Thank you for everything you’ve done to make the @WhenWeAllVote Week of Action a success. Now… https://t.co/cMH0Hryc11",8537,,False
1045776675412348930,2018-09-28 20:46:03+00:00,Now’s the time to channel all your energy and emotion into getting fired up for Election Day—and I’m excited to be… https://t.co/9hJTGM1wxb,12696,,False
1045652233650622464,2018-09-28 12:31:34+00:00,.@ReachHigher was an initiative borne from my own experience—the idea that an education opens up doors that are oth… https://t.co/hrUCl6sMJa,7155,,False
1045434388115329024,2018-09-27 22:05:56+00:00,"RT @WhenWeAllVote: Join @MichelleObama in Miami 🌴 tomorrow at 4pm ET for the #WhenWeAllVote Week of Action!

Find out how you can attend: h…",0,,False
1045133864312729601,2018-09-27 02:11:45+00:00,RT @MiaHamm: Voting is the best way to make your voice heard. Register to vote right now -- it only takes a few minutes. Text WeAllVote to…,0,,False
1045127586869923841,2018-09-27 01:46:48+00:00,"RT @KELLYROWLAND: Miami! Sign up to see me, @MichelleObama, @KeeganMKey, @FaithHill and more this Friday: https://t.co/z0NTV8b6n2. Make sur…",0,,False
1045125950676054016,2018-09-27 01:40:18+00:00,"RT @WhenWeAllVote: #WhenWeAllVote, we all win. 🏆

🏀 @WNBA’s @seimoneaugustus, @breannastewart, @S10Bird, and @_ajawilson22 remind us there’…",0,,False
1045123382080143360,2018-09-27 01:30:06+00:00,"RT @WhenWeAllVote: We kicked-off the #WhenWeAllVote Week of Action last weekend in #NYC with @GlblCtzn, Robert De Niro, @rachelbros, @keega…",0,,False
1045121473277554689,2018-09-27 01:22:31+00:00,"RT @WhenWeAllVote: .@CP3 speaking to young people in Houston, ""The more people that we can encourage to get out to vote, the more powerful…",0,,False
1045115410507542528,2018-09-27 00:58:25+00:00,"RT @WhenWeAllVote: ""It wasn’t until I had a family that I realized that I needed to make my voice heard at the ballot box. Not only for me,…",0,,False
1045113589542137857,2018-09-27 00:51:11+00:00,"RT @PittTweet: “Every single one of the elections in our country’s history are the most important elections of our time,” said @tomhanks at…",0,,False
1045112210689851393,2018-09-27 00:45:42+00:00,RT @HuntingtonWVDST: Theta Omega Chapter Sorors doing their part for social action! #WhenWeAllVote #VoterTakeover2018 #DSTVOTES2018 #DSTMid…,0,,False
1045108379964846081,2018-09-27 00:30:29+00:00,RT @LoniLove: This Thursday join @KeeganMKey and @LoniLove in Detroit to get pumped for Election Day: https://t.co/XG28HZLuoV #WhenWeAllVot…,0,,False
1045042374148333568,2018-09-26 20:08:12+00:00,RT @StudentPIRGs: Florida PIRG students helped to register 260 students to vote yesterday for #NationalVoterRegistrationDay! @WhenWeAllVote…,0,,False
1045023007385759744,2018-09-26 18:51:15+00:00,"RT @LauraKMM: #NationalVoterRegistrationDay day at Bonanza HS in #LasVegas was a success with my trusty side kick @EriCastro07! 

You can r…",0,,False
1044756421504630784,2018-09-26 01:11:56+00:00,"RT @LeoDiCaprio: It’s important to vote in every election. Today, on #NationalVoterRegistrationDay, take a few minutes to register yourself…",0,,False
1044704090264096768,2018-09-25 21:43:59+00:00,RT @macklemore: Excited to announce the winner of the @atnfdn @WhenWeAllVote contest at #RecoveryFest2018 ... @QCC_CUNY student Jessica! Th…,0,,False
1044700033030000642,2018-09-25 21:27:52+00:00,RT @LanaParrilla: Here with my girl @KellyMcCreary 🇺🇸👊⭐️ @WhenWeAllVote https://t.co/ZTeHsqq3Gu,0,,False
1044694430173859842,2018-09-25 21:05:36+00:00,"RT @PiperPerabo: If we want our voices heard, we have to vote in every election. #WhenWeAllVote, we all do better.

Text WeAllVote to 97779…",0,,False
1044690402677346304,2018-09-25 20:49:36+00:00,RT @mfoleypdx: Mother-daughter voter registration teams! #WhenWeAllVote #gotv #StormTheMidterms https://t.co/13xzd77CmX,0,,False
1044606433873006592,2018-09-25 15:15:56+00:00,"There's a lot at stake this November. If we stay home, critical issues that affect our families and communities get… https://t.co/oCvlMhorEB",68549,,False
1044043081115361280,2018-09-24 01:57:22+00:00,"Thank you, Las Vegas! Now let’s get working to help our family and friends get registered to vote. Text WeAllVote t… https://t.co/KlN2FoHXKv",17148,,False
1044007642174111744,2018-09-23 23:36:33+00:00,I’m thrilled to be in Las Vegas with @WhenWeAllVote to help kick off our Week of Action. Let’s get fired up for Ele… https://t.co/XooHgGVzyH,18136,,False
1042820458347982849,2018-09-20 16:59:06+00:00,Truly humbled by the response to my upcoming book tour. I can’t wait to share BECOMING with all of you &amp; hope to se… https://t.co/IBJ9ITOv6O,64414,,False
1042509087404171264,2018-09-19 20:21:49+00:00,"RT @WhenWeAllVote: We’re getting fired up for the Week of Action on a special call with @MichelleObama!

📅 Tomorrow, Thursday, Sept. 20
⏰ 6…",0,,False
1042070245056360449,2018-09-18 15:18:01+00:00,"When I was younger, thinking about going to college sometimes gave me a pit in my stomach. I came from a working-cl… https://t.co/2xU4CuBmvL",54494,,False
1041731399663972353,2018-09-17 16:51:34+00:00,One of my favorite memories. Sharing this moment with my family and my mom is something I’ll never forget. https://t.co/j3LAMNsTiQ,75126,,False
1039995941787455488,2018-09-12 21:55:29+00:00,"I’m done with my book! I’ve learned a lot about myself and I’d like to share my story of BECOMING—the plainness, th… https://t.co/2t49wTxJXD",131832,,False
1038974201061933056,2018-09-10 02:15:27+00:00,"RT @WhenWeAllVote: Women of color know how to get things done for their families, communities, and their country. Let's make sure we use ou…",0,,False
1037058314658570246,2018-09-04 19:22:24+00:00,"RT @WhenWeAllVote: We all can play a big role in what happens this November -- and that work starts right now, by stepping up to make sure…",0,,False
1034503175087288327,2018-08-28 18:09:11+00:00,"As you start this new school year, I want you to strive to work harder than ever before, challenge yourself to reac… https://t.co/KbIDKOndsL",84630,,False
1032743354688307200,2018-08-23 21:36:17+00:00,We can each do our part to help all eligible voters make their voices heard in this upcoming election and every ele… https://t.co/d2cB6t6njk,42604,,False
1032370162932957185,2018-08-22 20:53:22+00:00,"My father taught me that voting is a sacred responsibility, one that none of us can take for granted.  And… https://t.co/mRnOKsS7Fz",85018,,False
1030133288231489537,2018-08-16 16:44:49+00:00,"Watching Aretha Franklin perform at the White House, and on so many other occasions, made time stand still.… https://t.co/dtwEFdLxWI",203001,,False
1027223331345498113,2018-08-08 16:01:41+00:00,"RT @carlahall: Happy 53rd birthday to the Voting Rights Act - this September you can team up with @WhenWeAllVote to volunteer, register vot…",0,,False
1027217418777751553,2018-08-08 15:38:12+00:00,"RT @LanaParrilla: This September you can team up with @WhenWeAllVote to volunteer, register voters &amp; get folks fired up during the week of…",0,,False
1027212126413312000,2018-08-08 15:17:10+00:00,RT @chefjoseandres: Do it! Just do it! #WhenWeAllVote https://t.co/hFqxcegUzg,0,,False
1027208305096241152,2018-08-08 15:01:59+00:00,"RT @AbbyWambach: This September, please join with @WhenWeAllVote to register voters! Learn more &amp; sign up here to attend an event during @M…",0,,False
1027200081735368705,2018-08-08 14:29:18+00:00,RT @kerrywashington: Please join us and spread the word! #WhenWeAllVote https://t.co/NC2tIqvZnk,0,,False
1027198385319751686,2018-08-08 14:22:34+00:00,"RT @RWitherspoon: This September, please join @WhenWeAllVote to help register voters! Learn more &amp; sign up to attend an event during @Miche…",0,,False
1026467366555803649,2018-08-06 13:57:45+00:00,"The Voting Rights Act makes our democracy stronger, giving every American, from all walks of life, the right to vot… https://t.co/mB4kOkoRFT",34173,,False
1025749969385467904,2018-08-04 14:27:04+00:00,Happy birthday @BarackObama! The view is always better with you. https://t.co/7a6cAkjkAS,513702,,False
1024402839664246784,2018-07-31 21:14:04+00:00,.@BarackObama and I are so proud of @KingJames and @IPROMISESchool. Kids in Akron and across the US are lucky to ha… https://t.co/ejFmv0DeXG,232269,,False
1020370115022467072,2018-07-20 18:09:27+00:00,RT @johnlegend: Vote!!!!! https://t.co/OwRtC5mttL,0,,False
1020370075923214338,2018-07-20 18:09:18+00:00,RT @conniebritton: From now til Nov 6...what can you do to make sure EVERYONE votes?? Register and then volunteer at https://t.co/Yyt9gEuRf…,0,,False
1020370023972524032,2018-07-20 18:09:05+00:00,"RT @common: Hey, friends! I’m joining @MichelleObama, @tomhanks, @Lin_Manuel, @JanelleMonae, @CP3,
@TheTimMcGraw &amp; @FaithHill to make sure…",0,,False
1020369979840057344,2018-07-20 18:08:55+00:00,"RT @kerrywashington: The #WhenWeAllVote checklist. Get Involved TODAY!
Register to vote.
Help others do the same with @WhenWeAllVote.
Vote…",0,,False
1020369937062334465,2018-07-20 18:08:45+00:00,"RT @TraceeEllisRoss: We can’t sit on the sidelines.
#WhenWeAllVote we elect people who represent all of us.
Register to vote &amp; volunteer: h…",0,,False
1020369891248033794,2018-07-20 18:08:34+00:00,"RT @BTWFoundation: #WhenWeAllVote, we shape our communities, the laws that affect them, and the people who represent us. #BeKind + be a cha…",0,,False
1020120347222343680,2018-07-20 01:36:58+00:00,RT @JanelleMonae: It’s gonna be our generation that corrects the mistakes of our past and creates a more inclusive future that works for us…,0,,False
1020015720741179393,2018-07-19 18:41:13+00:00,RT @CP3: Voting gives us the power to create real change. I’m teaming up with @WhenWeAllVote to make sure Americans know about the importan…,0,,False
1020015474816503808,2018-07-19 18:40:14+00:00,"RT @tomhanks: What happens #WhenWeAllVote? We prove America is Free, of the People, by the People, for the People. Is Freedom important to…",0,,False
1020015418356981760,2018-07-19 18:40:01+00:00,"RT @Lin_Manuel: Oh hello. 
Hold on I have a call...😳
https://t.co/6A14VnQUeQ https://t.co/xYYhCDbwyO",0,,False
1020015351021662208,2018-07-19 18:39:45+00:00,"RT @FaithHill: Hey, friends! I’m joining @MichelleObama, @tomhanks, @Lin_Manuel, @JanelleMonae, @CP3 &amp;
@TheTimMcGraw to make sure every Ame…",0,,False
1019959510977241089,2018-07-19 14:57:52+00:00,"In my family, voting was a sacred responsibility, one which we never took for granted. I’m excited to be a part of… https://t.co/6S5BXsRdFy",86245,,False
1018164364489183232,2018-07-14 16:04:35+00:00,"Passionate, committed young leaders like these are the key to Africa’s future and to the future of our world. Barac… https://t.co/UTaxUs8pf1",41384,,False
1011321612136787968,2018-06-25 18:53:56+00:00,"RT @BetterMakeRoom: ""I'm proud of all of you. You're going to do fine because I was where you were."" —@MichelleObama talking to first-gener…",0,,False
1008768272895012867,2018-06-18 17:47:52+00:00,Sometimes truth transcends party. https://t.co/TeFM7NmNzU,445676,,False
1007700031271591936,2018-06-15 19:03:04+00:00,"To the first-gen students I met in DC yesterday, and those across the country, I want you to know that I’m so proud… https://t.co/PbItPIDdCr",24692,,False
1007280656693497856,2018-06-14 15:16:37+00:00,RT @BetterMakeRoom: Happening now: Join us for a conversation with @MichelleObama and our all-star #BeatingTheOdds panelists @ElaineWeltero…,0,,False
1007276379392618497,2018-06-14 14:59:37+00:00,"RT @ElaineWelteroth: This is a pic of the day I met @MichelleObama. I was 21 &amp; an asst. on the set of her @EBONYMag cover shoot. Today, at…",0,,False
1007252232943865856,2018-06-14 13:23:40+00:00,"So excited to join @lala, @DaveedDiggs, @DanPorterfield and others to meet with first-gen students at the… https://t.co/F73AgROuwW",6349,,False
1006268596463468545,2018-06-11 20:15:03+00:00,"First-gen students are resilient, hardworking &amp; determined. As a first-gen myself, I know the challenges many stude… https://t.co/oHMUdWUyLm",28808,,False
999644897958420481,2018-05-24 13:34:50+00:00,"As I prepare to share BECOMING this fall, I hope you’ll also think about your own story, and trust that it will hel… https://t.co/27U32EtXxn",112557,,False
999451144500989952,2018-05-24 00:44:56+00:00,RT @BarackObama: This Center is for the leaders of tomorrow who are ready to step up and build the world as it should be. Michelle and I ar…,0,,False
996883974319427587,2018-05-16 22:43:55+00:00,"I’m so inspired by the young people I met today from the South Side of Chicago, my hometown and the future site of… https://t.co/51dlhzPEjv",54066,,False
996880238985515008,2018-05-16 22:29:04+00:00,"RT @ObamaFoundation: This week, the #ObamaFellows convened for the first time as a class to exchange what they’ve learned from their work a…",0,,False
995680338377572352,2018-05-13 15:01:06+00:00,"It’s impossible for any picture to truly capture what my mother, Marian, has meant to me. Happy #MothersDay to all… https://t.co/3DsaJLdtlb",146576,,False
992946982917365760,2018-05-06 01:59:43+00:00,"Thank you to the fierce and fearless @valeriejarrett, @tinatchen and @USOWomen for bringing together a crowd of tho… https://t.co/9fV8jkJBMG",16118,,False
992872884463845376,2018-05-05 21:05:16+00:00,Excited to join the @USOWomen Summit for a conversation with @TraceeEllisRoss! Today we come together to celebrate… https://t.co/Lt04LDbTy0,11849,,False
991853868211417088,2018-05-03 01:36:04+00:00,"RT @Lin_Manuel: Going to Wesleyan changed my life.
I'm proud of all of you making that commitment to college.  
Show me your pride, youths…",0,,False
991780808921935872,2018-05-02 20:45:45+00:00,Thank you to everyone who supported #CollegeSigningDay. I’m so proud of each and every one of these students! https://t.co/wzP1WUNmJI,33231,,False
991752615598936065,2018-05-02 18:53:44+00:00,RT @BetterMakeRoom: Thanks everyone for supporting #CollegeSigningDay! We’re so proud to celebrate all of the young people making a commitm…,0,,False
991719420392280064,2018-05-02 16:41:49+00:00,RT @tvk_____: Proudly one of the 16 students UHSA  is sending to get that good HBCU education fall of 2018 🖖🏽‼️ #HU22 #CollegeSigningDay ht…,0,,False
991711397967953921,2018-05-02 16:09:57+00:00,So excited for you! https://t.co/s0OsriuC8G,13077,,False
991704680295288832,2018-05-02 15:43:15+00:00,"Congrats, Destiny! College will open so many doors for you. Keep reaching higher and never give up! #BetterMakeRoom… https://t.co/u8wiPSXuEz",8392,,False
991695530202890245,2018-05-02 15:06:53+00:00,Happy #CollegeSigningDay! So excited to be in Philly to celebrate all the young people making the commitment to hig… https://t.co/VHNy0tMNMp,63320,,False
989886345232420865,2018-04-27 15:17:50+00:00,"On May 2, I can't wait to celebrate my 5th #CollegeSigningDay in Philly! It’s been amazing seeing this event grow i… https://t.co/SabCTSJTjx",39774,,False
989576221427150848,2018-04-26 18:45:31+00:00,I'm so happy for my friend @chefsamkass whose new book shares healthy tips &amp; delicious recipes my family has enjoye… https://t.co/ZgBxdw0mMe,17680,,False
988527765392711680,2018-04-23 21:19:19+00:00,Barack and I are thrilled to congratulate The Duke and Duchess of Cambridge on their newest arrival! We hope to mee… https://t.co/1OOodluML1,330589,,False
985904190718431232,2018-04-16 15:34:10+00:00,RT @ObamaFoundation: We just announced the inaugural class of #ObamaFellows. These 20 civic leaders have carried out inspiring work around…,0,,False
981941062825664514,2018-04-05 17:06:07+00:00,I'm so in awe of college-bound students all over the country—you inspire @BarackObama and me every day. We know how… https://t.co/lI3XqMYRuS,36959,,False
977594661555638272,2018-03-24 17:15:04+00:00,RT @BarackObama: Michelle and I are so inspired by all the young people who made today’s marches happen. Keep at it. You’re leading us forw…,0,,False
976853165680324610,2018-03-22 16:08:38+00:00,Hey @USOWomen! I just cleared my schedule and I’ll be there! Looking forward to joining such an inspiring roster of… https://t.co/oTm4AYmA8p,16649,,False
973273455993982976,2018-03-12 19:04:09+00:00,"RT @BarackObama: Four years ago, @MichelleObama and I had the privilege to host Lt. Cmdr. Dan Cnossen and his fellow Paralympians and Olymp…",0,,False
971778928607145987,2018-03-08 16:05:26+00:00,I teamed up with @Refinery29 to mark #InternationalWomensDay and to talk about my passionate commitment to empoweri… https://t.co/rN2oPGzxVA,54605,,False
971074369727467527,2018-03-06 17:25:46+00:00,"Parker, I'm so glad I had the chance to meet you today (and for the dance party)!  Keep on dreaming big for yoursel… https://t.co/KtJxmzfGDI",409702,,False
967850313498710017,2018-02-25 19:54:31+00:00,😂😂😂 https://t.co/9Fh1qL2fyO,58911,,False
967809678578192385,2018-02-25 17:13:03+00:00,Writing BECOMING has been a deeply personal experience. I talk about my roots and how a girl from the South Side fo… https://t.co/wQWzQPfWSb,137351,,False
966744182105821184,2018-02-22 18:39:08+00:00,"RT @BarackObama: Young people have helped lead all our great movements. How inspiring to see it again in so many smart, fearless students s…",0,,False
966483852834287621,2018-02-22 01:24:41+00:00,"I’m in total awe of the extraordinary students in Florida. Like every movement for progress in our history, gun ref… https://t.co/Luns7oj2pc",572550,,False
965641575584935936,2018-02-19 17:37:47+00:00,"Congrats to the entire #blackpanther team! Because of you, young people will finally see superheroes that look like… https://t.co/mGf422Nu7k",555113,,False
964189017511223304,2018-02-15 17:25:50+00:00,RT @BarackObama: We are grieving with Parkland. But we are not powerless. Caring for our kids is our first job. And until we can honestly s…,0,,False
963810014191411201,2018-02-14 16:19:48+00:00,"Happy #ValentinesDay to my one and only, @BarackObama. To celebrate the occasion, I’m dedicating a little Valentine… https://t.co/mVCOEIIRct",154656,,False
959099068176850944,2018-02-01 16:20:11+00:00,"To our nation’s young people, I see how hard so many of you work to #ReachHigher, and I want you to know that you i… https://t.co/0xAmrznjXK",21611,MichelleObama,False
959098811040845824,2018-02-01 16:19:10+00:00,I am so proud of students all across the country who are getting accepted by their dream schools. These kids won’t… https://t.co/QNcMVT8ZO0,44514,,False
959098585601146881,2018-02-01 16:18:16+00:00,"There's Verlando, a first-generation college graduate who is now giving back to his community in Baltimore.… https://t.co/fXvoQiJ9Ls",6815,MichelleObama,False
959098067671834624,2018-02-01 16:16:13+00:00,"There's Rachel, who I first met in 2014. She is proof that your past doesn't have to dictate your future. She'll be… https://t.co/qxfF0M4y5o",9002,MichelleObama,False
959097611495137280,2018-02-01 16:14:24+00:00,"There’s Zaniya, who won our #BetterMakeRoom essay contest and got to be on the cover of @Seventeen with me in 2016.… https://t.co/XbkT4jzb5G",6339,MichelleObama,False
959096780527996928,2018-02-01 16:11:06+00:00,One of my greatest joys as First Lady was getting to meet so many incredible young people from across the country.… https://t.co/h3Q3vadmWE,41408,,False
958789956637462529,2018-01-31 19:51:53+00:00,"This just made my day. I may not be a 3rd grade teacher, but this gets an A+ in my book! https://t.co/wBTzbyG8zr",364479,,False
958741581909184512,2018-01-31 16:39:40+00:00,Hey everyone!  I had so much fun celebrating Ellen’s 60th birthday! It felt like old times at @TheEllenShow.  Tune… https://t.co/0tTFJKwybL,19104,,False
956590991812653056,2018-01-25 18:13:59+00:00,"It’s because of school counselors like Kirsten Perry that our young people dream a little bigger, and reach a littl… https://t.co/wTZgtONgzQ",51376,,False
952956969198944257,2018-01-15 17:33:41+00:00,"RT @BarackObama: Dr. King was 26 when the Montgomery bus boycott began. He started small, rallying others who believed their efforts matter…",0,,False
948656909422399489,2018-01-03 20:46:47+00:00,So proud of my friend and former chief of staff @TinaTchen and the other strong women banding together to fight sex… https://t.co/Duw2WB55vR,44835,,False
940322378382495744,2017-12-11 20:48:20+00:00,Getting covered means getting peace of mind for yourself and your family. So sign up today and tell everyone you kn… https://t.co/NoKaIbtpnr,29773,,False
935255767422259212,2017-11-27 21:15:25+00:00,RT @BarackObama: Michelle and I are delighted to congratulate Prince Harry and Meghan Markle on their engagement. We wish you a lifetime of…,0,,False
929441165904089094,2017-11-11 20:10:16+00:00,"I'm in awe of the courage, commitment, and talent of our veterans and military spouses, today and every day. Even t… https://t.co/fraVFWv7Ye",75957,,False
925527456081235968,2017-11-01 00:58:35+00:00,RT @BarackObama: Michelle and I are thinking of the victims of today's attack in NYC and everyone who keeps us safe. New Yorkers are as tou…,0,,False
925488569845723137,2017-10-31 22:24:04+00:00,Thanks to my friend Prince Harry for joining me in my hometown to surprise these outstanding students! #ReachHigher… https://t.co/5JFKwMU3yD,80476,,False
925452535867105281,2017-10-31 20:00:53+00:00,Thrilled to be home with @BarackObama! Join us as we kick off the @ObamaFoundation Summit. Tune in:… https://t.co/T4HToWg5ig,79741,,False
925151308839088128,2017-10-31 00:03:55+00:00,"RT @BarackObama: Hello, #ObamaSummit! Thrilled to host civic leaders in Chicago from all over the world. Follow along at @ObamaFoundation.",0,,False
921119534840467458,2017-10-19 21:03:05+00:00,"RT @BetterMakeRoom: Two years ago, Mrs.Obama launched #BetterMakeRoom at the White House to celebrate student voices &amp; shine a spotlight on…",0,,False
918221556823855104,2017-10-11 21:07:33+00:00,"RT @ObamaFoundation: ""I’m never going to give up on you, so don’t you ever give up on yourselves."" —@MichelleObama on #DayofTheGirl https:/…",0,,False
917504611363192836,2017-10-09 21:38:40+00:00,RT @BetterMakeRoom: .@MichelleObama wants YOU to complete the FAFSA &amp; sign up for Up Next. Go to👉https://t.co/nBdXOYdPkx #BetterMakeRoom ht…,0,,False
916080705247072256,2017-10-05 23:20:34+00:00,RT @ObamaFoundation: Time is running out to apply to be an Obama Fellow. Learn more from @BarackObama below and apply here before Friday: h…,0,,False
915216126111559683,2017-10-03 14:05:03+00:00,"Happy 25th anniversary @barackobama. A quarter of a century later, you're still my best friend &amp; the most extraordi… https://t.co/kwkz1H0Hd5",1169621,,False
914832710883037184,2017-10-02 12:41:29+00:00,RT @BarackObama: Michelle &amp; I are praying for the victims in Las Vegas. Our thoughts are with their families &amp; everyone enduring another se…,0,,False
907972751499124737,2017-09-13 14:22:27+00:00,I'm so excited about what's coming up at the @ObamaFoundation. These young people have so much to contribute–and th… https://t.co/EUTOXGMwnp,41888,,False
907658255668826112,2017-09-12 17:32:46+00:00,Hey Seniors! Applying to college is critical. Get the help you need by signing up for Up Next. Instructions 👇🏾… https://t.co/hKTQ1bH9Qg,17906,,False
905931432828260353,2017-09-07 23:10:59+00:00,"As we come together as one American family to help our neighbors, we are reminded how much we need each other. https://t.co/OMpsKlNAr2",33456,MichelleObama,False
905931366575071232,2017-09-07 23:10:43+00:00,The outpouring of support for Houston &amp; communities along the Gulf Coast represents the best of who we are &amp; what t… https://t.co/gbDL0H73Wv,97290,,False
893482315787247616,2017-08-04 14:42:38+00:00,"Another year older, but the same phenomenal guy I married nearly 25 years ago. Happy birthday, @BarackObama -- we l… https://t.co/R12lLDiX1t",526113,,False
891467509555134464,2017-07-30 01:16:31+00:00,Happy Birthday Mom! Your unconditional love has made me who I am today. You are my rock. My ❤️.  I'll always be you… https://t.co/uN76eZSJkL,273757,,False
891325973987282944,2017-07-29 15:54:06+00:00,RT @BetterMakeRoom: Mrs.Obama wants to see every student succeed &amp; go off to college. Here's her advice to first-gen DC college-bound stude…,0,,False
890684188713779200,2017-07-27 21:23:53+00:00,.@RealMikeWilbon &amp; I are so proud of all the students who are beating the odds &amp; going to college. The world… https://t.co/ZOxnMyC32V,15572,,False
890581127588708353,2017-07-27 14:34:21+00:00,RT @BetterMakeRoom: Stay focused. Stay determined. Work hard. You can accomplish anything with a higher education. #BetterMakeRoom https://…,0,,False
890571779437154306,2017-07-27 13:57:12+00:00,So excited to join you @RealMikeWilbon &amp; meet these inspiring DC students who are on their way to college this fall… https://t.co/ggQfv30XXA,9084,,False
889568370642874368,2017-07-24 19:30:01+00:00,Couldn’t be more excited for these phenomenal women I met at #CollegeSigningDay. Keep up the great work and congrat… https://t.co/AMcnjHc5Jd,26670,,False
885346371661742081,2017-07-13 03:53:18+00:00,It was an honor to stand with these incredible @SpecialOlympics athletes and celebrate Eunice Kennedy Shriver's leg… https://t.co/vaeAyt54ck,30770,MichelleObama,False
885346218372612096,2017-07-13 03:52:42+00:00,"Eunice Kennedy Shriver knew that when we give others a chance to fulfill their greatest potential, we all win.",48771,,False
885242585572286465,2017-07-12 21:00:54+00:00,"Happy Birthday, @Malala! Your courage inspires us all to keep fighting for girls everywhere to get the education th… https://t.co/lVnhjrI1kc",150704,,False
876454925131288580,2017-06-18 15:01:52+00:00,"Happy #FathersDay @BarackObama. Our daughters may be older and taller now, but they’ll always be your little girls.… https://t.co/mUooumGRfb",433822,,False
873208129739255808,2017-06-09 16:00:16+00:00,"Congrats to @CNNFilms’ We Will Rise, honored at the @TelevisionAcad Honors. Thank you for spotlighting girls' ed.… https://t.co/OSnxqCAMhm",15788,,False
863826431675158528,2017-05-14 18:40:45+00:00,Happy #MothersDay to my mom. I strive to be the kind of mother to my girls that you have always been to me. https://t.co/ZXIjHAm7jC,101464,,False
863067172544950273,2017-05-12 16:23:43+00:00,Glad to be back at the #PHASummit. No one should play politics with our kids’ health. We owe them. Let’s make our v… https://t.co/m2tbIlVr0k,30605,,False
860591800523902976,2017-05-05 20:27:28+00:00,Thank you @NickCannon &amp; many others who supported #CollegeSigningDay. I am proud of every student aiming to… https://t.co/2S7XLmiaVc,14374,,False
860590575199944704,2017-05-05 20:22:36+00:00,RT @kerrywashington: Join me in celebrating #collegesigningday with @MichelleObama and thousands of students across the country. #Bette… ht…,0,,False
860531705828036608,2017-05-05 16:28:41+00:00,RT @angiemartinez: honored to join @MichelleObama @MTV tomorrow to celebrate #collegesigningday in NYC. the future is bright! #bettermakero…,0,,False
860531690959241216,2017-05-05 16:28:37+00:00,RT @AdvisingCorps: .@AdvisingCorps is celebrating #CollegeSigningDay today with @BetterMakeRoom! #BetterMakeRoom #ReachHigher https://t.co/…,0,,False
860531283776221184,2017-05-05 16:27:00+00:00,RT @nsndc: @ShuttleCDRKelly: education is the greatest gift you can give yourself. #Collegesigningday https://t.co/szFsIMJcKa,0,,False
860531223034253312,2017-05-05 16:26:46+00:00,RT @getschooled: Way to go future changemaker! We can't wait to see what you do at @YorkCollegeCUNY! #collegesigningday @MTV  #classof2017…,0,,False
860513538330198016,2017-05-05 15:16:29+00:00,"⚡️ “You'd #BetterMakeRoom, #CollegeSigningDay is HERE. ” by @BetterMakeRoom

https://t.co/kD3S4rmPEC",8226,,False
860512548331954176,2017-05-05 15:12:33+00:00,"So inspired by the over 1,300 schools &amp; communities in all 50 states for shining a spotlight on higher education this #CollegeSigningDay.",12449,,False
860511795253043201,2017-05-05 15:09:34+00:00,"RT @chrisjsuggs: #CollegeSigningDay event with @MichelleObama, @MTV, @ReachHigher &amp; @BetterMakeRoom! Tune in at https://t.co/WMI5JCN6t1 at…",0,,False
860509694489702400,2017-05-05 15:01:13+00:00,I’m in NYC for my 4th #CollegeSigningDay. Can’t wait to celebrate today with 200 college-bound high school seniors! #BetterMakeRoom 👏🏾🎓👏🏾🎓,20095,,False
859836771353473024,2017-05-03 18:27:15+00:00,RT @ObamaFoundation: We’re building a working center for good citizenship. Right here on the South Side of Chicago. Join us. See more at ht…,0,,False
859777335884689408,2017-05-03 14:31:05+00:00,Excited by the potential of the Obama Pres. Center. Barack &amp; I will continue to champion the issues close to our he… https://t.co/t9C3mPsUcf,80542,,False
858023274869075968,2017-04-28 18:21:04+00:00,"Hey, @TheEllenShow! I may have schooled you in pushups, but when it comes to courage and kindness, you are always a… https://t.co/UwPjWD1xR0",62951,,False
857604013403058176,2017-04-27 14:35:04+00:00,RT @BetterMakeRoom: ICYMI: @MichelleObama will celebrate #CollegeSigningDay with @MTV on 5/5 @PublicTheaterNY! #BetterMakeRoom 🎓🎉 https://t…,0,,False
857047894561619968,2017-04-26 01:45:15+00:00,Always inspired by your powerful contributions @Beyonce. You are a role model for us all. Thank you for investing i… https://t.co/OiSmOpRu7W,67233,,False
851797096936206337,2017-04-11 14:00:28+00:00,"RT @BetterMakeRoom: On May 5, wear your college gear &amp; post a selfie using #CollegeSigningDay. Register your event today at https://t.co/Vl…",0,,False
849014792002129924,2017-04-03 21:44:35+00:00,RT @BetterMakeRoom: ICYMI: The #IRSDRT is down until Oct. There's still time to fill out the #FAFSA. Reach out to your #schoolcounselor 4 h…,0,,False
847543333375299584,2017-03-30 20:17:31+00:00,"RT @BetterMakeRoom: We'll celebrate #CollegeSigningDay on May 5 &amp; want to hear about yours! 🎉🎓
Sign-up: https://t.co/DAL5z8KmbD
Toolkit: ht…",0,,False
843938883851223041,2017-03-20 21:34:44+00:00,"Look who has a spring in their step! Celebrate the #FirstDayOfSpring by grabbing a friend, heading outside, and get… https://t.co/SPLtJATHj8",68750,,False
842405187323105280,2017-03-16 16:00:22+00:00,I was thrilled to meet the young chefs from @MasterChefJrFOX last year! Tune in tonight to see what they cooked up. #MasterChefJunior🌶️🍐🥕🍎,15644,,False
839582258952617984,2017-03-08 21:03:03+00:00,So impressed by the extraordinary girls I met at @CardozoEC who represent the beauty and diversity of this country.… https://t.co/NdmbJj8TEZ,34387,,False
838888475394998272,2017-03-06 23:06:12+00:00,"Thanks @chancetherapper for giving back to the Chicago community, which gave us so much. You are an example of the power of arts education.",250748,,False
836708933024776192,2017-02-28 22:45:29+00:00,Always love visiting DC schools. Thank you for hosting me today @BallouSTAY. Stories of students #reachinghigher co… https://t.co/G4aQrtE1U7,39037,,False
836310401541365760,2017-02-27 20:21:52+00:00,"7 years since launching #letsmove, so proud of what we've done to support healthy families. More to do!… https://t.co/ne59aWVEz1",39382,,False
834856840265658369,2017-02-23 20:05:56+00:00,Remembering those who have made possible the dreams of today. Will never forget. Will never stop honoring their leg… https://t.co/nP7u6g7IGT,83088,,False
831534530221707265,2017-02-14 16:04:15+00:00,"Happy Valentine's Day to the love of my life and favorite island mate, @BarackObama. #valentines https://t.co/n3tEmSAJRT",518545,,False
822552995867004931,2017-01-20 21:14:51+00:00,RT @ObamaFoundation: Add your voice: https://t.co/mA9MSHmi7o https://t.co/Uf7oEvkZF3,0,,False
822552602558734336,2017-01-20 21:13:17+00:00,"After an extraordinary 8 years, I'll be taking a little break. Will be back before you know it to work with you on… https://t.co/MGxtq69RF3",442043,,False
308611845462294529,2013-03-04 16:16:12+00:00,RT @letsmove: Watch live today at 11:10ET: @FLOTUS Michelle Obama joins her first Google+ Hangout about Let’s Move! http://t.co/aicxQ6tV ...,0,,False
307494613625761793,2013-03-01 14:16:43+00:00,"RT @letsmove: 2 days, 3 states, thousands of kids and lots of dancing. Check out photos from #letsmovetour http://t.co/hGmyltV21w http:/ ...",0,,False
307213303183192064,2013-02-28 19:38:53+00:00,"“We can give all our children the bright, healthy futures they so richly deserve.” http://t.co/EgStdzksym #LetsMove",10481,,False
307165064627109889,2013-02-28 16:27:12+00:00,The First Lady on why healthier food options are good for American businesses: http://t.co/L1NIzgSjYe #LetsMove,4059,,False
292722455028592641,2013-01-19 19:57:26+00:00,Watch Michelle Obama talk about the next chapter of our movement—then sign up to be a part of it: http://t.co/RDH2zllO,4876,,False
292397688530534401,2013-01-18 22:26:56+00:00,"RT @BarackObama: The next chapter of our work begins today. Say you're in, and ask your friends to join you: http://t.co/Uy6xaO8K",0,,False
292349168398245890,2013-01-18 19:14:07+00:00,Welcome to Organizing for Action: http://t.co/npTSXH7z,2187,,False
292020802738606080,2013-01-17 21:29:19+00:00,"Sign up for this Saturday's National Day of Service here, and ask your friends to join you! http://t.co/pF0uLexE, http://t.co/K5YTx84d",4256,,False
292019844344332288,2013-01-17 21:25:31+00:00,"""A full life means giving back to our community and our country."" —First Lady Michelle Obama http://t.co/QIiT8SJg",2575,,False
291996946267254785,2013-01-17 19:54:31+00:00,"RT @BarackObama: Happy birthday, @MichelleObama! http://t.co/brzSPUQK",0,,False
291982493681336320,2013-01-17 18:57:05+00:00,"RT @FLOTUS: The @FLOTUS Office is now on @twitter &amp; will post updates &amp; pics. When it's her, she'll sign -mo. PS: RT to wish Mrs ...",0,,False
291228831111602176,2013-01-15 17:02:18+00:00,The First Lady invites you to take part in a National Day of Service this Saturday: http://t.co/1tJ3nuoa,1084,,False
283604455704899587,2012-12-25 16:05:46+00:00,"RT @BarackObama: Barack and Michelle wish you a Merry Christmas and Happy Holidays: http://t.co/9f4ajKuO, http://t.co/XkpjBLKK",0,,False
283237383967760384,2012-12-24 15:47:09+00:00,RT @BarackObama: The President and First Lady wish you a Merry Christmas and Happy Holidays: http://t.co/TwbI4WXH,0,,False
282175991630155777,2012-12-21 17:29:33+00:00,An open letter from the First Lady to parents on talking to your kids about Newtown: http://t.co/PS4pbrm0,1497,,False
278602219983626243,2012-12-11 20:48:40+00:00,RT @obamainaugural: Find out what First Lady @MichelleObama thought about life in the White House when she first moved in 4 years ago: h ...,0,,False
271643515111473152,2012-11-22 15:57:15+00:00,"RT @BarackObama: From this family to yours, happy Thanksgiving. http://t.co/OPGyjTF8",0,,False
266315344736555008,2012-11-07 23:05:01+00:00,We are grateful for each and every one of you. http://t.co/1igFbwD4,8668,,False
266023143263596545,2012-11-07 03:43:54+00:00,"More than anything, I want to thank you all for everything. I am so grateful to every one of you for your support and your prayers.  –mo",11238,,False
265982445650862080,2012-11-07 01:02:11+00:00,"If the polls have closed where you are, help call key states in the West: http://t.co/AXz9z9r0",779,,False
265971079032483842,2012-11-07 00:17:02+00:00,Today is a big moment for all of us. Help her have his back—go vote: http://t.co/K7bmQZxE http://t.co/gpq5MSeU,4725,,False
265950942652944385,2012-11-06 22:57:00+00:00,All of our hard work these past 18 months comes down to what happens right now. Let’s not leave anything to chance. http://t.co/AXz9z9r0 —mo,2054,,False
265947227363627008,2012-11-06 22:42:15+00:00,"They believe in you. If you believe in them, use your vote: http://t.co/gzhu2u3l http://t.co/oAudfSc7",1163,,False
265906946530496513,2012-11-06 20:02:11+00:00,RT if you’ve already voted for President Obama today! #VoteObama,3982,,False
265865686130233344,2012-11-06 17:18:14+00:00,"Help get voters to the polls in key states—make a few calls now: http://t.co/AXz9z9r0, http://t.co/t0I7a048",702,,False
265846627091243008,2012-11-06 16:02:29+00:00,Polls are open! Make a plan to go vote: http://t.co/6MXRyZOl,415,,False
265831270930595841,2012-11-06 15:01:28+00:00,"The First Lady voted for @BarackObama for the same reason she married him—his character. http://t.co/6MXRyZOl, http://t.co/dQDAdvDb",8349,,False
265819835286568961,2012-11-06 14:16:02+00:00,Today is the day we re-elect @BarackObama—it’s going to be a good one: http://t.co/4OKWq8cc,735,,False
265808553070166017,2012-11-06 13:31:12+00:00,"Election Day is here and it’s time to go re-elect our President: http://t.co/oREBECFL, http://t.co/Dczarl0e",1328,,False
265794412045557760,2012-11-06 12:35:00+00:00,Happy Election Day! Today we re-elect @BarackObama as our President. Be a part of it—vote. http://t.co/4OKWq8cc —mo,1147,,False
265652978608910338,2012-11-06 03:13:00+00:00,I'll always remember the warmth of everyone back in the early days in Iowa. It just feels right to be back here to end this campaign. –mo,756,,False
265630125238919169,2012-11-06 01:42:11+00:00,Election Day is here—make sure your friends know President Obama’s plans for a 2nd term before they vote: http://t.co/ZWSisz4r,451,,False
265578530308497410,2012-11-05 22:17:10+00:00,Affordable education is a major part of the President’s plan to keep America moving forward: http://t.co/4K0Im7Z1 http://t.co/feNKmHSF,967,,False
265551071328489472,2012-11-05 20:28:04+00:00,We’re all in this together: http://t.co/dn78oWXL,2651,,False
265530352880214016,2012-11-05 19:05:44+00:00,Barack is putting higher education within reach for millions more Americans by doubling funding for Pell Grants. http://t.co/drhHo5EA,516,,False
265519096014196736,2012-11-05 18:21:00+00:00,Barack is fighting for the American dream because he’s lived it: http://t.co/2FXbFW4S,1362,,False
265497003079901184,2012-11-05 16:53:12+00:00,"I’m so proud of everyone volunteering for #GOTV. See some of you in NC, FL, and IA today! –mo",317,,False
265486883369402368,2012-11-05 16:13:00+00:00,Tomorrow is Election Day. Make a plan and confirm where you vote: http://t.co/GdcI3Y7v http://t.co/TargrjBD,513,,False
265468732065853441,2012-11-05 15:00:52+00:00,Iowa: Today is your last day to vote early. Polling locations are open—confirm where you can cast your ballot: http://t.co/MvOlpj8t,224,,False
265257458933571584,2012-11-05 01:01:21+00:00,We’ll win this election because you were part of it. Sign up for a volunteer shift to help this campaign finish strong: http://t.co/jGJesjWt,301,,False
265242478846812160,2012-11-05 00:01:49+00:00,"If this is what the President can do in 4 years, imagine what he can do in twice the time: http://t.co/ce2SASFN",428,,False
265213286948163587,2012-11-04 22:05:49+00:00,Something to keep in the back of your mind when you head to the polls: http://t.co/7RRo5Zkx,227,,False
265190219123417089,2012-11-04 20:34:10+00:00,"Four more years. http://t.co/aqMrjM7S, http://t.co/6Nrr8vCN",1556,,False
265163449603067904,2012-11-04 18:47:48+00:00,"First Lady: ""All of the progress that we’ve made ... it's all at stake. The choice couldn’t be more clear."" http://t.co/o4PfLIN9",890,,False
265131834940219394,2012-11-04 16:42:10+00:00,"If the President could sit down for a conversation at your kitchen table, this is what he’d say: http://t.co/hjaZYOTq",306,,False
265093867001495553,2012-11-04 14:11:17+00:00,"Four years ago today, our country elected @BarackObama as President. In two days, let’s do it again. –mo",2873,,False
264873628741550082,2012-11-03 23:36:09+00:00,"The next generation is counting on us to shape the world they’ll live in: http://t.co/GGduP7FT, http://t.co/YpBDhU63",2249,,False
264836672414441473,2012-11-03 21:09:18+00:00,Pass it on: President Obama’s plan for a second term. http://t.co/kqaLVvvK,723,,False
264805046510813184,2012-11-03 19:03:37+00:00,"Don’t let anyone tell you otherwise. MT @MiamiStudent: First Lady: ""Elections are always about hope."" #MOatMU",159,miamistudent,False
264801377673424896,2012-11-03 18:49:03+00:00,"Make sure your friends get the facts on how President Obama is fighting for women: http://t.co/Ova21Gmp, http://t.co/5jDILfyG",618,,False
264784136294768640,2012-11-03 17:40:32+00:00,Call a few folks in key states—it’s a great way to do your part before Election Day: http://t.co/ZruQJp4z,170,,False
264767809874178048,2012-11-03 16:35:40+00:00,"Every child should have a fair shot at the American Dream: http://t.co/mSHWy4W7, http://t.co/B2fzhjvw",886,,False
264744014606123009,2012-11-03 15:01:06+00:00,RT @OFA_OH: I-O! RT @MichelleObama: Back in the Buckeye State just 3 days before we sign Barack up for 4 more years! O-H… -mo,0,,False
264743269467037697,2012-11-03 14:58:08+00:00,Back in the Buckeye State just 3 days before we sign Barack up for 4 more years! O-H… -mo,299,,False
264549472581865472,2012-11-03 02:08:04+00:00,The President has been steady on the issues: http://t.co/5QxYhEtW,201,,False
264478017844285441,2012-11-02 21:24:07+00:00,GOTV weekend is here—sign up for your canvassing shift and bring a few friends with you: http://t.co/Qmkg0RBk,123,,False
264447791764500480,2012-11-02 19:24:01+00:00,President Obama knows that a good teacher can change a student’s life—take a look at his record on education: http://t.co/2KYfjFT3,228,,False
264415865057996803,2012-11-02 17:17:10+00:00,Kids always seem to know: http://t.co/QAq9NegL,1017,,False
264401683759652864,2012-11-02 16:20:48+00:00,Read Mrs. Robinson’s full message at @TheGrio: http://t.co/2Meashgb,161,,False
264400658961154049,2012-11-02 16:16:44+00:00,"A note from First Grandma Marian Robinson: ""We’ve got to work our hearts out to help make this country better for our kids and grandkids.""",218,,False
264149128290897920,2012-11-01 23:37:14+00:00,Take your kids to the polls—there's no better way to set an example for the next generation of Americans: http://t.co/5BsGeVFY #KidsVote,271,,False
264126235687407616,2012-11-01 22:06:16+00:00,"Find out where President Obama stands on the issues that matter to you—and share this link so your friends know, too: http://t.co/aRB3ICu2",150,,False
264100946559266816,2012-11-01 20:25:47+00:00,Don’t sit on the sidelines—a message from Maya Angelou: http://t.co/e6GmI3bz,396,,False
264081584569856000,2012-11-01 19:08:50+00:00,"This time next week, we’ll know who the next President will be. Will you have done everything you could have? http://t.co/jKh98yT7",159,,False
264058260888367104,2012-11-01 17:36:10+00:00,"This election is going to be over before we know it—no do-overs, no extensions. Help us finish strong: http://t.co/ppJNdmr4 #Forward2012",171,,False
264038959502475264,2012-11-01 16:19:28+00:00,"I’ll be in the Sunshine State today, where folks have two days left to early vote! Have you made your voice heard? http://t.co/KsN8lkYa –mo",142,,False
263834711711956992,2012-11-01 02:47:51+00:00,"First Lady: ""That’s what this election is about. It’s a choice about the America we want to leave for our kids and our grandkids.""",231,,False
263770122655776768,2012-10-31 22:31:12+00:00,One more reason why this election matters: http://t.co/Mqn7lTrL,966,,False
263708016518500353,2012-10-31 18:24:25+00:00,Voting can be a family affair—check out @RedbookMag’s Take Your Child to Vote campaign: http://t.co/5BsGeVFY  #KidsVote,121,,False
263691386371596289,2012-10-31 17:18:20+00:00,Can you canvass this weekend? It’s our last chance to get out the vote: http://t.co/c4PbSDE3,126,,False
263448462245363712,2012-10-31 01:13:03+00:00,"The First Lady made a few calls for Barack  from Chicago today—can you pick up a shift? http://t.co/WRX8SEWs, http://t.co/RckMWjpx",702,,False
263443017325764608,2012-10-31 00:51:24+00:00,"One week to go! Vote early if you can, and if you can’t, make a plan: http://t.co/DzV4GS2j –mo",165,,False
263308646535012353,2012-10-30 15:57:28+00:00,"If you’re looking for a way to support storm relief efforts, please consider donating to the American Red Cross: http://t.co/qj2jgVWZ. –mo",210,,False
263308433669910528,2012-10-30 15:56:37+00:00,"To everyone affected by the hurricane, Barack and my thoughts continue to be with you and your families today, and please stay safe. –mo",387,,False
263079034852896770,2012-10-30 00:45:04+00:00,"""Barack and I are so proud of the work our volunteers are doing, but the key is going to be to turn our people out."" http://t.co/EHb8wyhZ",168,,False
263022398142550018,2012-10-29 21:00:01+00:00,"Our thoughts and prayers are with everyone affected by Hurricane Sandy. In times of crisis, we pull together as one American family. –mo",644,,False
262980205461782528,2012-10-29 18:12:21+00:00,"RT @BarackObama: If you're on the Eastern seaboard, please make sure to follow the instructions of your state and local officials today. ...",0,,False
262972239157293057,2012-10-29 17:40:42+00:00,Voting early means you can spend Election Day helping other people get to the polls—get the details for your state: http://t.co/eveX5qPF,143,,False
262968676519645184,2012-10-29 17:26:32+00:00,A message from the First Lady: Vote early—then get out there on Election Day and help other people get to the polls. http://t.co/aBXZDMf8,264,,False
262897995090100224,2012-10-29 12:45:41+00:00,"If you just read the First Lady’s @PopSugar post and want to learn more about Stacey Lihn, this is her family's story: http://t.co/glnzK9Hl",121,,False
262894238386249729,2012-10-29 12:30:45+00:00,"""No family should have to choose between caring for a sick child or going bankrupt."" Read the First Lady's new post: http://t.co/GDArCYTe",410,,False
262671487880810500,2012-10-28 21:45:37+00:00,"If this is what the President can do in 4 years, imagine what he can do in twice the time: http://t.co/ce2SASFN",282,,False
262655737543667712,2012-10-28 20:43:02+00:00,"If you want the latest on how you can help build this campaign at a local level, check out Dashboard: http://t.co/YPfQ9peu",95,,False
262634524305928193,2012-10-28 19:18:44+00:00,Call a few folks in key states—it’s a great way to do your part before Election Day. http://t.co/Ig7B0zjj,99,,False
262374780035035136,2012-10-28 02:06:36+00:00,This campaign is in the palm of your hand. Give $10 to Obama for America by texting GIVE to 62262. http://t.co/YNEDn1X0. 6 msgs/mth.,111,,False
262261075158904833,2012-10-27 18:34:47+00:00,"Thanks to Obamacare, insurance companies will no longer be able to charge women more than men for the same plan. http://t.co/SwOYnTR3",358,,False
261953999564070912,2012-10-26 22:14:35+00:00,RT @BarackObama: Eric has a story that you need to hear: http://t.co/eCo8FFs8,0,,False
261949372487565314,2012-10-26 21:56:11+00:00,Happy birthday to one of the most inspirational and fearless women I know: Hillary Clinton. –mo,878,,False
261924242986266624,2012-10-26 20:16:20+00:00,"In case you missed it, catch the First Lady’s appearance on @JimmyKimmel: http://t.co/1pLCPwPl",146,,False
261909309217189888,2012-10-26 19:17:00+00:00,"RT @OFA_NV: Nevada, show we have President Obama’s back by committing to get out the vote this weekend. Sign up here: http://t.co/XpkE77 ...",0,,False
261872073658466304,2012-10-26 16:49:02+00:00,Find out how the President’s health care plan benefits you and your family: http://t.co/cAw7uwE1,127,,False
261845855076749314,2012-10-26 15:04:51+00:00,"Good morning, Nevada! Follow @OFA_NV for updates on the First Lady’s visit today.",102,,False
261637569052303360,2012-10-26 01:17:12+00:00,President Obama stands up for middle-class families. Stand up for him by getting involved at your local field office: http://t.co/hMXZsPBu,170,,False
261592327804571648,2012-10-25 22:17:25+00:00,Go for that extra cup of coffee today—the First Lady’s on with @JimmyKimmel at 12am ET tonight!,149,,False
261532709090902016,2012-10-25 18:20:31+00:00,"Find out where President Obama stands on the issues that matter to you—and share this link so your friends know, too: http://t.co/Jq3cObjw",108,,False
261495099001806848,2012-10-25 15:51:04+00:00,Hello from the campaign trail—the First Lady starts a conversation on @CafeMom: http://t.co/chsYYLL2,108,,False
261472867928129537,2012-10-25 14:22:44+00:00,.@AliciaKeys is this week’s guest editor at @iVillage. The First Lady on why Alicia is such a powerful voice for women: http://t.co/ts0y8ClR,226,,False
261279010535911425,2012-10-25 01:32:25+00:00,The First Lady: “I’m feeling pretty fired up and ready to go myself because … I voted for my husband yesterday!!” http://t.co/Th3nmrIS,327,,False
261161860684988419,2012-10-24 17:46:54+00:00,"Women will decide this election, and all our friends need to know what’s at stake before they vote. Watch and share: http://t.co/m1d7danK",220,,False
261141514539921408,2012-10-24 16:26:03+00:00,We’re only 13 days away from Election Day. It just takes one person to make a big difference: http://t.co/7iBZYmaX,149,,False
260892725078007810,2012-10-23 23:57:27+00:00,"You can help get out the vote, right from your phone—make a few calls for Barack: http://t.co/hcblfwSs",107,,False
260868871261650944,2012-10-23 22:22:40+00:00,"RT if you agree: Fair pay isn’t a women’s issue, it’s a family issue. http://t.co/Mez7I0eX",598,,False
260841405050679297,2012-10-23 20:33:31+00:00,To all the amazing volunteers out there in these last two weeks: Thank you for having Barack's back. –mo,228,,False
260820471073886208,2012-10-23 19:10:21+00:00,"Florida: Thank you for a great day yesterday, from start to finish: http://t.co/ViS8p327",500,,False
260797594459058176,2012-10-23 17:39:26+00:00,The First Lady talks about what’s at stake this fall—and how you can help @BarackObama win: http://t.co/DImnIa0w,112,,False
260773696837394432,2012-10-23 16:04:29+00:00,RT if you’re #ProudOfObama: The President’s steady leadership has made us stronger and safer. http://t.co/9vWy1nwJ,708,,False
260758638115827715,2012-10-23 15:04:38+00:00,Your vote is your voice—read the First Lady’s op-ed for @NewsOne: http://t.co/pZaDARe8,109,,False
260575473128583169,2012-10-23 02:56:48+00:00,"I am so proud of how Barack has represented us on the world stage for the past four years. Tonight he shined on the debate stage, too. –mo",1569,,False
260571664373395456,2012-10-23 02:41:40+00:00,Barack's steady leadership has made us stronger and safer than we were four years ago. That was clear tonight. –mo #ProudOfObama,1873,,False
260545837631950849,2012-10-23 00:59:03+00:00,"RT @BarackObama: “He did what he said he was going to do.” Eli and Seth, twin brothers and veterans, on why they support the President:  ...",0,,False
260542498131300354,2012-10-23 00:45:46+00:00,Watch tonight’s debate starting at 9pm ET to show your support for @BarackObama! http://t.co/dJRqUlWV,152,,False
260518590095183873,2012-10-22 23:10:46+00:00,"We’re getting fired up in Florida for tonight’s debate. Watch tonight, and then volunteer for #TeamBarack tomorrow. –mo",183,,False
260484508862795776,2012-10-22 20:55:21+00:00,Share the President’s plans to keep America moving in the right direction: http://t.co/SqVCnaz2 #Forward2012,110,,False
260452887677784064,2012-10-22 18:49:42+00:00,"Wisconsin and Colorado, the polls are now open. Don’t wait—support the President and vote early: http://t.co/Fpzw6Vg8",123,,False
260411800682639360,2012-10-22 16:06:26+00:00,The First Lady is headed to Florida today. Follow @OFA_FL for the latest—and tune in for tonight’s presidential debate in Boca Raton.,85,,False
259744673445318656,2012-10-20 19:55:30+00:00,Volunteer with your local field office this weekend—and bring a buddy: http://t.co/PuRhj5RX,81,,False
259694699814731777,2012-10-20 16:36:55+00:00,"The polls open today in Nevada. If you’re ready to keep this country moving forward, pick up a friend and cast your ballot early. –mo",186,,False
259411357999435776,2012-10-19 21:51:02+00:00,Barack is putting higher education within reach for millions more Americans by doubling funding for Pell Grants. http://t.co/lVEHmelQ,218,,False
259358432430260224,2012-10-19 18:20:43+00:00,"Thanks to Obamacare, insurance companies will no longer be able to charge women more than men for the same plan. http://t.co/hEQKW2Hs",228,,False
259321395815796738,2012-10-19 15:53:33+00:00,"Hello, Wisconsin! Send your photos to @OFA_WI if you’re attending the First Lady’s events today.",71,,False
259090417411301376,2012-10-19 00:35:43+00:00,President Obama stands up for middle-class families. Stand up for him by getting involved at your local field office: http://t.co/QPIDLQN5,140,,False
259073302222495744,2012-10-18 23:27:43+00:00,"RT @BarackObama: Forward, not back: http://t.co/GIXS4GBL, http://t.co/DGB6axFN",0,,False
259056417082855424,2012-10-18 22:20:37+00:00,"Find out where President Obama stands on the issues that matter to you—and share this link so your friends do, too: http://t.co/7R7w1CWj",113,,False
259041623646797824,2012-10-18 21:21:50+00:00,The First Lady talks about what’s at stake in this election—and how you can help: http://t.co/DImnIa0w #Forward2012,188,,False
259024479504695297,2012-10-18 20:13:43+00:00,Connect with the First Lady on Pinterest and help get out the vote. Check out the details from @BabbleEditors: http://t.co/WeiMAj1N,84,,False
259010615417372673,2012-10-18 19:18:37+00:00,RT @OFA_NV: 44 hours until #EarlyVoteNV begins in Nevada for @BarackObama the 44th President. Find your location: http://t.co/5Ii2qsgz # ...,0,,False
258995661251436544,2012-10-18 18:19:12+00:00,The organizing tip that you should put to good use this weekend: http://t.co/FtyWK3Hj,64,,False
258964097767448576,2012-10-18 16:13:46+00:00,"North Carolina, starting today you can make your voice heard in this election. If you’ve got Barack’s back, vote early today. –mo",133,,False
258712378965913600,2012-10-17 23:33:33+00:00,"The First Lady in NC yesterday: If you live in an early vote state, don't wait to cast a ballot. http://t.co/RbOHKASA, http://t.co/id7ZlatE",221,,False
258700348246589440,2012-10-17 22:45:44+00:00,Who inspires the First Lady on the campaign trail? Daughters Malia and Sasha. http://t.co/VKzCRBe3 via @ivillage,148,,False
258689635646070784,2012-10-17 22:03:10+00:00,We’re 20 days away from Election Day. It just takes one person to make a big difference: http://t.co/EKm0Nx7D –mo,120,,False
258673424627552256,2012-10-17 20:58:45+00:00,A photo that makes us smile: http://t.co/dPUCB5gS,625,,False
258646223769186304,2012-10-17 19:10:39+00:00,"If you want the latest information on how you can help this campaign at a local level, you need to be on Dashboard: http://t.co/STq9CTWQ",62,,False
258637411263868928,2012-10-17 18:35:38+00:00,Head over to @iVillage for a special message from the First Lady: http://t.co/gOeYDD2v,61,,False
258626281502027776,2012-10-17 17:51:25+00:00,A word from the Grandma-in-Chief on supporting President Obama: http://t.co/1fDqiFrO via @EssenceMag,98,,False
258588212992282624,2012-10-17 15:20:08+00:00,"RT @BarackObama: ""I've got two daughters and I want to make sure that they have the same opportunities that anybody's sons have."" http:/ ...",0,,False
258408191833038848,2012-10-17 03:24:48+00:00,"RT @BarackObama: If you're on #TeamBarack, pitch in $10 now to help win this thing: http://t.co/e6pnchut, http://t.co/KXmrKtpd",0,,False
258405339567906816,2012-10-17 03:13:28+00:00,I'm so proud of my husband tonight. Let's have his back as he has had ours. –mo #TeamBarack,2840,,False
258397555266822144,2012-10-17 02:42:32+00:00,"Tonight Barack showed, as he has every day as president, that he’ll fight to ensure everyone has a fair shot at the American Dream. –mo",3253,,False
258368170996408321,2012-10-17 00:45:46+00:00,Tonight’s debate livestream starts at 9 PM ET. Tune in to show your support for @BarackObama! http://t.co/TrOnM5Nf,124,,False
258314662649679872,2012-10-16 21:13:09+00:00,"I’m in because @BarackObama is strong, honest, and he’s always got your back. RT if you’re fired up to see him tonight. –mo #Debate2012",468,,False
258292925497229313,2012-10-16 19:46:46+00:00,"RT @Students4Obama: ""We want young people to get in the habit of being actively involved in the democratic process.""—@MichelleObama http ...",0,,False
258285171198001152,2012-10-16 19:15:58+00:00,"Affordable education is a major part of the President’s plan to keep America moving forward: http://t.co/4K0Im7Z1, http://t.co/kl4vBcc7",261,,False
258255560808472576,2012-10-16 17:18:19+00:00,"Thanks for a great day yesterday, @OFA_OH! http://t.co/6T2MAquk",217,,False
258243015108337665,2012-10-16 16:28:27+00:00,"Good morning, Tarheels! Follow @OFA_NC for updates on the First Lady’s visit today.",69,,False
258230906752487424,2012-10-16 15:40:20+00:00,"Yesterday, I did the most important thing I can do to support @BarackObama – I voted. Now it’s your turn: http://t.co/hrLao2aT  –mo",132,,False
258025932823068673,2012-10-16 02:05:50+00:00,The First Lady sits down with @ExtraTV to talk about about why she’s so proud of the President: http://t.co/Am8ZQwQI,78,,False
258017980053594113,2012-10-16 01:34:14+00:00,RT @aishatyler: President Obama is fighting #ForAll women. Make your voice heard: #WomenDecide2012 http://t.co/BJFJWh9I,0,,False
258011806260400129,2012-10-16 01:09:42+00:00,"What a great Monday – this morning I voted for @BarackObama, and this afternoon I was with @OFA_OH! –mo",186,,False
257970377777639424,2012-10-15 22:25:05+00:00,Share the President’s plan to keep America moving in the right direction: http://t.co/RLW1hubQ #Forward2012,70,,False
257908345342656513,2012-10-15 18:18:35+00:00,Virginia: Today's your last day to register to vote. Take 5 minutes to do it now: http://t.co/okQgQo6q,50,,False
257890557421056000,2012-10-15 17:07:55+00:00,"The First Lady just cast her 2012 ballot! Find out if you can vote early too: http://t.co/KCjxpV2U, http://t.co/ArtmCgr2",619,,False
257890221545369600,2012-10-15 17:06:34+00:00,"Hey, @BarackObama, I just dropped my absentee ballot in the mail – I couldn’t wait for Election Day! Love you! –mo",1487,,False
257633289051979776,2012-10-15 00:05:37+00:00,North Carolina: The First Lady is coming to visit on Tuesday. RSVP to see her in Chapel Hill: http://t.co/i4cWDVOp,80,,False
257605700077903872,2012-10-14 22:15:59+00:00,PopSugar follows the First Lady to Virginia on the campaign trail: http://t.co/5QL0iqQL,59,,False
257221093432127488,2012-10-13 20:47:42+00:00,A photo that makes us smile: http://t.co/AHBp0VCD,560,,False
257176613437984768,2012-10-13 17:50:57+00:00,"If you’re in for four more years, sign up here: http://t.co/iTFvKaOh",81,,False
256902885420441600,2012-10-12 23:43:16+00:00,"Obamacare has expanded access to breast cancer screenings, helping patients and survivors get the care they need. http://t.co/tQTdOT27",330,,False
256873739080327168,2012-10-12 21:47:26+00:00,It could be one phone call or one conversation that makes the difference. Get involved: http://t.co/dwHGf1SX #ItTakesOne,56,,False
256813494832332800,2012-10-12 17:48:03+00:00,A photo that makes us smile: http://t.co/5pCcK7YC,317,,False
256462456740777984,2012-10-11 18:33:09+00:00,A powerful story from @JoeBiden’s trip to Florida: http://t.co/BmVtw3bz,71,,False
256169259162537984,2012-10-10 23:08:06+00:00,"First Lady Michelle Obama: “Don’t let anyone tell you any differently—elections are always about hope."" http://t.co/YqHishcl",639,,False
256092169486614529,2012-10-10 18:01:45+00:00,Alfre Woodard and @AishaTyler each share why voting is so personally important to them: http://t.co/sovKxpAo,53,,False
256072196965941248,2012-10-10 16:42:24+00:00,It’s up to you—whether you vote could help decide this election: http://t.co/m1rBlDld,138,,False
255843197996105731,2012-10-10 01:32:26+00:00,The vice presidential debate is on Thursday night—tune in and show your support for @JoeBiden!,135,,False
255778404232728578,2012-10-09 21:14:58+00:00,The Obamas on Bo's birthday: http://t.co/4q7zI2AF,146,,False
255719824393646080,2012-10-09 17:22:11+00:00,It’s a big 4th birthday for Bo! He’s getting some extra treats today. –mo,326,,False
255695350411718656,2012-10-09 15:44:56+00:00,"RT @BarackObama: 28 days 'til Election Day, but today's the voter registration deadline in many states. Fill out your form &amp; mail it ...",0,,False
255686524442652672,2012-10-09 15:09:52+00:00,"OH, FL, NM, PA, CO: It's the last day to register to vote. Take me up on this challenge—register one more voter by tonight. –mo",91,,False
255486563658657793,2012-10-09 01:55:18+00:00,"A message from Michelle: Before you can vote for Barack, you need to be registered. http://t.co/JCKfYEpi #RegToVote",80,,False
255451539752239104,2012-10-08 23:36:08+00:00,"Someone has a birthday tomorrow, and his brother Cappie is ready to celebrate: http://t.co/yvp9WVoJ",622,,False
255436192022134785,2012-10-08 22:35:09+00:00,"Express yourself—vote: http://t.co/edExjckI, http://t.co/qH00TyOV",289,,False
255375591942017024,2012-10-08 18:34:20+00:00,Read up on the President’s plan to keep America moving in the right direction: http://t.co/pZqISLZH #Forward2012,71,,False
255349332419682306,2012-10-08 16:49:59+00:00,"Tomorrow is the voter registration deadline in CO, FL, OH, NM, and PA. Take 5 minutes to make sure you're good to go: http://t.co/BNuthylS",103,,False
254995070942601218,2012-10-07 17:22:17+00:00,"Eight years ago, we paid off the last of our student loans. Now Barack’s working to make education more affordable for today’s students. –mo",1117,,False
254628531101908992,2012-10-06 17:05:47+00:00,The First Lady’s full interview with @WomensHealthMag: http://t.co/iUWkvada,95,,False
254598333300084736,2012-10-06 15:05:47+00:00,We have just a few weeks before all the votes are counted. Your help will go farther now than a week from now: http://t.co/gLjBknD5,60,,False
254371778233778176,2012-10-06 00:05:32+00:00,"If you’re looking for an easy way to get your friends registered to vote, this is it. Spread the word: http://t.co/NqkrXwC2 #RegToVote",109,,False
254359820176609280,2012-10-05 23:18:01+00:00,Great day in Reno with @OFA_NV yesterday: http://t.co/wg6ge5t7,189,,False
254347081769181184,2012-10-05 22:27:24+00:00,"""We owe it to our daughters—and our sons—to make sure we keep fighting for the world we want to leave for them."" http://t.co/OT18YgwA",207,,False
254305113156513793,2012-10-05 19:40:38+00:00,A photo that makes us smile: http://t.co/jCsLpi1H,454,,False
254241348574658561,2012-10-05 15:27:15+00:00,Young people have so much at stake in this election—that’s why so many have gotten involved through @Students4Obama. #FF,108,,False
254024815567044608,2012-10-05 01:06:50+00:00,The First Lady joined @BlogHer from Denver—read her post from the trail: http://t.co/C2ccpJ6p,80,,False
253947987628285952,2012-10-04 20:01:33+00:00,The First Lady’s conversation with @PopSugar on the economy: http://t.co/RbOh5wIL,77,,False
253924666517909504,2012-10-04 18:28:52+00:00,33 days. Let’s make the most of them: http://t.co/EAxLiyLa #ItTakesOne,76,,False
253889820580003841,2012-10-04 16:10:25+00:00,This is how Barack is going to keep fighting for our country: http://t.co/3K5jB4Wz,354,,False
253848983468912640,2012-10-04 13:28:08+00:00,Check out the First Lady's @BlogHer post from Denver for her thoughts on the debate and the choice we face this fall: http://t.co/vN5WWYwM,97,,False
253685170060808192,2012-10-04 02:37:12+00:00,I simply couldn’t be prouder of my husband tonight. –mo,5181,,False
253646988392939520,2012-10-04 00:05:29+00:00,Be sure to tune into tonight’s first presidential debate at 9pm ET—and follow along for live coverage here: http://t.co/G2oTvmmO,117,,False
253646938707222528,2012-10-04 00:05:17+00:00,Big day in Ohio yesterday: http://t.co/YCVOGos0,70,,False
253611231330582529,2012-10-03 21:43:24+00:00,"""If President Obama has had only one message, it has always been hope.""—Evans from @OFA_NV: http://t.co/x6zdJ6Jx",116,,False
253581791359823873,2012-10-03 19:46:25+00:00,Thanks to everyone who voted early for @BarackObama in Ohio yesterday. Great first day—let’s keep it going! –mo,332,,False
253578001890033665,2012-10-03 19:31:21+00:00,Barack and Michelle on their 20 years of marriage: http://t.co/wgGtpRGz,295,,False
253560343752761346,2012-10-03 18:21:11+00:00,"RT @BarackObama: Twenty years ago today, I married the love of my life and my best friend. Happy anniversary, Michelle. -bo",0,,False
253547763743199232,2012-10-03 17:31:12+00:00,Today is the Obamas’ 20th wedding anniversary. Help them celebrate by signing this card: http://t.co/X8gM0cXn,130,,False
253532423315394560,2012-10-03 16:30:14+00:00,The First Lady had a great visit with @IAmSteveHarvey last week—don’t miss the interview: http://t.co/GlHembr5,63,,False
253502935114330114,2012-10-03 14:33:04+00:00,"Happy 20th anniversary, Barack. Thank you for being an incredible partner, friend, and father every day. I love you! –mo",3684,,False
253307109750501376,2012-10-03 01:34:55+00:00,"The @FamilyCircle cookie contest was a lot of fun, so thanks to those who voted. Such a close race proves that every vote counts! –mo",71,,False
253296697130770432,2012-10-03 00:53:33+00:00,Get Barack’s back in tomorrow night's debate—join a watch party in your neighborhood: http://t.co/S3uRn9qY,73,,False
253257282454953985,2012-10-02 22:16:56+00:00,Barns for Obama: http://t.co/CHvWwsxH,62,,False
253218834130026498,2012-10-02 19:44:09+00:00,"Cincinnati’s fired up today, and so are we. O-H-I-O! –mo",152,,False
253179948938977280,2012-10-02 17:09:38+00:00,"RT @BarackObama: Elections do have consequences. For Ian, it was getting his dad back. http://t.co/CsMMNT2Q",0,,False
253163061224030209,2012-10-02 16:02:31+00:00,"The First Lady is in Cincy today—follow @OFA_OH for the latest, then go early vote!",47,,False
253120912591822848,2012-10-02 13:15:02+00:00,"Early voting starts today in Ohio, so make sure to cast your ballot—and bring a friend! http://t.co/mgceeiPm –mo",161,,False
252947914308071424,2012-10-02 01:47:36+00:00,"If you’ve got Barack’s back, your ballot is the best place to show it. Be ready: http://t.co/qsKTzhXb",105,,False
252901256895528960,2012-10-01 22:42:13+00:00,Use your voice: http://t.co/0YdA7N6G,306,,False
252877723154911232,2012-10-01 21:08:42+00:00,"RT @OFA_NV: Reno, First Lady @MichelleObama will be here on Wed 10/3. Here's your chance to be front and center at the event: http://t.c ...",0,,False
252826730228760576,2012-10-01 17:46:04+00:00,The first debate is on Wednesday night—show your support for the President by attending a watch party: http://t.co/ox7TlE2O,61,,False
252548427186049024,2012-09-30 23:20:12+00:00,"64,889 grassroots donations to go by midnight. Let's hit that goal: http://t.co/1yvxGqKN http://t.co/VTgscUrD",136,,False
252487351006273536,2012-09-30 19:17:30+00:00,"""We want to give all of our children a foundation for their dreams.""—The First Lady in Wisconsin on Friday http://t.co/mpLqkQEk",229,,False
252460736687788032,2012-09-30 17:31:44+00:00,RT @BarackObama: We're facing a big FEC fundraising deadline tonight—and your donation will go further now than it will next week: http: ...,0,,False
252135968348438528,2012-09-29 20:01:13+00:00,We have just over a month before all the votes are counted. Your help makes a big difference: http://t.co/0l2YUvxq,58,,False
252105995231318016,2012-09-29 18:02:07+00:00,Have a couple hours free this weekend? Join a Weekend of Action event in your community: http://t.co/qwIzFgCN,38,,False
252075640340246529,2012-09-29 16:01:30+00:00,This campaign is coming up on a huge fundraising deadline. Pitch in what you can for the final stretch: http://t.co/49HGL8oj,39,,False
251843040757567488,2012-09-29 00:37:14+00:00,"Barack has spent the last four years fighting for us. In Iowa and Wisconsin today, I saw thousands of people fighting for him. 39 days. –mo",267,,False
251791012912037889,2012-09-28 21:10:30+00:00,"If you’ve got the time, we’ve got the mission—join the Vote Corps: http://t.co/bE0n1249",37,,False
251764869941035008,2012-09-28 19:26:37+00:00,The First Lady's in Iowa today—the state where it all started: http://t.co/cwfONmOR,47,,False
251760828217446400,2012-09-28 19:10:33+00:00,It could be one phone call or one conversation that makes the difference. Get involved: http://t.co/HeqQxwxc,47,,False
251729470468268033,2012-09-28 17:05:57+00:00,Make it a beautiful day in the neighborhood: http://t.co/M06mWq3j,59,,False
251699271965999105,2012-09-28 15:05:57+00:00,The First Lady is visiting two crucial Midwest states today. Follow @OFA_IA and @OFA_WI for details.,36,,False
251448820813160448,2012-09-27 22:30:45+00:00,This weekend’s fundraising deadline is a big one. Pitch in $5 for the final stretch: http://t.co/a4P6kc6S,31,,False
251418643026563072,2012-09-27 20:30:50+00:00,One person can make a difference—and it starts with you: http://t.co/If2k5Zqw #ItTakesOne,64,,False
251402888197312512,2012-09-27 19:28:14+00:00,It's so nice to be back in Chicago. Looking forward to catching up with @IAmSteveHarvey this afternoon! –mo,79,,False
251373378143911936,2012-09-27 17:30:58+00:00,This weekend is an important weekend of action. Grab a friend and head to your local field office: http://t.co/Egd4cDlu,34,,False
251338547557195776,2012-09-27 15:12:34+00:00,"Iowa, early voting starts today. You started it all four years ago, and Barack is counting on you again now. –mo",236,,False
251157242303352832,2012-09-27 03:12:07+00:00,Courtesy of a couple up-and-coming political reporters: http://t.co/QatDMfgC,62,,False
251119084282994688,2012-09-27 00:40:29+00:00,"@TheEllenShow What did you say? You sounded a little out of breath. And next time, it’s sit-ups. –mo",279,TheEllenShow,False
251093655006371840,2012-09-26 22:59:27+00:00,I hear @TheEllenShow is still sore about losing our pushup contest. What would have happened if I’d tried?  -mo,499,,False
251075585743392768,2012-09-26 21:47:39+00:00,You get one ballot—put it to good use: http://t.co/8u23uGIW,64,,False
251038453037400064,2012-09-26 19:20:06+00:00,A photo that makes us smile: http://t.co/S50T4SFT,419,,False
250991878433030146,2012-09-26 16:15:01+00:00,Please RT: Your vote is your voice—make sure everyone you know is registered. http://t.co/CHe3edL0,63,,False
250745597315936257,2012-09-25 23:56:23+00:00,"Dial this campaign up a notch, from anywhere. Make a few calls for the President: http://t.co/sJF4VDYO",51,,False
250710108605128704,2012-09-25 21:35:22+00:00,"The Obamas' visit to The View aired today, and you don’t want to miss it: http://t.co/jqt7SNI4",181,,False
250684712522219520,2012-09-25 19:54:27+00:00,"If you’re looking for an easy way to get your friends registered to vote, this is it. Spread the word: http://t.co/ttzMyI3M #RegToVote",60,,False
250648210236903424,2012-09-25 17:29:24+00:00,This is how we work: http://t.co/iszVsaKR,65,,False
250624235301638144,2012-09-25 15:54:08+00:00,"It’s National Voter Registration Day.  Register today and make sure your friends do, too: http://t.co/7ByNNIue –mo",228,,False
250375230923616256,2012-09-24 23:24:41+00:00,"If you’ve got Barack’s back, your ballot is the best place to show it. Be ready: http://t.co/JGCCIYv2",99,,False
250363199570984961,2012-09-24 22:36:52+00:00,We can always count on The View for a great conversation! Thanks for having us. –mo,102,,False
250312413759565824,2012-09-24 19:15:04+00:00,"With 43 days until the election, make every single one count. Sign up for Dashboard to get started: http://t.co/h7cfcia1",48,,False
250282441368031233,2012-09-24 17:15:58+00:00,Ashley Judd is speaking up for her choice in this election: http://t.co/snf3LsiD,53,,False
250268120730718208,2012-09-24 16:19:04+00:00,Tune into @TheViewTV tomorrow—the Obamas are making their first joint appearance: http://t.co/4vZP56xY,69,,False
250029631707693058,2012-09-24 00:31:24+00:00,"We have 44 days to re-elect our 44th President. If you’re in for four more years, sign up to volunteer: http://t.co/detlEwhr –mo",131,,False
249614379522326529,2012-09-22 21:01:20+00:00,Already registered to vote? Great—now commit to making your voice heard: http://t.co/vYaTBCM0,61,,False
249585853771444225,2012-09-22 19:07:59+00:00,There's a lot at stake this November and every voter we reach makes a difference. Register voters in your community: http://t.co/jITZSsp5,69,,False
249555068859330560,2012-09-22 17:05:39+00:00,Volunteering is a great way to get to know your neighbors while stepping up for your country: http://t.co/TpzmQ9ML #ItTakesOne,64,,False
249544129128828928,2012-09-22 16:22:12+00:00,"If anyone needs a canvassing partner, Bo is always up for a walk! http://t.co/FhxEpTwB",419,,False
249308289769304064,2012-09-22 00:45:03+00:00,Dare you not to smile: http://t.co/CnlWjBQ2,1096,,False
249286799040577536,2012-09-21 23:19:39+00:00,$10 goes a long way. It will also get you the car magnet of your choice: http://t.co/26Nfd37d,56,,False
249202529286627329,2012-09-21 17:44:47+00:00,Today’s #FF is @Students4Obama. Young people have a lot at stake in this election and they are working hard to re-elect the President.,60,,False
248892367573245952,2012-09-20 21:12:19+00:00,Great day in North Carolina yesterday: http://t.co/y0gee99Y,352,,False
248878693416570880,2012-09-20 20:17:59+00:00,"Are you fired up? Are you ready to go? If not, this will help: http://t.co/egyjdlDb",86,,False
248830413613719552,2012-09-20 17:06:08+00:00,One person can make a difference—and it starts with you: http://t.co/OuDDEYrc #ItTakesOne,72,,False
248808941151215617,2012-09-20 15:40:48+00:00,"DADT was repealed one year ago today. Our country is stronger, freer, and fairer because of it. Just one more way we’re moving forward.  —mo",473,,False
248610206525816833,2012-09-20 02:31:06+00:00,I met some exceptional college students in North Carolina today. You all are our future and we're going to keep fighting for you. –mo,359,,False
248567977308463105,2012-09-19 23:43:18+00:00,"We can’t turn back now, we’ve come so far—but we have so much more to do. Say you’re in: http://t.co/NUcRipI5",75,,False
248553390039257089,2012-09-19 22:45:20+00:00,"RT @OFA_NC: .@MichelleObama: ""Let me ask you one last thing: Are you ready for this? Are you fired up? Are you ready to go?"" Our answer: YES",0,,False
248532295835844608,2012-09-19 21:21:31+00:00,Please RT: Your vote is your voice – make sure everyone you know is registered. http://t.co/LQ3hVJVw,56,,False
248523944515207168,2012-09-19 20:48:20+00:00,"Happy Birthday, @JimmyFallon! I forgot to get you a birthday present, but we could always do a sack race instead. –mo",234,,False
248459317777416192,2012-09-19 16:31:32+00:00,The First Lady is joining grassroots supporters in North Carolina today. Follow @OFA_NC for the latest.,41,,False
248251186514386944,2012-09-19 02:44:29+00:00,These are the letters that keep @BarackObama moving forward every day. Hope you’ll watch Gloria’s story here: http://t.co/lkq3bDjx –mo,93,,False
248214286319636481,2012-09-19 00:17:52+00:00,A photo that makes us smile (widely): http://t.co/LR4CxaeT,898,,False
248204788502786048,2012-09-18 23:40:07+00:00,It’s been over two weeks since the First Lady spoke at #DNC2012 and we’re still fired up: http://t.co/svaBdaR2,69,,False
248156053404000256,2012-09-18 20:26:29+00:00,"The First Lady had the Gator chomp down in Gainesville, Florida yesterday: http://t.co/IciSNFz4",191,,False
248144506761920512,2012-09-18 19:40:35+00:00,A few minutes is all it takes to make a difference—make a few calls for the President: http://t.co/r5yA42ki,58,,False
248134745312067584,2012-09-18 19:01:48+00:00,RT @OFA_FL: One of our favorite photos from the First Lady's visit to #Florida today: http://t.co/mQfsqeCv,0,,False
248118774094508032,2012-09-18 17:58:20+00:00,Three days in Charlotte: http://t.co/5X3sjHin,39,,False
248102508722024448,2012-09-18 16:53:42+00:00,"Women for Obama are making a difference in this election. Join them: http://t.co/7zd8B4EE, http://t.co/xQSqOjbn",174,,False
247846209237180416,2012-09-17 23:55:15+00:00,Thank you to all of the incredible folks working hard in Florida—it was great to see so many new faces with @OFA_FL today! –mo,103,,False
247481108202139648,2012-09-16 23:44:28+00:00,RT @BarackObama: L'shana tova to everyone celebrating tonight. -bo,0,,False
247055028861419520,2012-09-15 19:31:23+00:00,"RT @OFA_VA: PHOTOS: First Lady @MichelleObama in Fredericksburg, Virginia. http://t.co/bMGFTo07 #ItTakesOne",0,,False
247029705948164096,2012-09-15 17:50:46+00:00,Only eight weekends left until Election Day. Make this one count: http://t.co/0OCJJpQA,91,,False
246759225773154304,2012-09-14 23:55:58+00:00,"It’s possible @TheEllenShow produced the cutest of the #DNC2012 recaps, thanks to correspondents Atticus and Rainer: http://t.co/AzpJP0yH",178,,False
246705891141902337,2012-09-14 20:24:03+00:00,You reach back: http://t.co/dayDtOWp,756,,False
246666678224699392,2012-09-14 17:48:13+00:00,Let everyone know you’re in for 2012—donate $10 now and we’ll send you your favorite magnet: http://t.co/hhjiY8Qk,46,,False
246435760054599680,2012-09-14 02:30:38+00:00,Midnight deadline: The President is heading to New York for an evening with Jay-Z and Beyoncé—be their guests. http://t.co/Rr9QecbE,85,,False
246407359390429184,2012-09-14 00:37:48+00:00,"RT if this is the America you believe in, too: http://t.co/lssK6bIV",367,,False
246396633175175168,2012-09-13 23:55:09+00:00,"It was great to be back in Virginia today. Thanks for your work to keep us moving forward, @OFA_VA! –mo",77,,False
246360594570158080,2012-09-13 21:31:57+00:00,"First Lady to @WomensHealthMag: ""Every woman has a voice, and voting is one of the most powerful ways to express it."" http://t.co/ZtSNGPXr",107,,False
246346584189722624,2012-09-13 20:36:18+00:00,"A photo that makes us smile, @OFA_VA edition: http://t.co/QQtEOqH2",151,,False
246332636459589632,2012-09-13 19:40:51+00:00,The First Lady dropped in for a chat – and a Dougie – with Dr. Oz. Watch here: http://t.co/JDjIjjdt,86,,False
246322743216336897,2012-09-13 19:01:33+00:00,RT @BarackObama: Jay-Z and Beyoncé will be meeting up with the President for an evening in NYC sometime soon—and you could join them: ht ...,0,,False
246294944967454720,2012-09-13 17:11:05+00:00,"A letter from the Obamas: Thank you, Charlotte. http://t.co/Ipegq5RP",149,,False
245545294371123200,2012-09-11 15:32:14+00:00,"As we reflect on those we lost 11 years ago, let’s honor their memories by serving our communities. –mo",291,,False
245264350967906304,2012-09-10 20:55:52+00:00,Registered to vote? Great—now commit to making your voice heard: http://t.co/XvHLPRuY,160,,False
245238830460960769,2012-09-10 19:14:28+00:00,Volunteers are the heart and soul of this campaign—thank you for an incredible weekend of action: http://t.co/TEM8WYaO,57,,False
245215308518936576,2012-09-10 17:41:01+00:00,"Be the first: Make sure you’re ready for early voting—get registered. http://t.co/E5j7S3Kg, http://t.co/tNF7j1bD",80,,False
244831346550263808,2012-09-09 16:15:17+00:00,Front row seats: http://t.co/S7V0s5L5,269,,False
244814276588617728,2012-09-09 15:07:26+00:00,"It’s Grandparents Day, and we’re so lucky to have one in the White House. Love you Mom. –mo",329,,False
244269379657805824,2012-09-08 03:02:13+00:00,"""At the end of the day, my most important title is still 'mom-in-chief.'""—First Lady Michelle Obama at #DNC2012 http://t.co/TSMpDvYL",340,,False
244254778178289664,2012-09-08 02:04:11+00:00,60 days until all the votes are counted—make sure yours is of them: http://t.co/yOQjHR72,111,,False
244136547853676544,2012-09-07 18:14:23+00:00,This campaign has a huge weekend of action this weekend—and you don't want to miss it: http://t.co/n09KP3nu,46,,False
244101316157263874,2012-09-07 15:54:23+00:00,"If you’re ready to let the world know that you’re in for 2012, donate $10 now: http://t.co/X2CBXmVa",51,,False
243909022594523136,2012-09-07 03:10:17+00:00,"If you’re ready to go, stand with the Obamas now: http://t.co/HyAhFZjY",236,,False
243893441820499968,2012-09-07 02:08:22+00:00,"If you’ve got Barack's back, pitch in tonight and help build an America that continues to invest in opportunity: http://t.co/W91eDAPx",91,,False
243875162536153091,2012-09-07 00:55:44+00:00,Tonight is Barack's speech - can’t wait to watch him! Join us and let’s keep moving this country forward. –mo,352,,False
243829705411788800,2012-09-06 21:55:06+00:00,"You guys had a question, @KalPenn asked it, and the First Lady answered. Pretty cool: http://t.co/iMHKiHDS",166,,False
243813642926161920,2012-09-06 20:51:16+00:00,Are you fired up for the President’s speech tonight? Make plans to put that energy in action—volunteer this weekend: http://t.co/fuex3oNS,89,,False
243747767023980544,2012-09-06 16:29:32+00:00,"This week, the First Lady laid out what’s really at stake this fall. RT if you’re stepping up: http://t.co/5o84lzvr, http://t.co/rvs2UdS8",180,,False
243733101635850241,2012-09-06 15:31:14+00:00,"I'm thrilled to spend some time today @DemConvention with Jill Biden—a military mom, an incredible teacher, and a great friend.  –mo",122,,False
243551070683541506,2012-09-06 03:27:54+00:00,Say you're in. We've got so much left to do. http://t.co/Il23Mkg8,233,,False
243521157188435968,2012-09-06 01:29:02+00:00,"Make your voice heard by making sure you, your family, and your friends are all registered to vote. Please RT! http://t.co/X8Pbo3Mi",145,,False
243517770476699648,2012-09-06 01:15:35+00:00,"""Being President doesn't change who you are, it reveals who you are.""—Michelle Obama  http://t.co/cnjkfvuH #DNC2012",322,,False
243499142893142016,2012-09-06 00:01:34+00:00,"The First Lady's story, as told by the people who know her best: http://t.co/fXdK7ePe #DNC2012",109,,False
243488096895791104,2012-09-05 23:17:40+00:00,"President Obama has revealed himself to be a man who cares about all Americans. If you’re with him, commit to vote: http://t.co/laZutrtc",113,,False
243480424851062784,2012-09-05 22:47:12+00:00,"Tell the world that you’ve got their backs: http://t.co/6yh903J7, http://t.co/7rQy6ohj",285,,False
243473832655073280,2012-09-05 22:20:59+00:00,A letter from a high school student that made us smile: http://t.co/y4E1rUQU,211,,False
243460467874480129,2012-09-05 21:27:53+00:00,"Michelle Obama: ""We must once again come together and stand together."" http://t.co/OurtIgVF #DNC2012",100,,False
243452678196326401,2012-09-05 20:56:56+00:00,"A great moment from the First Lady's #DNC2012 speech: ""Barack knows the American dream because he's lived it."" http://t.co/0Nw3Uwx1",132,,False
243415799413501952,2012-09-05 18:30:23+00:00,The First Lady on what this election is about—a better future for our kids: http://t.co/6W2iFVzd,73,,False
243405183885910016,2012-09-05 17:48:12+00:00,Every American deserves to be treated as an equal citizen—no matter who they love. Stand with the President: http://t.co/2oPCNTv1 #LGBT,367,,False
243381858396688384,2012-09-05 16:15:31+00:00,Just in case you missed the First Lady's speech last night (or need to watch it a few more times): http://t.co/9eYt4gOU,632,,False
243370625480134656,2012-09-05 15:30:53+00:00,"The First Lady joined the African American Caucus this morning at #DNC2012. We hope you'll join #AfAm2012, too: http://t.co/BUtNz9v0",36,,False
243359282161147904,2012-09-05 14:45:48+00:00,"If you're with the First Lady and you're ready to keep moving America forward, add your name here: http://t.co/wo7V7dEK",97,,False
243191708614029313,2012-09-05 03:39:56+00:00,RT @BarackObama: Michelle's biggest fans were watching from home: http://t.co/nOYmACPG,0,,False
243185163788488705,2012-09-05 03:13:55+00:00,Just one question at the end of an amazing night—are you in? http://t.co/lvUl7ocJ –mo,1574,,False
243183511375331329,2012-09-05 03:07:21+00:00,RT @Obama2012: FLOTUS: “We must once again come together and stand together for the man we can trust to keep moving this great country f ...,0,,False
243183011171012608,2012-09-05 03:05:22+00:00,"RT @Obama2012: “At the end of the day, my most important title is still ‘mom-in-chief.’ My daughters are the heart of my heart and the c ...",0,,False
243182557540278275,2012-09-05 03:03:34+00:00,"RT @Obama2012: .@MichelleObama: “More than anything else, that is the story of this country—the story of unwavering hope grounded in uny ...",0,,False
243181397181870080,2012-09-05 02:58:57+00:00,"RT @Obama2012: “I love that for Barack, there’s no such thing as us &amp; them—he doesn’t care whether you’re a Democrat, a Republican,  ...",0,,False
243181335882125314,2012-09-05 02:58:43+00:00,"RT @Obama2012: “Today, I love my husband even more than I did four years ago…even more than I did 23 years ago, when we first met.”—@Mic ...",0,,False
243180606551363584,2012-09-05 02:55:49+00:00,"RT @Obama2012: “When it comes to his character, his convictions &amp; his heart, Barack Obama is still the same man I fell in love with  ...",0,,False
243180352716279809,2012-09-05 02:54:48+00:00,RT @Obama2012: First Lady: “Barack knows the American Dream because he’s lived it; and he wants everyone in this country to have the sam ...,0,,False
243180250618531841,2012-09-05 02:54:24+00:00,"RT @Obama2012: FLOTUS: “For Barack, these issues aren’t political—they’re personal. Because Barack knows what it means when a family str ...",0,,False
243180122239270913,2012-09-05 02:53:53+00:00,"RT @Obama2012: “When we married, our combined monthly student loan bill was higher than our mortgage. We were so young, so in love, and  ...",0,,False
243179904571686912,2012-09-05 02:53:01+00:00,RT @Obama2012: .@MichelleObama on POTUS: “He believes that women are more than capable of making our own choices about our bodies and ou ...,0,,False
243179860833468416,2012-09-05 02:52:51+00:00,RT @Obama2012: First Lady on Obamacare: “He didn’t care whether it was the easy thing to do politically—he cared that it was the right t ...,0,,False
243179821046304769,2012-09-05 02:52:42+00:00,"RT @Obama2012: Michelle Obama: “Barack refused to listen to all those folks who told him to leave health reform for another day, another ...",0,,False
243179645158162432,2012-09-05 02:52:00+00:00,"RT @Obama2012: “When it comes to rebuilding our economy, Barack is thinking about folks like my dad and like his grandmother.”—First Lad ...",0,,False
243179319768264704,2012-09-05 02:50:42+00:00,RT @Obama2012: First Lady Michelle Obama: “I have seen firsthand that being president doesn’t change who you are—it reveals who you are.”,0,,False
243179118072582146,2012-09-05 02:49:54+00:00,RT @Obama2012: “How hard you work matters more than how much you make; helping others means more than just getting ahead yourself.”—Mich ...,0,,False
243178875062992896,2012-09-05 02:48:56+00:00,"RT @Obama2012: Michelle Obama: “If you work hard, you should be able to build a decent life for yourself &amp; an even better life for y ...",0,,False
243178208361598977,2012-09-05 02:46:17+00:00,RT @Obama2012: .@MichelleObama on her father: “He and my mother were determined to give me and my brother the kind of education they cou ...,0,,False
243177870141308929,2012-09-05 02:44:56+00:00,RT @Obama2012: “Barack &amp; I were raised by families who didn’t have much in the way of money but gave us something far more valuable: ...,0,,False
243177401138425856,2012-09-05 02:43:05+00:00,"RT @Obama2012: “Everywhere I’ve gone, in the people I’ve met, and the stories I’ve heard, I have seen the very best of the American spir ...",0,,False
243177041548161024,2012-09-05 02:41:39+00:00,"RT @Obama2012: .@MichelleObama: “Over the past few years as First Lady, I have had the extraordinary privilege of traveling all across t ...",0,,False
243176585606344704,2012-09-05 02:39:50+00:00,RT @BarackObama: Watch live: First Lady @MichelleObama speaks at #DNC2012 about the values that guide the President: http://t.co/d1VbmBCX,0,,False
243176294005755905,2012-09-05 02:38:41+00:00,"I'm honored to be introduced tonight by such an inspiring woman.  Thank you, Elaine—for your service and for your family’s. –mo",282,,False
243174580028588032,2012-09-05 02:31:52+00:00,RT @BarackObama: Get to know the woman the President calls “the best mom in the world”—First Lady @MichelleObama: http://t.co/9NIxKVgR,0,,False
243173925243215872,2012-09-05 02:29:16+00:00,Keep an eye on @Obama2012 for the full live-tweet of the First Lady’s #DNC2012 speech.,96,,False
243122852356829184,2012-09-04 23:06:19+00:00,A look back at what Michelle had to say about Barack four years ago: http://t.co/CztWMdJI,63,,False
243108610303983616,2012-09-04 22:09:44+00:00,Young people are at the heart of this campaign—join Young Americans for Obama today: http://t.co/nCPaMOWM,71,,False
243077472202149888,2012-09-04 20:06:00+00:00,RT @LatinosforObama: VIDEO: Estamos Unidos http://t.co/B4yNw6Qg #Latinos2012,0,,False
243034512559321090,2012-09-04 17:15:17+00:00,The First Lady takes the stage at #DNC2012 tonight at 10:30pm ET. See the full Tuesday line-up here: http://t.co/22SbXjjy,60,,False
243018188038733824,2012-09-04 16:10:25+00:00,"RT @Obama2012: ""This is about our mothers and our sisters and our daughters. That's what this is about.""—Sen. @AmyKlobuchar at the Women ...",0,,False
243002531326869506,2012-09-04 15:08:12+00:00,"I have so many incredible memories from the 2008 @DemConvention, and I'm excited to be here in Charlotte. Let's get fired up! –mo",158,,False
242798875046461440,2012-09-04 01:38:58+00:00,Hugs are a necessary part of convention prep with @KalPenn: http://t.co/byMjyjXl,202,,False
242789202134188033,2012-09-04 01:00:31+00:00,"RT @helloross: Yes, this just happened. My Mom's gonna freak. cc: @enews @michelleobama http://t.co/100Ukmam",0,,False
242760347524681728,2012-09-03 23:05:51+00:00,"It’s an exciting week for #Obama2012—the Democratic Convention kicks off in Charlotte, NC tomorrow! Follow @DemConvention for the latest.",91,,False
242740008350539776,2012-09-03 21:45:02+00:00,"Craig Robinson, the First Lady’s brother, reflects on how far we’ve come since the Democratic Convention in 2004: http://t.co/tGX27wlK",101,,False
242704864487018496,2012-09-03 19:25:23+00:00,"It’s the beginning of a new school year, and @iVillage has a few tips straight from the First Mom: http://t.co/gGVfugSY",42,,False
242659735046864897,2012-09-03 16:26:03+00:00,"Tomorrow starts a new school year for a lot of families, ours included. Have a great first day everybody! –mo",156,,False
242358321603043331,2012-09-02 20:28:21+00:00,"If you could ask the First Lady one question, what would it be? She’ll be answering a couple during the @DemConvention this week!",43,,False
241712947829821440,2012-09-01 01:43:52+00:00,"Tonight's fundraising deadline is one of the most important we'll face together. If you’ve got Barack’s back, pitch in: http://t.co/swuJyyeO",47,,False
241655531905884162,2012-08-31 21:55:43+00:00,This week’s #FF goes to @LatinosForObama—your excitement is incredibly powerful. Keep up the great work!,60,,False
241623004398882816,2012-08-31 19:46:28+00:00,David and Rose had dinner with Barack and Michelle—a double date to remember: http://t.co/mhOzEIzl,43,,False
241606667471556608,2012-08-31 18:41:33+00:00,Today is deadline day—one of the last of this campaign. Pitch in $5 to help make sure we keep moving forward: http://t.co/5KZd9paI,27,,False
241329536397094913,2012-08-31 00:20:19+00:00,"""The day after the election, I’ll definitely be able to say I did all I could to make this happen!” –Mary, @OFA_SD: http://t.co/UxfsyHgq",56,,False
241231911958237184,2012-08-30 17:52:24+00:00,Are you the kind of person who can talk to anyone? Pick up the phone and make a difference in this election: http://t.co/kbcgogsB,40,,False
241192987395227649,2012-08-30 15:17:44+00:00,RT @OFA_NV: Natalie Portman shares why she joined #Women2012 http://t.co/XTlGJ5fT,0,,False
240925512346787840,2012-08-29 21:34:52+00:00,"Summer may be coming to a close, but this campaign is heating up. RT if you’re in for four more years. #Obama2012",215,,False
240875349167185920,2012-08-29 18:15:33+00:00,"If you’re a part of this campaign, you have a story or two to tell. This is the place to share it: http://t.co/oVXOZE6L",40,,False
240631576306782208,2012-08-29 02:06:53+00:00,The First Lady visits David Letterman on the @Late_Show tomorrow night—don’t forget to tune in!,66,,False
240529337911226370,2012-08-28 19:20:37+00:00,Hear the First Lady tell the story of her family’s move to the White House: http://t.co/ZaHlFosU,78,,False
240256308606017536,2012-08-28 01:15:42+00:00,Join @LatinosforObama to help President Obama work toward a future where all kids have equal opportunities: http://t.co/tN1yMNqO,58,,False
240241823937871872,2012-08-28 00:18:08+00:00,Powerful motivation: our children’s futures. Add your name as a Parent for Obama today. http://t.co/0aUq8Gn6,44,,False
240161275592716288,2012-08-27 18:58:04+00:00,"Ivan’s lesson to his daughter: “If you want change, you have to be a part of it.” http://t.co/owhrFKqq #ItTakesOne",51,,False
240142499136552960,2012-08-27 17:43:29+00:00,Getting fired up was a family affair in Milwaukee last week: http://t.co/WVtYW1Sk,87,,False
239752902263070721,2012-08-26 15:55:20+00:00,Today is Women’s Equality Day. I believe equal work deserves equal pay—are you with me? –mo,446,,False
239375462533574658,2012-08-25 14:55:32+00:00,"Rain or shine, it’s a great day to volunteer. Find an event in your neighborhood: http://t.co/tUdEXRV6",56,,False
239158111330500608,2012-08-25 00:31:52+00:00,For all the romantics out there: http://t.co/bbZiWvmu,2497,,False
239119719343460353,2012-08-24 21:59:18+00:00,Say you’re standing with #Obama2012 everywhere you go: http://t.co/kEkodcAy,63,,False
239098751174709248,2012-08-24 20:35:59+00:00,"When the First Lady comes to town, even the smallest supporters get a big boost: http://t.co/BJ935pR3",137,,False
239067325075169280,2012-08-24 18:31:06+00:00,High five Friday: http://t.co/t8aUHyMM,36,,False
238793020324073472,2012-08-24 00:21:07+00:00,Take an important step toward Election Day: Register to vote. http://t.co/RxWtpGzt,41,,False
238730053184262146,2012-08-23 20:10:54+00:00,The First Lady in Milwaukee today: “All of our kids are worthy. I want to give all of our kids that sense of limitless possibility.”,62,,False
238718824344596480,2012-08-23 19:26:17+00:00,"RT @OFA_WI: .@MichelleObama greets a full room of supporters - ""I want to thank all of you for the work you do day in and day out...""",0,,False
238687785500958720,2012-08-23 17:22:57+00:00,The First Lady is in the great state of Wisconsin today. Follow @OFA_WI for updates.,27,,False
238358383592345600,2012-08-22 19:34:01+00:00,RT @OFA_FL: Should be a great day with @MichelleObama in Ft. Lauderdale. We're excited! http://t.co/kk2BZord,0,,False
238346200493989888,2012-08-22 18:45:37+00:00,What’s your 2012 story? Add it here: http://t.co/RqDqZ14f,34,,False
238112142279184384,2012-08-22 03:15:33+00:00,Last chance: Enter now for a seat with Michelle at this year’s convention. http://t.co/NHc5jRR8,33,,False
238086961301188608,2012-08-22 01:35:29+00:00,Why Betsie gives: “Barack Obama knocks my socks off.” http://t.co/f0APcBZo,37,,False
238074831575322624,2012-08-22 00:47:17+00:00,Go VIP at the DNC—here’s your chance to meet Barack and Michelle in Charlotte next month: http://t.co/jDO9pDNt,25,,False
237998619142266880,2012-08-21 19:44:28+00:00,For our daughters and granddaughters: http://t.co/ERoBlRt4,190,,False
237938036544008192,2012-08-21 15:43:43+00:00,This is the time to join Women for Obama and the fight for fair pay: http://t.co/PqqiyPQg,41,,False
237933569169829889,2012-08-21 15:25:58+00:00,77 days until Election Day—and women still earn 77 cents for every dollar that men earn. Barack is fighting to change that. –mo,451,,False
237664668796194816,2012-08-20 21:37:27+00:00,"78 days to go—pick up the phone and make a difference in this election: http://t.co/jsr9xQt6, http://t.co/SdK66vgE",52,,False
237616456869761024,2012-08-20 18:25:53+00:00,RT if this sounds like what you want for your kids. http://t.co/IlCG82Zm,809,,False
237597935402119168,2012-08-20 17:12:16+00:00,You’ll sit with Michelle to watch President Obama accept the Democratic nomination—after you’ve met him in person. http://t.co/XDQmetZK,29,,False
237583416814616576,2012-08-20 16:14:35+00:00,"RT @letsmove: President Obama to young chefs at #KidsStateDinner: ""I could not be prouder of you, the young people"" http://t.co/OwuFHZc4",0,,False
236909560332435456,2012-08-18 19:36:55+00:00,"One volunteer shift could do a lot of good. http://t.co/ECRBJd5R, http://t.co/wkvFZh3j",65,,False
236820519868043264,2012-08-18 13:43:06+00:00,It’s been 92 years since women won the right to vote. We’ve come so far. Let’s keep moving forward. –mo,895,,False
236618840618967040,2012-08-18 00:21:42+00:00,Say you’re standing with #Obama2012 everywhere you go: http://t.co/hERNB7E2,44,,False
236595725461499905,2012-08-17 22:49:51+00:00,It’s Friday. Give Barack five: http://t.co/QXNoicdF,39,,False
236504829554462720,2012-08-17 16:48:40+00:00,Celebrating World Humanitarian Day means giving back.  Listen to a special message on how to help from @Beyonce: http://t.co/qWwEk7n8 – mo,102,,False
236234773159346176,2012-08-16 22:55:33+00:00,One person could make all the difference in this election—and it could be the person you bring in: http://t.co/xDP08Fcp,36,,False
236218151061291008,2012-08-16 21:49:30+00:00,"In case you missed it, the First Lady visited @JayLenoTonight with another special guest: http://t.co/uo7esY6k",33,,False
236176510946533376,2012-08-16 19:04:02+00:00,RT @BarackObama: You and a guest could score front-row seats—next to Michelle Obama—at the President’s DNC convention speech next month: ...,0,,False
235901066510745600,2012-08-16 00:49:31+00:00,It felt great to be back in Iowa with @BarackObama. @OFA_IA we are counting on you again in 2012! Thanks for your hard work. –mo,59,,False
235819955281604609,2012-08-15 19:27:13+00:00,.@JayLeno asked the First Lady what she's proudest of from @BarackObama's time in office. Here’s her answer: http://t.co/axfoaiqx,39,,False
235797112359632897,2012-08-15 17:56:27+00:00,"RT @Obama2012: “We can’t turn back now. We have come so far, but we have so much more to do.”—First Lady Michelle Obama",0,,False
235795889854238721,2012-08-15 17:51:35+00:00,"RT @Obama2012: .@MichelleObama: “At the end of the day, as president, all you have to guide you are your values and your vision and your ...",0,,False
235795498903154688,2012-08-15 17:50:02+00:00,RT @Obama2012: “Your President knows what it means when a family struggles. He knows what it means to want something better for your kid ...,0,,False
235795235496685568,2012-08-15 17:48:59+00:00,"RT @Obama2012: “Thank you for the kindness, generosity, and love you have shown our family consistently.”—First Lady Michelle Obama in Iowa",0,,False
235774304577540098,2012-08-15 16:25:49+00:00,The First Lady is joining @BarackObama in Iowa today to visit the amazing volunteers of @OFA_IA! Check back for updates.,23,,False
235548630914830336,2012-08-15 01:29:04+00:00,Highlight from @JayLenoTonight: The “kiss cam” story. http://t.co/OJPGk5De,157,,False
235536712384786432,2012-08-15 00:41:42+00:00,This campaign is growing one supporter at a time—start your own grassroots fundraising page: http://t.co/ZRa34Phh,25,,False
235516133179023362,2012-08-14 23:19:56+00:00,The First Lady visited @JayLenoTonight yesterday with Olympian @GabrielleDoug. You’re not going to want to miss this: http://t.co/uo7esY6k,164,,False
235498898792271872,2012-08-14 22:11:27+00:00,"From Diana in Texas: ""Thank you from the bottom of my heart for giving my dad a chance to fight for his life."" http://t.co/gN5Xn53a",31,,False
235442593880756224,2012-08-14 18:27:43+00:00,"Stand with @BarackObama and @PPact, and hear @ElizabethBanks inspiring message: http://t.co/lmPkuC5f",28,,False
235158048598020096,2012-08-13 23:37:03+00:00,"That one conversation you have could be the one that puts @BarackObama over the top: http://t.co/71WHsVle, http://t.co/sUwZslAz",61,,False
235117558498488320,2012-08-13 20:56:08+00:00,85 days to go—and you can make the difference. Sign up for a volunteer shift here: http://t.co/828mzKXD,25,,False
235085341575491584,2012-08-13 18:48:07+00:00,"RT @whitehouse: I can't wait to stop by @JayLenoTonight on 8/13 to talk about the #Olympics, @LetsMove &amp; how this happened: http://t ...",0,,False
235071529162006529,2012-08-13 17:53:14+00:00,Quote of the day: “It’s a once-in-a-lifetime opportunity to play our trumpets for the First Lady!” http://t.co/z4xZB231,21,,False
234428498935173120,2012-08-11 23:18:04+00:00,The First Lady in New Hampshire: “The grassroots work that you all are doing ... that work is at the core of this campaign.”,30,,False
234083214300438528,2012-08-11 00:26:02+00:00,A lot of ways to say you're a Woman for Obama: http://t.co/MTHxdjZd,40,,False
234069290016464897,2012-08-10 23:30:42+00:00,Commit to making 10 calls for #Obama2012 tonight using the handy online call tool: http://t.co/7qMSwdRN,29,,False
234039513226280961,2012-08-10 21:32:22+00:00,88 days left—here’s how you could be spending them: http://t.co/Zgwsjzxh #ItTakesOne,29,,False
233986590505046016,2012-08-10 18:02:06+00:00,The First Lady was fired up in Philadelphia yesterday: http://t.co/UX6Pjovt,97,,False
233734689473576960,2012-08-10 01:21:07+00:00,"This campaign is growing in Pennsylvania because volunteers are making it happen. Keep it up, @OFA_PA! —mo",61,,False
233641149531836416,2012-08-09 19:09:25+00:00,RT @SandraFluke: Check out my op ed on @HuffingtonPost on why I stood w/ @BarackObama yesterday in #Colorado &amp; will thru Nov http:// ...,0,,False
233600281869422593,2012-08-09 16:27:01+00:00,Let your #Obama2012 story inspire someone else’s—share yours here: http://t.co/JsiyVWXH,22,,False
233375433058578432,2012-08-09 01:33:33+00:00,The next 90 days are critical for this campaign—help make the most of them: http://t.co/40ZOsqZ6,42,,False
233323685770035200,2012-08-08 22:07:56+00:00,Lilly Ledbetter: Proof that it only takes one person to make a difference. http://t.co/kDVAnGWL #ItTakesOne,27,,False
233305833662988290,2012-08-08 20:57:00+00:00,Don’t wait—get registered to vote today: http://t.co/wpI5R73o,33,,False
233304653352275968,2012-08-08 20:52:19+00:00,A good sign: http://t.co/CiMdnHSU,91,,False
233294086394761216,2012-08-08 20:10:19+00:00,"""Reaching out to one person feels doable. There's no reason I can't do that, then do it again tomorrow.”—Stephanie http://t.co/JE0bTtA7",34,,False
233238881200381952,2012-08-08 16:30:57+00:00,Looking to get more involved with #Obama2012? There’s an app for that: http://t.co/PHJpuSeP,22,,False
233015782429319169,2012-08-08 01:44:26+00:00,A must-read story from @WomensHealthMag—take a look and pass it along: http://t.co/NYCHwoU1,69,,False
232974247553814528,2012-08-07 22:59:24+00:00,Something to share with all of the women in your life: http://t.co/p29ZNMZs,496,,False
232916260466327552,2012-08-07 19:08:58+00:00,The President needs you to have his back from now until Election Day. Sign up to volunteer: http://t.co/jlhxlZuD,30,,False
232891603981856768,2012-08-07 17:30:59+00:00,Use this tax calculator to see the choice your family faces on taxes this November: http://t.co/cC29H7uF #2200dollars,27,,False
232884080377745408,2012-08-07 17:01:06+00:00,"""I want you all to remind folks that Barack has cut taxes for working families by $3,600."" –The First Lady in NH last week. Remind=RT.",204,,False
232869062361878529,2012-08-07 16:01:25+00:00,"Inspiration from @OFA_OK's Stephanie: ""Even if you don't think you have anything to contribute, chances are—you do."" http://t.co/dddBfS8r",26,,False
232840452393549824,2012-08-07 14:07:44+00:00,"RT @BarackObama: ""It was easy to invite people to volunteer—especially for a canvassing trip. It was kind of a big adventure."" http://t. ...",0,,False
232140291883278336,2012-08-05 15:45:33+00:00,"A Sunday afternoon idea: Vote in @FamilyCircle’s Presidential Cookie Bake-off, then test out a batch of your own! http://t.co/EWTDHLor",23,,False
231837740138901504,2012-08-04 19:43:20+00:00,"Happy birthday, @BarackObama! Here’s an old favorite photo from three of your biggest fans. We’re so proud of you!–mo http://t.co/7alDwpDQ",838,,False
231539141253423106,2012-08-03 23:56:48+00:00,The First Lady took a tour of @OFA_NC's downtown Raleigh field office on Wednesday: http://t.co/U7NjmYlj,50,,False
231497859114074112,2012-08-03 21:12:45+00:00,"White, dark, and mint chocolate chip cookies—one of the First Family’s favorite treats is up for a vote: http://t.co/Sx7Ux7Vu",39,,False
231191189775319040,2012-08-03 00:54:09+00:00,"RT @OFA_NH: The First Lady tells the #Manchester crowd: ""Multiply yourselves, bring one person into the fold."" http://t.co/vtkJF3bS #Mic ...",0,,False
231172403722608642,2012-08-02 23:39:30+00:00,President Obama turns 51 on Saturday—take a second to sign his birthday card: http://t.co/MnFlLGzR,58,,False
231127782946648064,2012-08-02 20:42:12+00:00,Your personal story of getting involved could get someone else fired up. Tell your story here: http://t.co/rMATcACg,32,,False
230796155234177024,2012-08-01 22:44:26+00:00,This campaign gets stronger one person at a time—share the story of how you got involved: http://t.co/uSyUurca,34,,False
230723344155164672,2012-08-01 17:55:06+00:00,The First Lady is in North Carolina today asking supporters to get involved through It Takes One: http://t.co/Rs3lGBLp,15,,False
230468925241057281,2012-08-01 01:04:08+00:00,RT @BarackObama: Today is one of the most important fundraising deadlines of this campaign so far. Pitch in $3 before midnight: http://t ...,0,,False
230406346019831809,2012-07-31 20:55:28+00:00,Join Michelle: Sign the birthday card for @BarackObama. http://t.co/YmaVgY4C,29,,False
230388883966263297,2012-07-31 19:46:05+00:00,"RT @BarackObama: Deadline deal: Give $10 or more before midnight, get a Vote Obama car magnet. Simple as that: http://t.co/nAXQ0cvE",0,,False
230377457071558657,2012-07-31 19:00:41+00:00,A photo that makes us smile: http://t.co/Es1SP1LT,176,,False
230362726998876160,2012-07-31 18:02:08+00:00,The First Lady has a card going around for @BarackObama’s birthday—sign it here: http://t.co/5bDn3h5N,31,,False
230349619157147648,2012-07-31 17:10:03+00:00,Pitch in $5 before the campaign’s big fundraising deadline tonight: http://t.co/KFdkekIW,8,,False
230323535573311488,2012-07-31 15:26:24+00:00,RT @LatinosforObama: ¡Felicidades Mayor @JulianCastro! Join Latinos for Obama today. http://t.co/H8jrxZvK #Latinos2012 http://t.co/8sdwK4Cl,0,,False
230030054946643969,2012-07-30 20:00:13+00:00,The election is less than 100 days away—make all of them count: http://t.co/B9hXcMIx,42,,False
229980343321624576,2012-07-30 16:42:41+00:00,Join Young Americans for Obama today: http://t.co/kwd5bGEF,26,,False
229979668185505793,2012-07-30 16:40:01+00:00,Use your voice to keep us moving forward: http://t.co/MMsjDQRO,80,,False
229963918351671296,2012-07-30 15:37:25+00:00,"RT @letsmove: Photo: After a match at Wimbledon, the First Lady hugs @Venuseswilliams &amp; @serenawilliams during the #Olympics: http:/ ...",0,,False
229317358869676032,2012-07-28 20:48:13+00:00,RT @letsmove: Just arrived at swimming w @SummerSanders_ ! Go #teamUSA! http://t.co/j7j5hIwi,0,,False
229304078398799873,2012-07-28 19:55:27+00:00,RT @whitehouse: Go #TeamUSA! The First Lady has her picture taken with athletes at the US Olympic Training Facility in London: http://t. ...,0,,False
229214086196498432,2012-07-28 13:57:51+00:00,"RT @whitehouse: Photo of the Day: At the #London2012 #Olympics, the First Lady gets a lift from US wrestler Elena Pirozhkova: http://t.c ...",0,,False
228953295526449152,2012-07-27 20:41:34+00:00,This campaign grows one person at a time—share the story of how you got involved: http://t.co/Nri5qDKe,17,,False
228930166922027008,2012-07-27 19:09:39+00:00,Every parent wants a better world for their kids—and that’s exactly what drives the President. Join him: http://t.co/XNt5fwu0,38,,False
228912761533513729,2012-07-27 18:00:30+00:00,Find a weekend of action event near you—and bring a friend along: http://t.co/BrPIM2fo,11,,False
228888753979129856,2012-07-27 16:25:06+00:00,"RT @letsmove: The First Lady on leading the US Delegation to London: ""It will be awe inspiring...It will be proud moment for me personal ...",0,,False
228648181565628416,2012-07-27 00:29:09+00:00,Last call: Be a part of @BarackObama’s birthday party at home in Chicago—we’ll fly you in. http://t.co/vAp4Ob12,30,,False
228590995426664448,2012-07-26 20:41:54+00:00,"The First Lady heads to London today, leading the U.S. delegation to the 2012 Olympic Games. Follow @LetsMove for updates on her trip.",51,,False
228568981546618880,2012-07-26 19:14:26+00:00,One thing you can do this week to help this campaign grow: Bring a friend along when you volunteer. http://t.co/A0ZVZZWB,18,,False
228551530826039297,2012-07-26 18:05:05+00:00,"If you’re a woman and you’re for Obama, this is the group you need to join: http://t.co/Vl4P94eB",50,,False
228228461569929216,2012-07-25 20:41:20+00:00,"Saturday, people all across the country will be registering voters and reaching out to their neighbors. Join in: http://t.co/w8Cyz5NS –mo",31,,False
228204839610486785,2012-07-25 19:07:28+00:00,"There’s a birthday party for @BarackObama coming up, and you could be on the guest list: http://t.co/tHZCK4Si",34,,False
228191648880922624,2012-07-25 18:15:03+00:00,"The next time you volunteer for #Obama2012, invite a friend. Here’s how it makes a difference: http://t.co/03hQVDJU",22,,False
228176674980761601,2012-07-25 17:15:33+00:00,"President Obama puts families first—if you’re a parent for Obama, this is the place to say so: http://t.co/8gxrPkQm",49,,False
228163213588570112,2012-07-25 16:22:03+00:00,The First Lady on what it's like to be First Mom: http://t.co/2WH3Z0fz,51,,False
227954062254022656,2012-07-25 02:30:58+00:00,The First Lady had a full house in Ohio today: http://t.co/HDoefgSV,29,,False
227945901505773569,2012-07-25 01:58:32+00:00,"A colorful afternoon with a few new friends, thanks to @OFA_OH: http://t.co/hznLMahb",195,,False
227922908671012865,2012-07-25 00:27:10+00:00,Thank you to the thousands of Ohioans who made this an inspiring visit. I'm fired up! –mo,54,,False
227905010908930049,2012-07-24 23:16:03+00:00,Don’t miss the chance to help celebrate @BarackObama’s 51st birthday with him in Chicago—airfare’s on us: http://t.co/NqyMsJ51,32,,False
227871147214135298,2012-07-24 21:01:29+00:00,Everyone has a story of how or why they got involved in this campaign—what’s yours? http://t.co/wPhRVrbV,21,,False
227520361602879488,2012-07-23 21:47:35+00:00,Attention Buckeyes: The First Lady will be in Columbus on Tuesday. Pick up tickets at your local @OFA_OH office today. http://t.co/MB9J9GT6,16,,False
225994081917095936,2012-07-19 16:42:42+00:00,Watch a message from the First Lady kicking off a new way to get involved—It Takes One: http://t.co/ZQLYYfje,89,,False
225993542546386945,2012-07-19 16:40:33+00:00,Every single person can make a difference in this election.  Start today by committing to one action that will help grow our campaign.  –mo,56,,False
225765956188790784,2012-07-19 01:36:13+00:00,The President and First Lady honor Nelson Mandela International Day: http://t.co/OMAo2xI3,56,,False
225694079156113408,2012-07-18 20:50:37+00:00,He’s fighting for our families: http://t.co/Sc1JvVQs,156,,False
225412180722458624,2012-07-18 02:10:26+00:00,"In case you missed it, @Beyonce had a few kind words for the First Lady: http://t.co/GYsUFsTi",117,,False
225323077951696896,2012-07-17 20:16:22+00:00,.@BarackObama turns 51 soon—and here’s your chance to celebrate with him at home in Chicago: http://t.co/kXxr4v8B,28,,False
225290316729679873,2012-07-17 18:06:11+00:00,"Four years after her first @BlogHer post, the First Lady reflects on promises kept and what's needed for the next four: http://t.co/61nxAHyk",54,,False
224883323481243649,2012-07-16 15:08:57+00:00,From one leading lady to another—here's @Beyonce on the First Lady: http://t.co/v6xWsZ8d,223,,False
223467317420498944,2012-07-12 17:22:14+00:00,A favorite Obama family recipe is up for a vote: http://t.co/Le8w4d7y,44,,False
223184456721248256,2012-07-11 22:38:16+00:00,The First Lady made some new friends while visiting a Florida YMCA yesterday: http://t.co/kSSOy7MR,88,,False
223136080940105728,2012-07-11 19:26:02+00:00,I had the chance to talk with some incredible Latina moms from around the country yesterday. Thanks @Mamiverse for hosting me! –mo,41,,False
223102381095796737,2012-07-11 17:12:07+00:00,For our daughters and our sons alike: http://t.co/vaXjPuhl,180,,False
222733385683054593,2012-07-10 16:45:51+00:00,Watch live: First Lady Michelle Obama talks to @Mamiverse at 12:45pm ET: http://t.co/yCnjSofg #Latinos2012,17,,False
222724019080802307,2012-07-10 16:08:38+00:00,RT @LatinosforObama: .@MichelleObama is chatting with Latina moms today. Watch the livestream at 12:45PM EST here: http://t.co/os8UKeQD  ...,0,,False
222437796445569025,2012-07-09 21:11:18+00:00,Start the week off with a treat (and don’t forget to vote for your favorite!): http://t.co/H5i3t6eR,24,,False
222412839036530688,2012-07-09 19:32:07+00:00,RT @LatinosforObama: No te lo pierdas: @MichelleObama  chats with Latina moms tomorrow. #Latinos2012 http://t.co/2wsFHkiZ,0,,False
222370688479133696,2012-07-09 16:44:38+00:00,The First Lady is sitting down with a few of the moms from @Mamiverse in Orlando on Tuesday. Tune in here: http://t.co/xIok71qk #Latinos2012,21,,False
221657488594972672,2012-07-07 17:30:39+00:00,A photo that makes us smile: http://t.co/Gqwz95jf,235,,False
221391604202745859,2012-07-06 23:54:06+00:00,"A few favorite photos, a few good recipes—follow the First Lady on Pinterest: http://t.co/MuK6usjX",50,,False
221335403687452673,2012-07-06 20:10:47+00:00,"The First Lady is winning, Jimmy: http://t.co/ymopqJ5S",224,,False
220997848643280896,2012-07-05 21:49:27+00:00,"Check out a delicious cookie recipe (an Obama family favorite), then vote in the Presidential Cookie Bake-Off: http://t.co/HEfAVnzR",69,,False
220578759286337536,2012-07-04 18:04:09+00:00,Shaking hands and giving hugs on another Fourth of July: http://t.co/MKlngkIl,144,,False
220548333473763328,2012-07-04 16:03:14+00:00,"Happy Fourth! What makes this day even more special is that it’s the day our first child was born. Happy birthday, Malia! We love you. –mo",675,,False
220236035626504192,2012-07-03 19:22:18+00:00,"For everyone gearing up for Fourth of July celebrations, be safe and enjoy the fireworks: http://t.co/crk3XHz6",163,,False
219192460507754496,2012-06-30 22:15:29+00:00,Tonight is one of the most important fundraising deadlines of this campaign so far. Pitch in $3 before midnight: http://t.co/qqeQI7zz,31,,False
218869228353241088,2012-06-30 00:51:05+00:00,"If you support the President and First Lady, now’s the time to give to this campaign: http://t.co/WokXzGE9",29,,False
218487292841566210,2012-06-28 23:33:24+00:00,"President Obama: ""Today’s decision was a victory for people all across this country whose lives will be more secure.""",125,,False
218129154296659968,2012-06-27 23:50:17+00:00,Cast your vote in @FamilyCircle’s Presidential Cookie Bake-off—we’re partial to the white and dark chocolate chip: http://t.co/aqVCcw2x,14,,False
218080676853977089,2012-06-27 20:37:39+00:00,"We shouldn’t make it harder for kids to get an education. If you agree, pass this on: http://t.co/ULkE9IQf",88,,False
218024686028718080,2012-06-27 16:55:11+00:00,A photo that makes us smile: http://t.co/7vlUSWQC,164,,False
217752541344178176,2012-06-26 22:53:47+00:00,I just dropped in on our team at Obama for America headquarters. You all are doing a great job! –mo http://t.co/VV5FIxLW,97,,False
217733803626606592,2012-06-26 21:39:18+00:00,The President and First Lady recount the first time they went out (it’s pretty cute): http://t.co/DBhVd2cF,66,,False
217696683117641730,2012-06-26 19:11:48+00:00,"As the son of a single mom, @BarackObama knows that pay inequality hurts families. That’s why he's fighting it: http://t.co/XIBeDJDA",48,,False
217662138397888512,2012-06-26 16:54:32+00:00,Today’s your last chance to join the Obamas for dinner—take a minute to enter #DinnerWithBarack (and Michelle!): http://t.co/tYHaltnl,11,,False
217658794090561536,2012-06-26 16:41:15+00:00,I'm really looking forward to the next Dinner With Barack. We've been a little busy for date nights lately! Hope you can join us. –mo,56,,False
217639212151865344,2012-06-26 15:23:26+00:00,Check out a favorite Obama family cookie recipe—then cast your vote in @FamilyCircle’s Presidential Cookie Bake-Off: http://t.co/1krH7vKi,37,,False
217353965648609280,2012-06-25 20:29:58+00:00,Throw your name in the hat for dinner with the President and First Lady before tomorrow's deadline: http://t.co/ENcSWyzf,23,,False
217348897138417667,2012-06-25 20:09:49+00:00,The Obamas tell their first date story: http://t.co/AdDo1oA6,104,,False
216928284536086530,2012-06-24 16:18:28+00:00,"The First Lady was out west last week, saying “thank you” to @OFA_NV and @OFA_CO volunteers. Check out the photos: http://t.co/XBcoyjSh",21,,False
216638200112873472,2012-06-23 21:05:46+00:00,Check out @BarackObama's op-ed on what the 40th anniversary of Title IX means to him as President and as a father: http://t.co/HHPv9u95,46,,False
216289591802601472,2012-06-22 22:00:32+00:00,Cue a little night music: http://t.co/8hKX2ngC,413,,False
216211519074091008,2012-06-22 16:50:17+00:00,"Volunteers are going to make the difference this fall. If you're in, sign up here: http://t.co/29jojZYu",23,,False
215955268276723712,2012-06-21 23:52:02+00:00,The First Lady is coming along for the next #DinnerWithBarack—here's your chance to be there: http://t.co/He6eITHv,24,,False
215872979668713474,2012-06-21 18:25:04+00:00,Fair pay for women means a stronger middle class. #Women2012 http://t.co/FibZKlpy,387,,False
215599257892298752,2012-06-21 00:17:23+00:00,"First Lady Michelle Obama chatting with customers at Nacho's restaurant in Pueblo, Colorado today: http://t.co/Ax0u0Xjy",34,,False
215569268710981632,2012-06-20 22:18:13+00:00,Thank you to @OFA_NV and @OFA_CO for a great couple days. Volunteers like you are how the West will be won! –mo,22,,False
215487163050110977,2012-06-20 16:51:57+00:00,You have a chance to sit down with the President while supporting #Obama2012. It's the chance of a lifetime: http://t.co/2e4LuwMX,21,,False
215121479916978176,2012-06-19 16:38:52+00:00,"The First Lady is a Woman for Obama. If you are, too, sign up here: http://t.co/fBWahmlh",29,,False
214804451335217153,2012-06-18 19:39:06+00:00,Great teachers make the difference for our kids. Stand with Educators for Obama: http://OFA.BO/vKsR41,60,,False
214468188832940032,2012-06-17 21:22:55+00:00,The First Lady taped a Father’s Day video to thank @BarackObama and all the other great dads out there. Watch here: http://t.co/As0JJ4KA,82,,False
214397987470852097,2012-06-17 16:43:58+00:00,Father's Day is today—take a minute to sign the card for @BarackObama: http://t.co/Sa2XEd7W,34,,False
214382855059537923,2012-06-17 15:43:50+00:00,Thinking of two fathers I love dearly—the one who raised me and the one I married. Incredibly grateful for both. –mo,354,,False
214374949287231489,2012-06-17 15:12:25+00:00,The First Lady gives the commencement address at @OregonStateUniv today—congratulations to the graduates!,40,,False
214106187887677440,2012-06-16 21:24:27+00:00,Sign Michelle's Father's Day card for Barack: http://t.co/wC0nwSSK,34,,False
214063271819476992,2012-06-16 18:33:55+00:00,For any weekend pinners—be sure to check out the First Lady’s new Pinterest page: http://t.co/Xr65QDZR,36,,False
214026369959596033,2012-06-16 16:07:18+00:00,Hope everyone has some family fun planned this weekend: http://t.co/NJfPn2A8,110,,False
214012817173516290,2012-06-16 15:13:26+00:00,It's not too late to join a Weekend of Action event in your neighborhood this weekend: http://t.co/HCN0s0C9,73,,False
213757007805693952,2012-06-15 22:16:56+00:00,A big weekend of action starts tomorrow—help register voters in your community: http://t.co/2tC0adFN,23,,False
213725600341434368,2012-06-15 20:12:08+00:00,Join the First Lady in wishing @BarackObama a happy Father's Day: http://t.co/onLjGEhi,42,,False
213414195281149953,2012-06-14 23:34:43+00:00,"20,000 people have followed the First Lady since she joined Pinterest yesterday. Check it out: http://t.co/lE0S15OD",39,,False
213311869568561152,2012-06-14 16:48:07+00:00,Don't miss @BarackObama's address on the economy today—streaming live here starting at 1:45pm ET: http://t.co/QXTtNBO5,17,,False
213298579526266881,2012-06-14 15:55:18+00:00,Sandra Fluke talks about why this election is so personal: http://t.co/rHc1gssu,21,,False
213055003865260034,2012-06-13 23:47:25+00:00,RT @BarackObama: Don't miss the President's speech tomorrow: RSVP to watch it live at 1:45 pm ET. http://t.co/9AQdjT7X,15,,False
212919219304677376,2012-06-13 14:47:52+00:00,The First Lady just joined Pinterest—check out her special Father's Day board: http://t.co/K3hTKlfO,42,,False
212686856784056320,2012-06-12 23:24:33+00:00,Sometimes even Bo needs a little help to get moving: http://t.co/LzLIS4fk,167,,False
212285824040054784,2012-06-11 20:50:59+00:00,The First Lady has one question for you: Are you in? http://t.co/lrgjeWqq,35,,False
212226902088355840,2012-06-11 16:56:51+00:00,"Read Robin’s post here, and find out how you can help: http://t.co/T3l9sAAQ",34,,False
212225685257859072,2012-06-11 16:52:00+00:00,".@RobinRoberts, Barack and I have you in our prayers. We believe in you and thank you for bringing awareness and hope to others. –mo",93,,False
211487463993114625,2012-06-09 15:58:36+00:00,"Wishing everyone a great Saturday, hula hoops optional: http://t.co/TfhiLcRe",125,,False
211180149029355521,2012-06-08 19:37:25+00:00,This week’s #FF goes out to @OFA_PA and @OFA_VA. The First Lady saw them “fired up” firsthand this week.,21,,False
211126686304043008,2012-06-08 16:04:59+00:00,Good work is happening out in NOVA! Thank you @OFA_VA and keep it up. –mo,33,,False
210842949683118080,2012-06-07 21:17:31+00:00,RT @OFA_VA: First Lady @MichelleObama got a short concert from 6 year old Sydney at Mom's Apple Pie in Occoquan. #MichelleinVA http://t. ...,0,,False
210557548485541891,2012-06-07 02:23:26+00:00,"RT @BarackObama: The First Lady to @OFA_PA volunteers today: ""You will make the difference in this election."" http://t.co/MPUMf8CF",34,,False
210541126522900480,2012-06-07 01:18:10+00:00,"RT @OFA_PA: This 1st grader had to miss class to meet @MichelleObama, but made sure to get an absence note from the First Lady: http://t ...",0,,False
210510273092648960,2012-06-06 23:15:34+00:00,It was great to be back in Philly today with such a fantastic crew of supporters. You guys truly inspire me. –mo,53,,False
210490125887614976,2012-06-06 21:55:31+00:00,"RT @OFA_PA: ""We worked tirelessly to elect @barackobama in 2008 and we're doing it again this year."" #MichelleinPhilly http://t.co/SFwHfvDB",0,,False
210405380931600384,2012-06-06 16:18:46+00:00,"In case you missed it, the First Lady answered a few questions from all of you on Twitter: http://t.co/JZPSEo7h",34,,False
210181186310508545,2012-06-06 01:27:54+00:00,RT @BarackObama: It's a family issue: http://t.co/ZO3onYKU,87,,False
210098059328237569,2012-06-05 19:57:36+00:00,A photo that makes us smile: http://t.co/BBIjtR2g,148,,False
209758392565252096,2012-06-04 21:27:52+00:00,Only a few hours left: Put your name in to join the Obamas at Sarah Jessica Parker’s home in New York—airfare's on us. http://t.co/wfnRqk9n,27,,False
209724150850400256,2012-06-04 19:11:48+00:00,An invitation from Sarah Jessica Parker: http://t.co/sTRZC7Hm,17,,False
209679016729382913,2012-06-04 16:12:27+00:00,A group of students joined the First Lady last week for a spring harvest from the @WhiteHouse vegetable garden: http://t.co/c2aPsFLb,21,,False
209007103405330432,2012-06-02 19:42:31+00:00,"If you've got the President's back, say you're in for 2012: http://t.co/fTQX8lkT",70,,False
208731003244658688,2012-06-02 01:25:25+00:00,Photo that makes us smile: http://t.co/g3HJVPQv,479,,False
208342360625659905,2012-05-31 23:41:04+00:00,You asked and the First Lady answered: http://t.co/Wv4OoaPZ,40,,False
207959364168982529,2012-05-30 22:19:10+00:00,Sarah Jessica Parker is hosting the Obamas for a night in New York. Add yourself and a +1 to the guest list: http://t.co/8uS94NTk,39,,False
207942488953061377,2012-05-30 21:12:07+00:00,Summer is here and this campaign is heating up—join Women for Obama today: http://t.co/935QihDW,34,,False
207157042979418114,2012-05-28 17:11:02+00:00,Today we pay tribute to those who gave their lives for our country and offer our support to those who loved them. –mo,148,,False
206093761757986816,2012-05-25 18:45:57+00:00,This photo makes us smile (vintage edition): http://t.co/SyvtexOH,636,,False
205693267797479424,2012-05-24 16:14:31+00:00,Do you know what the voting laws are in your state? It’s easy—get the latest: http://t.co/050j63QC #RegToVote,42,,False
205691578055004160,2012-05-24 16:07:48+00:00,"Every vote counts, and people like 96-year-old Dorothy Cooper are making sure their voices are heard: http://t.co/OnLv4hHH",23,,False
205330135157714944,2012-05-23 16:11:33+00:00,Sarah Jessica Parker is hosting the Obamas at her home in NYC. Win a spot on the guest list for you and your +1: http://t.co/XvDxw6rR,35,,False
205093782197252096,2012-05-23 00:32:22+00:00,"The First Lady delivered a special message in person to @OFA_OH volunteers: ""I want to thank every single person."" http://t.co/Y4rPYdhk",24,,False
204654174305136640,2012-05-21 19:25:32+00:00,The ACA means Katherine's daughter can’t be denied coverage for being a cancer survivor: http://t.co/1XMwRIny,18,,False
203900460028014592,2012-05-19 17:30:32+00:00,"Our daughters are “counting on us to fight for them.” Beautifully said, and worth a watch: http://t.co/LWkVnxVK",77,,False
203255881213804544,2012-05-17 22:49:13+00:00,Join @Vets4Obama to help President Obama make sure those who have served this country continue to be a top priority: http://t.co/AOjfpjO8,97,,False
203244774889762816,2012-05-17 22:05:05+00:00,“Veterans have done so much for this country—and your families set an example for all of us.” http://t.co/Ak03Dx1v,26,,False
202849109357506560,2012-05-16 19:52:51+00:00,RT @JoeBiden: Join Iowa's #Women2012 leaders call with Dr. Jill Biden tonight to discuss what’s at stake this November: http://t.co/40epfzha,18,,False
202517547906646016,2012-05-15 21:55:20+00:00,We’re giving away free Women for Obama bumper stickers. Show your support for @BarackObama and get yours here: http://t.co/DHabBIW6,52,,False
202484133258211328,2012-05-15 19:42:34+00:00,"Stevie Wonder, @Beyonce, @SaraBareilles, @JLo—find out who gets the First Lady moving: http://t.co/oGYCQBfI",44,,False
202451989697798145,2012-05-15 17:34:51+00:00,A message from the First Lady to graduates on Saturday: http://t.co/wHdDc8aN,182,,False
202133227543068672,2012-05-14 20:28:11+00:00,"The First Lady shares her tips for staying fit and healthy, along with a few of her favorite workout songs: http://t.co/65a9TZ3R #NWHW",93,,False
202108990669324289,2012-05-14 18:51:53+00:00,"RT @WomensHealthMag: A message from First Lady @michelleobama for National Women's Health Week: ""No more excuses."" http://t.co/cjkNjhvg  ...",0,,False
201687898481897473,2012-05-13 14:58:36+00:00,"I want to wish a very happy Mother’s Day to all of the moms out there, especially mine. She’s my rock every single day. Love you, mom. –mo",190,,False
201345066541912064,2012-05-12 16:16:19+00:00,"The First Lady’s message for @NCATSU graduates today: ""It’s time for you to wake the rest of us up and show us everything you’ve got.""",64,,False
201087568371134465,2012-05-11 23:13:07+00:00,This photo makes us smile: http://t.co/MP7VHFvo,105,,False
201065175418290176,2012-05-11 21:44:08+00:00,"#FF: @VTnews, @NCATSU, and @OregonStateUniv, where the First Lady is addressing graduates and their families this year. Congrats, grads!",14,,False
201058616604762112,2012-05-11 21:18:04+00:00,RT @washingtonpost: WATCH: Michelle Obama's advice for VaTech grads http://t.co/3LiQ0frY #video,21,,False
200658550371004416,2012-05-10 18:48:21+00:00,Maxine's story about meeting the Obamas will make you smile: http://t.co/i1So2PC7,21,,False
200628765586501633,2012-05-10 16:50:01+00:00,It’s safe to say Maxine won’t forget the time she met the First Lady backstage in Richmond: http://t.co/Co1mX5TT,69,,False
200375035444211713,2012-05-10 00:01:45+00:00,"RT @BarackObama: ""Same-sex couples should be able to get married.""—President Obama",245,,False
199967641639723010,2012-05-08 21:02:55+00:00,The First Lady is taking your questions! Reply with yours and she may answer it as part of a video Q&amp;A.,20,,False
199951620312797184,2012-05-08 19:59:15+00:00,Something to get you fired up this Tuesday afternoon—watch the First Lady’s remarks at Saturday’s #Obama2012 rally: http://t.co/mpybwwqC,26,,False
199633685824282626,2012-05-07 22:55:55+00:00,"“We have come so far, but we have so much more to do.” http://t.co/CJUzywhl",111,,False
199166847831130112,2012-05-06 16:00:51+00:00,Join Women for Obama to get informed and get involved: http://t.co/MyAflPHT #Women2012,45,,False
198920699883167744,2012-05-05 23:42:45+00:00,As the First Lady reminded students today: make sure to register at your new address this fall if you move this summer! http://t.co/az9HXxsM,34,,False
198900724065779713,2012-05-05 22:23:22+00:00,"Incredible turnout at the rallies. I already knew you had Barack’s back, but today we really felt it. –mo",133,,False
198854379732869120,2012-05-05 19:19:13+00:00,Can we get another round of applause for our First Lady? http://t.co/bBc0lcc1,124,,False
198789556408025089,2012-05-05 15:01:38+00:00,"However you’re taking part in today's rallies, tag your tweets with #Obama2012 to share the excitement with other supporters.",17,,False
198783926465085441,2012-05-05 14:39:15+00:00,RT @BarackObama: President Obama and the First Lady are set to kick off the first #Obama2012 rally in Ohio—tune in at 12:45pm ET: http:/ ...,0,,False
198776535111565313,2012-05-05 14:09:53+00:00,It’s rally day. Are you fired up? Because we’re ready to go. –mo,69,,False
198505828804861953,2012-05-04 20:14:12+00:00,Ready for tomorrow’s rallies? Tag your tweets #Obama2012 for a chance to be featured on the big screen or the livestream.,24,,False
198474752036311040,2012-05-04 18:10:43+00:00,"""History has shown us that courage can be contagious.” A favorite FLOTUS quote is now a poster: http://t.co/RJJQi6je",40,,False
198437954417467392,2012-05-04 15:44:29+00:00,This #FF is inspired by this weekend's plans—the first official #Obama2012 rallies will be at @OhioState and @VCU tomorrow!,16,,False
198088479882743808,2012-05-03 16:35:48+00:00,Start celebrating Cinco de Mayo a couple days early by joining @LatinosForObama: http://t.co/yqv7aJNZ,67,,False
197870817697214464,2012-05-03 02:10:53+00:00,RT @OFA_NV: Thanks again to @MichelleObama for speaking to grassroots volunteers in Nevada yesterday. #Obama2012 http://t.co/BMsVVDod,42,,False
197748322612682752,2012-05-02 18:04:08+00:00,"This is already a great week. I loved meeting so many amazing people at @OFA_CO, @OFA_NV, and the Warrior Games. –mo",23,,False
197718054396899328,2012-05-02 16:03:53+00:00,This photo makes us smile: http://t.co/FroPyxUq,129,,False
197081673060466689,2012-04-30 21:55:08+00:00,The First Lady thanked @OFA_FL grassroots supporters in Naples last week for all their hard work building #Obama2012: http://t.co/BmUFc6dR,32,,False
195975263178334208,2012-04-27 20:38:38+00:00,"""I want you to know that America does have your backs—and we're just getting started.""—First Lady to military and vets today at Fort Stewart",44,,False
195907756547518465,2012-04-27 16:10:23+00:00,This week’s #FF is dedicated to some folks committed to improving our schools: @ArneDuncan and his @USEdGov team.,14,,False
195649090632163329,2012-04-26 23:02:32+00:00,Happy Take Our Daughters and Sons to Work Day! The First Lady spoke to kids and their parents today at the White House: http://t.co/Enimw49h,26,,False
195554794822311936,2012-04-26 16:47:50+00:00,The Obamas know the challenge of student loan debt firsthand. Stand with @BarackObama to make college affordable: http://t.co/rImJTkoY,44,,False
195525927969628161,2012-04-26 14:53:08+00:00,Watch live: The First Lady speaks at the White House's Take Your Daughters and Sons to Work Day. http://t.co/S48Nf7BM,19,,False
195255146173833216,2012-04-25 20:57:09+00:00,"CeCe Ibson, an #ACA beneficiary, introduced the First Lady at the @OFA_IA event yesterday: http://t.co/Y3ujsow1",19,,False
195180895815221249,2012-04-25 16:02:06+00:00,Met some amazing @OFA_IA volunteers yesterday. Thanks for everything you're doing. –mo,17,,False
194883443534987266,2012-04-24 20:20:08+00:00,RT @TheEllenShow: I'm proud to have a President who's as opposed to bullying as I am. http://t.co/hLToXsUL,32,,False
194850043122040832,2012-04-24 18:07:25+00:00,"The First Lady is with @Girls_Inc in Omaha today, supporting their work to encourage “strong, smart, and bold” young women and girls.",33,,False
194499877064032256,2012-04-23 18:55:59+00:00,This photo makes us smile: http://t.co/5toAXpZs,95,,False
193375879286624257,2012-04-20 16:29:37+00:00,"This week’s #FF: @GeorgeLopez, @MarcAnthony, @RocsiDiaz, and bienvenidos a Twitter, @LatinosForObama!",18,,False
193048015009882113,2012-04-19 18:46:49+00:00,This photo makes us smile: http://t.co/25RfiOLh,158,,False
192704341591867392,2012-04-18 20:01:09+00:00,"If you're ready to play a part in this grassroots campaign, apply to be a summer organizing fellow: http://t.co/2loyVhqo #SumOrg12",26,,False
192666533598732288,2012-04-18 17:30:55+00:00,"In case you missed it, First Lady Michelle Obama spoke with @TellMeMoreNPR’s Michel Martin: http://t.co/OnLwLsE7",24,,False
192360707025682432,2012-04-17 21:15:41+00:00,Talked to some amazing @OFA_PA volunteers today. Thank you for all of your hard work! –mo,16,,False
192345285140291584,2012-04-17 20:14:24+00:00,Equal pay is more than just a women’s issue—it affects every American family. Stand with President Obama for #FairPay: http://t.co/pVHu3wUc,202,,False
191989866010132481,2012-04-16 20:42:05+00:00,"FLOTUS and @TheEllenShow teamed up with @JCPenney to surprise military daughters with prom dresses in Jacksonville, FL: http://t.co/q8Izx2kp",36,,False
191184690701545472,2012-04-14 15:22:36+00:00,One reason Gloria Steinem stands with the President: He “treats people with dignity.” Watch the rest of her message: http://t.co/3iWRy8G4,71,,False
190880513542721536,2012-04-13 19:13:55+00:00,RT @Obama2012: .@stefcutter answers questions about the Affordable Care Act from @cafemom community members: http://t.co/KBKrjr2k,12,,False
190850916495261696,2012-04-13 17:16:18+00:00,.@Beyonce writes a lovely letter to FLOTUS: http://t.co/yfzOBnzs,168,,False
190847977152188416,2012-04-13 17:04:38+00:00,@Beyonce Thank you for the beautiful letter and for being a role model who kids everywhere can look up to. –mo,462,Beyonce,False
190557032519180288,2012-04-12 21:48:31+00:00,Happy anniversary to @JoiningForces. Everyone can help support America’s military families: http://t.co/aFmy3Hqm,100,,False
190513518733312000,2012-04-12 18:55:37+00:00,First Lady Michelle Obama made a big endorsement on @ColbertReport last night—take a look: http://t.co/v3UGXBfX,43,,False
190469503161860096,2012-04-12 16:00:42+00:00,"Every mother works hard, and every woman deserves to be respected. –mo",549,,False
190187177555148801,2012-04-11 21:18:51+00:00,The First Lady visits @ColbertReport tonight. You won’t want to miss this: http://t.co/WXCfoUX4,41,,False
190110485025259521,2012-04-11 16:14:06+00:00,Did you catch the First Lady on @BiggestLoserNBC last night? http://t.co/YsYwi0Sb,25,,False
189917253674868737,2012-04-11 03:26:17+00:00,This photo makes us smile: http://t.co/RpCng80W,101,,False
189430058711130113,2012-04-09 19:10:20+00:00,"Thanks to the President's support of Pell Grants, 3 million more American students can afford college—including Dakota: http://t.co/aWAL4NGy",65,,False
188627705292521472,2012-04-07 14:02:05+00:00,The Obamas hosted the fourth annual Passover Seder at the White House last night: http://t.co/ijEYSrUs,123,,False
188344935752273920,2012-04-06 19:18:26+00:00,"From our family to yours, wishing everyone a wonderful holiday weekend. –mo",113,,False
188297681582559232,2012-04-06 16:10:40+00:00,"This week’s #FF: @EvaLongoria, @KerryWashington, and @ItsGabrielleU, all #Obama2012 volunteers. Join them: http://t.co/EzpwbL1t",20,,False
188079759174017024,2012-04-06 01:44:43+00:00,RT @JoiningForces: Photo of the Day: First Lady Michelle Obama greets a #WoundedWarrior @ Walter Reed in #Bethesda: http://t.co/b8v8yzVL,39,,False
188044620284968962,2012-04-05 23:25:06+00:00,This photo makes us smile: http://t.co/3P7YfiTS,251,,False
188020786118934528,2012-04-05 21:50:23+00:00,Curious what the Affordable Care Act means for you and your family? Submit a question for @StefCutter on @CafeMom: http://t.co/UpQ7aIbp,13,,False
187934253751873536,2012-04-05 16:06:32+00:00,The First Lady invited @BiggestLoserNBC to the White House for a workout—be sure to tune in next Tuesday: http://t.co/RgYiXDJr,18,,False
187637673232576512,2012-04-04 20:28:02+00:00,"RT @BarackObama: Five years ago, a woman named Edith Childs proved that one voice can change the world: http://t.co/h5piUq8O",18,,False
187615429949267969,2012-04-04 18:59:38+00:00,"RT @ColbertReport: Nation! First Lady @MichelleObama will appear on The Colbert Report on Wednesday, April 11. Tune in at 11:30pm / 10:30c.",29,,False
187238085195595776,2012-04-03 18:00:12+00:00,"Thanks to the Google Art Project, you can visit the @WhiteHouse whenever you like: http://t.co/BShveu9n",41,,False
186837905115844613,2012-04-02 15:30:02+00:00,The First Lady’s Facebook page has a brand new look—check it out: http://t.co/PetEaOdj,22,,False
186604147922042880,2012-04-02 00:01:10+00:00,"The First Lady joined Russ Parr this week to talk about staying happy and 
healthy: http://t.co/pvCWGu1E",21,,False
186574563415564289,2012-04-01 22:03:36+00:00,"In case you missed it, the First Lady presented @TaylorSwift13 with the Big Help Award last night: http://t.co/3oWHubjB #KCA",38,,False
186226360992280576,2012-03-31 22:59:59+00:00,Watch the First Lady present @TaylorSwift13 with the Big Help Award tonight at @NickelodeonTV’s Kids’ Choice Awards: http://t.co/jkSo3q3T,45,,False
186203850326282240,2012-03-31 21:30:32+00:00,The President works hard every day to make sure we can finish what we all started together. Will you pitch in? http://t.co/e0tfKmOu,24,,False
185760872608710656,2012-03-30 16:10:17+00:00,Set the DVR for tomorrow night—the First Lady will be part of @NickelodeonTV’s Kids' Choice Awards: http://t.co/jkSo3q3T,24,,False
185468599610257408,2012-03-29 20:48:54+00:00,RT @BarackObama: Own a piece of this campaign—chip in $3 before Saturday’s critical fundraising deadline: http://t.co/JB506UkJ,12,,False
185396405433663489,2012-03-29 16:02:02+00:00,This photo makes us smile: http://t.co/p75wkjOJ,217,,False
185112472531906562,2012-03-28 21:13:47+00:00,Not many people get to sit down for dinner with the President—but you could be one of them: http://t.co/sNZpqgFP #DinnerWithBarack,24,,False
185067018259668992,2012-03-28 18:13:10+00:00,Women across the country are participating in a week of action. Join the work in your neighborhood: http://t.co/TWQWY4iH #Women2012,102,,False
185042061353955330,2012-03-28 16:34:00+00:00,The First Lady joined D.C. students for the National Cherry Blossom Festival Centennial Tree Planting yesterday: http://t.co/MI281A90,24,,False
184678207646220290,2012-03-27 16:28:11+00:00,Photo that makes us smile: http://t.co/kktO330Y,168,,False
184353768702353408,2012-03-26 18:58:59+00:00,Kids from around the country are helping the First Lady plant the White House Kitchen Garden today. It’s a tradition: http://t.co/zx9493yA,90,,False
183946697506947073,2012-03-25 16:01:24+00:00,The #Women2012 Week of Action is underway—help protect @BarackObama’s progress for women's health: http://t.co/TebI3ltY,29,,False
183577423697281024,2012-03-24 15:34:04+00:00,Spring is in the air—enjoy it! http://t.co/BvrgCFRD,182,,False
183235982227808257,2012-03-23 16:57:17+00:00,"Barack signed the Affordable Care Act into law two years ago today. It's saving lives, and it's up to us to protect it. –mo",69,,False
182934667077488640,2012-03-22 20:59:58+00:00,We have a lot of progress to protect—sign up to join the #Women2012 week of action: http://t.co/ZW7zYsTb,18,,False
182861934016733185,2012-03-22 16:10:57+00:00,No parent should have to settle for less when it comes to the health of a child: http://t.co/8rK8Ylxp #ACA,35,,False
182577137633595392,2012-03-21 21:19:16+00:00,The First Lady is helping to kick off a #Women2012 week of action—will you join us? http://t.co/y5a7aFKm,21,,False
182202772320559104,2012-03-20 20:31:40+00:00,RT @JoiningForces: The First Lady talks #JoiningForces &amp; how everyone can support our vets &amp; military families on the @Late_Show ...,0,,False
181851208758202368,2012-03-19 21:14:41+00:00,"Nine years ago today, the war in Iraq began. Let us all honor those who have served and sacrificed for our country. –mo",114,,False
181823865620668418,2012-03-19 19:26:02+00:00,RT @Vets4Obama: Today is the 9th anniversary of the start of the Iraq war. Watch this message from @MichelleObama: http://t.co/UqCk9rf0,18,,False
181502622447050752,2012-03-18 22:09:32+00:00,“The Road We’ve Traveled” premiered last week—it’s an incredible look inside @BarackObama’s presidency: http://t.co/TPMJe3vT,70,,False
181043358326734851,2012-03-17 15:44:34+00:00,"The First Lady was @JoiningForces in Minneapolis yesterday, celebrating servicemembers and their families: http://t.co/0dMZaAqv",24,,False
180748498294149122,2012-03-16 20:12:54+00:00,Zoe was born with half a heart. A video every parent needs to see: http://t.co/5HaImX6a #FacesOfChange,30,,False
180684922321772544,2012-03-16 16:00:17+00:00,"Today’s #FF goes out to women making history—@DrMayaAngelou, the women of @JoiningForces, and #SecClinton of @StateDept.",25,,False
180427222455300096,2012-03-15 22:56:16+00:00,RT @BarackObama: Tonight’s the night—tune in to watch the live premiere of “The Road We’ve Traveled” at 8pm ET: http://t.co/6JFQVVFE #Ro ...,0,,False
180398385407332353,2012-03-15 21:01:41+00:00,Set your DVR! The First Lady visits David Letterman on the @Late_Show Monday night to talk @JoiningForces.,18,,False
180023161679650816,2012-03-14 20:10:41+00:00,Spike was skeptical about health reform. Then she was diagnosed with breast cancer: http://t.co/6K9fO7fy #FacesOfChange,24,,False
179993097747447809,2012-03-14 18:11:13+00:00,The First Lady and Mrs. Cameron teamed up with D.C.-area students to celebrate the 2012 Olympics and @LetsMove: http://t.co/4NhQi5Pn,15,,False
179961058629394432,2012-03-14 16:03:54+00:00,This photo makes us smile: http://t.co/FQT8NouD,65,,False
179747969556414465,2012-03-14 01:57:10+00:00,The brackets are out and the President is making his picks—have you made yours? http://t.co/OAQLcf3q #BaracksBracket,29,,False
179327115488002049,2012-03-12 22:04:50+00:00,"Have you checked out the trailer for ""The Road We've Traveled""? http://t.co/xt1p0SbE",20,,False
178520481538908161,2012-03-10 16:39:34+00:00,"The First Lady was in Concord, NH yesterday celebrating the town's campaign to promote health and wellness: http://t.co/tiJ7Nb8I #LetsMove",18,,False
178292338781724675,2012-03-10 01:33:00+00:00,"It was great to sit down for dinner with a few new friends last night. My date had a great time, too. –mo",87,,False
178289280496578561,2012-03-10 01:20:51+00:00,"RT @BarackObama: Around the table tonight: Cathleen & John, Judy & Mitch, ReGina & Bob, Barack & Michelle. #DinnerWithBarack http://t.co ...",0,,False
178188382344716288,2012-03-09 18:39:55+00:00,"""She has been an inspiration to women and girls around the world.”—FLOTUS on Sec. Clinton at the IWC awards: http://t.co/qnPCChS5 #IWD",38,,False
177846220008599552,2012-03-08 20:00:17+00:00,"Generations of Americans marched and organized for women's rights. This Women's History Month, let's honor them with our service. –mo",91,,False
177798133433118720,2012-03-08 16:49:12+00:00,"Watch live: The First Lady presents at the International Women of Courage Awards, hosted by Secretary Clinton. http://t.co/wn1BXDWr #IWD",22,,False
177586296645099520,2012-03-08 02:47:27+00:00,The First Lady recruited a few members of the @BravoTopChef team for a @LetsMove challenge. Check it out tonight at 10pm ET!,20,,False
176776490359341057,2012-03-05 21:09:34+00:00,"Singer @JanelleMonae on her song ""Tightrope""—a favorite of the First Lady’s—and why she supports @BarackObama: http://t.co/fGgWCLg6",58,,False
176397539652800513,2012-03-04 20:03:45+00:00,"In case you haven’t seen it yet, there’s a familiar face on the March cover of @PreventionMag: http://t.co/uohGqO0s",33,,False
175983841079590912,2012-03-03 16:39:51+00:00,Met so many wonderful kids and athletes at the CIAA tourney in Charlotte yesterday. March Madness has arrived! –mo,37,,False
175332611567263744,2012-03-01 21:32:06+00:00,RT @Vets4Obama: A Nation's Gratitude: @BarackObama and @MichelleObama honor #Iraq War #veterans and their families. http://t.co/sZ6y7c4D,25,,False
175284684073340928,2012-03-01 18:21:40+00:00,The President and First Lady honored servicemembers at the White House last night: http://t.co/H1mL6f17,55,,False
174966951196622848,2012-02-29 21:19:06+00:00,This was an important month for #AfAm2012. Keep the conversation going in your community: http://t.co/Zyoiycpf,23,,False
174180220486696960,2012-02-27 17:12:55+00:00,RT @JoiningForces: First Lady & Dr. Biden urge action from state governors on #milspouse hiring: http://t.co/lTJtQHcf,16,,False
173452355558313984,2012-02-25 17:00:38+00:00,Women for Obama is a great way to get involved in your community—sign up to be part of it: http://t.co/aqLCVNkG #Women2012,46,,False
173206876060778496,2012-02-25 00:45:12+00:00,The First Lady visited two landmarks for African American heritage this week—@NMAAHC and @FreedomCenter: http://t.co/2lme69rX,72,,False
172429525005774849,2012-02-22 21:16:17+00:00,“This house belongs to you. These opportunities belong to you.”—the First Lady encouraging young musicians at yesterday’s blues workshop,45,,False
171641719706746881,2012-02-20 17:05:49+00:00,"Happy President's Day to my personal favorite, @BarackObama. –mo",896,,False
171267043650310144,2012-02-19 16:16:59+00:00,"The men and women protecting this country deserve our support, as do their families. Get involved with @JoiningForces: http://t.co/yzsTO5Qf",42,,False
170901482974093312,2012-02-18 16:04:23+00:00,Almost time to start ordering seeds for the White House vegetable garden! http://t.co/foE6ZGmx,58,,False
170613930698350592,2012-02-17 21:01:45+00:00,This picture makes us smile: http://t.co/FIWttwtI,88,,False
170560259771994112,2012-02-17 17:28:29+00:00,A child's habits can affect his or her academic performance—join @LetsMove and @FitnessGov in setting kids up for success. #FF,30,,False
170274230783578112,2012-02-16 22:31:54+00:00,"In case you missed it, hear the First Lady’s answers to some of the questions you tweeted: http://t.co/7CHXlkC3",40,,False
170173911651196928,2012-02-16 15:53:16+00:00,RT @whitehouse: Surprise! @WhiteHouse’s biggest celebrity (our dog Bo) & I are about to greet folks on their tours. Watch it live: http: ...,0,,False
169949680329965568,2012-02-16 01:02:15+00:00,RT @JoiningForces: First Lady & Dr. Biden urge state action to support military spouses with state licenses: http://t.co/q0Vz0xNf,27,,False
169818089142222848,2012-02-15 16:19:22+00:00,"""I have hula-hooped, I’ve played flag football, I got to dance to Beyoncé, do a little 'Dougie.'""–The First Lady on keeping fitness fun",86,,False
169537044605972481,2012-02-14 21:42:35+00:00,Happy Valentine’s Day: http://t.co/T1I9OV5Z,73,,False
169452130007126016,2012-02-14 16:05:10+00:00,The First Lady loved answering the questions you tweeted! Watch what she had to say: http://t.co/frhuIypq,35,,False
169180447916564483,2012-02-13 22:05:36+00:00,What’s everyone else’s favorite song? http://t.co/AotOwxaC #Obama2012,43,,False
169179220231196674,2012-02-13 22:00:43+00:00,"I wonder how Al Green ended up on our playlist, @BarackObama! –mo",257,,False
168790188447907840,2012-02-12 20:14:51+00:00,"Pets are the perfect partners for outdoor fun, even when it's cold. Bo loves a good snowball fight: http://t.co/3eJgKM5m",85,,False
168414387500089345,2012-02-11 19:21:33+00:00,RT @letsmove: Michelle Obama wants to see the healthy changes you are making in your community - send her a video! http://t.co/r5mXKLiZ  ...,0,,False
168364820893143040,2012-02-11 16:04:36+00:00,The First Lady celebrates “all those women who live each day with a spirit that is uniquely their own”: http://t.co/hhP1nqC1 #AfAm2012,55,,False
168087043937796096,2012-02-10 21:40:48+00:00,The First Lady stopped in Des Moines yesterday to celebrate 2 years of @LetsMove. Spoiler alert: There’s dancing! http://t.co/AzlykpEX,30,,False
167651250341552128,2012-02-09 16:49:07+00:00,"RT @letsmove: Today, First Lady Michelle Obama kicks off her #LetsMove tour in #DesMoines #Iowa to celebrate the 2nd anniversary of @Let ...",0,,False
167342521192689664,2012-02-08 20:22:20+00:00,The First Lady believes mentors can shape the next generation of leaders. Who has been a positive mentor or influence in your life?,53,,False
167299179511689216,2012-02-08 17:30:07+00:00,"In case you missed it, check out the First Lady’s fitness challenge to @JimmyFallon at the White House: http://t.co/1z1bhbBk",51,,False
166943351986331648,2012-02-07 17:56:11+00:00,RT @jimmyfallon: We are back in NYC live tonight with the first lady!! A little fitness competition in the White House. #FallonTonight h ...,0,,False
166644521537507329,2012-02-06 22:08:44+00:00,I’m looking forward to answering some of your questions later this week—thank you for taking the time to submit them! –mo,32,,False
166578170215149568,2012-02-06 17:45:05+00:00,RT @letsmove: WH Office Hours: #LetsMove 2nd Anniversary with Sam Kass. Ask your questions now with #WHChat & join live at 2:30ET http:/ ...,0,,False
166213100956168193,2012-02-05 17:34:26+00:00,There’s more than one football fan in the Obama family: http://t.co/Pq5edsNC,121,,False
165840031905357824,2012-02-04 16:51:59+00:00,This year’s African American History Month honors the legacy and contributions of African American women. Are you participating? #AfAm2012,36,,False
165562273778245632,2012-02-03 22:28:16+00:00,@LetsMove turns two next week. Have you joined the First Lady to fight childhood obesity? #FF,8,letsmove,False
165526255393980416,2012-02-03 20:05:09+00:00,"In case you missed it, check out the First Lady on @TheEllenShow. Spoiler alert—there’s a push-up contest: http://t.co/kCX9vepO",69,,False
165503342599090176,2012-02-03 18:34:06+00:00,"The First Lady on importance of mentoring, giving young people ""Someone they can trust, an example they can follow."" http://t.co/41bCKJ3y",47,,False
165161354955730944,2012-02-02 19:55:10+00:00,"It’s been a big week for @LetsMove, and it’s not over yet—check out the First Lady on @TheEllenShow this afternoon!",22,,False
165127612946071552,2012-02-02 17:41:05+00:00,"If you missed the First Lady on the @RachaelRayShow, you can catch her appearance here: http://t.co/gqk81gUY #letsmove",31,,False
164879849599668225,2012-02-02 01:16:34+00:00,"RT @TheEllenShow: Who do you think can do more push-ups -- me or @MichelleObama? Watch tomorrow #LetsMove
  http://t.co/VshUqYCv",0,,False
164819854707261440,2012-02-01 21:18:10+00:00,"In case you missed it, the First Lady expanded @JayLeno’s healthy-food horizons last night: http://t.co/D4cTNFL3",40,,False
164553385062838272,2012-02-01 03:39:18+00:00,"RT @jayleno: TONIGHT: First Lady @MichelleObama, Mark Harmon from #NCIS, performance by @ImeldaMay & all new Headlines! http://t.co/O1ayEBHk",0,,False
164498876072603649,2012-02-01 00:02:42+00:00,Thank you to everyone who submitted questions for the First Lady over the last few days. Stay tuned for answers!,27,,False
164480863520821248,2012-01-31 22:51:08+00:00,The First Lady is visiting @JayLeno later this evening. Are you tuning in? #letsmove,33,,False
164152702480289792,2012-01-31 01:07:08+00:00,One more reminder to tweet your questions for the First Lady by the end of the day—she’d love to hear from you.,21,,False
164117281687879680,2012-01-30 22:46:23+00:00,The First Lady and @HildaSolisDOL proposed a new rule today that could help a military family you know: http://t.co/LliayVvE #wecantwait,44,,False
164017991716057089,2012-01-30 16:11:51+00:00,Fair pay for women means better support for American families. Have you stood up for equal pay for equal work? http://t.co/IIgyLZVQ,60,,False
163742079812517888,2012-01-29 21:55:28+00:00,RT @BarackObama: The President signed the Fair Pay Act three years ago today. Stand by him to make more progress toward equal pay: http: ...,0,,False
163351029788839936,2012-01-28 20:01:35+00:00,The First Lady helped announce two healthy-food initiatives for families this week—do you have tips for getting healthy meals #onthemenu?,31,,False
163313015037493248,2012-01-28 17:30:31+00:00,Do you have a question for the First Lady? Reply with it by Jan. 30th—the First Lady will be answering some of the questions you tweet in.,41,,False
163020655867068416,2012-01-27 22:08:47+00:00,"If you've ever wanted to ask the First Lady a question, here's your chance. Reply by 1/30—she'll answer a selection of what folks submit.",52,,False
162943064309121024,2012-01-27 17:00:28+00:00,Proud that the Fair Pay Act was the first bill Barack signed as president. http://t.co/VypsibPM –mo,66,,False
162653265543172096,2012-01-26 21:48:55+00:00,The First Lady joined @usda & @GranFamiliaGoya today to unveil the meal-planning tool #MiPlato. Read the announcement: http://t.co/JrM44et2,36,,False
162294921213120512,2012-01-25 22:04:59+00:00,RT @USDA: USDA Blog: Healthy Meals and Healthy Kids http://t.co/NceNFjkX,0,,False
162237679034048512,2012-01-25 18:17:31+00:00,"RT @BarackObama: Last night, President Obama laid out a blueprint for an America that's built to last. Stand with him: http://t.co/cSfKZADB",0,,False
162203804291436544,2012-01-25 16:02:55+00:00,"Thank you to all who watched @BarackObama’s #SOTU2012, particularly the guests who joined the First Lady in person: http://t.co/0E1TUcr7",43,,False
161940559638953984,2012-01-24 22:36:52+00:00,"An auto worker, a mayor, and a teacher—find out who else is sitting with the First Lady tonight at the #SOTU: http://t.co/RIqHhcG8",24,,False
161900960145342465,2012-01-24 19:59:31+00:00,I hope everyone's made plans to watch tonight's State of the Union—where will you be watching? -mo,55,,False
161841593094111232,2012-01-24 16:03:37+00:00,Join your neighbors tonight to watch #SOTU2012 and discuss the issues that matter to your community: http://t.co/v6OggDIQ #Obama2012,31,,False
161482028603281409,2012-01-23 16:14:50+00:00,Make sure to sign up for a State of the Union watch party in your neighborhood before the President's address tomorrow: http://t.co/pGAruv8g,52,,False
160769015789260800,2012-01-21 17:01:34+00:00,The First Lady’s @letsmove campaign is about making staying active fun for kids and parents—how is your family getting moving this weekend?,51,,False
160504694928707584,2012-01-20 23:31:15+00:00,"RT @BarackObama: Thanks to the Affordable Care Act, women won't have to pay out-of-pocket costs for contraception as of Aug. 1. http://t ...",0,,False
160466475243675648,2012-01-20 20:59:23+00:00,Want to get involved with the First Lady’s work with military families? Following @JoiningForces is a great place to start.,31,,False
160391162174251011,2012-01-20 16:00:07+00:00,President Obama will give his State of the Union address next Tuesday night—join an #Obama2012 watch party near you: http://t.co/RSL3hGmA,35,,False
160028908694142976,2012-01-19 16:00:39+00:00,"Thanks to everyone who served their community on MLK Day, and sent birthday wishes on Tuesday. It's been a nice week. –mo",90,,False
159772105762807810,2012-01-18 23:00:13+00:00,This photo of the First Lady and President Obama makes us smile: http://t.co/Q2ji9AKj,236,,False
159729190902579200,2012-01-18 20:09:41+00:00,This was too much fun: http://t.co/oWvkXupv -mo,69,,False
159682783848046594,2012-01-18 17:05:17+00:00,The First Lady recently launched Women for Obama—have you signed up to be a part of it? http://t.co/RhSAC142 #women2012,58,,False
159349360860217344,2012-01-17 19:00:22+00:00,RT @JoiningForces: World Series Champ @Cardinals are #AtTheWH today. Watch Mrs. Obama @ Game 1 in St. Louis to support military families ...,0,,False
159319501932998657,2012-01-17 17:01:43+00:00,"RT @BarackObama: Happy Birthday to @MichelleObama! Singing is optional, but you are welcome to add a note to her birthday card: http://t ...",0,,False
159079214711189504,2012-01-17 01:06:54+00:00,Thanks to everyone who served today. Here's how the First Family spent #MLK2012: http://t.co/nn9j062s,62,,False
159008590009610241,2012-01-16 20:26:16+00:00,"On this Martin Luther King, Jr. Day, what does progress mean to you? http://t.co/AnSAlQYz #MLK2012",47,,False
158932183271219200,2012-01-16 15:22:39+00:00,You've still got time (but not a lot!) to find an #MLK2012 event in your community: http://t.co/MPtNlIAL,22,,False
158594849480769537,2012-01-15 17:02:13+00:00,Day off tomorrow? Use it to make a difference by volunteering in your community: http://t.co/iqufDfZd,90,,False
157963321750982656,2012-01-13 23:12:45+00:00,"In case you missed it, check out the First Lady's interview with @GayleKing yesterday:http://t.co/3lJEhc5X",111,,False
157891531443941377,2012-01-13 18:27:29+00:00,RT @JoiningForces: Photo: Mrs. Obama and @MirandaCosgrove backstage @ the iCarly screening with military kids: http://t.co/QlYX9h19,0,,False
157847453746466816,2012-01-13 15:32:20+00:00,"There are some big iCarly fans in our household, so we're all pretty excited about today's event with military kids and the cast. –mo",110,,False
157569903841390593,2012-01-12 21:09:27+00:00,Here's something dear to my heart: the MLK Day of Service. Will you join me to serve your community on Monday? http://t.co/WQuutbjL -mo,146,,False
157532633776144384,2012-01-12 18:41:21+00:00,"RT @JoiningForces: Yesterday, the First Lady announced new commitments that will improve health care for our heroes: http://t.co/qfHDIi9L",0,,False
157506501043425280,2012-01-12 16:57:30+00:00,"Hi, everyone, and thanks for the warm welcome. Look forward to staying in touch with you here. -mo",393,,False
157450706335432704,2012-01-12 13:15:48+00:00,"This account will be managed by campaign staff, with any tweets from the First Lady herself signed ""-mo.""",111,,False
157446908577718272,2012-01-12 13:00:42+00:00,We're excited today to launch @michelleobama as a new way for you to connect with First Lady Michelle Obama and the President's campaign.,107,,False
